order_id,order_number,customer_id,order_date,order_timestamp,sales_channel,order_status,payment_method,payment_status,currency,billing_city,billing_state,shipping_city,shipping_state,shipping_postal_code,fulfillment_center,shipping_method,estimated_delivery_date,actual_delivery_date,item_count,total_quantity,subtotal_amount,discount_amount,tax_amount,shipping_charge,total_order_amount,coupon_code,is_gift,cancellation_reason,last_updated_timestamp
500493,ORD500493,101831,2025-01-01,2025-01-01 13:13:16,Mobile App,Delivered,Debit Card,Paid,INR,Chennai,Tamil Nadu,Chennai,Tamil Nadu,600042,FC-CHE-01,Express,2025-01-04,2025-01-05,4,12,149757.23,7487.86,12318.30,0.00,154587.67,SAVE5,N,,2025-01-05 18:01:16
500749,ORD500749,101479,2025-01-01,2025-01-01 14:30:50,Mobile App,Delivered,Credit Card,Pending,INR,Warangal,Telangana,Pune,Maharashtra,411014,FC-CHE-01,Express,2025-01-04,2025-01-06,4,11,102899.92,10289.99,5846.14,0.00,98456.07,WELCOME10,N,,2025-01-06 17:07:50
501356,ORD501356,101456,2025-01-01,2025-01-01 19:00:26,Marketplace,Delivered,Debit Card,Paid,INR,Warangal,Telangana,Warangal,Telangana,506002,FC-DEL-01,Same Day,2025-01-01,2025-01-01,4,9,71405.34,3570.27,14812.80,0.00,82647.87,SAVE5,N,,2025-01-02 19:34:26
500172,ORD500172,101454,2025-01-02,2025-01-02 00:03:09,Store Assisted,Delivered,UPI,Paid,INR,Hyderabad,Telangana,Hyderabad,Telangana,500081,FC-DEL-01,Standard,2025-01-07,2025-01-07,5,12,84191.25,8419.12,6961.86,0.00,82733.99,LOYALTY10,Y,,2025-01-07 04:01:09
502242,ORD502242,101194,2025-01-02,2025-01-02 02:18:45,Mobile App,Delivered,UPI,Paid,INR,Vijayawada,Andhra Pradesh,Vijayawada,Andhra Pradesh,520010,FC-HYD-01,Standard,2025-01-07,2025-01-07,2,4,19504.28,1950.43,745.37,0.00,18299.22,WELCOME10,N,,2025-01-03 05:58:45
501405,ORD501405,100402,2025-01-02,2025-01-02 12:17:10,Mobile App,Delivered,UPI,Pending,INR,Bengaluru,Karnataka,Bengaluru,Karnataka,560037,FC-DEL-01,Standard,2025-01-07,2025-01-07,5,9,47035.17,0.00,4204.99,0.00,51240.16,,N,,2025-01-02 16:18:10
500671,ORD500671,101668,2025-01-03,2025-01-03 01:07:31,Marketplace,Delivered,Net Banking,Paid,INR,Mumbai,Maharashtra,Secunderabad,Telangana,500003,FC-CHE-01,Standard,2025-01-08,2025-01-08,2,6,80923.71,16184.74,602.08,0.00,65341.05,APP20,N,,2025-01-04 05:24:31
500887,ORD500887,101811,2025-01-03,2025-01-03 21:35:06,Website,Returned,Debit Card,Partially Refunded,INR,Secunderabad,Telangana,Delhi,Delhi,110017,FC-CHE-01,Express,2025-01-06,2025-01-07,5,12,53037.08,0.00,12484.53,0.00,65521.61,,N,,2025-01-08 21:47:06
502018,ORD502018,100529,2025-01-03,2025-01-03 22:59:44,Marketplace,Delivered,Credit Card,Pending,INR,Hyderabad,Telangana,Hyderabad,Telangana,500081,FC-HYD-01,Same Day,2025-01-03,2025-01-04,5,13,201137.14,40227.43,27770.84,0.00,188680.55,APP20,N,,2025-01-10 02:35:44
501539,ORD501539,100520,2025-01-04,2025-01-04 00:47:15,Website,Delivered,Credit Card,Paid,INR,Hyderabad,Telangana,Hyderabad,Telangana,500081,FC-BLR-01,Express,2025-01-07,2025-01-07,4,9,15102.05,1510.20,2197.35,0.00,15789.20,LOYALTY10,N,,2025-01-07 05:01:15
502306,ORD502306,101696,2025-01-04,2025-01-04 17:45:14,Mobile App,Delivered,Cash on Delivery,Paid,INR,Warangal,Telangana,Warangal,Telangana,506002,FC-HYD-01,Express,2025-01-07,2025-01-07,5,16,210704.10,10535.20,19189.31,0.00,219358.21,SAVE5,Y,,2025-01-11 00:51:14
502134,ORD502134,101379,2025-01-05,2025-01-05 05:23:06,Marketplace,Cancelled,Debit Card,Refunded,INR,Visakhapatnam,Andhra Pradesh,Visakhapatnam,Andhra Pradesh,530017,FC-DEL-01,Standard,2025-01-10,,5,15,72263.19,10839.48,9375.54,0.00,70799.25,FESTIVE15,N,Address Issue,2025-01-10 10:13:06
501420,ORD501420,102157,2025-01-05,2025-01-05 09:43:15,Mobile App,Delivered,Net Banking,Paid,INR,Bengaluru,Karnataka,Bengaluru,Karnataka,560037,FC-DEL-01,Standard,2025-01-10,2025-01-11,4,11,12844.55,642.23,1487.24,0.00,13689.56,SAVE5,Y,,2025-01-09 10:59:15
502245,ORD502245,100902,2025-01-05,2025-01-05 12:53:23,Mobile App,Returned,Net Banking,Refunded,INR,Hyderabad,Telangana,Vijayawada,Andhra Pradesh,520010,FC-DEL-01,Standard,2025-01-10,2025-01-11,5,12,34200.41,3420.04,3726.92,0.00,34507.29,WELCOME10,N,,2025-01-10 21:47:23
500826,ORD500826,100150,2025-01-05,2025-01-05 17:40:32,Mobile App,Delivered,Credit Card,Paid,INR,Visakhapatnam,Andhra Pradesh,Visakhapatnam,Andhra Pradesh,530017,FC-DEL-01,Standard,2025-01-10,2025-01-10,5,11,103131.54,0.00,17333.49,0.00,120465.03,,N,,2025-01-10 17:51:32
500164,ORD500164,101218,2025-01-06,2025-01-06 01:48:02,Website,Delivered,Net Banking,Paid,INR,Mumbai,Maharashtra,Mumbai,Maharashtra,400076,FC-CHE-01,Standard,2025-01-11,2025-01-11,4,9,67634.76,0.00,10287.18,0.00,77921.94,,N,,2025-01-06 06:48:02
500469,ORD500469,100121,2025-01-07,2025-01-07 04:21:31,Website,Delivered,Credit Card,Paid,INR,Mumbai,Maharashtra,Mumbai,Maharashtra,400076,FC-DEL-01,Standard,2025-01-12,2025-01-12,5,13,97902.14,19580.43,10231.53,0.00,88553.24,APP20,Y,,2025-01-07 08:44:31
500002,ORD500002,102074,2025-01-07,2025-01-07 07:34:07,Website,Delivered,Cash on Delivery,Paid,INR,Chennai,Tamil Nadu,Chennai,Tamil Nadu,600042,FC-DEL-01,Standard,2025-01-12,2025-01-13,1,1,34006.18,5100.93,5202.94,0.00,34108.19,FESTIVE15,N,,2025-01-11 10:30:07
501599,ORD501599,101275,2025-01-07,2025-01-07 11:03:23,Website,Delivered,Cash on Delivery,Paid,INR,Chennai,Tamil Nadu,Chennai,Tamil Nadu,600042,FC-HYD-01,Standard,2025-01-12,2025-01-11,3,9,147333.50,0.00,34341.94,0.00,181675.44,,N,,2025-01-11 19:53:23
500177,ORD500177,101024,2025-01-07,2025-01-07 20:54:42,Store Assisted,Delivered,Wallet,Paid,INR,Visakhapatnam,Andhra Pradesh,Bengaluru,Karnataka,560037,FC-MUM-01,Express,2025-01-10,2025-01-10,2,5,147873.54,14787.35,23257.73,0.00,156343.92,LOYALTY10,Y,,2025-01-14 21:56:42
500897,ORD500897,100874,2025-01-07,2025-01-07 21:28:59,Store Assisted,Delivered,Cash on Delivery,Paid,INR,Warangal,Telangana,Secunderabad,Telangana,500003,FC-MUM-01,Standard,2025-01-12,2025-01-13,1,1,2754.94,275.49,297.53,0.00,2776.98,WELCOME10,N,,2025-01-12 22:11:59
501272,ORD501272,100422,2025-01-08,2025-01-08 00:56:42,Store Assisted,Returned,Wallet,Partially Refunded,INR,Delhi,Delhi,Delhi,Delhi,110017,FC-DEL-01,Express,2025-01-11,2025-01-11,5,10,46658.24,0.00,3151.53,0.00,49809.77,,N,,2025-01-15 06:42:42
500928,ORD500928,101780,2025-01-08,2025-01-08 02:41:48,Marketplace,Delivered,Debit Card,Paid,INR,Chennai,Tamil Nadu,Chennai,Tamil Nadu,600042,FC-DEL-01,Standard,2025-01-13,2025-01-14,5,12,71555.73,7155.57,11774.50,0.00,76174.66,WELCOME10,N,,2025-01-14 03:39:48
501928,ORD501928,101002,2025-01-08,2025-01-08 03:16:29,Marketplace,Delivered,Net Banking,Pending,INR,Warangal,Telangana,Warangal,Telangana,506002,FC-HYD-01,Standard,2025-01-13,2025-01-12,5,11,103083.66,10308.37,13930.36,0.00,106705.65,LOYALTY10,Y,,2025-01-12 06:23:29
501456,ORD501456,101011,2025-01-08,2025-01-08 05:40:51,Mobile App,Cancelled,Credit Card,Failed,INR,Hyderabad,Telangana,Hyderabad,Telangana,500081,FC-DEL-01,Standard,2025-01-13,,5,10,28757.58,2875.76,290.98,0.00,26172.80,LOYALTY10,N,Customer Request,2025-01-10 08:46:51
500346,ORD500346,101094,2025-01-08,2025-01-08 11:37:52,Marketplace,Delivered,Cash on Delivery,Paid,INR,Warangal,Telangana,Warangal,Telangana,506002,FC-CHE-01,Standard,2025-01-13,2025-01-13,1,2,2952.32,0.00,354.28,0.00,3306.60,,N,,2025-01-08 14:18:52
500039,ORD500039,101345,2025-01-08,2025-01-08 20:03:47,Store Assisted,Delivered,Net Banking,Paid,INR,Bengaluru,Karnataka,Bengaluru,Karnataka,560037,FC-MUM-01,Express,2025-01-11,2025-01-11,3,11,13709.97,2741.99,1789.14,0.00,12757.12,APP20,N,,2025-01-11 21:43:47
500412,ORD500412,101724,2025-01-09,2025-01-09 02:50:05,Mobile App,Delivered,Cash on Delivery,Paid,INR,Hyderabad,Telangana,Hyderabad,Telangana,500081,FC-MUM-01,Standard,2025-01-14,2025-01-15,4,10,73552.64,0.00,3510.90,0.00,77063.54,,N,,2025-01-10 10:31:05
501467,ORD501467,101667,2025-01-09,2025-01-09 08:24:42,Store Assisted,Delivered,Wallet,Paid,INR,Visakhapatnam,Andhra Pradesh,Visakhapatnam,Andhra Pradesh,530017,FC-CHE-01,Same Day,2025-01-09,2025-01-10,1,1,1822.99,0.00,328.14,0.00,2151.13,,N,,2025-01-16 11:47:42
501387,ORD501387,100683,2025-01-10,2025-01-10 09:44:44,Store Assisted,Delivered,Wallet,Paid,INR,Warangal,Telangana,Vijayawada,Andhra Pradesh,520010,FC-CHE-01,Standard,2025-01-15,2025-01-15,5,14,220491.67,0.00,25059.39,0.00,245551.06,,N,,2025-01-18 14:56:44
500441,ORD500441,101289,2025-01-10,2025-01-10 18:06:25,Store Assisted,Delivered,Debit Card,Paid,INR,Vijayawada,Andhra Pradesh,Vijayawada,Andhra Pradesh,520010,FC-BLR-01,Standard,2025-01-15,2025-01-15,4,8,173061.54,34612.31,14117.83,0.00,152567.06,APP20,N,,2025-01-15 22:46:25
500626,ORD500626,101021,2025-01-10,2025-01-10 22:34:18,Website,Delivered,Wallet,Paid,INR,Secunderabad,Telangana,Secunderabad,Telangana,500003,FC-BLR-01,Standard,2025-01-15,2025-01-15,3,9,94019.76,9401.98,0.00,0.00,84617.78,LOYALTY10,N,,2025-01-11 02:36:18
500486,ORD500486,100716,2025-01-10,2025-01-10 23:42:57,Mobile App,Returned,UPI,Refunded,INR,Pune,Maharashtra,Pune,Maharashtra,411014,FC-CHE-01,Standard,2025-01-15,2025-01-15,1,2,31462.32,1573.12,3586.70,0.00,33475.90,SAVE5,N,,2025-01-15 00:42:57
501145,ORD501145,100553,2025-01-11,2025-01-11 05:25:31,Marketplace,Delivered,Net Banking,Paid,INR,Pune,Maharashtra,Pune,Maharashtra,411014,FC-DEL-01,Express,2025-01-14,2025-01-15,2,4,7677.16,767.72,672.82,0.00,7582.26,WELCOME10,N,,2025-01-18 06:36:31
500858,ORD500858,100527,2025-01-11,2025-01-11 08:37:56,Website,Delivered,Credit Card,Paid,INR,Hyderabad,Telangana,Hyderabad,Telangana,500081,FC-CHE-01,Express,2025-01-14,2025-01-15,4,8,14911.19,0.00,3164.34,0.00,18075.53,,N,,2025-01-19 11:14:56
500424,ORD500424,100889,2025-01-11,2025-01-11 10:28:47,Mobile App,Delivered,Credit Card,Paid,INR,Chennai,Tamil Nadu,Chennai,Tamil Nadu,600042,FC-HYD-01,Standard,2025-01-16,2025-01-17,4,12,49284.55,0.00,10594.74,0.00,59879.29,,N,,2025-01-15 10:31:47
500635,ORD500635,100685,2025-01-11,2025-01-11 11:40:02,Store Assisted,Delivered,Cash on Delivery,Paid,INR,Visakhapatnam,Andhra Pradesh,Visakhapatnam,Andhra Pradesh,530017,FC-BLR-01,Standard,2025-01-16,2025-01-17,5,15,76797.12,0.00,4468.86,0.00,81265.98,,N,,2025-01-12 15:23:02
501495,ORD501495,101189,2025-01-11,2025-01-11 15:42:24,Website,Shipped,Credit Card,Paid,INR,Warangal,Telangana,Vijayawada,Andhra Pradesh,520010,FC-CHE-01,Standard,2025-01-16,,1,3,24683.70,4936.74,0.00,0.00,19746.96,APP20,N,,2025-01-13 21:59:24
502187,ORD502187,102184,2025-01-11,2025-01-11 19:30:42,Mobile App,Delivered,Wallet,Paid,INR,Vijayawada,Andhra Pradesh,Vijayawada,Andhra Pradesh,520010,FC-MUM-01,Standard,2025-01-16,2025-01-15,1,4,3927.16,392.72,424.13,0.00,3958.57,WELCOME10,N,,2025-01-17 02:08:42
501801,ORD501801,100834,2025-01-12,2025-01-12 00:11:14,Mobile App,Delivered,Wallet,Pending,INR,Vijayawada,Andhra Pradesh,Vijayawada,Andhra Pradesh,520010,FC-BLR-01,Standard,2025-01-17,2025-01-18,5,10,134530.82,0.00,14778.90,0.00,149309.72,,N,,2025-01-18 02:03:14
502143,ORD502143,100078,2025-01-12,2025-01-12 03:13:18,Mobile App,Returned,Net Banking,Refunded,INR,Mumbai,Maharashtra,Mumbai,Maharashtra,400076,FC-HYD-01,Standard,2025-01-17,2025-01-17,4,9,62916.39,0.00,10829.68,0.00,73746.07,,N,,2025-01-14 10:10:18
500594,ORD500594,100955,2025-01-12,2025-01-12 05:02:56,Website,Delivered,Wallet,Paid,INR,Hyderabad,Telangana,Hyderabad,Telangana,500081,FC-BLR-01,Standard,2025-01-17,2025-01-18,4,14,227810.43,0.00,46447.53,0.00,274257.96,,Y,,2025-01-20 12:30:56
501364,ORD501364,100923,2025-01-12,2025-01-12 12:39:31,Mobile App,Cancelled,Net Banking,Failed,INR,Delhi,Delhi,Bengaluru,Karnataka,560037,FC-CHE-01,Standard,2025-01-17,,1,3,41569.62,8313.92,1662.79,0.00,34918.49,APP20,N,Duplicate Order,2025-01-20 15:51:31
500254,ORD500254,101433,2025-01-12,2025-01-12 13:37:38,Mobile App,Delivered,Debit Card,Paid,INR,Chennai,Tamil Nadu,Chennai,Tamil Nadu,600042,FC-DEL-01,Standard,2025-01-17,2025-01-17,5,9,9500.45,950.04,930.44,0.00,9480.85,WELCOME10,N,,2025-01-14 20:42:38
502107,ORD502107,101048,2025-01-12,2025-01-12 19:17:35,Store Assisted,Delivered,UPI,Paid,INR,Mumbai,Maharashtra,Mumbai,Maharashtra,400076,FC-HYD-01,Same Day,2025-01-12,2025-01-12,4,9,52776.06,10555.21,8116.21,0.00,50337.06,APP20,Y,,2025-01-19 20:06:35
500563,ORD500563,100511,2025-01-12,2025-01-12 23:32:24,Website,Delivered,Debit Card,Paid,INR,Mumbai,Maharashtra,Mumbai,Maharashtra,400076,FC-DEL-01,Standard,2025-01-17,2025-01-17,4,7,109876.72,10987.67,17603.20,0.00,116492.25,WELCOME10,Y,,2025-01-19 08:10:24
500504,ORD500504,101345,2025-01-13,2025-01-13 05:42:17,Mobile App,Delivered,UPI,Paid,INR,Bengaluru,Karnataka,Bengaluru,Karnataka,560037,FC-DEL-01,Express,2025-01-16,2025-01-17,3,10,115897.34,17384.60,18966.37,0.00,117479.11,FESTIVE15,N,,2025-01-21 06:45:17
501688,ORD501688,100076,2025-01-13,2025-01-13 09:46:13,Marketplace,Delivered,UPI,Paid,INR,Hyderabad,Telangana,Hyderabad,Telangana,500081,FC-HYD-01,Express,2025-01-16,2025-01-16,4,9,11060.43,2212.09,902.22,0.00,9750.56,APP20,N,,2025-01-19 13:00:13
500652,ORD500652,100563,2025-01-13,2025-01-13 12:10:54,Marketplace,Delivered,UPI,Paid,INR,Bengaluru,Karnataka,Bengaluru,Karnataka,560037,FC-CHE-01,Standard,2025-01-18,2025-01-19,1,1,6452.61,0.00,1806.73,0.00,8259.34,,Y,,2025-01-13 19:59:54
502117,ORD502117,100883,2025-01-13,2025-01-13 14:15:40,Marketplace,Delivered,Wallet,Paid,INR,Mumbai,Maharashtra,Mumbai,Maharashtra,400076,FC-MUM-01,Standard,2025-01-18,2025-01-18,5,17,115813.27,5790.66,20838.59,0.00,130861.20,SAVE5,Y,,2025-01-21 20:58:40
500978,ORD500978,101138,2025-01-13,2025-01-13 20:11:37,Store Assisted,Cancelled,UPI,Failed,INR,Pune,Maharashtra,Pune,Maharashtra,411014,FC-HYD-01,Express,2025-01-16,,5,14,308530.15,61706.03,38923.38,0.00,285747.50,APP20,N,Duplicate Order,2025-01-16 01:20:37
502175,ORD502175,100382,2025-01-13,2025-01-13 20:37:29,Website,Cancelled,Debit Card,Voided,INR,Visakhapatnam,Andhra Pradesh,Visakhapatnam,Andhra Pradesh,530017,FC-CHE-01,Express,2025-01-16,,2,2,45410.12,4541.01,3325.23,0.00,44194.34,LOYALTY10,Y,Customer Request,2025-01-17 03:02:29
500587,ORD500587,100178,2025-01-14,2025-01-14 06:07:24,Website,Delivered,Wallet,Paid,INR,Warangal,Telangana,Warangal,Telangana,506002,FC-BLR-01,Standard,2025-01-19,2025-01-21,4,10,13961.31,0.00,1907.45,0.00,15868.76,,Y,,2025-01-16 10:15:24
500753,ORD500753,100058,2025-01-14,2025-01-14 07:09:33,Mobile App,Delivered,Net Banking,Paid,INR,Hyderabad,Telangana,Hyderabad,Telangana,500081,FC-HYD-01,Standard,2025-01-19,2025-01-19,3,6,36446.59,7289.32,1185.22,0.00,30342.49,APP20,N,,2025-01-17 15:50:33
500062,ORD500062,100330,2025-01-14,2025-01-14 07:10:15,Marketplace,Shipped,Cash on Delivery,Pending,INR,Warangal,Telangana,Warangal,Telangana,506002,FC-HYD-01,Standard,2025-01-19,,4,9,61558.14,0.00,8676.87,0.00,70235.01,,N,,2025-01-20 15:19:15
501282,ORD501282,100618,2025-01-14,2025-01-14 20:47:44,Website,Cancelled,Cash on Delivery,Refunded,INR,Vijayawada,Andhra Pradesh,Vijayawada,Andhra Pradesh,520010,FC-BLR-01,Standard,2025-01-19,,5,12,171059.81,8552.99,28263.84,0.00,190770.66,SAVE5,N,Customer Request,2025-01-16 21:23:44
501692,ORD501692,100751,2025-01-14,2025-01-14 21:35:34,Marketplace,Returned,UPI,Refunded,INR,Secunderabad,Telangana,Secunderabad,Telangana,500003,FC-HYD-01,Standard,2025-01-19,2025-01-20,3,9,174476.32,0.00,6587.07,0.00,181063.39,,N,,2025-01-18 02:29:34
501707,ORD501707,102296,2025-01-14,2025-01-14 23:59:50,Marketplace,Delivered,Cash on Delivery,Paid,INR,Chennai,Tamil Nadu,Bengaluru,Karnataka,560037,FC-MUM-01,Express,2025-01-17,2025-01-18,1,2,15288.06,0.00,1834.57,0.00,17122.63,,Y,,2025-01-16 08:26:50
502344,ORD502344,101863,2025-01-15,2025-01-15 00:19:53,Website,Cancelled,Net Banking,Voided,INR,Warangal,Telangana,Warangal,Telangana,506002,FC-CHE-01,Standard,2025-01-20,,1,3,53242.80,5324.28,0.00,0.00,47918.52,LOYALTY10,N,Inventory Unavailable,2025-01-23 02:03:53
501775,ORD501775,100837,2025-01-15,2025-01-15 03:22:17,Store Assisted,Delivered,Debit Card,Paid,INR,Delhi,Delhi,Delhi,Delhi,110017,FC-MUM-01,Standard,2025-01-20,2025-01-20,5,14,75926.18,15185.24,15849.62,0.00,76590.56,APP20,N,,2025-01-16 05:54:17
500733,ORD500733,101832,2025-01-15,2025-01-15 08:45:05,Mobile App,Delivered,Cash on Delivery,Paid,INR,Visakhapatnam,Andhra Pradesh,Visakhapatnam,Andhra Pradesh,530017,FC-MUM-01,Standard,2025-01-20,2025-01-19,1,2,813.62,122.04,0.00,50.00,741.58,FESTIVE15,N,,2025-01-21 15:24:05
502090,ORD502090,102160,2025-01-15,2025-01-15 21:17:34,Marketplace,Delivered,UPI,Paid,INR,Hyderabad,Telangana,Hyderabad,Telangana,500081,FC-CHE-01,Standard,2025-01-20,2025-01-20,4,9,9679.56,967.96,2050.88,0.00,10762.48,WELCOME10,N,,2025-01-17 04:20:34
501836,ORD501836,101984,2025-01-16,2025-01-16 11:03:35,Website,Delivered,Wallet,Paid,INR,Secunderabad,Telangana,Secunderabad,Telangana,500003,FC-CHE-01,Standard,2025-01-21,2025-01-23,2,3,38407.60,3840.76,4059.99,0.00,38626.83,WELCOME10,N,,2025-01-19 14:55:35
502088,ORD502088,101526,2025-01-17,2025-01-17 04:41:52,Mobile App,Returned,Credit Card,Refunded,INR,Hyderabad,Telangana,Hyderabad,Telangana,500081,FC-CHE-01,Standard,2025-01-22,2025-01-23,4,8,8598.64,1719.73,1093.74,0.00,7972.65,APP20,N,,2025-01-17 08:17:52
500025,ORD500025,102187,2025-01-17,2025-01-17 15:21:08,Website,Delivered,Debit Card,Paid,INR,Secunderabad,Telangana,Secunderabad,Telangana,500003,FC-BLR-01,Standard,2025-01-22,2025-01-22,4,11,41590.52,8318.10,5602.98,0.00,38875.40,APP20,N,,2025-01-21 21:05:08
502228,ORD502228,102028,2025-01-18,2025-01-18 02:17:22,Store Assisted,Delivered,Net Banking,Paid,INR,Secunderabad,Telangana,Mumbai,Maharashtra,400076,FC-BLR-01,Express,2025-01-21,2025-01-21,4,10,13374.93,0.00,1803.95,0.00,15178.88,,N,,2025-01-23 03:09:22
501081,ORD501081,101801,2025-01-18,2025-01-18 04:03:06,Marketplace,Delivered,Credit Card,Paid,INR,Delhi,Delhi,Visakhapatnam,Andhra Pradesh,530017,FC-BLR-01,Standard,2025-01-23,2025-01-23,2,8,59628.60,2981.43,5892.42,0.00,62539.59,SAVE5,N,,2025-01-20 09:10:06
501748,ORD501748,100502,2025-01-18,2025-01-18 05:19:28,Website,Cancelled,Credit Card,Failed,INR,Bengaluru,Karnataka,Bengaluru,Karnataka,560037,FC-BLR-01,Express,2025-01-21,,4,11,117895.98,23579.20,3735.80,0.00,98052.58,APP20,N,Address Issue,2025-01-22 07:12:28
500916,ORD500916,101337,2025-01-18,2025-01-18 21:46:24,Store Assisted,Delivered,Net Banking,Paid,INR,Chennai,Tamil Nadu,Chennai,Tamil Nadu,600042,FC-CHE-01,Standard,2025-01-23,2025-01-24,5,16,159719.97,31943.99,19191.53,0.00,146967.51,APP20,N,,2025-01-21 03:56:24
500746,ORD500746,102275,2025-01-19,2025-01-19 01:52:44,Mobile App,Cancelled,Net Banking,Failed,INR,Pune,Maharashtra,Pune,Maharashtra,411014,FC-BLR-01,Standard,2025-01-24,,1,4,54107.04,10821.41,5194.28,0.00,48479.91,APP20,N,Address Issue,2025-01-26 10:19:44
500030,ORD500030,100837,2025-01-19,2025-01-19 04:56:19,Website,Delivered,Net Banking,Paid,INR,Delhi,Delhi,Delhi,Delhi,110017,FC-BLR-01,Express,2025-01-22,2025-01-23,3,6,2844.28,0.00,685.12,0.00,3529.40,,Y,,2025-01-27 13:27:19
501870,ORD501870,100388,2025-01-19,2025-01-19 12:19:32,Marketplace,Delivered,Net Banking,Paid,INR,Chennai,Tamil Nadu,Chennai,Tamil Nadu,600042,FC-MUM-01,Standard,2025-01-24,2025-01-25,1,2,2150.16,215.02,0.00,0.00,1935.14,WELCOME10,Y,,2025-01-19 15:05:32
500393,ORD500393,100960,2025-01-19,2025-01-19 15:02:16,Website,Delivered,Debit Card,Paid,INR,Bengaluru,Karnataka,Hyderabad,Telangana,500081,FC-BLR-01,Standard,2025-01-24,2025-01-24,2,2,48684.28,0.00,8511.57,0.00,57195.85,,N,,2025-01-27 15:13:16
501636,ORD501636,100343,2025-01-19,2025-01-19 21:23:40,Mobile App,Delivered,Credit Card,Paid,INR,Delhi,Delhi,Delhi,Delhi,110017,FC-BLR-01,Standard,2025-01-24,2025-01-23,1,2,4540.44,454.04,0.00,0.00,4086.40,LOYALTY10,N,,2025-01-23 03:43:40
501789,ORD501789,101387,2025-01-20,2025-01-20 07:48:54,Marketplace,Delivered,Credit Card,Paid,INR,Hyderabad,Telangana,Hyderabad,Telangana,500081,FC-CHE-01,Standard,2025-01-25,2025-01-24,5,12,163560.27,0.00,22087.45,0.00,185647.72,,N,,2025-01-21 14:16:54
500834,ORD500834,101059,2025-01-20,2025-01-20 12:40:21,Website,Delivered,UPI,Paid,INR,Visakhapatnam,Andhra Pradesh,Visakhapatnam,Andhra Pradesh,530017,FC-BLR-01,Standard,2025-01-25,2025-01-27,1,2,1144.06,57.20,0.00,90.00,1176.86,SAVE5,N,,2025-01-26 14:53:21
500205,ORD500205,100815,2025-01-21,2025-01-21 00:11:42,Mobile App,Cancelled,Net Banking,Voided,INR,Visakhapatnam,Andhra Pradesh,Visakhapatnam,Andhra Pradesh,530017,FC-BLR-01,Standard,2025-01-26,,1,3,2629.74,262.97,426.02,0.00,2792.79,LOYALTY10,N,Payment Failure,2025-01-29 07:09:42
500649,ORD500649,100665,2025-01-21,2025-01-21 14:02:15,Mobile App,Delivered,Cash on Delivery,Paid,INR,Vijayawada,Andhra Pradesh,Chennai,Tamil Nadu,600042,FC-DEL-01,Express,2025-01-24,2025-01-24,4,12,33086.41,0.00,4401.15,0.00,37487.56,,N,,2025-01-29 22:17:15
500126,ORD500126,101783,2025-01-22,2025-01-22 12:22:31,Mobile App,Delivered,Wallet,Paid,INR,Delhi,Delhi,Delhi,Delhi,110017,FC-HYD-01,Standard,2025-01-27,2025-01-27,4,11,215383.72,0.00,38769.07,0.00,254152.79,,N,,2025-01-27 16:12:31
501433,ORD501433,100457,2025-01-22,2025-01-22 15:08:09,Store Assisted,Delivered,Cash on Delivery,Paid,INR,Mumbai,Maharashtra,Mumbai,Maharashtra,400076,FC-CHE-01,Standard,2025-01-27,2025-01-27,5,12,138078.73,0.00,15023.52,0.00,153102.25,,N,,2025-01-26 18:53:09
501657,ORD501657,101815,2025-01-22,2025-01-22 15:42:36,Store Assisted,Delivered,Wallet,Paid,INR,Vijayawada,Andhra Pradesh,Vijayawada,Andhra Pradesh,520010,FC-CHE-01,Standard,2025-01-27,2025-01-29,4,8,117426.01,11742.60,20951.61,0.00,126635.02,WELCOME10,N,,2025-01-22 16:34:36
500924,ORD500924,101598,2025-01-22,2025-01-22 16:01:49,Store Assisted,Delivered,Credit Card,Paid,INR,Pune,Maharashtra,Pune,Maharashtra,411014,FC-MUM-01,Same Day,2025-01-22,2025-01-23,5,15,123219.30,0.00,4920.42,0.00,128139.72,,N,,2025-01-27 16:07:49
502195,ORD502195,101163,2025-01-22,2025-01-22 22:05:56,Website,Delivered,Debit Card,Paid,INR,Chennai,Tamil Nadu,Delhi,Delhi,110017,FC-CHE-01,Standard,2025-01-27,2025-01-27,2,6,49568.76,0.00,13489.89,0.00,63058.65,,N,,2025-01-30 22:20:56
500131,ORD500131,101021,2025-01-22,2025-01-22 22:35:19,Website,Delivered,Cash on Delivery,Paid,INR,Secunderabad,Telangana,Secunderabad,Telangana,500003,FC-BLR-01,Same Day,2025-01-22,2025-01-22,1,2,31917.24,6383.45,7149.46,0.00,32683.25,APP20,N,,2025-01-30 07:29:19
501112,ORD501112,100991,2025-01-23,2025-01-23 02:31:27,Website,Delivered,Cash on Delivery,Paid,INR,Delhi,Delhi,Delhi,Delhi,110017,FC-HYD-01,Standard,2025-01-28,2025-01-29,4,10,105737.37,0.00,1843.70,0.00,107581.07,,N,,2025-01-31 05:52:27
501053,ORD501053,100459,2025-01-23,2025-01-23 06:17:49,Mobile App,Delivered,Credit Card,Paid,INR,Delhi,Delhi,Delhi,Delhi,110017,FC-CHE-01,Express,2025-01-26,2025-01-26,2,3,8592.31,1718.46,1530.97,0.00,8404.82,APP20,N,,2025-01-28 14:15:49
501850,ORD501850,100274,2025-01-23,2025-01-23 09:03:05,Store Assisted,Delivered,Net Banking,Paid,INR,Hyderabad,Telangana,Hyderabad,Telangana,500081,FC-DEL-01,Standard,2025-01-28,2025-01-27,3,10,103002.11,0.00,18044.49,0.00,121046.60,,N,,2025-01-28 15:52:05
501108,ORD501108,102016,2025-01-23,2025-01-23 11:34:50,Store Assisted,Delivered,Debit Card,Paid,INR,Warangal,Telangana,Warangal,Telangana,506002,FC-CHE-01,Standard,2025-01-28,2025-01-28,5,7,20622.22,1031.11,3558.53,0.00,23149.64,SAVE5,N,,2025-01-27 14:19:50
500643,ORD500643,100184,2025-01-23,2025-01-23 23:48:32,Marketplace,Delivered,Cash on Delivery,Paid,INR,Hyderabad,Telangana,Hyderabad,Telangana,500081,FC-DEL-01,Standard,2025-01-28,2025-01-30,1,3,73826.61,0.00,3691.33,0.00,77517.94,,N,,2025-02-01 08:35:32
502183,ORD502183,100617,2025-01-24,2025-01-24 02:46:47,Mobile App,Delivered,Debit Card,Paid,INR,Mumbai,Maharashtra,Mumbai,Maharashtra,400076,FC-BLR-01,Standard,2025-01-29,2025-01-30,2,5,71084.69,7108.47,5030.86,0.00,69007.08,WELCOME10,N,,2025-01-28 10:15:47
500680,ORD500680,100697,2025-01-24,2025-01-24 05:22:01,Marketplace,Delivered,UPI,Paid,INR,Secunderabad,Telangana,Secunderabad,Telangana,500003,FC-BLR-01,Standard,2025-01-29,2025-01-30,4,11,85324.07,8532.41,15960.40,0.00,92752.06,WELCOME10,N,,2025-01-24 08:44:01
501655,ORD501655,101266,2025-01-24,2025-01-24 14:10:20,Website,Delivered,Debit Card,Paid,INR,Chennai,Tamil Nadu,Chennai,Tamil Nadu,600042,FC-CHE-01,Standard,2025-01-29,2025-01-31,4,11,56403.29,2820.16,8866.89,0.00,62450.02,SAVE5,N,,2025-01-24 14:30:20
502208,ORD502208,101884,2025-01-24,2025-01-24 14:17:40,Website,Delivered,Cash on Delivery,Paid,INR,Bengaluru,Karnataka,Visakhapatnam,Andhra Pradesh,530017,FC-BLR-01,Standard,2025-01-29,2025-01-29,2,3,30000.60,0.00,8400.17,0.00,38400.77,,N,,2025-01-30 23:06:40
501202,ORD501202,101257,2025-01-24,2025-01-24 15:51:28,Mobile App,Delivered,Cash on Delivery,Paid,INR,Bengaluru,Karnataka,Bengaluru,Karnataka,560037,FC-HYD-01,Standard,2025-01-29,2025-01-28,1,2,1835.62,91.78,313.89,0.00,2057.73,SAVE5,Y,,2025-01-27 23:28:28
501074,ORD501074,102069,2025-01-24,2025-01-24 17:41:44,Marketplace,Delivered,Cash on Delivery,Paid,INR,Delhi,Delhi,Delhi,Delhi,110017,FC-BLR-01,Standard,2025-01-29,2025-01-29,3,6,60417.64,9062.65,1581.95,0.00,52936.94,FESTIVE15,N,,2025-01-31 18:54:44
500603,ORD500603,100103,2025-01-24,2025-01-24 23:40:50,Mobile App,Cancelled,Cash on Delivery,Refunded,INR,Visakhapatnam,Andhra Pradesh,Visakhapatnam,Andhra Pradesh,530017,FC-DEL-01,Express,2025-01-27,,2,8,13832.32,2766.46,1327.90,0.00,12393.76,APP20,Y,Duplicate Order,2025-01-27 07:44:50
500628,ORD500628,101749,2025-01-25,2025-01-25 04:02:22,Store Assisted,Delivered,Cash on Delivery,Paid,INR,Chennai,Tamil Nadu,Chennai,Tamil Nadu,600042,FC-MUM-01,Standard,2025-01-30,2025-01-30,5,7,20530.24,2053.02,223.74,0.00,18700.96,LOYALTY10,N,,2025-01-28 10:13:22
500230,ORD500230,101780,2025-01-25,2025-01-25 04:39:03,Website,Returned,Net Banking,Refunded,INR,Chennai,Tamil Nadu,Chennai,Tamil Nadu,600042,FC-DEL-01,Standard,2025-01-30,2025-01-30,5,14,170617.27,8530.86,28750.41,0.00,190836.82,SAVE5,Y,,2025-01-31 12:22:03
500327,ORD500327,100650,2025-01-26,2025-01-26 14:50:55,Marketplace,Delivered,Net Banking,Paid,INR,Pune,Maharashtra,Mumbai,Maharashtra,400076,FC-BLR-01,Standard,2025-01-31,2025-02-01,4,6,63032.69,0.00,9348.29,0.00,72380.98,,N,,2025-01-28 19:43:55
502385,ORD502385,101287,2025-01-26,2025-01-26 20:02:52,Mobile App,Returned,Debit Card,Partially Refunded,INR,Warangal,Telangana,Warangal,Telangana,506002,FC-HYD-01,Standard,2025-01-31,2025-01-30,4,10,66184.59,9927.69,1348.73,0.00,57605.63,FESTIVE15,N,,2025-02-02 20:27:52
501038,ORD501038,102041,2025-01-27,2025-01-27 02:10:05,Website,Delivered,Credit Card,Paid,INR,Mumbai,Maharashtra,Mumbai,Maharashtra,400076,FC-HYD-01,Standard,2025-02-01,2025-02-01,3,4,40582.75,4058.28,10226.85,0.00,46751.32,LOYALTY10,N,,2025-02-04 10:30:05
501486,ORD501486,101548,2025-01-27,2025-01-27 03:43:50,Store Assisted,Cancelled,Debit Card,Failed,INR,Hyderabad,Telangana,Hyderabad,Telangana,500081,FC-MUM-01,Express,2025-01-30,,3,6,6805.33,680.53,47.21,0.00,6172.01,WELCOME10,N,Duplicate Order,2025-01-29 08:07:50
502382,ORD502382,100557,2025-01-27,2025-01-27 04:18:35,Store Assisted,Delivered,Credit Card,Paid,INR,Visakhapatnam,Andhra Pradesh,Visakhapatnam,Andhra Pradesh,530017,FC-DEL-01,Express,2025-01-30,2025-01-31,1,4,11617.72,1161.77,1254.71,0.00,11710.66,LOYALTY10,Y,,2025-01-31 05:14:35
500058,ORD500058,100412,2025-01-27,2025-01-27 22:58:47,Website,Delivered,Debit Card,Paid,INR,Mumbai,Maharashtra,Mumbai,Maharashtra,400076,FC-MUM-01,Express,2025-01-30,2025-01-31,5,11,169771.76,25465.76,20398.59,0.00,164704.59,FESTIVE15,N,,2025-02-01 01:22:47
500617,ORD500617,100874,2025-01-28,2025-01-28 05:26:48,Store Assisted,Delivered,Wallet,Paid,INR,Warangal,Telangana,Warangal,Telangana,506002,FC-MUM-01,Standard,2025-02-02,2025-02-02,1,4,8241.44,824.14,370.87,0.00,7788.17,WELCOME10,N,,2025-02-04 08:52:48
501535,ORD501535,101452,2025-01-28,2025-01-28 07:41:02,Marketplace,Cancelled,Net Banking,Refunded,INR,Secunderabad,Telangana,Secunderabad,Telangana,500003,FC-HYD-01,Standard,2025-02-02,,2,7,83659.41,4182.97,13893.41,0.00,93369.85,SAVE5,N,Customer Request,2025-01-28 11:22:02
500055,ORD500055,101343,2025-01-28,2025-01-28 22:17:53,Mobile App,Delivered,UPI,Paid,INR,Bengaluru,Karnataka,Bengaluru,Karnataka,560037,FC-CHE-01,Express,2025-01-31,2025-02-01,5,18,39452.73,0.00,9316.17,0.00,48768.90,,Y,,2025-02-01 07:05:53
501731,ORD501731,101497,2025-01-29,2025-01-29 17:29:44,Website,Delivered,Debit Card,Paid,INR,Pune,Maharashtra,Pune,Maharashtra,411014,FC-MUM-01,Standard,2025-02-03,2025-02-05,1,2,43299.72,0.00,0.00,0.00,43299.72,,N,,2025-02-01 22:50:44
501506,ORD501506,100666,2025-01-29,2025-01-29 22:55:04,Store Assisted,Delivered,Cash on Delivery,Paid,INR,Delhi,Delhi,Delhi,Delhi,110017,FC-DEL-01,Standard,2025-02-03,2025-02-05,4,8,83107.92,0.00,12481.16,0.00,95589.08,,N,,2025-02-01 23:30:04
500047,ORD500047,100430,2025-01-30,2025-01-30 01:48:44,Store Assisted,Delivered,UPI,Paid,INR,Visakhapatnam,Andhra Pradesh,Visakhapatnam,Andhra Pradesh,530017,FC-CHE-01,Express,2025-02-02,2025-02-01,1,1,17747.60,887.38,0.00,0.00,16860.22,SAVE5,Y,,2025-02-05 10:30:44
502064,ORD502064,100667,2025-01-30,2025-01-30 05:52:25,Store Assisted,Cancelled,UPI,Refunded,INR,Visakhapatnam,Andhra Pradesh,Visakhapatnam,Andhra Pradesh,530017,FC-BLR-01,Standard,2025-02-04,,1,4,13084.60,0.00,1570.15,0.00,14654.75,,N,Inventory Unavailable,2025-02-06 10:51:25
501706,ORD501706,101543,2025-01-30,2025-01-30 06:23:16,Store Assisted,Cancelled,Debit Card,Refunded,INR,Delhi,Delhi,Pune,Maharashtra,411014,FC-HYD-01,Standard,2025-02-04,,3,10,74012.62,0.00,1631.35,0.00,75643.97,,N,Duplicate Order,2025-02-01 07:20:16
501044,ORD501044,101266,2025-01-30,2025-01-30 18:12:37,Marketplace,Delivered,Debit Card,Paid,INR,Chennai,Tamil Nadu,Chennai,Tamil Nadu,600042,FC-BLR-01,Standard,2025-02-04,2025-02-05,2,6,114274.26,0.00,31603.69,0.00,145877.95,,Y,,2025-02-04 23:48:37
502220,ORD502220,100208,2025-01-31,2025-01-31 09:20:33,Marketplace,Delivered,Debit Card,Paid,INR,Hyderabad,Telangana,Hyderabad,Telangana,500081,FC-BLR-01,Standard,2025-02-05,2025-02-05,3,8,20532.70,0.00,2556.46,0.00,23089.16,,N,,2025-02-03 15:15:33
500005,ORD500005,102128,2025-01-31,2025-01-31 11:52:43,Marketplace,Delivered,UPI,Paid,INR,Hyderabad,Telangana,Hyderabad,Telangana,500081,FC-DEL-01,Standard,2025-02-05,2025-02-05,1,2,1107.30,166.09,112.95,50.00,1104.16,FESTIVE15,N,,2025-02-02 19:14:43
501891,ORD501891,101327,2025-01-31,2025-01-31 19:21:11,Store Assisted,Delivered,Credit Card,Paid,INR,Warangal,Telangana,Warangal,Telangana,506002,FC-MUM-01,Express,2025-02-03,2025-02-04,5,10,30742.75,0.00,977.56,0.00,31720.31,,N,,2025-02-01 21:19:11
502169,ORD502169,102035,2025-01-31,2025-01-31 21:58:00,Store Assisted,Delivered,Debit Card,Paid,INR,Mumbai,Maharashtra,Mumbai,Maharashtra,400076,FC-DEL-01,Standard,2025-02-05,2025-02-06,3,6,7995.35,0.00,1508.01,0.00,9503.36,,N,,2025-02-01 06:08:00
501995,ORD501995,101985,2025-02-01,2025-02-01 06:51:07,Website,Delivered,UPI,Paid,INR,Pune,Maharashtra,Pune,Maharashtra,411014,FC-DEL-01,Standard,2025-02-06,2025-02-06,1,4,3927.16,589.07,400.57,0.00,3738.66,FESTIVE15,Y,,2025-02-07 08:51:07
500139,ORD500139,101369,2025-02-01,2025-02-01 08:21:48,Website,Delivered,Net Banking,Paid,INR,Visakhapatnam,Andhra Pradesh,Visakhapatnam,Andhra Pradesh,530017,FC-BLR-01,Express,2025-02-04,2025-02-04,3,6,47935.47,4793.55,2157.10,0.00,45299.02,LOYALTY10,N,,2025-02-08 11:51:48
501259,ORD501259,100318,2025-02-01,2025-02-01 18:14:39,Website,Delivered,Wallet,Paid,INR,Pune,Maharashtra,Delhi,Delhi,110017,FC-HYD-01,Express,2025-02-04,2025-02-05,4,8,141149.58,14114.96,16057.38,0.00,143092.00,LOYALTY10,N,,2025-02-03 19:15:39
501289,ORD501289,100169,2025-02-01,2025-02-01 21:33:17,Mobile App,Delivered,Net Banking,Paid,INR,Chennai,Tamil Nadu,Chennai,Tamil Nadu,600042,FC-BLR-01,Standard,2025-02-06,2025-02-06,4,12,40426.42,4042.64,6073.09,0.00,42456.87,WELCOME10,Y,,2025-02-08 01:20:17
500650,ORD500650,100815,2025-02-02,2025-02-02 04:52:07,Website,Delivered,Wallet,Paid,INR,Visakhapatnam,Andhra Pradesh,Visakhapatnam,Andhra Pradesh,530017,FC-DEL-01,Standard,2025-02-07,2025-02-07,1,1,1689.58,337.92,243.30,50.00,1644.96,APP20,N,,2025-02-02 07:16:07
500495,ORD500495,100005,2025-02-02,2025-02-02 12:26:45,Mobile App,Delivered,Debit Card,Paid,INR,Pune,Maharashtra,Pune,Maharashtra,411014,FC-DEL-01,Same Day,2025-02-02,2025-02-03,2,5,53728.54,5372.85,2214.80,0.00,50570.49,WELCOME10,N,,2025-02-08 15:36:45
501814,ORD501814,100572,2025-02-02,2025-02-02 13:05:11,Mobile App,Delivered,Credit Card,Paid,INR,Visakhapatnam,Andhra Pradesh,Visakhapatnam,Andhra Pradesh,530017,FC-HYD-01,Express,2025-02-05,2025-02-05,2,8,7683.40,1536.68,528.66,0.00,6675.38,APP20,N,,2025-02-03 16:56:11
502095,ORD502095,101770,2025-02-03,2025-02-03 05:49:31,Marketplace,Delivered,Cash on Delivery,Paid,INR,Pune,Maharashtra,Pune,Maharashtra,411014,FC-HYD-01,Express,2025-02-06,2025-02-05,5,10,165422.03,8271.10,14594.76,0.00,171745.69,SAVE5,N,,2025-02-11 10:49:31
501316,ORD501316,100929,2025-02-03,2025-02-03 08:51:35,Marketplace,Delivered,UPI,Paid,INR,Bengaluru,Karnataka,Bengaluru,Karnataka,560037,FC-CHE-01,Standard,2025-02-08,2025-02-08,2,8,116240.28,5812.01,567.85,0.00,110996.12,SAVE5,N,,2025-02-08 09:16:35
500821,ORD500821,101894,2025-02-03,2025-02-03 11:46:52,Mobile App,Shipped,Net Banking,Paid,INR,Visakhapatnam,Andhra Pradesh,Visakhapatnam,Andhra Pradesh,530017,FC-CHE-01,Standard,2025-02-08,,5,10,23811.66,2381.17,1423.97,0.00,22854.46,WELCOME10,N,,2025-02-11 16:50:52
501278,ORD501278,100712,2025-02-03,2025-02-03 17:00:52,Store Assisted,Delivered,Net Banking,Paid,INR,Chennai,Tamil Nadu,Chennai,Tamil Nadu,600042,FC-BLR-01,Standard,2025-02-08,2025-02-09,5,10,171196.42,8559.82,18285.10,0.00,180921.70,SAVE5,N,,2025-02-05 18:09:52
501851,ORD501851,101256,2025-02-04,2025-02-04 02:30:33,Mobile App,Delivered,Wallet,Paid,INR,Pune,Maharashtra,Pune,Maharashtra,411014,FC-CHE-01,Standard,2025-02-09,2025-02-09,1,4,32911.60,6582.32,0.00,0.00,26329.28,APP20,N,,2025-02-08 02:38:33
500932,ORD500932,100281,2025-02-04,2025-02-04 03:40:58,Website,Delivered,Wallet,Paid,INR,Warangal,Telangana,Mumbai,Maharashtra,400076,FC-DEL-01,Express,2025-02-07,2025-02-08,1,3,1338.75,0.00,374.85,50.00,1763.60,,N,,2025-02-04 08:14:58
500572,ORD500572,101891,2025-02-04,2025-02-04 06:48:15,Mobile App,Cancelled,Credit Card,Voided,INR,Hyderabad,Telangana,Mumbai,Maharashtra,400076,FC-DEL-01,Same Day,2025-02-04,,1,4,47147.80,4714.78,7637.94,0.00,50070.96,LOYALTY10,N,Duplicate Order,2025-02-05 09:31:15
500582,ORD500582,102228,2025-02-04,2025-02-04 21:01:55,Marketplace,Delivered,Net Banking,Paid,INR,Delhi,Delhi,Delhi,Delhi,110017,FC-MUM-01,Express,2025-02-07,2025-02-08,2,3,3680.30,736.06,528.08,0.00,3472.32,APP20,Y,,2025-02-08 02:02:55
501370,ORD501370,101383,2025-02-05,2025-02-05 01:22:38,Marketplace,Delivered,Cash on Delivery,Paid,INR,Warangal,Telangana,Warangal,Telangana,506002,FC-CHE-01,Express,2025-02-08,2025-02-10,4,8,48057.61,0.00,9147.03,0.00,57204.64,,Y,,2025-02-12 10:19:38
500959,ORD500959,101534,2025-02-05,2025-02-05 13:57:12,Store Assisted,Cancelled,Debit Card,Refunded,INR,Vijayawada,Andhra Pradesh,Vijayawada,Andhra Pradesh,520010,FC-MUM-01,Standard,2025-02-10,,5,11,133365.36,0.00,10941.77,0.00,144307.13,,N,Address Issue,2025-02-11 20:27:12
501144,ORD501144,101713,2025-02-05,2025-02-05 17:03:22,Website,Delivered,Net Banking,Paid,INR,Delhi,Delhi,Delhi,Delhi,110017,FC-HYD-01,Same Day,2025-02-05,2025-02-05,2,6,124787.26,24957.45,8930.15,0.00,108759.96,APP20,N,,2025-02-07 23:09:22
500291,ORD500291,100897,2025-02-05,2025-02-05 21:58:32,Website,Delivered,Cash on Delivery,Paid,INR,Pune,Maharashtra,Bengaluru,Karnataka,560037,FC-MUM-01,Standard,2025-02-10,2025-02-10,1,2,1065.78,106.58,115.10,40.00,1114.30,WELCOME10,Y,,2025-02-09 04:23:32
500546,ORD500546,100784,2025-02-05,2025-02-05 23:17:44,Store Assisted,Delivered,UPI,Paid,INR,Warangal,Telangana,Secunderabad,Telangana,500003,FC-HYD-01,Standard,2025-02-10,2025-02-10,3,8,34148.26,0.00,1372.35,0.00,35520.61,,Y,,2025-02-14 05:47:44
501915,ORD501915,100433,2025-02-06,2025-02-06 19:23:27,Marketplace,Cancelled,Cash on Delivery,Refunded,INR,Visakhapatnam,Andhra Pradesh,Visakhapatnam,Andhra Pradesh,530017,FC-MUM-01,Express,2025-02-09,,3,11,232406.77,23240.68,31848.29,0.00,241014.38,WELCOME10,N,Duplicate Order,2025-02-14 00:41:27
500559,ORD500559,101108,2025-02-06,2025-02-06 21:24:36,Mobile App,Cancelled,Debit Card,Voided,INR,Warangal,Telangana,Warangal,Telangana,506002,FC-HYD-01,Same Day,2025-02-06,,3,6,11653.74,1748.06,2303.67,0.00,12209.35,FESTIVE15,N,Customer Request,2025-02-14 21:39:36
501067,ORD501067,100036,2025-02-07,2025-02-07 03:28:47,Mobile App,Cancelled,Cash on Delivery,Voided,INR,Vijayawada,Andhra Pradesh,Vijayawada,Andhra Pradesh,520010,FC-CHE-01,Express,2025-02-10,,3,9,35496.61,0.00,873.91,0.00,36370.52,,N,Payment Failure,2025-02-11 12:05:47
501786,ORD501786,101697,2025-02-07,2025-02-07 05:36:52,Marketplace,Cancelled,UPI,Failed,INR,Bengaluru,Karnataka,Bengaluru,Karnataka,560037,FC-MUM-01,Standard,2025-02-12,,4,6,56084.71,0.00,9746.72,0.00,65831.43,,Y,Address Issue,2025-02-12 13:49:52
501203,ORD501203,100689,2025-02-07,2025-02-07 12:26:07,Mobile App,Delivered,UPI,Paid,INR,Vijayawada,Andhra Pradesh,Vijayawada,Andhra Pradesh,520010,FC-BLR-01,Standard,2025-02-12,2025-02-13,2,7,22106.80,2210.68,3262.45,0.00,23158.57,LOYALTY10,N,,2025-02-13 18:57:07
500479,ORD500479,101736,2025-02-07,2025-02-07 21:36:35,Store Assisted,Cancelled,Debit Card,Voided,INR,Delhi,Delhi,Delhi,Delhi,110017,FC-HYD-01,Standard,2025-02-12,,5,18,61216.30,0.00,2839.07,0.00,64055.37,,N,Payment Failure,2025-02-10 22:26:35
500846,ORD500846,100099,2025-02-08,2025-02-08 21:08:13,Marketplace,Shipped,Credit Card,Paid,INR,Warangal,Telangana,Warangal,Telangana,506002,FC-CHE-01,Standard,2025-02-13,,2,5,57405.94,2870.30,3159.36,0.00,57695.00,SAVE5,Y,,2025-02-16 00:53:13
501333,ORD501333,101730,2025-02-09,2025-02-09 10:57:09,Mobile App,Delivered,Cash on Delivery,Paid,INR,Secunderabad,Telangana,Secunderabad,Telangana,500003,FC-CHE-01,Same Day,2025-02-09,2025-02-11,4,10,71047.80,7104.78,4958.33,0.00,68901.35,LOYALTY10,N,,2025-02-14 16:05:09
500863,ORD500863,102001,2025-02-09,2025-02-09 18:52:54,Marketplace,Delivered,Net Banking,Paid,INR,Delhi,Delhi,Delhi,Delhi,110017,FC-DEL-01,Standard,2025-02-14,2025-02-14,5,12,81849.72,16369.94,14345.03,0.00,79824.81,APP20,N,,2025-02-15 21:57:54
501949,ORD501949,101774,2025-02-09,2025-02-09 20:00:31,Mobile App,Delivered,UPI,Paid,INR,Vijayawada,Andhra Pradesh,Vijayawada,Andhra Pradesh,520010,FC-CHE-01,Standard,2025-02-14,2025-02-13,3,5,68909.15,0.00,585.30,0.00,69494.45,,N,,2025-02-12 02:30:31
500034,ORD500034,100356,2025-02-10,2025-02-10 06:27:10,Website,Delivered,Cash on Delivery,Paid,INR,Vijayawada,Andhra Pradesh,Vijayawada,Andhra Pradesh,520010,FC-BLR-01,Same Day,2025-02-10,2025-02-10,5,11,21351.03,2135.10,4819.92,0.00,24035.85,WELCOME10,N,,2025-02-14 14:04:10
500229,ORD500229,101561,2025-02-10,2025-02-10 10:26:24,Website,Delivered,Credit Card,Paid,INR,Pune,Maharashtra,Pune,Maharashtra,411014,FC-HYD-01,Express,2025-02-13,2025-02-13,1,3,8264.82,1652.96,793.42,0.00,7405.28,APP20,Y,,2025-02-11 15:57:24
500187,ORD500187,101473,2025-02-10,2025-02-10 18:55:05,Website,Delivered,UPI,Paid,INR,Secunderabad,Telangana,Secunderabad,Telangana,500003,FC-CHE-01,Standard,2025-02-15,2025-02-15,1,2,2170.92,108.55,103.12,0.00,2165.49,SAVE5,N,,2025-02-16 01:29:05
500577,ORD500577,102057,2025-02-10,2025-02-10 18:56:06,Store Assisted,Delivered,Debit Card,Pending,INR,Mumbai,Maharashtra,Mumbai,Maharashtra,400076,FC-HYD-01,Standard,2025-02-15,2025-02-17,4,10,31812.45,4771.87,6466.13,0.00,33506.71,FESTIVE15,N,,2025-02-13 02:34:06
502103,ORD502103,100699,2025-02-11,2025-02-11 15:07:27,Website,Delivered,Wallet,Paid,INR,Mumbai,Maharashtra,Mumbai,Maharashtra,400076,FC-CHE-01,Standard,2025-02-16,2025-02-16,1,2,3780.80,0.00,1058.62,0.00,4839.42,,N,,2025-02-19 21:05:27
501284,ORD501284,101700,2025-02-11,2025-02-11 21:51:07,Marketplace,Delivered,Cash on Delivery,Paid,INR,Delhi,Delhi,Delhi,Delhi,110017,FC-HYD-01,Same Day,2025-02-11,2025-02-12,1,2,2297.54,229.75,0.00,0.00,2067.79,LOYALTY10,N,,2025-02-14 05:07:07
502381,ORD502381,101664,2025-02-12,2025-02-12 01:14:28,Marketplace,Delivered,Cash on Delivery,Paid,INR,Warangal,Telangana,Warangal,Telangana,506002,FC-CHE-01,Standard,2025-02-17,2025-02-17,3,5,94861.82,14229.27,15471.30,0.00,96103.85,FESTIVE15,Y,,2025-02-17 09:24:28
500976,ORD500976,100082,2025-02-12,2025-02-12 02:06:35,Store Assisted,Delivered,Wallet,Paid,INR,Chennai,Tamil Nadu,Chennai,Tamil Nadu,600042,FC-MUM-01,Standard,2025-02-17,2025-02-17,1,1,2264.41,0.00,407.59,0.00,2672.00,,N,,2025-02-16 06:13:35
501195,ORD501195,100358,2025-02-12,2025-02-12 07:11:23,Website,Delivered,Credit Card,Paid,INR,Bengaluru,Karnataka,Bengaluru,Karnataka,560037,FC-DEL-01,Standard,2025-02-17,2025-02-19,3,7,126761.79,0.00,35218.86,0.00,161980.65,,Y,,2025-02-13 13:06:23
500999,ORD500999,100307,2025-02-12,2025-02-12 09:02:29,Marketplace,Delivered,UPI,Paid,INR,Secunderabad,Telangana,Warangal,Telangana,506002,FC-HYD-01,Standard,2025-02-17,2025-02-17,2,6,3666.00,366.60,478.79,0.00,3778.19,LOYALTY10,N,,2025-02-20 15:23:29
500487,ORD500487,100457,2025-02-12,2025-02-12 19:23:49,Marketplace,Delivered,UPI,Paid,INR,Mumbai,Maharashtra,Mumbai,Maharashtra,400076,FC-CHE-01,Standard,2025-02-17,2025-02-17,3,6,146665.86,0.00,21896.80,0.00,168562.66,,N,,2025-02-17 03:13:49
502267,ORD502267,101844,2025-02-12,2025-02-12 23:24:45,Marketplace,Delivered,Wallet,Paid,INR,Warangal,Telangana,Warangal,Telangana,506002,FC-BLR-01,Same Day,2025-02-12,2025-02-11,4,11,233049.65,23304.97,31077.96,0.00,240822.64,WELCOME10,N,,2025-02-14 02:15:45
500988,ORD500988,102119,2025-02-13,2025-02-13 07:38:02,Website,Delivered,Credit Card,Paid,INR,Delhi,Delhi,Delhi,Delhi,110017,FC-CHE-01,Standard,2025-02-18,2025-02-19,5,12,37707.28,3770.73,1350.03,0.00,35286.58,WELCOME10,N,,2025-02-20 12:56:02
500371,ORD500371,101895,2025-02-13,2025-02-13 08:55:31,Marketplace,Delivered,Net Banking,Paid,INR,Secunderabad,Telangana,Secunderabad,Telangana,500003,FC-DEL-01,Standard,2025-02-18,2025-02-18,4,11,91294.86,0.00,7354.98,0.00,98649.84,,N,,2025-02-13 14:41:31
500529,ORD500529,101562,2025-02-13,2025-02-13 09:26:56,Marketplace,Delivered,Cash on Delivery,Paid,INR,Bengaluru,Karnataka,Bengaluru,Karnataka,560037,FC-BLR-01,Standard,2025-02-18,2025-02-18,5,8,86399.19,0.00,6630.22,0.00,93029.41,,N,,2025-02-21 15:16:56
500284,ORD500284,102031,2025-02-13,2025-02-13 10:24:53,Mobile App,Delivered,Credit Card,Paid,INR,Warangal,Telangana,Warangal,Telangana,506002,FC-HYD-01,Standard,2025-02-18,2025-02-18,2,6,8558.56,0.00,1320.20,0.00,9878.76,,Y,,2025-02-19 13:55:53
500356,ORD500356,101518,2025-02-13,2025-02-13 17:13:41,Mobile App,Shipped,UPI,Paid,INR,Secunderabad,Telangana,Secunderabad,Telangana,500003,FC-CHE-01,Express,2025-02-16,,1,1,15731.16,1573.12,1698.96,0.00,15857.00,LOYALTY10,Y,,2025-02-18 00:10:41
500553,ORD500553,100582,2025-02-13,2025-02-13 21:31:45,Website,Delivered,Debit Card,Paid,INR,Secunderabad,Telangana,Secunderabad,Telangana,500003,FC-HYD-01,Express,2025-02-16,2025-02-16,4,11,70675.34,0.00,10840.12,0.00,81515.46,,N,,2025-02-22 01:37:45
500739,ORD500739,100209,2025-02-14,2025-02-14 07:50:42,Marketplace,Delivered,Net Banking,Paid,INR,Hyderabad,Telangana,Hyderabad,Telangana,500081,FC-DEL-01,Express,2025-02-17,2025-02-17,1,1,20403.66,0.00,1020.18,0.00,21423.84,,N,,2025-02-15 15:54:42
500708,ORD500708,100609,2025-02-14,2025-02-14 13:36:56,Website,Delivered,Net Banking,Paid,INR,Chennai,Tamil Nadu,Delhi,Delhi,110017,FC-DEL-01,Express,2025-02-17,2025-02-17,2,4,47895.45,4789.55,5096.90,0.00,48202.80,WELCOME10,N,,2025-02-20 20:43:56
500261,ORD500261,101276,2025-02-14,2025-02-14 19:03:40,Mobile App,Delivered,Cash on Delivery,Paid,INR,Warangal,Telangana,Warangal,Telangana,506002,FC-MUM-01,Standard,2025-02-19,2025-02-18,2,8,116815.92,11681.59,5256.72,0.00,110391.05,WELCOME10,N,,2025-02-14 23:33:40
501087,ORD501087,102242,2025-02-15,2025-02-15 01:31:08,Website,Delivered,UPI,Paid,INR,Hyderabad,Telangana,Hyderabad,Telangana,500081,FC-CHE-01,Standard,2025-02-20,2025-02-19,1,1,532.89,53.29,57.55,90.00,627.15,WELCOME10,Y,,2025-02-18 02:28:08
500593,ORD500593,102116,2025-02-15,2025-02-15 09:25:42,Marketplace,Returned,Debit Card,Partially Refunded,INR,Vijayawada,Andhra Pradesh,Vijayawada,Andhra Pradesh,520010,FC-BLR-01,Standard,2025-02-20,2025-02-20,4,11,86502.78,8650.28,647.09,0.00,78499.59,LOYALTY10,N,,2025-02-21 15:58:42
501235,ORD501235,101999,2025-02-16,2025-02-16 04:07:28,Marketplace,Delivered,Credit Card,Paid,INR,Vijayawada,Andhra Pradesh,Bengaluru,Karnataka,560037,FC-BLR-01,Standard,2025-02-21,2025-02-22,4,7,42301.41,4230.14,4544.47,0.00,42615.74,LOYALTY10,N,,2025-02-21 12:26:28
500655,ORD500655,100374,2025-02-16,2025-02-16 07:59:12,Mobile App,Delivered,Wallet,Paid,INR,Secunderabad,Telangana,Secunderabad,Telangana,500003,FC-MUM-01,Standard,2025-02-21,2025-02-21,4,10,112379.29,0.00,8943.26,0.00,121322.55,,N,,2025-02-24 08:36:12
501710,ORD501710,100059,2025-02-16,2025-02-16 08:50:29,Marketplace,Delivered,Debit Card,Paid,INR,Chennai,Tamil Nadu,Vijayawada,Andhra Pradesh,520010,FC-CHE-01,Standard,2025-02-21,2025-02-21,2,8,90514.00,0.00,25010.66,0.00,115524.66,,N,,2025-02-22 10:11:29
500294,ORD500294,100094,2025-02-16,2025-02-16 10:18:57,Store Assisted,Delivered,Credit Card,Paid,INR,Hyderabad,Telangana,Hyderabad,Telangana,500081,FC-DEL-01,Same Day,2025-02-16,2025-02-15,5,12,79118.13,0.00,17485.18,0.00,96603.31,,N,,2025-02-23 14:58:57
500530,ORD500530,100969,2025-02-17,2025-02-17 11:31:43,Marketplace,Delivered,Net Banking,Paid,INR,Bengaluru,Karnataka,Bengaluru,Karnataka,560037,FC-CHE-01,Same Day,2025-02-17,2025-02-18,5,14,60321.32,6032.13,8456.98,0.00,62746.17,WELCOME10,N,,2025-02-25 14:29:43
500432,ORD500432,101843,2025-02-17,2025-02-17 21:41:24,Marketplace,Delivered,Credit Card,Paid,INR,Warangal,Telangana,Bengaluru,Karnataka,560037,FC-HYD-01,Standard,2025-02-22,2025-02-24,5,14,128385.36,0.00,32519.99,0.00,160905.35,,Y,,2025-02-26 02:20:24
501693,ORD501693,100981,2025-02-17,2025-02-17 22:41:26,Marketplace,Delivered,Net Banking,Paid,INR,Vijayawada,Andhra Pradesh,Vijayawada,Andhra Pradesh,520010,FC-DEL-01,Standard,2025-02-22,2025-02-23,3,6,20055.57,2005.56,4855.74,0.00,22905.75,LOYALTY10,N,,2025-02-26 03:27:26
501612,ORD501612,100505,2025-02-18,2025-02-18 00:43:06,Website,Delivered,UPI,Paid,INR,Hyderabad,Telangana,Hyderabad,Telangana,500081,FC-MUM-01,Standard,2025-02-23,2025-02-24,2,6,2991.57,299.16,753.87,0.00,3446.28,LOYALTY10,Y,,2025-02-22 06:38:06
500429,ORD500429,101456,2025-02-18,2025-02-18 05:01:32,Website,Delivered,Wallet,Paid,INR,Warangal,Telangana,Warangal,Telangana,506002,FC-HYD-01,Standard,2025-02-23,2025-02-22,5,14,94570.99,0.00,10546.15,0.00,105117.14,,N,,2025-02-23 06:31:32
501683,ORD501683,101364,2025-02-18,2025-02-18 11:00:53,Website,Delivered,Debit Card,Paid,INR,Warangal,Telangana,Warangal,Telangana,506002,FC-CHE-01,Express,2025-02-21,2025-02-21,4,9,162483.88,32496.78,3076.41,0.00,133063.51,APP20,N,,2025-02-19 16:26:53
500971,ORD500971,101645,2025-02-18,2025-02-18 12:12:38,Website,Delivered,Cash on Delivery,Paid,INR,Chennai,Tamil Nadu,Chennai,Tamil Nadu,600042,FC-HYD-01,Standard,2025-02-23,2025-02-24,4,9,79974.72,7997.47,18197.89,0.00,90175.14,WELCOME10,N,,2025-02-23 13:34:38
501663,ORD501663,101417,2025-02-19,2025-02-19 10:20:14,Store Assisted,Delivered,UPI,Paid,INR,Pune,Maharashtra,Pune,Maharashtra,411014,FC-HYD-01,Express,2025-02-22,2025-02-22,3,8,8931.86,0.00,1505.89,0.00,10437.75,,N,,2025-02-23 15:04:14
500303,ORD500303,101322,2025-02-19,2025-02-19 10:42:25,Store Assisted,Delivered,Wallet,Paid,INR,Delhi,Delhi,Vijayawada,Andhra Pradesh,520010,FC-BLR-01,Standard,2025-02-24,2025-02-24,3,9,77163.59,11574.54,16765.27,0.00,82354.32,FESTIVE15,N,,2025-02-19 17:23:25
500972,ORD500972,101647,2025-02-19,2025-02-19 13:28:10,Website,Returned,Net Banking,Refunded,INR,Chennai,Tamil Nadu,Chennai,Tamil Nadu,600042,FC-CHE-01,Express,2025-02-22,2025-02-22,2,5,6583.35,658.34,502.33,0.00,6427.34,WELCOME10,Y,,2025-02-24 15:18:10
500709,ORD500709,101539,2025-02-19,2025-02-19 20:18:11,Store Assisted,Delivered,Cash on Delivery,Paid,INR,Pune,Maharashtra,Pune,Maharashtra,411014,FC-BLR-01,Standard,2025-02-24,2025-02-24,1,3,2182.41,0.00,0.00,0.00,2182.41,,N,,2025-02-22 00:10:11
500017,ORD500017,101506,2025-02-19,2025-02-19 22:44:18,Store Assisted,Delivered,Net Banking,Paid,INR,Visakhapatnam,Andhra Pradesh,Visakhapatnam,Andhra Pradesh,530017,FC-DEL-01,Standard,2025-02-24,2025-02-25,3,9,70456.20,14091.24,15388.67,0.00,71753.63,APP20,N,,2025-02-28 04:51:18
502240,ORD502240,100657,2025-02-20,2025-02-20 09:10:08,Website,Delivered,Cash on Delivery,Paid,INR,Mumbai,Maharashtra,Mumbai,Maharashtra,400076,FC-MUM-01,Standard,2025-02-25,2025-02-26,5,19,130861.53,6543.08,33400.62,0.00,157719.07,SAVE5,N,,2025-02-20 14:37:08
500558,ORD500558,100126,2025-02-21,2025-02-21 02:41:16,Marketplace,Returned,Wallet,Partially Refunded,INR,Chennai,Tamil Nadu,Chennai,Tamil Nadu,600042,FC-DEL-01,Standard,2025-02-26,2025-02-26,5,12,139126.57,13912.66,13546.83,0.00,138760.74,WELCOME10,N,,2025-02-25 08:38:16
500566,ORD500566,101417,2025-02-21,2025-02-21 11:04:42,Mobile App,Delivered,UPI,Paid,INR,Pune,Maharashtra,Pune,Maharashtra,411014,FC-DEL-01,Standard,2025-02-26,2025-02-26,1,2,1960.26,294.04,0.00,0.00,1666.22,FESTIVE15,Y,,2025-02-28 17:42:42
501885,ORD501885,102283,2025-02-21,2025-02-21 12:32:06,Marketplace,Returned,Cash on Delivery,Partially Refunded,INR,Secunderabad,Telangana,Secunderabad,Telangana,500003,FC-CHE-01,Standard,2025-02-26,2025-02-26,4,7,37308.88,0.00,5243.17,0.00,42552.05,,N,,2025-02-26 20:53:06
501516,ORD501516,101681,2025-02-21,2025-02-21 16:44:24,Website,Delivered,Credit Card,Paid,INR,Vijayawada,Andhra Pradesh,Vijayawada,Andhra Pradesh,520010,FC-MUM-01,Standard,2025-02-26,2025-02-28,1,1,2061.29,0.00,577.16,0.00,2638.45,,Y,,2025-02-26 20:04:24
501140,ORD501140,101176,2025-02-22,2025-02-22 03:49:45,Website,Delivered,Debit Card,Paid,INR,Bengaluru,Karnataka,Bengaluru,Karnataka,560037,FC-CHE-01,Standard,2025-02-27,2025-02-28,1,2,2930.06,586.01,117.20,0.00,2461.25,APP20,N,,2025-03-02 10:30:45
502388,ORD502388,100367,2025-02-22,2025-02-22 12:50:02,Store Assisted,Returned,Credit Card,Partially Refunded,INR,Hyderabad,Telangana,Hyderabad,Telangana,500081,FC-MUM-01,Standard,2025-02-27,2025-02-27,1,4,3312.20,0.00,165.61,0.00,3477.81,,N,,2025-02-26 20:49:02
500522,ORD500522,102235,2025-02-22,2025-02-22 22:59:09,Marketplace,Delivered,Debit Card,Paid,INR,Secunderabad,Telangana,Secunderabad,Telangana,500003,FC-MUM-01,Standard,2025-02-27,2025-02-27,4,11,63385.27,6338.53,3916.81,0.00,60963.55,WELCOME10,N,,2025-02-28 02:49:09
501410,ORD501410,100624,2025-02-23,2025-02-23 12:03:10,Mobile App,Delivered,Cash on Delivery,Paid,INR,Visakhapatnam,Andhra Pradesh,Visakhapatnam,Andhra Pradesh,530017,FC-HYD-01,Standard,2025-02-28,2025-02-28,5,14,169331.06,16933.11,12571.07,0.00,164969.02,WELCOME10,N,,2025-02-28 14:34:10
500200,ORD500200,101214,2025-02-23,2025-02-23 14:44:33,Store Assisted,Delivered,UPI,Paid,INR,Mumbai,Maharashtra,Mumbai,Maharashtra,400076,FC-DEL-01,Standard,2025-02-28,2025-02-28,5,10,85660.53,8566.05,2856.56,0.00,79951.04,LOYALTY10,N,,2025-02-27 18:01:33
502295,ORD502295,100545,2025-02-23,2025-02-23 23:43:54,Mobile App,Delivered,Debit Card,Paid,INR,Mumbai,Maharashtra,Mumbai,Maharashtra,400076,FC-CHE-01,Standard,2025-02-28,2025-03-01,2,2,14865.64,1486.56,37.26,0.00,13416.34,LOYALTY10,N,,2025-03-02 01:41:54
501142,ORD501142,100264,2025-02-23,2025-02-23 23:46:03,Store Assisted,Delivered,Credit Card,Paid,INR,Visakhapatnam,Andhra Pradesh,Visakhapatnam,Andhra Pradesh,530017,FC-HYD-01,Express,2025-02-26,2025-02-26,5,10,183323.66,0.00,2052.53,0.00,185376.19,,N,,2025-02-25 01:51:03
502366,ORD502366,102017,2025-02-24,2025-02-24 01:06:15,Store Assisted,Delivered,Debit Card,Pending,INR,Delhi,Delhi,Delhi,Delhi,110017,FC-BLR-01,Standard,2025-03-01,2025-03-03,4,6,6221.04,622.10,383.90,0.00,5982.84,WELCOME10,Y,,2025-02-27 03:19:15
500021,ORD500021,100997,2025-02-24,2025-02-24 08:16:09,Mobile App,Delivered,Net Banking,Paid,INR,Vijayawada,Andhra Pradesh,Vijayawada,Andhra Pradesh,520010,FC-HYD-01,Standard,2025-03-01,2025-03-02,4,8,97825.14,0.00,12674.62,0.00,110499.76,,Y,,2025-03-01 15:24:09
501634,ORD501634,100701,2025-02-24,2025-02-24 19:51:53,Website,Delivered,Credit Card,Paid,INR,Hyderabad,Telangana,Pune,Maharashtra,411014,FC-MUM-01,Standard,2025-03-01,2025-03-02,5,10,89754.21,4487.71,912.68,0.00,86179.18,SAVE5,N,,2025-03-03 03:17:53
500250,ORD500250,101169,2025-02-24,2025-02-24 20:07:34,Mobile App,Delivered,UPI,Paid,INR,Delhi,Delhi,Delhi,Delhi,110017,FC-DEL-01,Standard,2025-03-01,2025-03-02,5,12,46744.17,9348.83,4764.35,0.00,42159.69,APP20,N,,2025-03-01 04:14:34
501058,ORD501058,101605,2025-02-24,2025-02-24 20:11:50,Website,Delivered,Credit Card,Paid,INR,Delhi,Delhi,Delhi,Delhi,110017,FC-HYD-01,Standard,2025-03-01,2025-03-01,2,3,1276.35,127.64,0.00,75.00,1223.71,LOYALTY10,N,,2025-03-01 23:50:50
502224,ORD502224,100947,2025-02-25,2025-02-25 01:32:11,Marketplace,Delivered,Wallet,Paid,INR,Bengaluru,Karnataka,Bengaluru,Karnataka,560037,FC-BLR-01,Standard,2025-03-02,2025-03-02,4,8,16455.82,3291.16,2981.22,0.00,16145.88,APP20,N,,2025-02-28 09:24:11
501478,ORD501478,100815,2025-02-25,2025-02-25 16:58:42,Store Assisted,Delivered,Wallet,Paid,INR,Visakhapatnam,Andhra Pradesh,Pune,Maharashtra,411014,FC-DEL-01,Standard,2025-03-02,2025-03-02,4,12,19437.01,1943.70,2738.74,0.00,20232.05,LOYALTY10,Y,,2025-02-25 19:25:42
500845,ORD500845,102247,2025-02-25,2025-02-25 23:05:58,Mobile App,Delivered,UPI,Paid,INR,Pune,Maharashtra,Secunderabad,Telangana,500003,FC-CHE-01,Standard,2025-03-02,2025-03-02,3,7,108640.03,0.00,19074.49,0.00,127714.52,,N,,2025-02-27 23:17:58
500616,ORD500616,100683,2025-02-25,2025-02-25 23:59:44,Marketplace,Delivered,Debit Card,Paid,INR,Warangal,Telangana,Warangal,Telangana,506002,FC-DEL-01,Standard,2025-03-02,2025-03-03,3,8,122075.38,24415.08,1053.97,0.00,98714.27,APP20,N,,2025-03-02 07:01:44
501624,ORD501624,101587,2025-02-26,2025-02-26 00:20:37,Marketplace,Delivered,Credit Card,Paid,INR,Pune,Maharashtra,Pune,Maharashtra,411014,FC-HYD-01,Standard,2025-03-03,2025-03-02,5,11,113580.61,0.00,13448.45,0.00,127029.06,,N,,2025-03-01 01:55:37
501522,ORD501522,101051,2025-02-26,2025-02-26 06:16:16,Marketplace,Delivered,UPI,Paid,INR,Pune,Maharashtra,Pune,Maharashtra,411014,FC-HYD-01,Standard,2025-03-03,2025-03-03,3,6,8920.70,0.00,1222.64,0.00,10143.34,,Y,,2025-02-28 07:22:16
500226,ORD500226,102272,2025-02-26,2025-02-26 11:17:52,Website,Delivered,Debit Card,Paid,INR,Bengaluru,Karnataka,Bengaluru,Karnataka,560037,FC-BLR-01,Express,2025-03-01,2025-03-02,5,14,191384.92,19138.49,22863.30,0.00,195109.73,WELCOME10,Y,,2025-03-04 19:58:52
502159,ORD502159,101904,2025-02-26,2025-02-26 12:37:30,Store Assisted,Delivered,Credit Card,Paid,INR,Warangal,Telangana,Warangal,Telangana,506002,FC-MUM-01,Standard,2025-03-03,2025-03-02,1,4,47727.40,4772.74,7731.84,0.00,50686.50,WELCOME10,N,,2025-03-06 13:06:30
501613,ORD501613,101823,2025-02-26,2025-02-26 20:08:07,Website,Delivered,Net Banking,Paid,INR,Delhi,Delhi,Delhi,Delhi,110017,FC-MUM-01,Express,2025-03-01,2025-03-03,2,7,35409.64,3540.96,629.51,0.00,32498.19,WELCOME10,N,,2025-03-02 02:36:07
501485,ORD501485,100686,2025-02-26,2025-02-26 20:16:45,Mobile App,Delivered,Cash on Delivery,Paid,INR,Bengaluru,Karnataka,Bengaluru,Karnataka,560037,FC-MUM-01,Standard,2025-03-03,2025-03-03,4,9,61437.56,9215.63,9896.86,0.00,62118.79,FESTIVE15,Y,,2025-03-06 00:48:45
500398,ORD500398,101386,2025-02-27,2025-02-27 06:04:52,Marketplace,Delivered,Net Banking,Paid,INR,Secunderabad,Telangana,Hyderabad,Telangana,500081,FC-DEL-01,Standard,2025-03-04,2025-03-03,4,7,54725.41,8208.81,8761.47,0.00,55278.07,FESTIVE15,N,,2025-02-28 10:52:52
500571,ORD500571,100584,2025-02-27,2025-02-27 13:57:01,Website,Delivered,Debit Card,Paid,INR,Chennai,Tamil Nadu,Chennai,Tamil Nadu,600042,FC-BLR-01,Express,2025-03-02,2025-03-02,1,4,1114.08,167.11,0.00,40.00,986.97,FESTIVE15,Y,,2025-03-02 20:10:01
501559,ORD501559,101893,2025-02-27,2025-02-27 18:23:28,Store Assisted,Delivered,UPI,Paid,INR,Secunderabad,Telangana,Secunderabad,Telangana,500003,FC-BLR-01,Same Day,2025-02-27,2025-02-27,3,7,74059.33,14811.87,472.06,0.00,59719.52,APP20,N,,2025-03-02 19:38:28
500470,ORD500470,100763,2025-02-28,2025-02-28 12:54:17,Mobile App,Delivered,Cash on Delivery,Paid,INR,Bengaluru,Karnataka,Bengaluru,Karnataka,560037,FC-CHE-01,Standard,2025-03-05,2025-03-06,3,8,19390.77,2908.62,1755.25,0.00,18237.40,FESTIVE15,Y,,2025-03-05 19:04:17
500003,ORD500003,102096,2025-02-28,2025-02-28 22:31:48,Mobile App,Delivered,Wallet,Paid,INR,Pune,Maharashtra,Pune,Maharashtra,411014,FC-HYD-01,Standard,2025-03-05,2025-03-05,2,7,12682.61,1268.26,1715.91,0.00,13130.26,LOYALTY10,N,,2025-03-05 22:40:48
501841,ORD501841,101480,2025-03-01,2025-03-01 16:16:21,Marketplace,Delivered,Credit Card,Paid,INR,Hyderabad,Telangana,Hyderabad,Telangana,500081,FC-MUM-01,Standard,2025-03-06,2025-03-06,5,11,120630.11,24126.02,10832.03,0.00,107336.12,APP20,Y,,2025-03-01 17:02:21
501021,ORD501021,100222,2025-03-01,2025-03-01 20:10:42,Mobile App,Delivered,Cash on Delivery,Paid,INR,Mumbai,Maharashtra,Mumbai,Maharashtra,400076,FC-HYD-01,Standard,2025-03-06,2025-03-06,3,6,6661.71,666.17,652.04,0.00,6647.58,LOYALTY10,N,,2025-03-07 21:18:42
501073,ORD501073,100207,2025-03-01,2025-03-01 23:21:38,Website,Shipped,Net Banking,Paid,INR,Hyderabad,Telangana,Hyderabad,Telangana,500081,FC-DEL-01,Standard,2025-03-06,,5,14,166741.00,16674.10,2721.32,0.00,152788.22,WELCOME10,Y,,2025-03-10 04:03:38
500236,ORD500236,101025,2025-03-01,2025-03-01 23:29:12,Marketplace,Delivered,UPI,Paid,INR,Mumbai,Maharashtra,Mumbai,Maharashtra,400076,FC-DEL-01,Express,2025-03-04,2025-03-03,1,1,15958.62,797.93,4244.99,0.00,19405.68,SAVE5,N,,2025-03-08 07:00:12
500404,ORD500404,100955,2025-03-02,2025-03-02 09:04:17,Store Assisted,Returned,Cash on Delivery,Refunded,INR,Hyderabad,Telangana,Hyderabad,Telangana,500081,FC-BLR-01,Standard,2025-03-07,2025-03-08,5,9,55036.97,11007.39,3923.38,0.00,47952.96,APP20,N,,2025-03-06 09:32:17
500524,ORD500524,101394,2025-03-02,2025-03-02 14:54:13,Store Assisted,Delivered,Wallet,Paid,INR,Pune,Maharashtra,Pune,Maharashtra,411014,FC-BLR-01,Standard,2025-03-07,2025-03-07,3,10,70571.40,7057.14,4866.27,0.00,68380.53,WELCOME10,N,,2025-03-06 20:28:13
501296,ORD501296,101275,2025-03-03,2025-03-03 00:55:39,Store Assisted,Shipped,Cash on Delivery,Pending,INR,Chennai,Tamil Nadu,Chennai,Tamil Nadu,600042,FC-DEL-01,Standard,2025-03-08,,2,7,89257.27,13388.59,13334.16,0.00,89202.84,FESTIVE15,N,,2025-03-06 08:31:39
500687,ORD500687,102026,2025-03-03,2025-03-03 04:02:44,Mobile App,Delivered,UPI,Paid,INR,Visakhapatnam,Andhra Pradesh,Visakhapatnam,Andhra Pradesh,530017,FC-HYD-01,Standard,2025-03-08,2025-03-08,2,3,36341.72,0.00,4230.96,0.00,40572.68,,N,,2025-03-10 05:11:44
501220,ORD501220,101298,2025-03-03,2025-03-03 09:49:57,Mobile App,Cancelled,Wallet,Failed,INR,Secunderabad,Telangana,Secunderabad,Telangana,500003,FC-CHE-01,Same Day,2025-03-03,,3,4,73139.60,7313.96,8277.60,0.00,74103.24,WELCOME10,N,Duplicate Order,2025-03-08 11:20:57
500527,ORD500527,100148,2025-03-03,2025-03-03 10:53:52,Mobile App,Cancelled,UPI,Failed,INR,Warangal,Telangana,Warangal,Telangana,506002,FC-HYD-01,Express,2025-03-06,,3,5,39629.41,3962.94,6090.90,0.00,41757.37,WELCOME10,N,Duplicate Order,2025-03-08 17:31:52
501119,ORD501119,100141,2025-03-04,2025-03-04 05:27:23,Website,Shipped,UPI,Paid,INR,Secunderabad,Telangana,Secunderabad,Telangana,500003,FC-MUM-01,Express,2025-03-07,,2,7,44948.38,6742.26,4902.46,0.00,43108.58,FESTIVE15,N,,2025-03-11 05:38:23
501518,ORD501518,100078,2025-03-04,2025-03-04 10:36:11,Website,Delivered,Cash on Delivery,Paid,INR,Mumbai,Maharashtra,Mumbai,Maharashtra,400076,FC-BLR-01,Standard,2025-03-09,2025-03-09,4,8,68984.32,10347.65,8694.26,0.00,67330.93,FESTIVE15,N,,2025-03-06 12:35:11
501165,ORD501165,101572,2025-03-04,2025-03-04 11:50:33,Marketplace,Delivered,UPI,Paid,INR,Vijayawada,Andhra Pradesh,Vijayawada,Andhra Pradesh,520010,FC-CHE-01,Express,2025-03-07,2025-03-08,4,5,27521.00,5504.20,1681.38,0.00,23698.18,APP20,Y,,2025-03-10 17:36:33
500521,ORD500521,100365,2025-03-04,2025-03-04 16:06:10,Website,Delivered,Cash on Delivery,Paid,INR,Secunderabad,Telangana,Secunderabad,Telangana,500003,FC-HYD-01,Express,2025-03-07,2025-03-07,3,6,9696.34,484.82,1789.05,0.00,11000.57,SAVE5,N,,2025-03-04 23:43:10
501606,ORD501606,101420,2025-03-04,2025-03-04 20:29:36,Website,Delivered,Wallet,Paid,INR,Visakhapatnam,Andhra Pradesh,Visakhapatnam,Andhra Pradesh,530017,FC-BLR-01,Standard,2025-03-09,2025-03-11,5,14,87649.56,0.00,22080.66,0.00,109730.22,,Y,,2025-03-11 04:38:36
501576,ORD501576,101377,2025-03-05,2025-03-05 00:13:32,Store Assisted,Delivered,UPI,Paid,INR,Pune,Maharashtra,Pune,Maharashtra,411014,FC-MUM-01,Standard,2025-03-10,2025-03-11,3,7,9019.82,1352.97,319.44,0.00,7986.29,FESTIVE15,N,,2025-03-11 01:30:32
502109,ORD502109,102210,2025-03-05,2025-03-05 01:53:13,Store Assisted,Delivered,UPI,Paid,INR,Pune,Maharashtra,Pune,Maharashtra,411014,FC-BLR-01,Standard,2025-03-10,2025-03-12,2,7,8087.07,808.71,230.21,0.00,7508.57,LOYALTY10,N,,2025-03-12 09:13:13
500203,ORD500203,102129,2025-03-05,2025-03-05 02:09:33,Store Assisted,Cancelled,Cash on Delivery,Failed,INR,Hyderabad,Telangana,Pune,Maharashtra,411014,FC-CHE-01,Standard,2025-03-10,,4,10,75601.71,0.00,11592.84,0.00,87194.55,,N,Payment Failure,2025-03-09 02:37:33
501392,ORD501392,101230,2025-03-05,2025-03-05 02:44:25,Store Assisted,Delivered,Cash on Delivery,Paid,INR,Hyderabad,Telangana,Hyderabad,Telangana,500081,FC-BLR-01,Standard,2025-03-10,2025-03-10,1,3,20746.47,3111.97,4937.66,0.00,22572.16,FESTIVE15,N,,2025-03-11 03:52:25
502046,ORD502046,100949,2025-03-05,2025-03-05 04:48:09,Marketplace,Delivered,Wallet,Paid,INR,Pune,Maharashtra,Pune,Maharashtra,411014,FC-DEL-01,Standard,2025-03-10,2025-03-09,4,10,172072.74,25810.91,5948.15,0.00,152209.98,FESTIVE15,Y,,2025-03-13 06:09:09
500661,ORD500661,100073,2025-03-05,2025-03-05 04:58:38,Mobile App,Delivered,Wallet,Paid,INR,Pune,Maharashtra,Pune,Maharashtra,411014,FC-BLR-01,Standard,2025-03-10,2025-03-10,2,5,2803.27,420.49,578.00,0.00,2960.78,FESTIVE15,N,,2025-03-08 10:47:38
502322,ORD502322,101834,2025-03-05,2025-03-05 07:52:10,Mobile App,Delivered,UPI,Pending,INR,Delhi,Delhi,Delhi,Delhi,110017,FC-MUM-01,Standard,2025-03-10,2025-03-10,2,3,1662.23,332.45,199.42,90.00,1619.20,APP20,Y,,2025-03-13 11:45:10
502348,ORD502348,101719,2025-03-05,2025-03-05 08:19:46,Store Assisted,Delivered,Net Banking,Paid,INR,Hyderabad,Telangana,Visakhapatnam,Andhra Pradesh,530017,FC-HYD-01,Express,2025-03-08,2025-03-08,5,14,206898.87,10344.94,36872.97,0.00,233426.90,SAVE5,N,,2025-03-13 09:12:46
502031,ORD502031,100490,2025-03-05,2025-03-05 09:02:36,Website,Delivered,Wallet,Paid,INR,Visakhapatnam,Andhra Pradesh,Visakhapatnam,Andhra Pradesh,530017,FC-CHE-01,Standard,2025-03-10,2025-03-10,2,3,9522.57,0.00,1443.27,0.00,10965.84,,N,,2025-03-05 13:46:36
501132,ORD501132,101584,2025-03-05,2025-03-05 14:03:09,Store Assisted,Delivered,UPI,Paid,INR,Bengaluru,Karnataka,Bengaluru,Karnataka,560037,FC-HYD-01,Standard,2025-03-10,2025-03-10,2,7,150598.92,15059.89,37950.93,0.00,173489.96,WELCOME10,N,,2025-03-05 21:51:09
501047,ORD501047,100712,2025-03-05,2025-03-05 20:15:16,Website,Delivered,Net Banking,Paid,INR,Chennai,Tamil Nadu,Chennai,Tamil Nadu,600042,FC-BLR-01,Express,2025-03-08,2025-03-09,5,13,148942.38,22341.36,13928.29,0.00,140529.31,FESTIVE15,N,,2025-03-07 22:02:16
501471,ORD501471,102070,2025-03-06,2025-03-06 00:02:41,Store Assisted,Returned,Cash on Delivery,Refunded,INR,Mumbai,Maharashtra,Mumbai,Maharashtra,400076,FC-MUM-01,Standard,2025-03-11,2025-03-12,3,9,63821.14,12764.23,865.90,0.00,51922.81,APP20,N,,2025-03-14 02:40:41
501578,ORD501578,101931,2025-03-06,2025-03-06 07:41:18,Mobile App,Cancelled,UPI,Voided,INR,Vijayawada,Andhra Pradesh,Vijayawada,Andhra Pradesh,520010,FC-MUM-01,Standard,2025-03-11,,4,7,29693.88,0.00,4531.34,0.00,34225.22,,Y,Address Issue,2025-03-14 07:57:18
501376,ORD501376,100551,2025-03-06,2025-03-06 20:23:08,Store Assisted,Delivered,UPI,Paid,INR,Chennai,Tamil Nadu,Chennai,Tamil Nadu,600042,FC-MUM-01,Standard,2025-03-11,2025-03-11,5,15,108790.39,21758.08,14067.29,0.00,101099.60,APP20,N,,2025-03-12 00:44:08
502023,ORD502023,100037,2025-03-06,2025-03-06 20:44:49,Mobile App,Cancelled,Credit Card,Refunded,INR,Visakhapatnam,Andhra Pradesh,Visakhapatnam,Andhra Pradesh,530017,FC-MUM-01,Express,2025-03-09,,2,6,16585.38,3317.08,3221.76,0.00,16490.06,APP20,N,Address Issue,2025-03-11 01:15:49
500525,ORD500525,101879,2025-03-07,2025-03-07 05:37:04,Store Assisted,Delivered,Net Banking,Paid,INR,Secunderabad,Telangana,Secunderabad,Telangana,500003,FC-CHE-01,Standard,2025-03-12,2025-03-14,5,11,67317.12,6731.71,11495.05,0.00,72080.46,LOYALTY10,N,,2025-03-14 07:03:04
501204,ORD501204,101231,2025-03-07,2025-03-07 06:24:15,Mobile App,Delivered,Credit Card,Paid,INR,Chennai,Tamil Nadu,Chennai,Tamil Nadu,600042,FC-BLR-01,Standard,2025-03-12,2025-03-11,5,10,28020.16,0.00,7137.09,0.00,35157.25,,N,,2025-03-14 10:10:15
501033,ORD501033,100389,2025-03-07,2025-03-07 08:22:57,Store Assisted,Delivered,Net Banking,Paid,INR,Mumbai,Maharashtra,Mumbai,Maharashtra,400076,FC-CHE-01,Express,2025-03-10,2025-03-10,5,15,158432.88,15843.29,17377.90,0.00,159967.49,WELCOME10,Y,,2025-03-07 12:32:57
500256,ORD500256,101958,2025-03-07,2025-03-07 20:32:57,Mobile App,Delivered,Credit Card,Paid,INR,Warangal,Telangana,Warangal,Telangana,506002,FC-CHE-01,Standard,2025-03-12,2025-03-12,4,8,67884.74,13576.95,2986.48,0.00,57294.27,APP20,N,,2025-03-08 01:31:57
500711,ORD500711,100028,2025-03-08,2025-03-08 00:17:41,Website,Delivered,Debit Card,Paid,INR,Chennai,Tamil Nadu,Chennai,Tamil Nadu,600042,FC-DEL-01,Standard,2025-03-13,2025-03-13,4,13,116270.65,0.00,30627.84,0.00,146898.49,,N,,2025-03-11 06:04:41
501167,ORD501167,100674,2025-03-08,2025-03-08 03:40:39,Website,Delivered,Cash on Delivery,Paid,INR,Hyderabad,Telangana,Hyderabad,Telangana,500081,FC-CHE-01,Standard,2025-03-13,2025-03-14,1,1,15585.48,0.00,2805.39,0.00,18390.87,,Y,,2025-03-12 09:18:39
502160,ORD502160,101095,2025-03-08,2025-03-08 15:07:29,Mobile App,Delivered,Debit Card,Paid,INR,Mumbai,Maharashtra,Mumbai,Maharashtra,400076,FC-CHE-01,Standard,2025-03-13,2025-03-14,1,2,5808.86,1161.77,557.65,0.00,5204.74,APP20,Y,,2025-03-15 23:56:29
502290,ORD502290,101031,2025-03-08,2025-03-08 18:49:16,Store Assisted,Delivered,Cash on Delivery,Paid,INR,Chennai,Tamil Nadu,Chennai,Tamil Nadu,600042,FC-HYD-01,Standard,2025-03-13,2025-03-13,1,3,387.21,0.00,108.42,90.00,585.63,,N,,2025-03-09 20:19:16
500426,ORD500426,100777,2025-03-09,2025-03-09 08:31:09,Marketplace,Delivered,UPI,Paid,INR,Delhi,Delhi,Delhi,Delhi,110017,FC-MUM-01,Same Day,2025-03-09,2025-03-10,4,10,60519.81,12103.96,7696.70,0.00,56112.55,APP20,Y,,2025-03-09 11:31:09
500538,ORD500538,101696,2025-03-09,2025-03-09 10:43:13,Store Assisted,Delivered,Net Banking,Paid,INR,Warangal,Telangana,Warangal,Telangana,506002,FC-DEL-01,Standard,2025-03-14,2025-03-15,2,5,6599.51,0.00,864.97,0.00,7464.48,,Y,,2025-03-13 18:40:13
501042,ORD501042,100672,2025-03-09,2025-03-09 12:33:54,Mobile App,Delivered,Cash on Delivery,Paid,INR,Hyderabad,Telangana,Hyderabad,Telangana,500081,FC-MUM-01,Express,2025-03-12,2025-03-12,2,7,51600.04,7740.01,5263.20,0.00,49123.23,FESTIVE15,N,,2025-03-15 12:47:54
501549,ORD501549,101015,2025-03-10,2025-03-10 05:12:10,Website,Delivered,Net Banking,Paid,INR,Visakhapatnam,Andhra Pradesh,Visakhapatnam,Andhra Pradesh,530017,FC-BLR-01,Express,2025-03-13,2025-03-13,5,9,73430.65,0.00,6769.70,0.00,80200.35,,Y,,2025-03-15 11:49:10
502383,ORD502383,100139,2025-03-10,2025-03-10 11:00:35,Mobile App,Delivered,UPI,Paid,INR,Bengaluru,Karnataka,Vijayawada,Andhra Pradesh,520010,FC-HYD-01,Standard,2025-03-15,2025-03-15,1,3,84652.74,4232.64,22517.63,0.00,102937.73,SAVE5,Y,,2025-03-15 15:22:35
501061,ORD501061,102209,2025-03-10,2025-03-10 13:20:17,Marketplace,Returned,Wallet,Partially Refunded,INR,Secunderabad,Telangana,Secunderabad,Telangana,500003,FC-BLR-01,Same Day,2025-03-10,2025-03-10,5,11,31148.76,6229.75,5027.49,0.00,29946.50,APP20,Y,,2025-03-10 17:50:17
502084,ORD502084,101475,2025-03-10,2025-03-10 17:58:52,Marketplace,Delivered,Debit Card,Paid,INR,Bengaluru,Karnataka,Bengaluru,Karnataka,560037,FC-CHE-01,Standard,2025-03-15,2025-03-14,4,10,123508.26,0.00,26712.53,0.00,150220.79,,N,,2025-03-12 18:20:52
501219,ORD501219,101774,2025-03-11,2025-03-11 11:17:05,Website,Delivered,UPI,Pending,INR,Vijayawada,Andhra Pradesh,Warangal,Telangana,506002,FC-MUM-01,Standard,2025-03-16,2025-03-17,4,9,13120.09,656.00,3102.55,0.00,15566.64,SAVE5,Y,,2025-03-18 17:42:05
502331,ORD502331,100043,2025-03-11,2025-03-11 13:17:26,Marketplace,Delivered,UPI,Paid,INR,Vijayawada,Andhra Pradesh,Pune,Maharashtra,411014,FC-HYD-01,Same Day,2025-03-11,2025-03-12,2,5,10380.59,1038.06,432.34,0.00,9774.87,WELCOME10,N,,2025-03-15 21:36:26
501378,ORD501378,100089,2025-03-11,2025-03-11 21:45:25,Marketplace,Delivered,Debit Card,Paid,INR,Pune,Maharashtra,Pune,Maharashtra,411014,FC-DEL-01,Standard,2025-03-16,2025-03-16,4,11,67937.22,13587.44,14680.77,0.00,69030.55,APP20,Y,,2025-03-12 03:36:25
502277,ORD502277,100357,2025-03-12,2025-03-12 23:22:04,Mobile App,Delivered,Credit Card,Paid,INR,Secunderabad,Telangana,Secunderabad,Telangana,500003,FC-BLR-01,Express,2025-03-15,2025-03-17,2,4,4377.25,218.86,1164.35,0.00,5322.74,SAVE5,N,,2025-03-21 00:11:04
500267,ORD500267,101667,2025-03-13,2025-03-13 00:13:32,Mobile App,Delivered,Net Banking,Paid,INR,Visakhapatnam,Andhra Pradesh,Visakhapatnam,Andhra Pradesh,530017,FC-BLR-01,Standard,2025-03-18,2025-03-17,1,1,778.76,77.88,35.04,75.00,810.92,WELCOME10,N,,2025-03-20 01:27:32
501554,ORD501554,101412,2025-03-13,2025-03-13 05:42:01,Mobile App,Delivered,Debit Card,Paid,INR,Vijayawada,Andhra Pradesh,Vijayawada,Andhra Pradesh,520010,FC-MUM-01,Standard,2025-03-18,2025-03-19,2,4,6370.20,637.02,1031.97,0.00,6765.15,LOYALTY10,N,,2025-03-21 09:18:01
500328,ORD500328,101474,2025-03-13,2025-03-13 07:21:54,Marketplace,Delivered,Cash on Delivery,Paid,INR,Mumbai,Maharashtra,Chennai,Tamil Nadu,600042,FC-HYD-01,Standard,2025-03-18,2025-03-17,4,9,71160.85,0.00,9352.85,0.00,80513.70,,N,,2025-03-14 11:37:54
500839,ORD500839,101062,2025-03-13,2025-03-13 13:55:32,Store Assisted,Delivered,Wallet,Paid,INR,Vijayawada,Andhra Pradesh,Vijayawada,Andhra Pradesh,520010,FC-BLR-01,Express,2025-03-16,2025-03-18,4,10,64591.11,0.00,3633.43,0.00,68224.54,,N,,2025-03-15 22:01:32
500537,ORD500537,102277,2025-03-13,2025-03-13 14:46:00,Marketplace,Cancelled,UPI,Failed,INR,Hyderabad,Telangana,Hyderabad,Telangana,500081,FC-HYD-01,Standard,2025-03-18,,1,4,4382.72,0.00,1227.16,0.00,5609.88,,Y,Customer Request,2025-03-18 18:56:00
500913,ORD500913,101539,2025-03-13,2025-03-13 21:53:04,Mobile App,Delivered,UPI,Paid,INR,Pune,Maharashtra,Pune,Maharashtra,411014,FC-BLR-01,Standard,2025-03-18,2025-03-19,3,9,156770.30,7838.52,27600.06,0.00,176531.84,SAVE5,N,,2025-03-15 06:50:04
501018,ORD501018,100357,2025-03-14,2025-03-14 00:28:23,Store Assisted,Returned,Net Banking,Refunded,INR,Secunderabad,Telangana,Secunderabad,Telangana,500003,FC-CHE-01,Standard,2025-03-19,2025-03-20,5,11,125865.49,0.00,25928.65,0.00,151794.14,,Y,,2025-03-20 08:49:23
500639,ORD500639,100922,2025-03-14,2025-03-14 04:36:32,Store Assisted,Delivered,Debit Card,Paid,INR,Delhi,Delhi,Delhi,Delhi,110017,FC-HYD-01,Standard,2025-03-19,2025-03-18,3,9,8483.67,848.37,1609.37,0.00,9244.67,LOYALTY10,N,,2025-03-22 08:24:32
500876,ORD500876,101084,2025-03-14,2025-03-14 06:00:35,Mobile App,Delivered,UPI,Paid,INR,Pune,Maharashtra,Pune,Maharashtra,411014,FC-HYD-01,Standard,2025-03-19,2025-03-19,4,7,54006.27,0.00,6958.64,0.00,60964.91,,N,,2025-03-19 08:08:35
501720,ORD501720,101814,2025-03-14,2025-03-14 06:49:30,Marketplace,Cancelled,Cash on Delivery,Refunded,INR,Warangal,Telangana,Warangal,Telangana,506002,FC-BLR-01,Standard,2025-03-19,,3,3,2700.77,270.08,275.91,0.00,2706.60,WELCOME10,N,Address Issue,2025-03-20 13:51:30
500868,ORD500868,100101,2025-03-14,2025-03-14 08:41:00,Mobile App,Delivered,Credit Card,Paid,INR,Delhi,Delhi,Delhi,Delhi,110017,FC-BLR-01,Standard,2025-03-19,2025-03-20,1,4,7940.68,0.00,0.00,0.00,7940.68,,N,,2025-03-18 14:08:00
500042,ORD500042,100864,2025-03-14,2025-03-14 21:31:30,Store Assisted,Delivered,Wallet,Paid,INR,Secunderabad,Telangana,Secunderabad,Telangana,500003,FC-BLR-01,Standard,2025-03-19,2025-03-18,4,11,14596.46,0.00,1302.35,0.00,15898.81,,Y,,2025-03-19 06:26:30
502298,ORD502298,100086,2025-03-15,2025-03-15 12:24:43,Store Assisted,Delivered,Wallet,Paid,INR,Chennai,Tamil Nadu,Chennai,Tamil Nadu,600042,FC-BLR-01,Standard,2025-03-20,2025-03-20,2,6,6745.24,674.52,0.00,0.00,6070.72,LOYALTY10,Y,,2025-03-23 17:20:43
501499,ORD501499,101013,2025-03-15,2025-03-15 13:59:39,Store Assisted,Delivered,Debit Card,Paid,INR,Visakhapatnam,Andhra Pradesh,Visakhapatnam,Andhra Pradesh,530017,FC-MUM-01,Standard,2025-03-20,2025-03-21,5,13,36050.91,0.00,7614.26,0.00,43665.17,,Y,,2025-03-23 14:43:39
500831,ORD500831,101552,2025-03-15,2025-03-15 15:53:40,Marketplace,Delivered,UPI,Paid,INR,Vijayawada,Andhra Pradesh,Pune,Maharashtra,411014,FC-BLR-01,Standard,2025-03-20,2025-03-21,3,10,69322.40,0.00,9207.64,0.00,78530.04,,N,,2025-03-16 16:28:40
501267,ORD501267,101159,2025-03-15,2025-03-15 21:48:31,Store Assisted,Delivered,Cash on Delivery,Paid,INR,Hyderabad,Telangana,Hyderabad,Telangana,500081,FC-DEL-01,Standard,2025-03-20,2025-03-22,3,9,93065.66,4653.28,4547.31,0.00,92959.69,SAVE5,Y,,2025-03-20 22:32:31
501448,ORD501448,100282,2025-03-16,2025-03-16 02:39:25,Mobile App,Delivered,Wallet,Paid,INR,Bengaluru,Karnataka,Bengaluru,Karnataka,560037,FC-MUM-01,Express,2025-03-19,2025-03-19,3,9,19997.16,0.00,2862.32,0.00,22859.48,,N,,2025-03-17 11:14:25
500867,ORD500867,101864,2025-03-18,2025-03-18 01:24:41,Store Assisted,Delivered,Cash on Delivery,Paid,INR,Mumbai,Maharashtra,Mumbai,Maharashtra,400076,FC-CHE-01,Standard,2025-03-23,2025-03-22,2,8,42224.84,0.00,5277.36,0.00,47502.20,,N,,2025-03-26 01:57:41
502002,ORD502002,101228,2025-03-18,2025-03-18 05:31:53,Marketplace,Cancelled,Credit Card,Failed,INR,Vijayawada,Andhra Pradesh,Vijayawada,Andhra Pradesh,520010,FC-DEL-01,Standard,2025-03-23,,3,5,7331.16,1099.67,1086.89,0.00,7318.38,FESTIVE15,N,Payment Failure,2025-03-23 11:17:53
500031,ORD500031,101081,2025-03-18,2025-03-18 06:44:27,Store Assisted,Returned,Net Banking,Refunded,INR,Vijayawada,Andhra Pradesh,Vijayawada,Andhra Pradesh,520010,FC-MUM-01,Express,2025-03-21,2025-03-21,5,13,155234.11,15523.41,12262.64,0.00,151973.34,LOYALTY10,N,,2025-03-18 12:08:27
501176,ORD501176,100207,2025-03-18,2025-03-18 08:26:51,Store Assisted,Delivered,Wallet,Paid,INR,Hyderabad,Telangana,Hyderabad,Telangana,500081,FC-HYD-01,Standard,2025-03-23,2025-03-23,4,14,162332.75,0.00,24186.12,0.00,186518.87,,N,,2025-03-19 09:18:51
502341,ORD502341,101447,2025-03-18,2025-03-18 10:48:12,Store Assisted,Returned,Cash on Delivery,Refunded,INR,Vijayawada,Andhra Pradesh,Vijayawada,Andhra Pradesh,520010,FC-DEL-01,Express,2025-03-21,2025-03-23,3,10,65869.76,3293.49,4054.37,0.00,66630.64,SAVE5,N,,2025-03-20 13:52:12
501094,ORD501094,101424,2025-03-19,2025-03-19 06:21:34,Mobile App,Delivered,Credit Card,Paid,INR,Hyderabad,Telangana,Chennai,Tamil Nadu,600042,FC-CHE-01,Standard,2025-03-24,2025-03-23,3,5,13472.15,1347.21,2022.14,0.00,14147.08,LOYALTY10,N,,2025-03-27 08:06:34
501756,ORD501756,101956,2025-03-19,2025-03-19 09:26:33,Website,Returned,Cash on Delivery,Refunded,INR,Chennai,Tamil Nadu,Chennai,Tamil Nadu,600042,FC-BLR-01,Standard,2025-03-24,2025-03-25,1,4,16974.64,2546.20,4039.96,0.00,18468.40,FESTIVE15,N,,2025-03-27 09:57:33
501260,ORD501260,102161,2025-03-19,2025-03-19 21:27:36,Marketplace,Returned,Debit Card,Refunded,INR,Chennai,Tamil Nadu,Chennai,Tamil Nadu,600042,FC-BLR-01,Standard,2025-03-24,2025-03-25,2,5,8779.07,1755.81,1207.16,0.00,8230.42,APP20,N,,2025-03-27 01:48:36
501684,ORD501684,101883,2025-03-20,2025-03-20 00:52:47,Mobile App,Delivered,UPI,Paid,INR,Warangal,Telangana,Warangal,Telangana,506002,FC-MUM-01,Standard,2025-03-25,2025-03-25,4,10,36390.53,0.00,5335.19,0.00,41725.72,,N,,2025-03-24 02:49:47
502396,ORD502396,100566,2025-03-20,2025-03-20 06:52:53,Store Assisted,Delivered,Cash on Delivery,Paid,INR,Warangal,Telangana,Warangal,Telangana,506002,FC-MUM-01,Standard,2025-03-25,2025-03-26,3,9,72425.98,10863.90,16662.93,0.00,78225.01,FESTIVE15,Y,,2025-03-25 14:21:53
500515,ORD500515,100132,2025-03-20,2025-03-20 22:07:22,Mobile App,Shipped,Credit Card,Paid,INR,Visakhapatnam,Andhra Pradesh,Visakhapatnam,Andhra Pradesh,530017,FC-BLR-01,Standard,2025-03-25,,5,12,201863.59,30279.54,23849.72,0.00,195433.77,FESTIVE15,N,,2025-03-28 01:07:22
502113,ORD502113,100568,2025-03-21,2025-03-21 10:47:05,Website,Delivered,UPI,Paid,INR,Visakhapatnam,Andhra Pradesh,Visakhapatnam,Andhra Pradesh,530017,FC-BLR-01,Standard,2025-03-26,2025-03-27,2,5,138124.21,13812.42,14897.04,0.00,139208.83,LOYALTY10,N,,2025-03-29 15:45:05
501351,ORD501351,100414,2025-03-21,2025-03-21 14:57:36,Marketplace,Delivered,Net Banking,Paid,INR,Mumbai,Maharashtra,Mumbai,Maharashtra,400076,FC-DEL-01,Express,2025-03-24,2025-03-24,5,14,254363.12,0.00,34713.11,0.00,289076.23,,Y,,2025-03-28 22:43:36
500561,ORD500561,100340,2025-03-21,2025-03-21 18:34:40,Mobile App,Shipped,Cash on Delivery,Pending,INR,Delhi,Delhi,Delhi,Delhi,110017,FC-MUM-01,Standard,2025-03-26,,4,9,46080.64,4608.06,8752.73,0.00,50225.31,LOYALTY10,Y,,2025-03-21 21:14:40
500001,ORD500001,101480,2025-03-21,2025-03-21 19:21:23,Store Assisted,Delivered,Net Banking,Paid,INR,Hyderabad,Telangana,Bengaluru,Karnataka,560037,FC-HYD-01,Standard,2025-03-26,2025-03-25,2,5,5135.97,0.00,256.80,0.00,5392.77,,N,,2025-03-28 01:20:23
501017,ORD501017,100836,2025-03-21,2025-03-21 22:55:13,Marketplace,Delivered,Debit Card,Paid,INR,Secunderabad,Telangana,Pune,Maharashtra,411014,FC-MUM-01,Standard,2025-03-26,2025-03-27,2,7,12715.18,635.76,1723.60,0.00,13803.02,SAVE5,Y,,2025-03-26 03:17:13
502234,ORD502234,101290,2025-03-22,2025-03-22 05:42:08,Store Assisted,Returned,Debit Card,Partially Refunded,INR,Hyderabad,Telangana,Hyderabad,Telangana,500081,FC-DEL-01,Standard,2025-03-27,2025-03-29,5,15,108688.14,0.00,4183.94,0.00,112872.08,,N,,2025-03-24 05:44:08
501254,ORD501254,101210,2025-03-22,2025-03-22 18:24:20,Store Assisted,Delivered,UPI,Paid,INR,Hyderabad,Telangana,Hyderabad,Telangana,500081,FC-DEL-01,Standard,2025-03-27,2025-03-27,5,14,36449.58,3644.96,7951.78,0.00,40756.40,LOYALTY10,Y,,2025-03-29 01:57:20
502395,ORD502395,100198,2025-03-22,2025-03-22 20:56:48,Website,Delivered,Cash on Delivery,Paid,INR,Secunderabad,Telangana,Secunderabad,Telangana,500003,FC-BLR-01,Standard,2025-03-27,2025-03-27,2,6,38727.90,1936.39,10301.62,0.00,47093.13,SAVE5,N,,2025-03-23 20:56:48
500684,ORD500684,100994,2025-03-23,2025-03-23 05:10:43,Website,Delivered,Net Banking,Paid,INR,Warangal,Telangana,Warangal,Telangana,506002,FC-BLR-01,Express,2025-03-26,2025-03-26,1,4,9057.64,1358.65,1385.82,0.00,9084.81,FESTIVE15,Y,,2025-03-23 13:32:43
500215,ORD500215,102133,2025-03-23,2025-03-23 21:07:47,Website,Delivered,Debit Card,Paid,INR,Mumbai,Maharashtra,Mumbai,Maharashtra,400076,FC-DEL-01,Standard,2025-03-28,2025-03-29,3,7,9882.93,988.29,640.46,0.00,9535.10,WELCOME10,Y,,2025-03-24 21:27:47
501120,ORD501120,100514,2025-03-24,2025-03-24 01:20:01,Website,Delivered,Credit Card,Paid,INR,Delhi,Delhi,Delhi,Delhi,110017,FC-MUM-01,Standard,2025-03-29,2025-03-29,5,8,119999.02,0.00,5297.41,0.00,125296.43,,Y,,2025-03-25 04:50:01
502329,ORD502329,100029,2025-03-24,2025-03-24 02:12:38,Website,Delivered,Cash on Delivery,Paid,INR,Bengaluru,Karnataka,Bengaluru,Karnataka,560037,FC-HYD-01,Standard,2025-03-29,2025-03-31,5,10,20471.89,0.00,2119.19,0.00,22591.08,,N,,2025-03-29 08:01:38
501072,ORD501072,101519,2025-03-24,2025-03-24 02:52:21,Mobile App,Delivered,Debit Card,Paid,INR,Vijayawada,Andhra Pradesh,Vijayawada,Andhra Pradesh,520010,FC-MUM-01,Standard,2025-03-29,2025-03-29,3,7,46740.55,0.00,9787.66,0.00,56528.21,,Y,,2025-03-31 02:58:21
500672,ORD500672,101351,2025-03-25,2025-03-25 02:10:02,Mobile App,Delivered,Cash on Delivery,Paid,INR,Delhi,Delhi,Visakhapatnam,Andhra Pradesh,530017,FC-BLR-01,Express,2025-03-28,2025-03-29,1,3,2945.37,589.07,282.76,0.00,2639.06,APP20,N,,2025-03-27 03:53:02
500764,ORD500764,101643,2025-03-25,2025-03-25 02:13:00,Website,Shipped,Wallet,Paid,INR,Pune,Maharashtra,Pune,Maharashtra,411014,FC-MUM-01,Standard,2025-03-30,,1,3,3009.12,150.46,0.00,0.00,2858.66,SAVE5,Y,,2025-03-26 07:37:00
500156,ORD500156,100908,2025-03-25,2025-03-25 10:16:52,Mobile App,Delivered,UPI,Paid,INR,Secunderabad,Telangana,Secunderabad,Telangana,500003,FC-CHE-01,Standard,2025-03-30,2025-03-31,4,13,87583.52,0.00,6904.38,0.00,94487.90,,N,,2025-03-29 17:13:52
500378,ORD500378,101951,2025-03-26,2025-03-26 08:38:04,Website,Delivered,UPI,Paid,INR,Hyderabad,Telangana,Hyderabad,Telangana,500081,FC-BLR-01,Express,2025-03-29,2025-03-29,2,7,116310.95,5815.55,9954.95,0.00,120450.35,SAVE5,N,,2025-03-31 14:45:04
501988,ORD501988,100480,2025-03-26,2025-03-26 14:13:22,Mobile App,Delivered,Cash on Delivery,Paid,INR,Bengaluru,Karnataka,Vijayawada,Andhra Pradesh,520010,FC-HYD-01,Express,2025-03-29,2025-03-30,1,1,11786.95,0.00,2121.65,0.00,13908.60,,N,,2025-04-02 22:17:22
501896,ORD501896,101093,2025-03-26,2025-03-26 17:19:14,Mobile App,Delivered,Cash on Delivery,Paid,INR,Bengaluru,Karnataka,Bengaluru,Karnataka,560037,FC-HYD-01,Standard,2025-03-31,2025-04-01,3,10,75865.80,3793.29,9122.17,0.00,81194.68,SAVE5,Y,,2025-03-29 00:16:14
501676,ORD501676,100214,2025-03-26,2025-03-26 20:39:50,Store Assisted,Returned,Net Banking,Refunded,INR,Secunderabad,Telangana,Secunderabad,Telangana,500003,FC-DEL-01,Standard,2025-03-31,2025-04-02,2,6,55895.78,0.00,9716.50,0.00,65612.28,,N,,2025-04-03 03:59:50
501481,ORD501481,100747,2025-03-27,2025-03-27 04:58:59,Store Assisted,Delivered,Credit Card,Paid,INR,Visakhapatnam,Andhra Pradesh,Visakhapatnam,Andhra Pradesh,530017,FC-MUM-01,Standard,2025-04-01,2025-04-02,2,5,6240.39,624.04,832.53,0.00,6448.88,LOYALTY10,N,,2025-04-01 13:23:59
500373,ORD500373,101605,2025-03-27,2025-03-27 19:07:12,Website,Cancelled,Credit Card,Failed,INR,Delhi,Delhi,Delhi,Delhi,110017,FC-HYD-01,Standard,2025-04-01,,1,2,1753.16,87.66,299.79,0.00,1965.29,SAVE5,N,Address Issue,2025-03-28 20:53:12
500783,ORD500783,100880,2025-03-27,2025-03-27 22:24:12,Mobile App,Cancelled,Net Banking,Failed,INR,Bengaluru,Karnataka,Vijayawada,Andhra Pradesh,520010,FC-CHE-01,Same Day,2025-03-27,,4,14,14514.28,2902.86,1004.24,0.00,12615.66,APP20,N,Duplicate Order,2025-03-30 02:36:12
502260,ORD502260,101829,2025-03-28,2025-03-28 00:33:31,Website,Cancelled,Credit Card,Failed,INR,Visakhapatnam,Andhra Pradesh,Visakhapatnam,Andhra Pradesh,530017,FC-CHE-01,Standard,2025-04-02,,3,8,28802.46,0.00,2961.08,0.00,31763.54,,Y,Payment Failure,2025-04-03 01:25:31
501556,ORD501556,101472,2025-03-28,2025-03-28 05:43:56,Marketplace,Returned,Cash on Delivery,Partially Refunded,INR,Mumbai,Maharashtra,Mumbai,Maharashtra,400076,FC-HYD-01,Standard,2025-04-02,2025-04-01,2,4,35374.08,0.00,8290.45,0.00,43664.53,,Y,,2025-04-05 14:35:56
500777,ORD500777,102002,2025-03-28,2025-03-28 09:39:07,Mobile App,Delivered,Wallet,Paid,INR,Visakhapatnam,Andhra Pradesh,Visakhapatnam,Andhra Pradesh,530017,FC-CHE-01,Standard,2025-04-02,2025-04-03,1,3,64949.58,6494.96,0.00,0.00,58454.62,LOYALTY10,Y,,2025-04-02 13:48:07
500678,ORD500678,101860,2025-03-28,2025-03-28 13:50:57,Marketplace,Delivered,Net Banking,Paid,INR,Visakhapatnam,Andhra Pradesh,Visakhapatnam,Andhra Pradesh,530017,FC-BLR-01,Express,2025-03-31,2025-03-31,2,4,3410.02,682.00,0.00,0.00,2728.02,APP20,N,,2025-03-29 20:43:57
500766,ORD500766,101019,2025-03-28,2025-03-28 17:09:00,Store Assisted,Delivered,Wallet,Paid,INR,Pune,Maharashtra,Chennai,Tamil Nadu,600042,FC-DEL-01,Standard,2025-04-02,2025-04-04,1,4,21602.88,3240.43,3305.24,0.00,21667.69,FESTIVE15,Y,,2025-04-02 21:37:00
500408,ORD500408,102267,2025-03-28,2025-03-28 21:25:23,Mobile App,Cancelled,UPI,Voided,INR,Visakhapatnam,Andhra Pradesh,Visakhapatnam,Andhra Pradesh,530017,FC-HYD-01,Standard,2025-04-02,,3,9,47758.42,0.00,9279.32,0.00,57037.74,,N,Inventory Unavailable,2025-03-31 04:03:23
500087,ORD500087,101302,2025-03-29,2025-03-29 01:37:35,Marketplace,Delivered,UPI,Paid,INR,Visakhapatnam,Andhra Pradesh,Pune,Maharashtra,411014,FC-MUM-01,Standard,2025-04-03,2025-04-04,1,4,2361.44,0.00,425.06,0.00,2786.50,,N,,2025-04-01 10:26:35
500547,ORD500547,102046,2025-03-29,2025-03-29 08:02:17,Mobile App,Delivered,Net Banking,Paid,INR,Warangal,Telangana,Secunderabad,Telangana,500003,FC-CHE-01,Standard,2025-04-03,2025-04-05,1,4,8245.16,1649.03,1846.92,0.00,8443.05,APP20,N,,2025-04-03 10:54:17
500534,ORD500534,101455,2025-03-29,2025-03-29 14:55:57,Store Assisted,Delivered,Debit Card,Paid,INR,Warangal,Telangana,Warangal,Telangana,506002,FC-DEL-01,Standard,2025-04-03,2025-04-03,3,5,11642.11,1164.21,1337.35,0.00,11815.25,LOYALTY10,N,,2025-04-01 17:27:57
500888,ORD500888,100344,2025-03-29,2025-03-29 17:47:27,Website,Delivered,Credit Card,Paid,INR,Chennai,Tamil Nadu,Secunderabad,Telangana,500003,FC-HYD-01,Standard,2025-04-03,2025-04-03,3,10,154594.75,30918.95,21673.66,0.00,145349.46,APP20,N,,2025-03-30 21:00:27
502149,ORD502149,100217,2025-03-29,2025-03-29 18:30:36,Store Assisted,Delivered,Cash on Delivery,Paid,INR,Vijayawada,Andhra Pradesh,Vijayawada,Andhra Pradesh,520010,FC-DEL-01,Standard,2025-04-03,2025-04-04,2,7,14366.76,2155.01,0.00,0.00,12211.75,FESTIVE15,N,,2025-03-31 23:52:36
500353,ORD500353,101983,2025-03-29,2025-03-29 20:15:02,Store Assisted,Delivered,UPI,Paid,INR,Delhi,Delhi,Delhi,Delhi,110017,FC-DEL-01,Standard,2025-04-03,2025-04-03,4,10,24590.25,4918.05,469.99,0.00,20142.19,APP20,Y,,2025-04-06 21:50:02
501428,ORD501428,101062,2025-03-29,2025-03-29 20:48:57,Mobile App,Delivered,Net Banking,Paid,INR,Vijayawada,Andhra Pradesh,Vijayawada,Andhra Pradesh,520010,FC-MUM-01,Standard,2025-04-03,2025-04-03,4,10,15000.49,2250.07,396.55,0.00,13146.97,FESTIVE15,N,,2025-04-04 00:46:57
500395,ORD500395,101273,2025-03-29,2025-03-29 22:07:51,Website,Delivered,Net Banking,Paid,INR,Secunderabad,Telangana,Secunderabad,Telangana,500003,FC-BLR-01,Express,2025-04-01,2025-04-03,1,4,2909.88,581.98,0.00,0.00,2327.90,APP20,Y,,2025-04-07 02:59:51
501276,ORD501276,100039,2025-03-29,2025-03-29 22:47:49,Store Assisted,Delivered,Net Banking,Paid,INR,Bengaluru,Karnataka,Bengaluru,Karnataka,560037,FC-MUM-01,Standard,2025-04-03,2025-04-05,1,2,4120.72,0.00,206.04,0.00,4326.76,,N,,2025-03-30 00:23:49
500503,ORD500503,101484,2025-03-30,2025-03-30 03:16:55,Store Assisted,Delivered,Net Banking,Paid,INR,Pune,Maharashtra,Chennai,Tamil Nadu,600042,FC-BLR-01,Standard,2025-04-04,2025-04-03,3,8,55286.06,0.00,1227.16,0.00,56513.22,,N,,2025-03-31 08:21:55
502178,ORD502178,100348,2025-03-30,2025-03-30 16:16:31,Mobile App,Cancelled,Credit Card,Failed,INR,Pune,Maharashtra,Pune,Maharashtra,411014,FC-MUM-01,Standard,2025-04-04,,4,10,89282.53,17856.51,16062.60,0.00,87488.62,APP20,N,Payment Failure,2025-04-07 18:43:31
500333,ORD500333,101818,2025-03-30,2025-03-30 22:37:45,Mobile App,Delivered,UPI,Paid,INR,Mumbai,Maharashtra,Mumbai,Maharashtra,400076,FC-DEL-01,Standard,2025-04-04,2025-04-03,4,6,2889.56,288.96,554.49,0.00,3155.09,LOYALTY10,N,,2025-04-01 03:23:45
500613,ORD500613,101980,2025-03-31,2025-03-31 01:05:30,Marketplace,Delivered,Debit Card,Paid,INR,Vijayawada,Andhra Pradesh,Vijayawada,Andhra Pradesh,520010,FC-MUM-01,Express,2025-04-03,2025-04-03,1,4,11617.72,0.00,1394.13,0.00,13011.85,,N,,2025-04-03 06:27:30
501052,ORD501052,100163,2025-03-31,2025-03-31 16:07:43,Website,Delivered,Debit Card,Paid,INR,Chennai,Tamil Nadu,Chennai,Tamil Nadu,600042,FC-CHE-01,Standard,2025-04-05,2025-04-05,4,9,100761.27,0.00,10759.69,0.00,111520.96,,N,,2025-04-05 17:06:43
500857,ORD500857,100751,2025-03-31,2025-03-31 23:48:02,Mobile App,Returned,Credit Card,Refunded,INR,Secunderabad,Telangana,Vijayawada,Andhra Pradesh,520010,FC-CHE-01,Express,2025-04-03,2025-04-03,4,10,42976.70,4297.67,6418.33,0.00,45097.36,LOYALTY10,N,,2025-04-08 01:47:02
501348,ORD501348,100072,2025-04-01,2025-04-01 00:49:48,Store Assisted,Cancelled,Credit Card,Refunded,INR,Chennai,Tamil Nadu,Secunderabad,Telangana,500003,FC-BLR-01,Express,2025-04-04,,2,5,10704.37,1605.66,1546.27,0.00,10644.98,FESTIVE15,N,Address Issue,2025-04-08 09:45:48
501808,ORD501808,102207,2025-04-01,2025-04-01 03:52:48,Store Assisted,Shipped,Net Banking,Paid,INR,Warangal,Telangana,Warangal,Telangana,506002,FC-MUM-01,Standard,2025-04-06,,4,13,113665.50,22733.10,14419.86,0.00,105352.26,APP20,N,,2025-04-05 03:57:48
501263,ORD501263,101040,2025-04-01,2025-04-01 04:42:14,Mobile App,Delivered,Credit Card,Paid,INR,Chennai,Tamil Nadu,Chennai,Tamil Nadu,600042,FC-DEL-01,Same Day,2025-04-01,2025-03-31,2,6,10988.96,0.00,2135.93,0.00,13124.89,,N,,2025-04-09 10:40:14
501302,ORD501302,100887,2025-04-01,2025-04-01 08:16:16,Website,Delivered,Net Banking,Paid,INR,Hyderabad,Telangana,Chennai,Tamil Nadu,600042,FC-DEL-01,Standard,2025-04-06,2025-04-05,5,12,81837.13,16367.43,17507.66,0.00,82977.36,APP20,N,,2025-04-05 09:46:16
501529,ORD501529,100807,2025-04-01,2025-04-01 08:59:23,Store Assisted,Delivered,Wallet,Paid,INR,Delhi,Delhi,Delhi,Delhi,110017,FC-CHE-01,Standard,2025-04-06,2025-04-08,1,4,4279.40,213.97,203.27,0.00,4268.70,SAVE5,N,,2025-04-08 15:08:23
500442,ORD500442,100139,2025-04-01,2025-04-01 12:40:41,Marketplace,Shipped,Debit Card,Paid,INR,Bengaluru,Karnataka,Secunderabad,Telangana,500003,FC-MUM-01,Standard,2025-04-06,,2,3,71814.24,14362.85,10158.76,0.00,67610.15,APP20,Y,,2025-04-08 19:13:41
500981,ORD500981,101895,2025-04-01,2025-04-01 13:39:40,Website,Cancelled,Wallet,Failed,INR,Secunderabad,Telangana,Pune,Maharashtra,411014,FC-MUM-01,Standard,2025-04-06,,4,9,48412.48,0.00,12609.24,0.00,61021.72,,N,Customer Request,2025-04-04 22:28:40
501459,ORD501459,102080,2025-04-01,2025-04-01 17:08:36,Marketplace,Shipped,UPI,Paid,INR,Warangal,Telangana,Warangal,Telangana,506002,FC-DEL-01,Standard,2025-04-06,,2,3,5217.95,521.79,845.31,0.00,5541.47,LOYALTY10,N,,2025-04-04 17:57:36
501848,ORD501848,101712,2025-04-01,2025-04-01 18:36:30,Marketplace,Cancelled,Debit Card,Voided,INR,Secunderabad,Telangana,Secunderabad,Telangana,500003,FC-BLR-01,Standard,2025-04-06,,3,7,59583.25,5958.32,7731.84,0.00,61356.77,LOYALTY10,N,Address Issue,2025-04-07 01:14:30
502319,ORD502319,101411,2025-04-01,2025-04-01 21:38:52,Marketplace,Delivered,UPI,Paid,INR,Chennai,Tamil Nadu,Chennai,Tamil Nadu,600042,FC-CHE-01,Standard,2025-04-06,2025-04-07,3,5,8452.17,1690.43,823.90,0.00,7585.64,APP20,Y,,2025-04-02 21:38:52
501984,ORD501984,101801,2025-04-01,2025-04-01 22:06:30,Marketplace,Delivered,Debit Card,Paid,INR,Delhi,Delhi,Delhi,Delhi,110017,FC-CHE-01,Standard,2025-04-06,2025-04-06,4,13,134189.24,0.00,16173.32,0.00,150362.56,,Y,,2025-04-09 02:35:30
500627,ORD500627,100570,2025-04-02,2025-04-02 04:13:38,Marketplace,Delivered,Credit Card,Paid,INR,Warangal,Telangana,Warangal,Telangana,506002,FC-CHE-01,Standard,2025-04-07,2025-04-09,4,9,111937.48,5596.87,15.94,0.00,106356.55,SAVE5,N,,2025-04-04 07:16:38
500644,ORD500644,101105,2025-04-03,2025-04-03 02:06:40,Marketplace,Delivered,UPI,Paid,INR,Hyderabad,Telangana,Hyderabad,Telangana,500081,FC-MUM-01,Standard,2025-04-08,2025-04-10,5,12,24045.30,4809.06,3576.45,0.00,22812.69,APP20,N,,2025-04-09 10:19:40
500224,ORD500224,101185,2025-04-03,2025-04-03 06:31:30,Marketplace,Cancelled,Net Banking,Refunded,INR,Delhi,Delhi,Delhi,Delhi,110017,FC-DEL-01,Express,2025-04-06,,1,1,16563.89,0.00,828.19,0.00,17392.08,,Y,Payment Failure,2025-04-11 11:13:30
500274,ORD500274,100063,2025-04-03,2025-04-03 09:00:28,Mobile App,Delivered,Debit Card,Paid,INR,Secunderabad,Telangana,Secunderabad,Telangana,500003,FC-BLR-01,Express,2025-04-06,2025-04-06,2,4,55053.32,5505.33,5945.76,0.00,55493.75,WELCOME10,N,,2025-04-07 13:19:28
502199,ORD502199,100980,2025-04-03,2025-04-03 09:13:08,Store Assisted,Delivered,Credit Card,Pending,INR,Hyderabad,Telangana,Hyderabad,Telangana,500081,FC-DEL-01,Standard,2025-04-08,2025-04-10,5,8,54334.30,10866.86,5934.77,0.00,49402.21,APP20,Y,,2025-04-05 09:43:08
500305,ORD500305,101502,2025-04-03,2025-04-03 15:45:33,Marketplace,Delivered,Wallet,Pending,INR,Mumbai,Maharashtra,Mumbai,Maharashtra,400076,FC-BLR-01,Standard,2025-04-08,2025-04-09,1,3,82162.95,8216.30,0.00,0.00,73946.65,LOYALTY10,N,,2025-04-03 16:23:33
500018,ORD500018,100471,2025-04-03,2025-04-03 17:18:26,Website,Cancelled,Cash on Delivery,Failed,INR,Mumbai,Maharashtra,Mumbai,Maharashtra,400076,FC-HYD-01,Standard,2025-04-08,,3,6,8270.48,1240.57,1897.56,0.00,8927.47,FESTIVE15,Y,Customer Request,2025-04-05 19:14:26
501161,ORD501161,101803,2025-04-03,2025-04-03 23:16:46,Store Assisted,Delivered,Net Banking,Paid,INR,Vijayawada,Andhra Pradesh,Vijayawada,Andhra Pradesh,520010,FC-DEL-01,Standard,2025-04-08,2025-04-08,1,2,12911.34,645.57,3434.42,0.00,15700.19,SAVE5,N,,2025-04-12 05:50:46
501249,ORD501249,101879,2025-04-04,2025-04-04 01:59:05,Mobile App,Delivered,Cash on Delivery,Paid,INR,Secunderabad,Telangana,Secunderabad,Telangana,500003,FC-HYD-01,Standard,2025-04-09,2025-04-09,5,8,12896.58,1934.49,796.81,0.00,11758.90,FESTIVE15,N,,2025-04-10 10:27:05
500037,ORD500037,101061,2025-04-04,2025-04-04 04:44:58,Marketplace,Delivered,Debit Card,Paid,INR,Vijayawada,Andhra Pradesh,Vijayawada,Andhra Pradesh,520010,FC-MUM-01,Standard,2025-04-09,2025-04-09,2,3,18142.42,907.12,3490.28,0.00,20725.58,SAVE5,Y,,2025-04-06 12:48:58
500656,ORD500656,101904,2025-04-04,2025-04-04 05:11:54,Website,Delivered,Wallet,Paid,INR,Warangal,Telangana,Warangal,Telangana,506002,FC-MUM-01,Standard,2025-04-09,2025-04-10,5,15,25347.62,2534.76,4485.35,0.00,27298.21,LOYALTY10,N,,2025-04-06 11:22:54
501217,ORD501217,100521,2025-04-04,2025-04-04 08:50:43,Mobile App,Delivered,Net Banking,Paid,INR,Vijayawada,Andhra Pradesh,Hyderabad,Telangana,500081,FC-BLR-01,Express,2025-04-07,2025-04-08,4,10,66421.67,0.00,3154.08,0.00,69575.75,,Y,,2025-04-10 09:18:43
500958,ORD500958,100034,2025-04-04,2025-04-04 09:39:29,Store Assisted,Delivered,Credit Card,Paid,INR,Warangal,Telangana,Warangal,Telangana,506002,FC-CHE-01,Standard,2025-04-09,2025-04-08,4,6,44586.94,4458.69,101.54,0.00,40229.79,WELCOME10,N,,2025-04-09 14:17:29
502188,ORD502188,100117,2025-04-04,2025-04-04 12:56:41,Store Assisted,Delivered,UPI,Paid,INR,Hyderabad,Telangana,Hyderabad,Telangana,500081,FC-MUM-01,Standard,2025-04-09,2025-04-09,3,6,46298.44,0.00,8262.43,0.00,54560.87,,N,,2025-04-06 21:04:41
500212,ORD500212,100080,2025-04-04,2025-04-04 23:55:25,Store Assisted,Delivered,Cash on Delivery,Paid,INR,Bengaluru,Karnataka,Bengaluru,Karnataka,560037,FC-CHE-01,Standard,2025-04-09,2025-04-10,4,12,101471.01,0.00,1567.98,0.00,103038.99,,N,,2025-04-08 06:21:25
501966,ORD501966,100742,2025-04-05,2025-04-05 01:01:01,Mobile App,Delivered,Net Banking,Paid,INR,Warangal,Telangana,Warangal,Telangana,506002,FC-MUM-01,Express,2025-04-08,2025-04-10,2,8,12766.96,1915.04,1901.28,0.00,12753.20,FESTIVE15,N,,2025-04-11 09:49:01
501874,ORD501874,101059,2025-04-05,2025-04-05 03:03:51,Store Assisted,Delivered,Net Banking,Paid,INR,Visakhapatnam,Andhra Pradesh,Visakhapatnam,Andhra Pradesh,530017,FC-CHE-01,Standard,2025-04-10,2025-04-10,3,6,16254.84,3250.97,2296.85,0.00,15300.72,APP20,N,,2025-04-07 05:21:51
500864,ORD500864,101784,2025-04-05,2025-04-05 03:04:21,Marketplace,Delivered,Credit Card,Paid,INR,Vijayawada,Andhra Pradesh,Vijayawada,Andhra Pradesh,520010,FC-HYD-01,Standard,2025-04-10,2025-04-11,1,3,56749.44,0.00,2837.47,0.00,59586.91,,N,,2025-04-08 07:32:21
501623,ORD501623,101854,2025-04-05,2025-04-05 13:05:00,Website,Delivered,Debit Card,Paid,INR,Pune,Maharashtra,Pune,Maharashtra,411014,FC-HYD-01,Standard,2025-04-10,2025-04-10,2,3,5852.24,585.22,527.53,0.00,5794.55,LOYALTY10,N,,2025-04-09 16:41:00
500549,ORD500549,102151,2025-04-06,2025-04-06 10:06:47,Website,Delivered,Cash on Delivery,Paid,INR,Bengaluru,Karnataka,Bengaluru,Karnataka,560037,FC-MUM-01,Standard,2025-04-11,2025-04-11,3,7,110239.69,5511.98,11945.77,0.00,116673.48,SAVE5,N,,2025-04-12 11:41:47
500051,ORD500051,100438,2025-04-06,2025-04-06 10:40:13,Marketplace,Delivered,Net Banking,Paid,INR,Mumbai,Maharashtra,Mumbai,Maharashtra,400076,FC-MUM-01,Express,2025-04-09,2025-04-09,4,12,108809.53,5440.48,12482.76,0.00,115851.81,SAVE5,N,,2025-04-07 13:31:13
500597,ORD500597,102089,2025-04-06,2025-04-06 12:01:50,Mobile App,Delivered,Net Banking,Paid,INR,Pune,Maharashtra,Pune,Maharashtra,411014,FC-BLR-01,Standard,2025-04-11,2025-04-12,3,8,95089.66,19017.93,6341.69,0.00,82413.42,APP20,N,,2025-04-13 13:59:50
501639,ORD501639,102211,2025-04-06,2025-04-06 18:04:36,Website,Delivered,UPI,Paid,INR,Bengaluru,Karnataka,Bengaluru,Karnataka,560037,FC-CHE-01,Standard,2025-04-11,2025-04-12,1,1,828.22,82.82,0.00,60.00,805.40,LOYALTY10,N,,2025-04-08 21:50:36
501975,ORD501975,100411,2025-04-06,2025-04-06 19:13:55,Marketplace,Delivered,Wallet,Paid,INR,Bengaluru,Karnataka,Bengaluru,Karnataka,560037,FC-DEL-01,Standard,2025-04-11,2025-04-12,5,12,214535.86,10726.79,29974.34,0.00,233783.41,SAVE5,N,,2025-04-07 02:20:55
500686,ORD500686,101510,2025-04-06,2025-04-06 19:22:11,Website,Delivered,Cash on Delivery,Paid,INR,Warangal,Telangana,Warangal,Telangana,506002,FC-MUM-01,Express,2025-04-09,2025-04-09,3,9,57358.50,5735.85,11354.10,0.00,62976.75,LOYALTY10,N,,2025-04-08 19:35:11
501031,ORD501031,101334,2025-04-06,2025-04-06 22:28:04,Mobile App,Delivered,Cash on Delivery,Paid,INR,Bengaluru,Karnataka,Bengaluru,Karnataka,560037,FC-MUM-01,Standard,2025-04-11,2025-04-12,2,5,78849.04,7884.90,8774.79,0.00,79738.93,LOYALTY10,N,,2025-04-15 07:11:04
500894,ORD500894,101425,2025-04-07,2025-04-07 02:57:19,Website,Delivered,Net Banking,Paid,INR,Secunderabad,Telangana,Secunderabad,Telangana,500003,FC-CHE-01,Standard,2025-04-12,2025-04-12,3,10,109770.90,0.00,16834.61,0.00,126605.51,,N,,2025-04-14 07:14:19
500944,ORD500944,100284,2025-04-07,2025-04-07 03:47:06,Marketplace,Delivered,Debit Card,Paid,INR,Warangal,Telangana,Warangal,Telangana,506002,FC-CHE-01,Same Day,2025-04-07,2025-04-08,2,4,3924.20,0.00,563.78,0.00,4487.98,,N,,2025-04-11 07:47:06
500207,ORD500207,101174,2025-04-07,2025-04-07 07:10:16,Mobile App,Returned,Wallet,Partially Refunded,INR,Hyderabad,Telangana,Hyderabad,Telangana,500081,FC-HYD-01,Express,2025-04-10,2025-04-11,1,4,8429.68,1685.94,1888.25,0.00,8631.99,APP20,N,,2025-04-14 11:15:16
501188,ORD501188,101326,2025-04-07,2025-04-07 14:32:32,Marketplace,Delivered,Cash on Delivery,Paid,INR,Pune,Maharashtra,Pune,Maharashtra,411014,FC-BLR-01,Express,2025-04-10,2025-04-11,2,5,16982.52,1698.25,2027.98,0.00,17312.25,LOYALTY10,N,,2025-04-14 21:19:32
501800,ORD501800,102024,2025-04-08,2025-04-08 19:36:05,Website,Delivered,Wallet,Paid,INR,Pune,Maharashtra,Pune,Maharashtra,411014,FC-BLR-01,Standard,2025-04-13,2025-04-13,5,15,148183.42,29636.68,13919.15,0.00,132465.89,APP20,N,,2025-04-12 00:31:05
501911,ORD501911,101353,2025-04-09,2025-04-09 01:05:32,Store Assisted,Delivered,Net Banking,Paid,INR,Secunderabad,Telangana,Secunderabad,Telangana,500003,FC-HYD-01,Standard,2025-04-14,2025-04-14,1,1,406.81,81.36,0.00,40.00,365.45,APP20,Y,,2025-04-15 06:28:32
502091,ORD502091,100821,2025-04-09,2025-04-09 06:25:03,Marketplace,Shipped,UPI,Paid,INR,Secunderabad,Telangana,Secunderabad,Telangana,500003,FC-DEL-01,Express,2025-04-12,,5,14,100308.00,20061.60,4937.37,0.00,85183.77,APP20,N,,2025-04-14 10:44:03
500720,ORD500720,101623,2025-04-09,2025-04-09 06:29:19,Marketplace,Delivered,Wallet,Paid,INR,Secunderabad,Telangana,Delhi,Delhi,110017,FC-CHE-01,Standard,2025-04-14,2025-04-14,1,4,3312.20,331.22,149.05,0.00,3130.03,LOYALTY10,Y,,2025-04-11 07:15:19
500662,ORD500662,101839,2025-04-09,2025-04-09 11:21:27,Website,Delivered,Wallet,Paid,INR,Warangal,Telangana,Warangal,Telangana,506002,FC-HYD-01,Standard,2025-04-14,2025-04-13,4,12,81827.15,0.00,11252.35,0.00,93079.50,,N,,2025-04-14 18:10:27
500480,ORD500480,100178,2025-04-09,2025-04-09 17:27:41,Website,Delivered,Net Banking,Paid,INR,Warangal,Telangana,Warangal,Telangana,506002,FC-DEL-01,Standard,2025-04-14,2025-04-15,5,7,94989.63,9498.96,18614.46,0.00,104105.13,LOYALTY10,Y,,2025-04-12 23:52:41
501802,ORD501802,101108,2025-04-10,2025-04-10 06:38:51,Marketplace,Shipped,UPI,Paid,INR,Warangal,Telangana,Warangal,Telangana,506002,FC-MUM-01,Express,2025-04-13,,1,3,3911.37,195.57,445.90,0.00,4161.70,SAVE5,N,,2025-04-16 07:26:51
501310,ORD501310,102127,2025-04-10,2025-04-10 17:17:35,Website,Delivered,Net Banking,Paid,INR,Chennai,Tamil Nadu,Chennai,Tamil Nadu,600042,FC-HYD-01,Standard,2025-04-15,2025-04-14,5,14,97722.83,4886.14,15843.04,0.00,108679.73,SAVE5,Y,,2025-04-13 20:53:35
501825,ORD501825,100338,2025-04-10,2025-04-10 21:55:04,Mobile App,Shipped,Cash on Delivery,Pending,INR,Secunderabad,Telangana,Secunderabad,Telangana,500003,FC-HYD-01,Standard,2025-04-15,,2,5,6993.92,0.00,476.76,0.00,7470.68,,N,,2025-04-17 01:52:04
501298,ORD501298,101541,2025-04-11,2025-04-11 07:32:59,Website,Delivered,Cash on Delivery,Paid,INR,Warangal,Telangana,Warangal,Telangana,506002,FC-BLR-01,Same Day,2025-04-11,2025-04-13,4,11,169245.49,8462.27,8469.83,0.00,169253.05,SAVE5,Y,,2025-04-13 15:01:59
500169,ORD500169,100031,2025-04-11,2025-04-11 07:41:02,Store Assisted,Delivered,Cash on Delivery,Paid,INR,Bengaluru,Karnataka,Bengaluru,Karnataka,560037,FC-CHE-01,Standard,2025-04-16,2025-04-17,3,6,31147.91,1557.40,5082.87,0.00,34673.38,SAVE5,Y,,2025-04-14 09:39:02
500059,ORD500059,102074,2025-04-11,2025-04-11 16:27:46,Store Assisted,Cancelled,Net Banking,Refunded,INR,Chennai,Tamil Nadu,Chennai,Tamil Nadu,600042,FC-CHE-01,Express,2025-04-14,,3,9,143637.34,0.00,20205.41,0.00,163842.75,,N,Payment Failure,2025-04-15 19:04:46
501156,ORD501156,101985,2025-04-12,2025-04-12 05:58:26,Website,Cancelled,Wallet,Failed,INR,Pune,Maharashtra,Pune,Maharashtra,411014,FC-DEL-01,Express,2025-04-15,,1,1,778.76,77.88,35.04,40.00,775.92,LOYALTY10,N,Payment Failure,2025-04-17 08:14:26
500272,ORD500272,101934,2025-04-12,2025-04-12 07:06:16,Mobile App,Delivered,Cash on Delivery,Paid,INR,Secunderabad,Telangana,Secunderabad,Telangana,500003,FC-HYD-01,Standard,2025-04-17,2025-04-18,1,2,377.22,0.00,0.00,90.00,467.22,,N,,2025-04-17 10:17:16
500090,ORD500090,100589,2025-04-12,2025-04-12 13:04:05,Marketplace,Delivered,Wallet,Paid,INR,Hyderabad,Telangana,Hyderabad,Telangana,500081,FC-DEL-01,Standard,2025-04-17,2025-04-17,5,8,123444.62,24688.92,12643.50,0.00,111399.20,APP20,Y,,2025-04-14 14:17:05
500767,ORD500767,101771,2025-04-12,2025-04-12 18:55:34,Mobile App,Returned,Wallet,Partially Refunded,INR,Visakhapatnam,Andhra Pradesh,Warangal,Telangana,506002,FC-MUM-01,Standard,2025-04-17,2025-04-17,2,4,96087.54,14413.13,10405.89,0.00,92080.30,FESTIVE15,N,,2025-04-12 22:30:34
500217,ORD500217,101322,2025-04-12,2025-04-12 23:00:01,Marketplace,Delivered,Debit Card,Paid,INR,Delhi,Delhi,Chennai,Tamil Nadu,600042,FC-BLR-01,Standard,2025-04-17,2025-04-18,5,10,20763.84,3114.58,996.57,0.00,18645.83,FESTIVE15,N,,2025-04-18 00:38:01
502022,ORD502022,100714,2025-04-13,2025-04-13 08:04:27,Marketplace,Delivered,Debit Card,Paid,INR,Bengaluru,Karnataka,Bengaluru,Karnataka,560037,FC-MUM-01,Express,2025-04-16,2025-04-16,5,13,172678.56,25901.78,24313.38,0.00,171090.16,FESTIVE15,N,,2025-04-17 13:07:27
500052,ORD500052,102232,2025-04-13,2025-04-13 11:24:58,Marketplace,Delivered,Wallet,Paid,INR,Bengaluru,Karnataka,Bengaluru,Karnataka,560037,FC-CHE-01,Standard,2025-04-18,2025-04-20,1,4,1627.24,0.00,0.00,0.00,1627.24,,N,,2025-04-14 11:26:58
501987,ORD501987,100955,2025-04-13,2025-04-13 19:46:07,Mobile App,Delivered,UPI,Paid,INR,Hyderabad,Telangana,Hyderabad,Telangana,500081,FC-HYD-01,Standard,2025-04-18,2025-04-18,3,8,15911.38,1591.14,1734.58,0.00,16054.82,WELCOME10,N,,2025-04-14 21:30:07
501824,ORD501824,100861,2025-04-14,2025-04-14 04:09:33,Mobile App,Shipped,UPI,Paid,INR,Mumbai,Maharashtra,Mumbai,Maharashtra,400076,FC-DEL-01,Standard,2025-04-19,,5,15,154119.66,30823.93,10305.66,0.00,133601.39,APP20,N,,2025-04-18 09:53:33
502122,ORD502122,101888,2025-04-14,2025-04-14 06:26:31,Marketplace,Delivered,UPI,Paid,INR,Vijayawada,Andhra Pradesh,Vijayawada,Andhra Pradesh,520010,FC-CHE-01,Same Day,2025-04-14,2025-04-14,1,4,352.44,0.00,98.68,75.00,526.12,,Y,,2025-04-14 07:14:31
500263,ORD500263,101783,2025-04-14,2025-04-14 13:11:58,Store Assisted,Delivered,Wallet,Paid,INR,Delhi,Delhi,Delhi,Delhi,110017,FC-CHE-01,Standard,2025-04-19,2025-04-19,2,5,10283.78,2056.76,766.68,0.00,8993.70,APP20,N,,2025-04-14 17:36:58
501904,ORD501904,101828,2025-04-14,2025-04-14 18:26:23,Marketplace,Delivered,Debit Card,Paid,INR,Chennai,Tamil Nadu,Visakhapatnam,Andhra Pradesh,530017,FC-DEL-01,Standard,2025-04-19,2025-04-19,5,11,159619.36,0.00,17053.84,0.00,176673.20,,N,,2025-04-18 02:33:23
500511,ORD500511,100234,2025-04-14,2025-04-14 23:29:32,Marketplace,Cancelled,Cash on Delivery,Voided,INR,Bengaluru,Karnataka,Bengaluru,Karnataka,560037,FC-MUM-01,Standard,2025-04-19,,4,12,20747.69,1037.38,2988.68,0.00,22698.99,SAVE5,N,Inventory Unavailable,2025-04-16 06:39:32
501826,ORD501826,100908,2025-04-15,2025-04-15 02:37:58,Store Assisted,Returned,UPI,Partially Refunded,INR,Secunderabad,Telangana,Bengaluru,Karnataka,560037,FC-CHE-01,Standard,2025-04-20,2025-04-19,4,13,119691.74,11969.17,12676.21,0.00,120398.78,WELCOME10,Y,,2025-04-19 10:15:58
501726,ORD501726,102161,2025-04-15,2025-04-15 23:47:01,Mobile App,Returned,Cash on Delivery,Refunded,INR,Chennai,Tamil Nadu,Chennai,Tamil Nadu,600042,FC-CHE-01,Express,2025-04-18,2025-04-18,5,13,142656.42,14265.64,30786.84,0.00,159177.62,LOYALTY10,Y,,2025-04-18 06:13:01
501252,ORD501252,101855,2025-04-16,2025-04-16 11:38:58,Mobile App,Cancelled,Wallet,Refunded,INR,Delhi,Delhi,Delhi,Delhi,110017,FC-MUM-01,Standard,2025-04-21,,2,5,8415.72,841.57,1219.59,0.00,8793.74,WELCOME10,N,Payment Failure,2025-04-16 13:14:58
500026,ORD500026,100736,2025-04-16,2025-04-16 19:03:26,Store Assisted,Delivered,Debit Card,Paid,INR,Vijayawada,Andhra Pradesh,Vijayawada,Andhra Pradesh,520010,FC-MUM-01,Express,2025-04-19,2025-04-20,3,7,13804.17,0.00,1116.17,0.00,14920.34,,N,,2025-04-21 23:29:26
502020,ORD502020,100832,2025-04-16,2025-04-16 22:47:14,Mobile App,Cancelled,Net Banking,Voided,INR,Delhi,Delhi,Delhi,Delhi,110017,FC-CHE-01,Standard,2025-04-21,,4,12,24463.93,0.00,4479.63,0.00,28943.56,,N,Inventory Unavailable,2025-04-18 23:42:14
501892,ORD501892,101612,2025-04-17,2025-04-17 01:13:25,Marketplace,Delivered,Debit Card,Paid,INR,Secunderabad,Telangana,Secunderabad,Telangana,500003,FC-DEL-01,Same Day,2025-04-17,2025-04-19,1,4,59376.44,0.00,10687.76,0.00,70064.20,,N,,2025-04-25 09:26:25
501507,ORD501507,100190,2025-04-17,2025-04-17 03:16:39,Mobile App,Delivered,Cash on Delivery,Paid,INR,Mumbai,Maharashtra,Bengaluru,Karnataka,560037,FC-CHE-01,Standard,2025-04-22,2025-04-21,1,3,112576.29,16886.44,11482.78,0.00,107172.63,FESTIVE15,Y,,2025-04-23 07:57:39
501842,ORD501842,100341,2025-04-17,2025-04-17 04:26:20,Mobile App,Delivered,Wallet,Paid,INR,Visakhapatnam,Andhra Pradesh,Secunderabad,Telangana,500003,FC-CHE-01,Standard,2025-04-22,2025-04-24,4,11,107473.83,0.00,13398.63,0.00,120872.46,,N,,2025-04-25 09:15:20
502168,ORD502168,100345,2025-04-17,2025-04-17 04:37:52,Store Assisted,Delivered,Credit Card,Paid,INR,Chennai,Tamil Nadu,Chennai,Tamil Nadu,600042,FC-MUM-01,Standard,2025-04-22,2025-04-22,1,1,15958.62,2393.79,3798.15,0.00,17362.98,FESTIVE15,N,,2025-04-18 10:26:52
501585,ORD501585,102116,2025-04-17,2025-04-17 12:27:00,Website,Delivered,Credit Card,Paid,INR,Vijayawada,Andhra Pradesh,Vijayawada,Andhra Pradesh,520010,FC-CHE-01,Standard,2025-04-22,2025-04-23,2,6,47890.89,7183.63,4818.51,0.00,45525.77,FESTIVE15,N,,2025-04-19 16:41:00
502249,ORD502249,100348,2025-04-17,2025-04-17 12:35:56,Mobile App,Returned,UPI,Refunded,INR,Pune,Maharashtra,Secunderabad,Telangana,500003,FC-CHE-01,Standard,2025-04-22,2025-04-22,3,7,48975.63,0.00,12654.89,0.00,61630.52,,N,,2025-04-18 21:25:56
500779,ORD500779,100550,2025-04-17,2025-04-17 12:55:56,Store Assisted,Delivered,UPI,Paid,INR,Secunderabad,Telangana,Secunderabad,Telangana,500003,FC-DEL-01,Standard,2025-04-22,2025-04-23,4,9,25745.70,0.00,5397.94,0.00,31143.64,,N,,2025-04-20 15:50:56
501944,ORD501944,100315,2025-04-17,2025-04-17 18:18:03,Mobile App,Delivered,Debit Card,Paid,INR,Pune,Maharashtra,Pune,Maharashtra,411014,FC-DEL-01,Standard,2025-04-22,2025-04-21,2,4,3859.07,385.91,828.33,0.00,4301.49,LOYALTY10,N,,2025-04-22 20:18:03
501695,ORD501695,101955,2025-04-17,2025-04-17 18:58:44,Store Assisted,Delivered,Debit Card,Paid,INR,Secunderabad,Telangana,Secunderabad,Telangana,500003,FC-BLR-01,Standard,2025-04-22,2025-04-21,5,13,205192.19,20519.22,15570.04,0.00,200243.01,LOYALTY10,N,,2025-04-24 02:00:44
501175,ORD501175,100706,2025-04-18,2025-04-18 10:01:37,Website,Delivered,Credit Card,Paid,INR,Pune,Maharashtra,Pune,Maharashtra,411014,FC-HYD-01,Standard,2025-04-23,2025-04-23,5,16,111821.12,16773.17,25508.84,0.00,120556.79,FESTIVE15,N,,2025-04-23 18:32:37
501699,ORD501699,100936,2025-04-18,2025-04-18 19:36:05,Store Assisted,Cancelled,Cash on Delivery,Failed,INR,Chennai,Tamil Nadu,Chennai,Tamil Nadu,600042,FC-MUM-01,Standard,2025-04-23,,1,2,435.64,65.35,0.00,60.00,430.29,FESTIVE15,N,Address Issue,2025-04-20 01:35:05
501514,ORD501514,100888,2025-04-18,2025-04-18 20:36:50,Marketplace,Delivered,UPI,Paid,INR,Delhi,Delhi,Delhi,Delhi,110017,FC-MUM-01,Standard,2025-04-23,2025-04-23,5,13,82696.62,12404.49,10247.29,0.00,80539.42,FESTIVE15,Y,,2025-04-25 01:29:50
501925,ORD501925,101566,2025-04-18,2025-04-18 23:46:59,Website,Delivered,Credit Card,Paid,INR,Vijayawada,Andhra Pradesh,Vijayawada,Andhra Pradesh,520010,FC-HYD-01,Standard,2025-04-23,2025-04-23,4,11,52859.77,10571.95,7111.12,0.00,49398.94,APP20,N,,2025-04-26 06:00:59
500696,ORD500696,101443,2025-04-19,2025-04-19 04:22:42,Store Assisted,Delivered,Debit Card,Paid,INR,Chennai,Tamil Nadu,Visakhapatnam,Andhra Pradesh,530017,FC-HYD-01,Express,2025-04-22,2025-04-24,3,7,6966.44,696.64,268.35,0.00,6538.15,WELCOME10,Y,,2025-04-20 10:57:42
501216,ORD501216,100528,2025-04-19,2025-04-19 05:21:16,Marketplace,Delivered,Wallet,Paid,INR,Delhi,Delhi,Delhi,Delhi,110017,FC-MUM-01,Standard,2025-04-24,2025-04-23,1,1,3271.15,327.12,353.28,0.00,3297.31,WELCOME10,N,,2025-04-23 11:48:16
501575,ORD501575,101994,2025-04-19,2025-04-19 09:09:24,Mobile App,Delivered,Debit Card,Paid,INR,Visakhapatnam,Andhra Pradesh,Vijayawada,Andhra Pradesh,520010,FC-BLR-01,Express,2025-04-22,2025-04-21,1,3,14257.53,0.00,0.00,0.00,14257.53,,N,,2025-04-26 14:34:24
500695,ORD500695,101454,2025-04-19,2025-04-19 19:04:07,Website,Delivered,Net Banking,Paid,INR,Hyderabad,Telangana,Hyderabad,Telangana,500081,FC-DEL-01,Standard,2025-04-24,2025-04-25,1,4,66255.56,3312.78,3147.14,0.00,66089.92,SAVE5,N,,2025-04-21 03:50:07
500232,ORD500232,100142,2025-04-19,2025-04-19 19:08:06,Store Assisted,Delivered,UPI,Paid,INR,Vijayawada,Andhra Pradesh,Vijayawada,Andhra Pradesh,520010,FC-CHE-01,Express,2025-04-22,2025-04-23,4,7,90309.01,9030.90,14140.77,0.00,95418.88,WELCOME10,Y,,2025-04-25 20:42:06
501150,ORD501150,100701,2025-04-20,2025-04-20 00:14:41,Website,Delivered,Wallet,Paid,INR,Hyderabad,Telangana,Hyderabad,Telangana,500081,FC-HYD-01,Standard,2025-04-25,2025-04-25,2,7,138612.02,13861.20,22177.63,0.00,146928.45,WELCOME10,Y,,2025-04-21 04:44:41
500914,ORD500914,100075,2025-04-20,2025-04-20 01:54:46,Marketplace,Delivered,UPI,Paid,INR,Secunderabad,Telangana,Secunderabad,Telangana,500003,FC-DEL-01,Express,2025-04-23,2025-04-24,2,8,5906.64,0.00,213.97,0.00,6120.61,,N,,2025-04-26 04:18:46
501068,ORD501068,101481,2025-04-20,2025-04-20 16:01:54,Mobile App,Delivered,Credit Card,Paid,INR,Hyderabad,Telangana,Hyderabad,Telangana,500081,FC-MUM-01,Standard,2025-04-25,2025-04-27,3,6,43419.52,2170.98,8713.64,0.00,49962.18,SAVE5,N,,2025-04-21 19:56:54
501957,ORD501957,101374,2025-04-20,2025-04-20 21:56:27,Store Assisted,Delivered,Debit Card,Paid,INR,Warangal,Telangana,Warangal,Telangana,506002,FC-BLR-01,Standard,2025-04-25,2025-04-25,1,3,3224.07,644.81,464.27,0.00,3043.53,APP20,Y,,2025-04-23 23:25:27
501754,ORD501754,102249,2025-04-21,2025-04-21 04:41:03,Website,Returned,Credit Card,Refunded,INR,Pune,Maharashtra,Pune,Maharashtra,411014,FC-CHE-01,Standard,2025-04-26,2025-04-26,1,3,3977.73,0.00,198.89,0.00,4176.62,,N,,2025-04-29 09:28:03
500675,ORD500675,101692,2025-04-21,2025-04-21 05:23:04,Mobile App,Delivered,Wallet,Pending,INR,Delhi,Delhi,Delhi,Delhi,110017,FC-CHE-01,Standard,2025-04-26,2025-04-26,1,2,2553.92,255.39,643.59,0.00,2942.12,LOYALTY10,N,,2025-04-27 12:53:04
501304,ORD501304,101111,2025-04-22,2025-04-22 04:30:13,Website,Cancelled,Net Banking,Refunded,INR,Visakhapatnam,Andhra Pradesh,Visakhapatnam,Andhra Pradesh,530017,FC-CHE-01,Standard,2025-04-27,,5,12,167348.13,8367.41,22470.86,0.00,181451.58,SAVE5,N,Address Issue,2025-04-25 10:40:13
502152,ORD502152,101478,2025-04-22,2025-04-22 06:10:33,Marketplace,Delivered,Wallet,Pending,INR,Bengaluru,Karnataka,Bengaluru,Karnataka,560037,FC-MUM-01,Standard,2025-04-27,2025-04-29,4,11,255901.09,0.00,29122.31,0.00,285023.40,,N,,2025-04-29 12:23:33
500209,ORD500209,101531,2025-04-22,2025-04-22 15:53:53,Store Assisted,Cancelled,Debit Card,Failed,INR,Hyderabad,Telangana,Hyderabad,Telangana,500081,FC-HYD-01,Express,2025-04-25,,3,10,126929.20,25385.84,27644.73,0.00,129188.09,APP20,N,Duplicate Order,2025-04-26 17:26:53
500705,ORD500705,100970,2025-04-23,2025-04-23 04:34:34,Store Assisted,Delivered,Net Banking,Paid,INR,Secunderabad,Telangana,Secunderabad,Telangana,500003,FC-CHE-01,Standard,2025-04-28,2025-04-29,5,17,104975.61,0.00,10619.89,0.00,115595.50,,N,,2025-04-29 12:18:34
502299,ORD502299,101153,2025-04-23,2025-04-23 06:58:20,Marketplace,Delivered,Cash on Delivery,Paid,INR,Chennai,Tamil Nadu,Warangal,Telangana,506002,FC-CHE-01,Standard,2025-04-28,2025-04-28,3,9,67083.60,13416.72,923.46,0.00,54590.34,APP20,N,,2025-04-30 08:25:20
501779,ORD501779,101645,2025-04-23,2025-04-23 11:06:37,Store Assisted,Delivered,Cash on Delivery,Paid,INR,Chennai,Tamil Nadu,Chennai,Tamil Nadu,600042,FC-CHE-01,Express,2025-04-26,2025-04-28,3,9,19027.80,0.00,1412.24,0.00,20440.04,,N,,2025-04-29 13:09:37
500028,ORD500028,100631,2025-04-23,2025-04-23 13:00:07,Marketplace,Delivered,Debit Card,Paid,INR,Secunderabad,Telangana,Secunderabad,Telangana,500003,FC-CHE-01,Standard,2025-04-28,2025-04-28,4,12,119962.48,17994.37,18273.62,0.00,120241.73,FESTIVE15,N,,2025-04-24 16:32:07
501266,ORD501266,100122,2025-04-23,2025-04-23 14:09:37,Mobile App,Delivered,Wallet,Paid,INR,Secunderabad,Telangana,Secunderabad,Telangana,500003,FC-BLR-01,Express,2025-04-26,2025-04-26,4,8,75454.41,0.00,5245.47,0.00,80699.88,,Y,,2025-04-25 17:57:37
500387,ORD500387,101094,2025-04-23,2025-04-23 16:04:20,Store Assisted,Delivered,Wallet,Paid,INR,Warangal,Telangana,Warangal,Telangana,506002,FC-BLR-01,Standard,2025-04-28,2025-04-29,4,10,67611.85,13522.37,3609.53,0.00,57699.01,APP20,Y,,2025-04-29 16:37:20
500275,ORD500275,101166,2025-04-24,2025-04-24 00:21:30,Website,Delivered,Wallet,Paid,INR,Bengaluru,Karnataka,Bengaluru,Karnataka,560037,FC-MUM-01,Standard,2025-04-29,2025-05-01,1,3,49691.67,4969.17,2236.13,0.00,46958.63,WELCOME10,N,,2025-05-02 02:12:30
501810,ORD501810,101236,2025-04-24,2025-04-24 15:16:10,Store Assisted,Delivered,UPI,Paid,INR,Chennai,Tamil Nadu,Chennai,Tamil Nadu,600042,FC-MUM-01,Express,2025-04-27,2025-04-27,1,3,3147.78,314.78,509.94,0.00,3342.94,LOYALTY10,N,,2025-04-26 18:57:10
502154,ORD502154,101392,2025-04-24,2025-04-24 18:26:34,Store Assisted,Delivered,Cash on Delivery,Paid,INR,Mumbai,Maharashtra,Hyderabad,Telangana,500081,FC-BLR-01,Express,2025-04-27,2025-04-28,5,16,11629.18,1162.92,1825.66,0.00,12291.92,LOYALTY10,Y,,2025-04-24 21:54:34
502006,ORD502006,101543,2025-04-24,2025-04-24 19:58:00,Marketplace,Returned,Credit Card,Partially Refunded,INR,Delhi,Delhi,Delhi,Delhi,110017,FC-CHE-01,Standard,2025-04-29,2025-04-30,5,8,85414.41,17082.88,7104.22,0.00,75435.75,APP20,Y,,2025-05-02 21:22:00
500220,ORD500220,101335,2025-04-25,2025-04-25 01:31:42,Marketplace,Returned,Net Banking,Partially Refunded,INR,Vijayawada,Andhra Pradesh,Vijayawada,Andhra Pradesh,520010,FC-MUM-01,Express,2025-04-28,2025-04-30,4,10,41050.69,0.00,1391.55,0.00,42442.24,,N,,2025-05-01 05:28:42
502274,ORD502274,102205,2025-04-25,2025-04-25 10:16:45,Marketplace,Delivered,Wallet,Paid,INR,Visakhapatnam,Andhra Pradesh,Visakhapatnam,Andhra Pradesh,530017,FC-DEL-01,Express,2025-04-28,2025-04-27,5,17,231224.00,0.00,30661.44,0.00,261885.44,,Y,,2025-04-28 19:03:45
501330,ORD501330,101364,2025-04-25,2025-04-25 10:24:10,Store Assisted,Cancelled,Net Banking,Voided,INR,Warangal,Telangana,Warangal,Telangana,506002,FC-BLR-01,Same Day,2025-04-25,,4,11,99396.72,9939.67,1893.54,0.00,91350.59,WELCOME10,N,Payment Failure,2025-04-28 14:09:10
501293,ORD501293,100455,2025-04-25,2025-04-25 12:10:46,Marketplace,Delivered,Debit Card,Paid,INR,Bengaluru,Karnataka,Bengaluru,Karnataka,560037,FC-MUM-01,Same Day,2025-04-25,2025-04-25,1,4,4341.84,0.00,217.09,0.00,4558.93,,N,,2025-04-26 16:02:46
502038,ORD502038,101048,2025-04-25,2025-04-25 14:07:11,Store Assisted,Delivered,Wallet,Paid,INR,Mumbai,Maharashtra,Mumbai,Maharashtra,400076,FC-BLR-01,Standard,2025-04-30,2025-04-30,2,5,164139.31,16413.93,16210.99,0.00,163936.37,LOYALTY10,N,,2025-05-03 20:29:11
500258,ORD500258,101054,2025-04-26,2025-04-26 03:09:42,Marketplace,Delivered,Debit Card,Paid,INR,Mumbai,Maharashtra,Mumbai,Maharashtra,400076,FC-HYD-01,Standard,2025-05-01,2025-05-01,2,6,108739.50,0.00,12678.59,0.00,121418.09,,N,,2025-05-01 04:27:42
502001,ORD502001,102108,2025-04-26,2025-04-26 04:37:03,Store Assisted,Delivered,Debit Card,Paid,INR,Visakhapatnam,Andhra Pradesh,Visakhapatnam,Andhra Pradesh,530017,FC-HYD-01,Standard,2025-05-01,2025-05-01,1,2,4405.86,0.00,793.05,0.00,5198.91,,N,,2025-04-28 06:04:03
501583,ORD501583,100645,2025-04-26,2025-04-26 05:21:30,Store Assisted,Delivered,Net Banking,Paid,INR,Hyderabad,Telangana,Hyderabad,Telangana,500081,FC-BLR-01,Standard,2025-05-01,2025-05-02,5,12,39249.10,3924.91,3718.35,0.00,39042.54,LOYALTY10,N,,2025-04-26 12:39:30
501103,ORD501103,100709,2025-04-26,2025-04-26 07:31:46,Marketplace,Delivered,Debit Card,Paid,INR,Delhi,Delhi,Delhi,Delhi,110017,FC-DEL-01,Standard,2025-05-01,2025-05-03,5,8,29856.36,5971.27,6147.46,0.00,30032.55,APP20,N,,2025-05-04 13:55:46
502128,ORD502128,101861,2025-04-26,2025-04-26 09:27:56,Mobile App,Delivered,Wallet,Paid,INR,Hyderabad,Telangana,Hyderabad,Telangana,500081,FC-BLR-01,Express,2025-04-29,2025-04-29,1,4,4919.00,0.00,885.42,0.00,5804.42,,N,,2025-04-29 10:01:56
500886,ORD500886,101531,2025-04-26,2025-04-26 11:56:25,Marketplace,Returned,Credit Card,Partially Refunded,INR,Hyderabad,Telangana,Hyderabad,Telangana,500081,FC-HYD-01,Standard,2025-05-01,2025-05-01,3,8,6122.50,918.38,460.25,0.00,5664.37,FESTIVE15,Y,,2025-04-30 12:39:25
502174,ORD502174,100657,2025-04-26,2025-04-26 19:15:12,Website,Delivered,Cash on Delivery,Paid,INR,Mumbai,Maharashtra,Mumbai,Maharashtra,400076,FC-HYD-01,Standard,2025-05-01,2025-04-30,5,12,311115.45,46667.32,32534.22,0.00,296982.35,FESTIVE15,N,,2025-04-28 23:36:12
500998,ORD500998,101314,2025-04-27,2025-04-27 06:33:07,Mobile App,Delivered,Wallet,Paid,INR,Hyderabad,Telangana,Hyderabad,Telangana,500081,FC-CHE-01,Standard,2025-05-02,2025-05-03,4,11,111432.88,0.00,5101.03,0.00,116533.91,,N,,2025-05-04 15:08:07
501979,ORD501979,100774,2025-04-27,2025-04-27 08:53:50,Marketplace,Delivered,Net Banking,Paid,INR,Chennai,Tamil Nadu,Chennai,Tamil Nadu,600042,FC-BLR-01,Standard,2025-05-02,2025-05-02,5,16,212840.18,42568.04,14876.97,0.00,185149.11,APP20,N,,2025-05-01 15:22:50
502355,ORD502355,100384,2025-04-27,2025-04-27 11:54:23,Mobile App,Delivered,UPI,Paid,INR,Pune,Maharashtra,Pune,Maharashtra,411014,FC-DEL-01,Standard,2025-05-02,2025-05-03,4,12,113309.05,0.00,24757.78,0.00,138066.83,,Y,,2025-05-04 15:04:23
502072,ORD502072,100898,2025-04-27,2025-04-27 19:23:52,Mobile App,Delivered,Net Banking,Paid,INR,Delhi,Delhi,Delhi,Delhi,110017,FC-CHE-01,Standard,2025-05-02,2025-05-02,2,3,32770.32,4915.55,0.00,0.00,27854.77,FESTIVE15,N,,2025-05-03 20:06:52
500238,ORD500238,101340,2025-04-28,2025-04-28 02:40:25,Website,Delivered,Debit Card,Paid,INR,Secunderabad,Telangana,Secunderabad,Telangana,500003,FC-CHE-01,Standard,2025-05-03,2025-05-02,3,5,109486.09,10948.61,142.01,0.00,98679.49,WELCOME10,N,,2025-04-30 10:29:25
501251,ORD501251,100821,2025-04-28,2025-04-28 09:06:18,Store Assisted,Delivered,Debit Card,Paid,INR,Secunderabad,Telangana,Mumbai,Maharashtra,400076,FC-CHE-01,Express,2025-05-01,2025-05-01,4,8,46069.19,2303.46,7574.65,0.00,51340.38,SAVE5,N,,2025-04-30 16:14:18
500802,ORD500802,101003,2025-04-28,2025-04-28 20:42:29,Store Assisted,Delivered,Cash on Delivery,Paid,INR,Delhi,Delhi,Delhi,Delhi,110017,FC-CHE-01,Standard,2025-05-03,2025-05-03,2,5,6609.48,1321.90,133.30,0.00,5420.88,APP20,N,,2025-05-04 05:10:29
501190,ORD501190,102103,2025-04-29,2025-04-29 07:06:46,Marketplace,Delivered,Wallet,Paid,INR,Visakhapatnam,Andhra Pradesh,Visakhapatnam,Andhra Pradesh,530017,FC-MUM-01,Standard,2025-05-04,2025-05-04,1,2,35495.20,0.00,0.00,0.00,35495.20,,N,,2025-05-04 14:21:46
502025,ORD502025,101656,2025-04-29,2025-04-29 07:48:57,Store Assisted,Delivered,Net Banking,Pending,INR,Mumbai,Maharashtra,Mumbai,Maharashtra,400076,FC-CHE-01,Standard,2025-05-04,2025-05-04,5,9,115243.07,0.00,12715.63,0.00,127958.70,,Y,,2025-04-30 08:22:57
501442,ORD501442,101344,2025-04-29,2025-04-29 10:46:04,Website,Shipped,UPI,Paid,INR,Pune,Maharashtra,Pune,Maharashtra,411014,FC-BLR-01,Standard,2025-05-04,,3,6,49698.66,0.00,9466.53,0.00,59165.19,,N,,2025-05-04 15:48:04
501664,ORD501664,100636,2025-04-29,2025-04-29 12:17:44,Store Assisted,Delivered,UPI,Paid,INR,Hyderabad,Telangana,Hyderabad,Telangana,500081,FC-DEL-01,Standard,2025-05-04,2025-05-04,2,3,34383.40,3438.34,5509.00,0.00,36454.06,WELCOME10,N,,2025-05-04 21:07:44
500010,ORD500010,100886,2025-04-29,2025-04-29 13:08:10,Marketplace,Shipped,Wallet,Paid,INR,Vijayawada,Andhra Pradesh,Vijayawada,Andhra Pradesh,520010,FC-HYD-01,Standard,2025-05-04,,2,7,82819.02,8281.90,2058.07,0.00,76595.19,WELCOME10,N,,2025-05-06 17:29:10
501030,ORD501030,100164,2025-04-29,2025-04-29 14:16:15,Mobile App,Delivered,Wallet,Paid,INR,Chennai,Tamil Nadu,Chennai,Tamil Nadu,600042,FC-DEL-01,Standard,2025-05-04,2025-05-05,2,2,2573.45,128.67,50.82,0.00,2495.60,SAVE5,N,,2025-04-29 23:04:15
502166,ORD502166,100487,2025-04-29,2025-04-29 14:52:47,Mobile App,Delivered,Cash on Delivery,Paid,INR,Pune,Maharashtra,Pune,Maharashtra,411014,FC-MUM-01,Standard,2025-05-04,2025-05-04,4,13,45861.44,0.00,6960.55,0.00,52821.99,,N,,2025-04-30 18:54:47
501642,ORD501642,101797,2025-04-29,2025-04-29 20:24:21,Website,Delivered,Debit Card,Paid,INR,Hyderabad,Telangana,Hyderabad,Telangana,500081,FC-DEL-01,Standard,2025-05-04,2025-05-04,4,8,30332.96,3033.30,5630.99,0.00,32930.65,WELCOME10,N,,2025-05-01 04:25:21
500698,ORD500698,100040,2025-04-30,2025-04-30 08:47:42,Mobile App,Delivered,UPI,Paid,INR,Vijayawada,Andhra Pradesh,Vijayawada,Andhra Pradesh,520010,FC-MUM-01,Standard,2025-05-05,2025-05-07,3,10,43033.16,8606.63,2166.42,0.00,36592.95,APP20,N,,2025-05-02 10:16:42
500632,ORD500632,100630,2025-04-30,2025-04-30 11:58:00,Mobile App,Delivered,UPI,Paid,INR,Vijayawada,Andhra Pradesh,Vijayawada,Andhra Pradesh,520010,FC-BLR-01,Express,2025-05-03,2025-05-04,4,8,98974.84,0.00,14817.60,0.00,113792.44,,N,,2025-05-07 18:46:00
501131,ORD501131,101597,2025-04-30,2025-04-30 12:48:31,Mobile App,Delivered,Credit Card,Paid,INR,Warangal,Telangana,Warangal,Telangana,506002,FC-HYD-01,Standard,2025-05-05,2025-05-05,3,6,28023.69,1401.18,5779.30,0.00,32401.81,SAVE5,N,,2025-05-08 21:15:31
501034,ORD501034,100591,2025-04-30,2025-04-30 16:17:10,Store Assisted,Cancelled,Credit Card,Refunded,INR,Chennai,Tamil Nadu,Chennai,Tamil Nadu,600042,FC-DEL-01,Standard,2025-05-05,,4,9,57271.00,0.00,9400.13,0.00,66671.13,,N,Inventory Unavailable,2025-05-06 19:42:10
500347,ORD500347,100241,2025-04-30,2025-04-30 21:40:01,Mobile App,Delivered,Credit Card,Paid,INR,Delhi,Delhi,Delhi,Delhi,110017,FC-BLR-01,Standard,2025-05-05,2025-05-06,5,10,67141.92,6714.19,11021.70,0.00,71449.43,LOYALTY10,N,,2025-05-02 23:19:01
500763,ORD500763,102185,2025-05-01,2025-05-01 01:00:30,Store Assisted,Delivered,Cash on Delivery,Paid,INR,Warangal,Telangana,Warangal,Telangana,506002,FC-HYD-01,Standard,2025-05-06,2025-05-08,3,6,81401.92,8140.19,6617.26,0.00,79878.99,WELCOME10,N,,2025-05-05 05:51:30
500418,ORD500418,102135,2025-05-01,2025-05-01 06:08:09,Mobile App,Delivered,Wallet,Paid,INR,Secunderabad,Telangana,Secunderabad,Telangana,500003,FC-MUM-01,Standard,2025-05-06,2025-05-05,1,3,105499.71,0.00,12659.97,0.00,118159.68,,Y,,2025-05-02 13:09:09
500979,ORD500979,102198,2025-05-01,2025-05-01 09:16:40,Marketplace,Delivered,Net Banking,Paid,INR,Chennai,Tamil Nadu,Chennai,Tamil Nadu,600042,FC-HYD-01,Standard,2025-05-06,2025-05-06,1,4,6410.96,1282.19,923.18,0.00,6051.95,APP20,N,,2025-05-05 15:05:40
501770,ORD501770,101858,2025-05-01,2025-05-01 13:19:25,Store Assisted,Delivered,Cash on Delivery,Pending,INR,Vijayawada,Andhra Pradesh,Visakhapatnam,Andhra Pradesh,530017,FC-BLR-01,Standard,2025-05-06,2025-05-06,1,3,6271.65,627.16,677.34,0.00,6321.83,LOYALTY10,N,,2025-05-01 18:03:25
500198,ORD500198,100974,2025-05-02,2025-05-02 03:06:19,Mobile App,Delivered,Wallet,Pending,INR,Pune,Maharashtra,Pune,Maharashtra,411014,FC-DEL-01,Same Day,2025-05-02,2025-05-01,2,5,112191.25,0.00,6079.74,0.00,118270.99,,N,,2025-05-07 05:46:19
502264,ORD502264,100021,2025-05-02,2025-05-02 05:59:40,Website,Delivered,Net Banking,Paid,INR,Pune,Maharashtra,Pune,Maharashtra,411014,FC-MUM-01,Express,2025-05-05,2025-05-05,5,12,86321.26,12948.19,8570.09,0.00,81943.16,FESTIVE15,N,,2025-05-06 06:53:40
502165,ORD502165,100077,2025-05-02,2025-05-02 07:43:51,Mobile App,Shipped,Debit Card,Paid,INR,Pune,Maharashtra,Pune,Maharashtra,411014,FC-HYD-01,Express,2025-05-05,,5,9,61883.43,9282.51,13068.34,0.00,65669.26,FESTIVE15,N,,2025-05-03 08:01:51
500557,ORD500557,101694,2025-05-02,2025-05-02 14:08:41,Website,Delivered,UPI,Paid,INR,Vijayawada,Andhra Pradesh,Vijayawada,Andhra Pradesh,520010,FC-MUM-01,Express,2025-05-05,2025-05-05,5,8,67184.39,3359.22,11617.85,0.00,75443.02,SAVE5,Y,,2025-05-07 16:22:41
501208,ORD501208,100303,2025-05-02,2025-05-02 18:02:06,Website,Delivered,UPI,Paid,INR,Hyderabad,Telangana,Hyderabad,Telangana,500081,FC-BLR-01,Express,2025-05-05,2025-05-06,3,9,94262.14,0.00,16728.48,0.00,110990.62,,N,,2025-05-05 02:59:06
500923,ORD500923,102287,2025-05-03,2025-05-03 01:43:57,Mobile App,Delivered,UPI,Paid,INR,Warangal,Telangana,Warangal,Telangana,506002,FC-HYD-01,Standard,2025-05-08,2025-05-08,1,1,34483.90,3448.39,3724.26,0.00,34759.77,WELCOME10,Y,,2025-05-05 06:20:57
501239,ORD501239,101386,2025-05-03,2025-05-03 10:34:15,Mobile App,Delivered,Debit Card,Paid,INR,Secunderabad,Telangana,Secunderabad,Telangana,500003,FC-BLR-01,Standard,2025-05-08,2025-05-09,3,7,101820.71,15273.11,2518.41,0.00,89066.01,FESTIVE15,N,,2025-05-05 18:24:15
502173,ORD502173,100631,2025-05-03,2025-05-03 13:01:50,Mobile App,Delivered,UPI,Paid,INR,Secunderabad,Telangana,Secunderabad,Telangana,500003,FC-DEL-01,Express,2025-05-06,2025-05-06,5,14,77555.77,7755.58,13819.86,0.00,83620.05,LOYALTY10,Y,,2025-05-08 21:19:50
500929,ORD500929,101785,2025-05-03,2025-05-03 18:16:49,Store Assisted,Shipped,Debit Card,Paid,INR,Visakhapatnam,Andhra Pradesh,Hyderabad,Telangana,500081,FC-CHE-01,Standard,2025-05-08,,2,5,20597.64,0.00,5201.84,0.00,25799.48,,N,,2025-05-09 21:42:49
500956,ORD500956,101614,2025-05-04,2025-05-04 08:30:38,Mobile App,Cancelled,Net Banking,Failed,INR,Mumbai,Maharashtra,Mumbai,Maharashtra,400076,FC-BLR-01,Standard,2025-05-09,,2,3,822.44,41.12,95.47,60.00,936.79,SAVE5,N,Inventory Unavailable,2025-05-07 09:50:38
500908,ORD500908,101724,2025-05-04,2025-05-04 09:22:48,Store Assisted,Returned,Cash on Delivery,Partially Refunded,INR,Hyderabad,Telangana,Hyderabad,Telangana,500081,FC-DEL-01,Standard,2025-05-09,2025-05-10,5,8,57573.78,5757.38,6359.63,0.00,58176.03,WELCOME10,Y,,2025-05-09 11:46:48
502078,ORD502078,102299,2025-05-05,2025-05-05 00:30:19,Mobile App,Delivered,Wallet,Paid,INR,Bengaluru,Karnataka,Bengaluru,Karnataka,560037,FC-CHE-01,Standard,2025-05-10,2025-05-11,5,11,29323.49,2932.35,1202.91,0.00,27594.05,LOYALTY10,N,,2025-05-11 06:15:19
500509,ORD500509,101787,2025-05-05,2025-05-05 09:54:25,Website,Delivered,Cash on Delivery,Paid,INR,Visakhapatnam,Andhra Pradesh,Visakhapatnam,Andhra Pradesh,530017,FC-BLR-01,Standard,2025-05-10,2025-05-10,5,13,235506.39,0.00,30245.68,0.00,265752.07,,N,,2025-05-06 10:24:25
501562,ORD501562,100587,2025-05-05,2025-05-05 09:56:03,Mobile App,Delivered,Credit Card,Paid,INR,Visakhapatnam,Andhra Pradesh,Visakhapatnam,Andhra Pradesh,530017,FC-CHE-01,Standard,2025-05-10,2025-05-09,2,5,95400.59,14310.09,14596.29,0.00,95686.79,FESTIVE15,N,,2025-05-09 14:49:03
500712,ORD500712,100990,2025-05-05,2025-05-05 10:47:24,Store Assisted,Delivered,Cash on Delivery,Paid,INR,Pune,Maharashtra,Pune,Maharashtra,411014,FC-DEL-01,Express,2025-05-08,2025-05-10,2,6,55011.16,0.00,2722.71,0.00,57733.87,,N,,2025-05-09 15:01:24
502119,ORD502119,100798,2025-05-05,2025-05-05 15:51:59,Store Assisted,Cancelled,Wallet,Failed,INR,Vijayawada,Andhra Pradesh,Vijayawada,Andhra Pradesh,520010,FC-CHE-01,Standard,2025-05-10,,5,10,29812.58,2981.26,326.18,0.00,27157.50,WELCOME10,N,Customer Request,2025-05-13 22:28:59
500427,ORD500427,100518,2025-05-05,2025-05-05 16:11:16,Marketplace,Delivered,Debit Card,Paid,INR,Delhi,Delhi,Delhi,Delhi,110017,FC-DEL-01,Standard,2025-05-10,2025-05-09,1,2,1355.12,0.00,162.61,90.00,1607.73,,N,,2025-05-10 18:18:16
500807,ORD500807,101543,2025-05-05,2025-05-05 19:53:13,Marketplace,Cancelled,UPI,Failed,INR,Delhi,Delhi,Delhi,Delhi,110017,FC-HYD-01,Standard,2025-05-10,,3,9,23580.60,0.00,2829.67,0.00,26410.27,,N,Customer Request,2025-05-06 23:30:13
500907,ORD500907,100114,2025-05-06,2025-05-06 01:53:11,Website,Delivered,Cash on Delivery,Paid,INR,Bengaluru,Karnataka,Bengaluru,Karnataka,560037,FC-HYD-01,Express,2025-05-09,2025-05-10,2,7,118238.46,11823.85,239.35,0.00,106653.96,WELCOME10,N,,2025-05-10 06:38:11
501991,ORD501991,100740,2025-05-06,2025-05-06 05:54:20,Mobile App,Delivered,Cash on Delivery,Paid,INR,Hyderabad,Telangana,Hyderabad,Telangana,500081,FC-MUM-01,Standard,2025-05-11,2025-05-10,4,10,245122.72,24512.27,30719.69,0.00,251330.14,WELCOME10,N,,2025-05-14 12:27:20
500707,ORD500707,100406,2025-05-06,2025-05-06 06:04:18,Website,Delivered,Credit Card,Paid,INR,Bengaluru,Karnataka,Bengaluru,Karnataka,560037,FC-BLR-01,Express,2025-05-09,2025-05-09,5,12,167162.23,25074.33,24161.14,0.00,166249.04,FESTIVE15,N,,2025-05-08 12:13:18
502104,ORD502104,102200,2025-05-06,2025-05-06 06:31:21,Mobile App,Delivered,Cash on Delivery,Pending,INR,Secunderabad,Telangana,Secunderabad,Telangana,500003,FC-MUM-01,Standard,2025-05-11,2025-05-12,3,7,50546.65,2527.33,8596.13,0.00,56615.45,SAVE5,N,,2025-05-12 10:55:21
501734,ORD501734,101188,2025-05-06,2025-05-06 11:20:35,Store Assisted,Delivered,Debit Card,Paid,INR,Delhi,Delhi,Delhi,Delhi,110017,FC-CHE-01,Standard,2025-05-11,2025-05-11,1,1,677.56,135.51,65.05,90.00,697.10,APP20,Y,,2025-05-12 15:10:35
501320,ORD501320,100972,2025-05-06,2025-05-06 12:18:45,Mobile App,Returned,UPI,Refunded,INR,Secunderabad,Telangana,Secunderabad,Telangana,500003,FC-BLR-01,Standard,2025-05-11,2025-05-13,3,8,20686.73,2068.67,930.90,0.00,19548.96,WELCOME10,Y,,2025-05-10 20:26:45
501305,ORD501305,100712,2025-05-06,2025-05-06 12:29:30,Mobile App,Delivered,Cash on Delivery,Paid,INR,Chennai,Tamil Nadu,Chennai,Tamil Nadu,600042,FC-MUM-01,Express,2025-05-09,2025-05-10,1,4,3115.04,0.00,155.75,0.00,3270.79,,N,,2025-05-08 17:03:30
501357,ORD501357,101122,2025-05-06,2025-05-06 14:56:14,Marketplace,Delivered,Net Banking,Paid,INR,Hyderabad,Telangana,Hyderabad,Telangana,500081,FC-DEL-01,Standard,2025-05-11,2025-05-12,5,13,28107.51,0.00,3720.18,0.00,31827.69,,N,,2025-05-06 16:46:14
501424,ORD501424,101376,2025-05-06,2025-05-06 19:30:47,Store Assisted,Delivered,UPI,Paid,INR,Visakhapatnam,Andhra Pradesh,Visakhapatnam,Andhra Pradesh,530017,FC-BLR-01,Standard,2025-05-11,2025-05-11,5,8,105206.91,10520.69,24381.60,0.00,119067.82,WELCOME10,N,,2025-05-14 04:20:47
501804,ORD501804,100824,2025-05-06,2025-05-06 23:00:20,Store Assisted,Shipped,Debit Card,Paid,INR,Mumbai,Maharashtra,Mumbai,Maharashtra,400076,FC-MUM-01,Standard,2025-05-11,,4,10,54069.73,5406.97,8139.71,0.00,56802.47,LOYALTY10,N,,2025-05-09 02:09:20
501647,ORD501647,100001,2025-05-07,2025-05-07 07:12:15,Mobile App,Delivered,Cash on Delivery,Paid,INR,Mumbai,Maharashtra,Mumbai,Maharashtra,400076,FC-MUM-01,Express,2025-05-10,2025-05-10,1,1,2401.89,120.09,114.09,0.00,2395.89,SAVE5,N,,2025-05-11 08:02:15
501652,ORD501652,102232,2025-05-07,2025-05-07 07:53:00,Marketplace,Delivered,Wallet,Paid,INR,Bengaluru,Karnataka,Bengaluru,Karnataka,560037,FC-BLR-01,Standard,2025-05-12,2025-05-12,2,6,5890.70,0.00,525.99,0.00,6416.69,,Y,,2025-05-13 11:18:00
501105,ORD501105,100356,2025-05-07,2025-05-07 09:19:21,Marketplace,Delivered,Debit Card,Paid,INR,Vijayawada,Andhra Pradesh,Vijayawada,Andhra Pradesh,520010,FC-BLR-01,Standard,2025-05-12,2025-05-12,3,7,89460.66,0.00,24051.09,0.00,113511.75,,N,,2025-05-09 10:34:21
500765,ORD500765,101815,2025-05-07,2025-05-07 12:04:32,Store Assisted,Delivered,Debit Card,Paid,INR,Vijayawada,Andhra Pradesh,Vijayawada,Andhra Pradesh,520010,FC-BLR-01,Same Day,2025-05-07,2025-05-06,3,10,70525.07,10578.76,3540.87,0.00,63487.18,FESTIVE15,N,,2025-05-15 14:17:32
501127,ORD501127,100406,2025-05-08,2025-05-08 06:44:06,Website,Delivered,Debit Card,Paid,INR,Bengaluru,Karnataka,Bengaluru,Karnataka,560037,FC-BLR-01,Standard,2025-05-13,2025-05-14,4,9,112085.88,11208.59,19421.75,0.00,120299.04,WELCOME10,N,,2025-05-15 13:09:06
502135,ORD502135,100842,2025-05-08,2025-05-08 07:23:47,Marketplace,Delivered,Wallet,Paid,INR,Pune,Maharashtra,Pune,Maharashtra,411014,FC-BLR-01,Standard,2025-05-13,2025-05-15,1,4,62924.64,12584.93,6040.77,0.00,56380.48,APP20,N,,2025-05-08 09:36:47
500545,ORD500545,101682,2025-05-08,2025-05-08 12:13:22,Store Assisted,Delivered,Credit Card,Paid,INR,Secunderabad,Telangana,Secunderabad,Telangana,500003,FC-BLR-01,Same Day,2025-05-08,2025-05-10,5,12,177992.78,0.00,26917.87,0.00,204910.65,,N,,2025-05-14 20:12:22
502162,ORD502162,101762,2025-05-08,2025-05-08 18:38:48,Marketplace,Delivered,Cash on Delivery,Paid,INR,Warangal,Telangana,Warangal,Telangana,506002,FC-MUM-01,Express,2025-05-11,2025-05-11,3,6,5360.10,0.00,825.53,0.00,6185.63,,N,,2025-05-12 20:28:48
500193,ORD500193,101766,2025-05-09,2025-05-09 09:08:36,Mobile App,Delivered,Net Banking,Paid,INR,Mumbai,Maharashtra,Vijayawada,Andhra Pradesh,520010,FC-HYD-01,Standard,2025-05-14,2025-05-14,3,6,69454.33,3472.72,7272.85,0.00,73254.46,SAVE5,N,,2025-05-09 15:55:36
502330,ORD502330,102212,2025-05-09,2025-05-09 18:11:43,Store Assisted,Delivered,Wallet,Paid,INR,Bengaluru,Karnataka,Bengaluru,Karnataka,560037,FC-HYD-01,Standard,2025-05-14,2025-05-14,2,4,20228.52,2022.85,3765.55,0.00,21971.22,WELCOME10,Y,,2025-05-12 23:57:43
500043,ORD500043,101491,2025-05-09,2025-05-09 19:47:29,Website,Delivered,Credit Card,Paid,INR,Visakhapatnam,Andhra Pradesh,Visakhapatnam,Andhra Pradesh,530017,FC-BLR-01,Standard,2025-05-14,2025-05-14,4,9,89215.23,0.00,11803.53,0.00,101018.76,,N,,2025-05-11 22:13:29
501729,ORD501729,100175,2025-05-09,2025-05-09 21:37:07,Website,Delivered,Net Banking,Paid,INR,Vijayawada,Andhra Pradesh,Vijayawada,Andhra Pradesh,520010,FC-MUM-01,Standard,2025-05-14,2025-05-15,1,4,6410.96,0.00,1153.97,0.00,7564.93,,N,,2025-05-14 21:39:07
500854,ORD500854,100878,2025-05-09,2025-05-09 21:53:28,Marketplace,Delivered,Net Banking,Paid,INR,Chennai,Tamil Nadu,Chennai,Tamil Nadu,600042,FC-MUM-01,Standard,2025-05-14,2025-05-15,4,11,229975.41,45995.08,23105.53,0.00,207085.86,APP20,N,,2025-05-10 01:56:28
500769,ORD500769,101035,2025-05-10,2025-05-10 02:14:17,Store Assisted,Delivered,Credit Card,Paid,INR,Hyderabad,Telangana,Hyderabad,Telangana,500081,FC-CHE-01,Express,2025-05-13,2025-05-12,3,7,9513.14,951.31,0.00,0.00,8561.83,WELCOME10,Y,,2025-05-12 02:59:17
502279,ORD502279,100093,2025-05-10,2025-05-10 06:23:39,Marketplace,Shipped,Net Banking,Paid,INR,Pune,Maharashtra,Pune,Maharashtra,411014,FC-BLR-01,Standard,2025-05-15,,3,8,4549.74,454.97,315.81,0.00,4410.58,LOYALTY10,N,,2025-05-11 10:03:39
500663,ORD500663,100309,2025-05-10,2025-05-10 10:45:48,Marketplace,Returned,Debit Card,Refunded,INR,Visakhapatnam,Andhra Pradesh,Secunderabad,Telangana,500003,FC-HYD-01,Express,2025-05-13,2025-05-15,5,12,151053.55,0.00,851.02,0.00,151904.57,,N,,2025-05-16 12:14:48
501110,ORD501110,101871,2025-05-10,2025-05-10 20:00:59,Marketplace,Delivered,Cash on Delivery,Paid,INR,Bengaluru,Karnataka,Secunderabad,Telangana,500003,FC-DEL-01,Standard,2025-05-15,2025-05-15,4,8,85082.08,0.00,19619.08,0.00,104701.16,,N,,2025-05-16 04:05:59
500444,ORD500444,100667,2025-05-11,2025-05-11 06:45:32,Website,Delivered,Credit Card,Paid,INR,Visakhapatnam,Andhra Pradesh,Visakhapatnam,Andhra Pradesh,530017,FC-BLR-01,Standard,2025-05-16,2025-05-16,1,2,29688.22,0.00,5343.88,0.00,35032.10,,N,,2025-05-19 09:40:32
500455,ORD500455,100859,2025-05-11,2025-05-11 12:46:30,Store Assisted,Delivered,Net Banking,Paid,INR,Warangal,Telangana,Warangal,Telangana,506002,FC-CHE-01,Same Day,2025-05-11,2025-05-11,2,5,3959.13,197.96,470.84,0.00,4232.01,SAVE5,N,,2025-05-14 18:20:30
502301,ORD502301,101106,2025-05-11,2025-05-11 13:25:10,Mobile App,Delivered,Debit Card,Paid,INR,Visakhapatnam,Andhra Pradesh,Visakhapatnam,Andhra Pradesh,530017,FC-DEL-01,Standard,2025-05-16,2025-05-15,3,7,139055.28,0.00,24827.47,0.00,163882.75,,N,,2025-05-11 18:04:10
501959,ORD501959,101635,2025-05-11,2025-05-11 23:39:22,Website,Delivered,Credit Card,Paid,INR,Chennai,Tamil Nadu,Chennai,Tamil Nadu,600042,FC-BLR-01,Standard,2025-05-16,2025-05-16,3,9,117484.09,11748.41,9368.41,0.00,115104.09,WELCOME10,N,,2025-05-12 04:31:22
501886,ORD501886,101967,2025-05-12,2025-05-12 16:29:02,Mobile App,Delivered,Cash on Delivery,Paid,INR,Bengaluru,Karnataka,Bengaluru,Karnataka,560037,FC-BLR-01,Express,2025-05-15,2025-05-15,4,10,140630.08,28126.02,19771.86,0.00,132275.92,APP20,N,,2025-05-17 22:14:02
502209,ORD502209,101547,2025-05-12,2025-05-12 16:41:29,Marketplace,Delivered,Debit Card,Paid,INR,Warangal,Telangana,Warangal,Telangana,506002,FC-CHE-01,Same Day,2025-05-12,2025-05-13,4,9,110581.80,0.00,10488.05,0.00,121069.85,,Y,,2025-05-12 23:45:29
500491,ORD500491,101751,2025-05-12,2025-05-12 19:46:52,Mobile App,Delivered,Wallet,Paid,INR,Pune,Maharashtra,Pune,Maharashtra,411014,FC-HYD-01,Standard,2025-05-17,2025-05-17,1,4,54107.04,2705.35,6168.20,0.00,57569.89,SAVE5,Y,,2025-05-13 21:47:52
502077,ORD502077,100536,2025-05-12,2025-05-12 20:26:53,Mobile App,Shipped,Cash on Delivery,Pending,INR,Secunderabad,Telangana,Secunderabad,Telangana,500003,FC-DEL-01,Same Day,2025-05-12,,3,12,65785.36,3289.27,10970.78,0.00,73466.87,SAVE5,Y,,2025-05-19 00:04:53
501876,ORD501876,100374,2025-05-13,2025-05-13 04:58:55,Marketplace,Cancelled,UPI,Failed,INR,Secunderabad,Telangana,Secunderabad,Telangana,500003,FC-HYD-01,Standard,2025-05-18,,5,9,36805.51,0.00,6492.94,0.00,43298.45,,N,Address Issue,2025-05-15 11:11:55
501691,ORD501691,100390,2025-05-13,2025-05-13 05:55:25,Website,Delivered,UPI,Paid,INR,Pune,Maharashtra,Pune,Maharashtra,411014,FC-HYD-01,Express,2025-05-16,2025-05-17,5,10,40010.24,4001.02,4894.23,0.00,40903.45,LOYALTY10,N,,2025-05-21 11:13:25
501968,ORD501968,100023,2025-05-13,2025-05-13 07:43:29,Mobile App,Delivered,Cash on Delivery,Paid,INR,Hyderabad,Telangana,Hyderabad,Telangana,500081,FC-CHE-01,Express,2025-05-16,2025-05-15,5,14,20205.07,2020.51,3725.41,0.00,21909.97,LOYALTY10,N,,2025-05-20 08:23:29
500437,ORD500437,101816,2025-05-13,2025-05-13 15:26:30,Marketplace,Returned,Cash on Delivery,Refunded,INR,Vijayawada,Andhra Pradesh,Vijayawada,Andhra Pradesh,520010,FC-HYD-01,Standard,2025-05-18,2025-05-18,5,11,299769.10,0.00,65872.21,0.00,365641.31,,Y,,2025-05-13 18:12:30
502204,ORD502204,102151,2025-05-13,2025-05-13 16:42:03,Website,Cancelled,Wallet,Failed,INR,Bengaluru,Karnataka,Hyderabad,Telangana,500081,FC-BLR-01,Standard,2025-05-18,,1,2,4803.78,0.00,240.19,0.00,5043.97,,N,Address Issue,2025-05-13 19:11:03
501536,ORD501536,102113,2025-05-13,2025-05-13 22:57:42,Store Assisted,Delivered,Net Banking,Paid,INR,Visakhapatnam,Andhra Pradesh,Visakhapatnam,Andhra Pradesh,530017,FC-HYD-01,Standard,2025-05-18,2025-05-19,2,6,18225.93,3645.19,0.00,0.00,14580.74,APP20,N,,2025-05-21 01:00:42
500909,ORD500909,101867,2025-05-14,2025-05-14 04:36:09,Marketplace,Delivered,Debit Card,Paid,INR,Chennai,Tamil Nadu,Chennai,Tamil Nadu,600042,FC-HYD-01,Standard,2025-05-19,2025-05-20,1,3,47193.48,7079.02,4813.74,0.00,44928.20,FESTIVE15,Y,,2025-05-16 12:05:09
500262,ORD500262,101903,2025-05-14,2025-05-14 05:45:01,Website,Delivered,Debit Card,Paid,INR,Mumbai,Maharashtra,Mumbai,Maharashtra,400076,FC-BLR-01,Express,2025-05-17,2025-05-18,2,4,7098.81,0.00,199.31,0.00,7298.12,,N,,2025-05-16 12:58:01
501041,ORD501041,100960,2025-05-14,2025-05-14 16:41:18,Marketplace,Delivered,UPI,Paid,INR,Bengaluru,Karnataka,Bengaluru,Karnataka,560037,FC-CHE-01,Standard,2025-05-19,2025-05-20,1,1,5400.72,810.11,826.31,0.00,5416.92,FESTIVE15,N,,2025-05-14 22:27:18
501011,ORD501011,101642,2025-05-14,2025-05-14 21:56:40,Store Assisted,Delivered,UPI,Pending,INR,Hyderabad,Telangana,Hyderabad,Telangana,500081,FC-CHE-01,Standard,2025-05-19,2025-05-19,4,10,136017.15,20402.57,17021.75,0.00,132636.33,FESTIVE15,N,,2025-05-16 22:46:40
501598,ORD501598,102153,2025-05-15,2025-05-15 07:10:14,Mobile App,Delivered,Credit Card,Paid,INR,Visakhapatnam,Andhra Pradesh,Visakhapatnam,Andhra Pradesh,530017,FC-DEL-01,Standard,2025-05-20,2025-05-22,3,10,145700.59,0.00,29998.97,0.00,175699.56,,Y,,2025-05-21 09:16:14
502335,ORD502335,101300,2025-05-16,2025-05-16 10:37:08,Website,Delivered,Net Banking,Paid,INR,Pune,Maharashtra,Pune,Maharashtra,411014,FC-HYD-01,Same Day,2025-05-16,2025-05-16,2,3,3296.33,329.63,541.19,0.00,3507.89,LOYALTY10,N,,2025-05-23 16:56:08
501328,ORD501328,101427,2025-05-16,2025-05-16 17:32:38,Website,Delivered,Net Banking,Paid,INR,Vijayawada,Andhra Pradesh,Delhi,Delhi,110017,FC-HYD-01,Standard,2025-05-21,2025-05-21,4,7,6223.80,0.00,393.04,0.00,6616.84,,N,,2025-05-17 01:57:38
501136,ORD501136,101552,2025-05-16,2025-05-16 20:39:41,Store Assisted,Delivered,UPI,Paid,INR,Vijayawada,Andhra Pradesh,Vijayawada,Andhra Pradesh,520010,FC-BLR-01,Express,2025-05-19,2025-05-19,1,2,43299.72,2164.99,0.00,0.00,41134.73,SAVE5,N,,2025-05-19 22:45:41
500381,ORD500381,101060,2025-05-17,2025-05-17 00:46:39,Website,Delivered,Cash on Delivery,Paid,INR,Bengaluru,Karnataka,Bengaluru,Karnataka,560037,FC-BLR-01,Express,2025-05-20,2025-05-20,1,4,3506.32,525.95,536.47,0.00,3516.84,FESTIVE15,N,,2025-05-21 02:26:39
501783,ORD501783,100968,2025-05-17,2025-05-17 03:33:06,Mobile App,Shipped,Debit Card,Paid,INR,Hyderabad,Telangana,Hyderabad,Telangana,500081,FC-DEL-01,Standard,2025-05-22,,3,6,74463.06,7446.31,11959.27,0.00,78976.02,LOYALTY10,N,,2025-05-25 08:17:06
501972,ORD501972,100478,2025-05-17,2025-05-17 03:43:28,Marketplace,Delivered,Wallet,Paid,INR,Vijayawada,Andhra Pradesh,Vijayawada,Andhra Pradesh,520010,FC-BLR-01,Standard,2025-05-22,2025-05-22,4,13,118981.53,11898.15,244.89,0.00,107328.27,WELCOME10,Y,,2025-05-20 04:06:28
500454,ORD500454,100313,2025-05-17,2025-05-17 09:43:33,Mobile App,Returned,Wallet,Partially Refunded,INR,Visakhapatnam,Andhra Pradesh,Visakhapatnam,Andhra Pradesh,530017,FC-CHE-01,Express,2025-05-20,2025-05-22,4,10,165820.84,16582.08,31865.53,0.00,181104.29,LOYALTY10,N,,2025-05-21 12:29:33
501474,ORD501474,101747,2025-05-18,2025-05-18 00:34:40,Marketplace,Delivered,Debit Card,Paid,INR,Vijayawada,Andhra Pradesh,Vijayawada,Andhra Pradesh,520010,FC-MUM-01,Standard,2025-05-23,2025-05-23,1,3,8264.82,0.00,991.78,0.00,9256.60,,Y,,2025-05-24 03:50:40
502327,ORD502327,101664,2025-05-18,2025-05-18 01:24:37,Marketplace,Delivered,UPI,Paid,INR,Warangal,Telangana,Warangal,Telangana,506002,FC-CHE-01,Standard,2025-05-23,2025-05-23,1,1,5437.86,815.68,0.00,0.00,4622.18,FESTIVE15,N,,2025-05-24 06:07:37
501347,ORD501347,100778,2025-05-18,2025-05-18 01:40:34,Mobile App,Cancelled,Net Banking,Voided,INR,Hyderabad,Telangana,Hyderabad,Telangana,500081,FC-HYD-01,Standard,2025-05-23,,1,2,25843.96,3876.59,2636.08,0.00,24603.45,FESTIVE15,N,Address Issue,2025-05-19 06:28:34
501856,ORD501856,101521,2025-05-18,2025-05-18 08:08:41,Mobile App,Cancelled,Credit Card,Failed,INR,Bengaluru,Karnataka,Bengaluru,Karnataka,560037,FC-BLR-01,Standard,2025-05-23,,2,3,31999.88,0.00,188.50,0.00,32188.38,,N,Payment Failure,2025-05-20 10:00:41
500751,ORD500751,100071,2025-05-18,2025-05-18 22:18:06,Website,Delivered,Cash on Delivery,Paid,INR,Hyderabad,Telangana,Hyderabad,Telangana,500081,FC-MUM-01,Express,2025-05-21,2025-05-22,4,11,101286.17,0.00,8321.83,0.00,109608.00,,N,,2025-05-23 02:06:06
502230,ORD502230,100308,2025-05-19,2025-05-19 00:43:07,Mobile App,Returned,UPI,Refunded,INR,Delhi,Delhi,Hyderabad,Telangana,500081,FC-MUM-01,Express,2025-05-22,2025-05-24,3,9,13553.09,0.00,1769.07,0.00,15322.16,,Y,,2025-05-21 03:22:07
502214,ORD502214,101815,2025-05-19,2025-05-19 00:44:09,Marketplace,Delivered,UPI,Paid,INR,Vijayawada,Andhra Pradesh,Vijayawada,Andhra Pradesh,520010,FC-CHE-01,Express,2025-05-22,2025-05-23,4,12,75144.42,3757.22,11811.15,0.00,83198.35,SAVE5,N,,2025-05-21 03:56:09
501023,ORD501023,100537,2025-05-19,2025-05-19 04:23:45,Mobile App,Cancelled,UPI,Voided,INR,Pune,Maharashtra,Pune,Maharashtra,411014,FC-CHE-01,Standard,2025-05-24,,5,11,93654.37,9365.44,12303.73,0.00,96592.66,LOYALTY10,N,Payment Failure,2025-05-20 08:49:45
501040,ORD501040,102293,2025-05-19,2025-05-19 05:54:03,Store Assisted,Delivered,Credit Card,Paid,INR,Delhi,Delhi,Delhi,Delhi,110017,FC-DEL-01,Express,2025-05-22,2025-05-22,3,10,153259.22,0.00,29985.98,0.00,183245.20,,Y,,2025-05-20 12:52:03
500120,ORD500120,100822,2025-05-20,2025-05-20 09:58:28,Mobile App,Delivered,Cash on Delivery,Paid,INR,Bengaluru,Karnataka,Bengaluru,Karnataka,560037,FC-MUM-01,Same Day,2025-05-20,2025-05-22,1,3,16895.97,1689.60,4257.78,0.00,19464.15,LOYALTY10,N,,2025-05-20 18:39:28
500134,ORD500134,100997,2025-05-20,2025-05-20 22:48:29,Marketplace,Cancelled,Wallet,Refunded,INR,Vijayawada,Andhra Pradesh,Vijayawada,Andhra Pradesh,520010,FC-MUM-01,Standard,2025-05-25,,3,7,176925.28,26538.79,18703.44,0.00,169089.93,FESTIVE15,N,Address Issue,2025-05-21 06:52:29
500670,ORD500670,101235,2025-05-21,2025-05-21 01:09:56,Website,Delivered,Credit Card,Paid,INR,Secunderabad,Telangana,Secunderabad,Telangana,500003,FC-HYD-01,Same Day,2025-05-21,2025-05-22,5,17,267233.27,0.00,23244.91,0.00,290478.18,,Y,,2025-05-29 06:42:56
501049,ORD501049,100066,2025-05-21,2025-05-21 07:45:00,Marketplace,Cancelled,Debit Card,Refunded,INR,Chennai,Tamil Nadu,Chennai,Tamil Nadu,600042,FC-MUM-01,Standard,2025-05-26,,2,5,89391.74,13408.76,14225.39,0.00,90208.37,FESTIVE15,Y,Duplicate Order,2025-05-24 07:52:00
501905,ORD501905,101910,2025-05-22,2025-05-22 02:09:11,Marketplace,Returned,Net Banking,Partially Refunded,INR,Vijayawada,Andhra Pradesh,Vijayawada,Andhra Pradesh,520010,FC-DEL-01,Standard,2025-05-27,2025-05-27,5,11,155003.74,0.00,18432.32,0.00,173436.06,,N,,2025-05-25 02:09:11
502263,ORD502263,100143,2025-05-22,2025-05-22 03:04:17,Mobile App,Cancelled,Net Banking,Voided,INR,Visakhapatnam,Andhra Pradesh,Visakhapatnam,Andhra Pradesh,530017,FC-MUM-01,Standard,2025-05-27,,1,4,3715.64,371.56,167.20,0.00,3511.28,LOYALTY10,Y,Duplicate Order,2025-05-22 11:58:17
500079,ORD500079,100220,2025-05-22,2025-05-22 09:58:36,Website,Delivered,UPI,Paid,INR,Delhi,Delhi,Delhi,Delhi,110017,FC-CHE-01,Standard,2025-05-27,2025-05-27,4,11,49155.12,4915.51,8179.89,0.00,52419.50,WELCOME10,Y,,2025-05-30 13:58:36
501674,ORD501674,100438,2025-05-22,2025-05-22 10:10:11,Store Assisted,Cancelled,Cash on Delivery,Voided,INR,Mumbai,Maharashtra,Hyderabad,Telangana,500081,FC-MUM-01,Standard,2025-05-27,,5,13,57240.88,2862.04,9786.70,0.00,64165.54,SAVE5,N,Customer Request,2025-05-26 15:39:11
500023,ORD500023,100073,2025-05-22,2025-05-22 15:22:14,Marketplace,Delivered,Wallet,Paid,INR,Pune,Maharashtra,Pune,Maharashtra,411014,FC-BLR-01,Standard,2025-05-27,2025-05-27,3,10,39845.64,1992.28,3586.70,0.00,41440.06,SAVE5,Y,,2025-05-30 23:20:14
500836,ORD500836,102053,2025-05-22,2025-05-22 17:44:28,Store Assisted,Delivered,Credit Card,Paid,INR,Mumbai,Maharashtra,Mumbai,Maharashtra,400076,FC-MUM-01,Standard,2025-05-27,2025-05-28,3,6,6592.45,0.00,1539.01,0.00,8131.46,,N,,2025-05-27 23:29:28
501476,ORD501476,100553,2025-05-22,2025-05-22 18:23:13,Mobile App,Delivered,UPI,Paid,INR,Pune,Maharashtra,Pune,Maharashtra,411014,FC-MUM-01,Express,2025-05-25,2025-05-25,4,11,63509.04,9526.36,1253.31,0.00,55235.99,FESTIVE15,N,,2025-05-25 01:04:13
500602,ORD500602,101129,2025-05-22,2025-05-22 18:57:18,Website,Cancelled,UPI,Failed,INR,Bengaluru,Karnataka,Bengaluru,Karnataka,560037,FC-BLR-01,Same Day,2025-05-22,,4,9,33509.56,3350.96,1699.86,0.00,31858.46,LOYALTY10,N,Payment Failure,2025-05-25 02:55:18
500874,ORD500874,100894,2025-05-22,2025-05-22 19:15:55,Store Assisted,Delivered,Debit Card,Paid,INR,Vijayawada,Andhra Pradesh,Vijayawada,Andhra Pradesh,520010,FC-BLR-01,Express,2025-05-25,2025-05-26,5,9,79907.84,15981.57,17417.19,0.00,81343.46,APP20,N,,2025-05-26 23:14:55
501735,ORD501735,101711,2025-05-23,2025-05-23 04:53:18,Mobile App,Delivered,Wallet,Paid,INR,Mumbai,Maharashtra,Mumbai,Maharashtra,400076,FC-MUM-01,Standard,2025-05-28,2025-05-28,1,2,2569.60,256.96,277.52,0.00,2590.16,LOYALTY10,Y,,2025-05-28 10:01:18
501256,ORD501256,101382,2025-05-23,2025-05-23 07:49:16,Mobile App,Shipped,Net Banking,Paid,INR,Warangal,Telangana,Mumbai,Maharashtra,400076,FC-DEL-01,Standard,2025-05-28,,3,11,113357.91,22671.58,2574.66,0.00,93260.99,APP20,N,,2025-05-27 11:48:16
502062,ORD502062,100980,2025-05-23,2025-05-23 17:44:11,Store Assisted,Delivered,Net Banking,Paid,INR,Hyderabad,Telangana,Hyderabad,Telangana,500081,FC-CHE-01,Standard,2025-05-28,2025-05-29,3,9,26283.78,0.00,1947.54,0.00,28231.32,,N,,2025-05-30 18:18:11
500301,ORD500301,100513,2025-05-24,2025-05-24 10:20:44,Marketplace,Delivered,Net Banking,Paid,INR,Chennai,Tamil Nadu,Chennai,Tamil Nadu,600042,FC-CHE-01,Standard,2025-05-29,2025-05-30,3,9,62893.60,9434.04,8816.49,0.00,62276.05,FESTIVE15,N,,2025-05-26 16:43:44
500606,ORD500606,101461,2025-05-24,2025-05-24 11:40:53,Store Assisted,Delivered,Credit Card,Paid,INR,Vijayawada,Andhra Pradesh,Visakhapatnam,Andhra Pradesh,530017,FC-HYD-01,Standard,2025-05-29,2025-05-29,2,5,8146.44,814.64,697.41,0.00,8029.21,LOYALTY10,N,,2025-06-01 20:29:53
502357,ORD502357,100682,2025-05-24,2025-05-24 15:18:50,Website,Delivered,Wallet,Paid,INR,Warangal,Telangana,Warangal,Telangana,506002,FC-DEL-01,Standard,2025-05-29,2025-05-29,2,5,138507.63,13850.76,14897.05,0.00,139553.92,WELCOME10,N,,2025-05-25 21:56:50
501970,ORD501970,100971,2025-05-24,2025-05-24 16:38:09,Store Assisted,Delivered,Credit Card,Paid,INR,Delhi,Delhi,Delhi,Delhi,110017,FC-MUM-01,Standard,2025-05-29,2025-05-28,5,19,150862.98,15086.30,34763.90,0.00,170540.58,LOYALTY10,N,,2025-05-29 18:10:09
500309,ORD500309,101870,2025-05-25,2025-05-25 02:03:01,Marketplace,Returned,Wallet,Refunded,INR,Visakhapatnam,Andhra Pradesh,Visakhapatnam,Andhra Pradesh,530017,FC-CHE-01,Express,2025-05-28,2025-05-28,1,1,6452.61,0.00,1806.73,0.00,8259.34,,N,,2025-05-31 07:18:01
501872,ORD501872,102265,2025-05-25,2025-05-25 02:05:27,Marketplace,Delivered,Wallet,Paid,INR,Chennai,Tamil Nadu,Chennai,Tamil Nadu,600042,FC-DEL-01,Standard,2025-05-30,2025-05-30,3,8,175854.66,17585.47,26804.54,0.00,185073.73,LOYALTY10,Y,,2025-06-01 08:05:27
501678,ORD501678,101044,2025-05-25,2025-05-25 07:05:29,Marketplace,Delivered,UPI,Paid,INR,Hyderabad,Telangana,Hyderabad,Telangana,500081,FC-DEL-01,Express,2025-05-28,2025-05-29,4,13,10940.26,1094.03,1454.93,0.00,11301.16,WELCOME10,N,,2025-06-02 12:52:29
500496,ORD500496,100857,2025-05-25,2025-05-25 18:16:40,Store Assisted,Delivered,UPI,Paid,INR,Hyderabad,Telangana,Hyderabad,Telangana,500081,FC-CHE-01,Standard,2025-05-30,2025-05-30,5,12,55960.79,0.00,7655.18,0.00,63615.97,,Y,,2025-05-28 01:46:40
500614,ORD500614,101091,2025-05-26,2025-05-26 10:40:57,Website,Shipped,Wallet,Pending,INR,Hyderabad,Telangana,Hyderabad,Telangana,500081,FC-MUM-01,Standard,2025-05-31,,4,4,36361.82,3636.18,2267.16,0.00,34992.80,LOYALTY10,N,,2025-05-31 14:45:57
500793,ORD500793,101161,2025-05-26,2025-05-26 11:06:46,Store Assisted,Delivered,UPI,Paid,INR,Visakhapatnam,Andhra Pradesh,Visakhapatnam,Andhra Pradesh,530017,FC-BLR-01,Express,2025-05-29,2025-05-30,4,12,169344.74,25401.71,8879.79,0.00,152822.82,FESTIVE15,N,,2025-05-27 17:29:46
501644,ORD501644,101868,2025-05-27,2025-05-27 03:21:30,Marketplace,Delivered,Wallet,Paid,INR,Warangal,Telangana,Warangal,Telangana,506002,FC-MUM-01,Standard,2025-06-01,2025-06-02,5,13,18291.91,0.00,1215.62,0.00,19507.53,,N,,2025-05-29 10:01:30
502051,ORD502051,100494,2025-05-28,2025-05-28 07:06:33,Website,Shipped,Credit Card,Paid,INR,Secunderabad,Telangana,Secunderabad,Telangana,500003,FC-HYD-01,Standard,2025-06-02,,5,10,92337.02,9233.70,10174.65,0.00,93277.97,LOYALTY10,N,,2025-05-31 14:53:33
501588,ORD501588,100440,2025-05-28,2025-05-28 09:24:47,Marketplace,Delivered,Cash on Delivery,Paid,INR,Vijayawada,Andhra Pradesh,Vijayawada,Andhra Pradesh,520010,FC-DEL-01,Standard,2025-06-02,2025-06-02,5,13,46504.75,0.00,3602.74,0.00,50107.49,,Y,,2025-05-29 10:59:47
501243,ORD501243,100723,2025-05-28,2025-05-28 20:14:37,Marketplace,Delivered,Credit Card,Paid,INR,Visakhapatnam,Andhra Pradesh,Visakhapatnam,Andhra Pradesh,530017,FC-DEL-01,Express,2025-05-31,2025-06-01,1,3,1692.90,169.29,76.18,0.00,1599.79,LOYALTY10,N,,2025-05-29 01:46:37
500902,ORD500902,100742,2025-05-29,2025-05-29 01:49:28,Store Assisted,Delivered,Cash on Delivery,Paid,INR,Warangal,Telangana,Warangal,Telangana,506002,FC-HYD-01,Standard,2025-06-03,2025-06-03,4,15,75872.07,15174.41,7710.05,0.00,68407.71,APP20,N,,2025-06-04 03:53:28
501457,ORD501457,100054,2025-05-29,2025-05-29 02:57:08,Mobile App,Cancelled,Net Banking,Refunded,INR,Hyderabad,Telangana,Hyderabad,Telangana,500081,FC-DEL-01,Standard,2025-06-03,,1,1,2264.41,339.66,346.45,0.00,2271.20,FESTIVE15,N,Inventory Unavailable,2025-06-02 06:52:08
501546,ORD501546,101086,2025-05-29,2025-05-29 03:41:18,Mobile App,Delivered,Debit Card,Paid,INR,Secunderabad,Telangana,Secunderabad,Telangana,500003,FC-CHE-01,Standard,2025-06-03,2025-06-02,2,8,236062.08,11803.10,36591.64,0.00,260850.62,SAVE5,N,,2025-06-03 06:31:18
500569,ORD500569,100206,2025-05-29,2025-05-29 03:52:45,Store Assisted,Delivered,Credit Card,Paid,INR,Visakhapatnam,Andhra Pradesh,Visakhapatnam,Andhra Pradesh,530017,FC-BLR-01,Standard,2025-06-03,2025-06-04,1,4,5215.16,521.52,563.24,0.00,5256.88,WELCOME10,N,,2025-06-04 08:05:45
502035,ORD502035,102027,2025-05-29,2025-05-29 05:40:03,Website,Returned,Net Banking,Partially Refunded,INR,Pune,Maharashtra,Visakhapatnam,Andhra Pradesh,530017,FC-BLR-01,Standard,2025-06-03,2025-06-03,4,7,36110.69,5416.60,5249.56,0.00,35943.65,FESTIVE15,Y,,2025-06-03 06:43:03
502303,ORD502303,101729,2025-05-29,2025-05-29 05:52:05,Store Assisted,Delivered,Debit Card,Pending,INR,Secunderabad,Telangana,Secunderabad,Telangana,500003,FC-MUM-01,Standard,2025-06-03,2025-06-03,1,4,2411.40,241.14,0.00,0.00,2170.26,WELCOME10,N,,2025-06-03 05:57:05
502332,ORD502332,101309,2025-05-29,2025-05-29 09:21:17,Store Assisted,Delivered,Cash on Delivery,Paid,INR,Visakhapatnam,Andhra Pradesh,Visakhapatnam,Andhra Pradesh,530017,FC-BLR-01,Standard,2025-06-03,2025-06-04,2,3,13469.52,2693.90,2913.34,0.00,13688.96,APP20,Y,,2025-05-29 10:43:17
500285,ORD500285,100277,2025-05-29,2025-05-29 11:22:17,Mobile App,Returned,Debit Card,Refunded,INR,Delhi,Delhi,Delhi,Delhi,110017,FC-BLR-01,Standard,2025-06-03,2025-06-03,4,10,10220.16,1533.02,2071.18,0.00,10758.32,FESTIVE15,N,,2025-06-01 20:20:17
500984,ORD500984,101991,2025-05-29,2025-05-29 17:25:47,Marketplace,Delivered,UPI,Paid,INR,Mumbai,Maharashtra,Mumbai,Maharashtra,400076,FC-BLR-01,Standard,2025-06-03,2025-06-03,5,13,94053.90,9405.39,17097.30,0.00,101745.81,WELCOME10,N,,2025-05-30 02:22:47
502066,ORD502066,100305,2025-05-30,2025-05-30 09:25:29,Mobile App,Delivered,Cash on Delivery,Paid,INR,Vijayawada,Andhra Pradesh,Vijayawada,Andhra Pradesh,520010,FC-HYD-01,Express,2025-06-02,2025-06-02,4,11,17965.00,2694.75,502.03,0.00,15772.28,FESTIVE15,N,,2025-06-01 11:40:29
501385,ORD501385,100460,2025-05-30,2025-05-30 16:38:26,Website,Delivered,Debit Card,Paid,INR,Secunderabad,Telangana,Secunderabad,Telangana,500003,FC-BLR-01,Same Day,2025-05-30,2025-05-30,2,6,90975.00,0.00,25473.00,0.00,116448.00,,N,,2025-05-31 19:54:26
500560,ORD500560,101577,2025-05-31,2025-05-31 11:28:57,Marketplace,Cancelled,UPI,Voided,INR,Visakhapatnam,Andhra Pradesh,Vijayawada,Andhra Pradesh,520010,FC-BLR-01,Standard,2025-06-05,,3,9,49211.99,9842.40,117.20,0.00,39486.79,APP20,Y,Duplicate Order,2025-06-04 16:44:57
502297,ORD502297,100145,2025-05-31,2025-05-31 11:50:37,Website,Cancelled,Credit Card,Failed,INR,Vijayawada,Andhra Pradesh,Secunderabad,Telangana,500003,FC-CHE-01,Standard,2025-06-05,,3,7,50291.02,0.00,4964.72,0.00,55255.74,,Y,Address Issue,2025-06-08 15:34:37
500596,ORD500596,101305,2025-05-31,2025-05-31 21:07:53,Mobile App,Cancelled,Credit Card,Failed,INR,Secunderabad,Telangana,Secunderabad,Telangana,500003,FC-HYD-01,Express,2025-06-03,,1,2,26992.32,2699.23,4372.76,0.00,28665.85,LOYALTY10,Y,Duplicate Order,2025-06-01 21:50:53
500992,ORD500992,100390,2025-06-01,2025-06-01 05:57:23,Marketplace,Delivered,Credit Card,Paid,INR,Pune,Maharashtra,Pune,Maharashtra,411014,FC-HYD-01,Standard,2025-06-06,2025-06-07,2,4,41607.81,0.00,2180.13,0.00,43787.94,,N,,2025-06-03 06:46:23
501475,ORD501475,101208,2025-06-01,2025-06-01 11:11:28,Store Assisted,Delivered,Cash on Delivery,Paid,INR,Bengaluru,Karnataka,Bengaluru,Karnataka,560037,FC-MUM-01,Standard,2025-06-06,2025-06-05,3,9,152690.95,0.00,19225.86,0.00,171916.81,,N,,2025-06-01 16:34:28
500225,ORD500225,101590,2025-06-01,2025-06-01 17:41:48,Store Assisted,Delivered,Wallet,Paid,INR,Secunderabad,Telangana,Warangal,Telangana,506002,FC-DEL-01,Standard,2025-06-06,2025-06-08,5,16,172135.50,34427.10,21137.18,0.00,158845.58,APP20,N,,2025-06-03 18:23:48
501048,ORD501048,100140,2025-06-01,2025-06-01 21:00:40,Mobile App,Delivered,UPI,Paid,INR,Warangal,Telangana,Warangal,Telangana,506002,FC-BLR-01,Standard,2025-06-06,2025-06-08,2,5,5792.37,0.00,1042.63,0.00,6835.00,,Y,,2025-06-08 04:32:40
501607,ORD501607,102079,2025-06-02,2025-06-02 07:56:50,Store Assisted,Delivered,Wallet,Pending,INR,Delhi,Delhi,Delhi,Delhi,110017,FC-DEL-01,Standard,2025-06-07,2025-06-07,1,2,8386.68,0.00,1006.40,0.00,9393.08,,N,,2025-06-08 16:44:50
500647,ORD500647,102293,2025-06-02,2025-06-02 15:15:29,Marketplace,Shipped,Net Banking,Paid,INR,Delhi,Delhi,Hyderabad,Telangana,500081,FC-MUM-01,Standard,2025-06-07,,2,2,17127.69,0.00,1085.37,0.00,18213.06,,N,,2025-06-06 16:57:29
500659,ORD500659,101604,2025-06-03,2025-06-03 10:47:23,Mobile App,Delivered,Credit Card,Paid,INR,Secunderabad,Telangana,Chennai,Tamil Nadu,600042,FC-CHE-01,Standard,2025-06-08,2025-06-08,1,4,11019.76,0.00,1322.37,0.00,12342.13,,N,,2025-06-09 11:42:23
500798,ORD500798,101436,2025-06-03,2025-06-03 14:30:13,Store Assisted,Delivered,Net Banking,Paid,INR,Pune,Maharashtra,Pune,Maharashtra,411014,FC-MUM-01,Standard,2025-06-08,2025-06-08,3,7,129371.82,6468.59,8948.37,0.00,131851.60,SAVE5,N,,2025-06-03 22:05:13
502223,ORD502223,101856,2025-06-03,2025-06-03 15:52:25,Mobile App,Delivered,Debit Card,Paid,INR,Mumbai,Maharashtra,Mumbai,Maharashtra,400076,FC-CHE-01,Express,2025-06-06,2025-06-06,1,2,43575.68,2178.78,7451.44,0.00,48848.34,SAVE5,N,,2025-06-11 17:13:25
502164,ORD502164,100049,2025-06-03,2025-06-03 20:13:34,Website,Returned,Net Banking,Partially Refunded,INR,Secunderabad,Telangana,Secunderabad,Telangana,500003,FC-HYD-01,Express,2025-06-06,2025-06-06,5,11,29110.28,2911.03,3872.98,0.00,30072.23,LOYALTY10,N,,2025-06-07 21:14:34
500260,ORD500260,102071,2025-06-04,2025-06-04 01:28:07,Marketplace,Delivered,UPI,Paid,INR,Chennai,Tamil Nadu,Chennai,Tamil Nadu,600042,FC-MUM-01,Express,2025-06-07,2025-06-07,5,10,86183.47,0.00,9835.06,0.00,96018.53,,Y,,2025-06-04 04:55:07
501396,ORD501396,100735,2025-06-04,2025-06-04 14:05:27,Marketplace,Delivered,Wallet,Paid,INR,Bengaluru,Karnataka,Chennai,Tamil Nadu,600042,FC-DEL-01,Express,2025-06-07,2025-06-06,1,3,5043.12,0.00,605.17,0.00,5648.29,,Y,,2025-06-08 19:02:27
501371,ORD501371,100632,2025-06-04,2025-06-04 14:30:31,Marketplace,Delivered,UPI,Paid,INR,Visakhapatnam,Andhra Pradesh,Visakhapatnam,Andhra Pradesh,530017,FC-BLR-01,Standard,2025-06-09,2025-06-08,2,7,6993.75,0.00,1392.75,0.00,8386.50,,N,,2025-06-12 18:48:31
502315,ORD502315,101008,2025-06-04,2025-06-04 15:32:27,Store Assisted,Delivered,UPI,Paid,INR,Delhi,Delhi,Delhi,Delhi,110017,FC-BLR-01,Express,2025-06-07,2025-06-08,4,7,47885.47,9577.09,2461.38,0.00,40769.76,APP20,N,,2025-06-12 21:49:27
500581,ORD500581,101366,2025-06-04,2025-06-04 22:27:33,Mobile App,Delivered,Cash on Delivery,Paid,INR,Mumbai,Maharashtra,Mumbai,Maharashtra,400076,FC-DEL-01,Standard,2025-06-09,2025-06-10,3,8,42201.50,4220.15,4902.10,0.00,42883.45,WELCOME10,N,,2025-06-08 04:31:33
500123,ORD500123,101159,2025-06-05,2025-06-05 04:36:56,Mobile App,Delivered,Cash on Delivery,Pending,INR,Hyderabad,Telangana,Hyderabad,Telangana,500081,FC-DEL-01,Same Day,2025-06-05,2025-06-05,4,8,11431.69,1143.17,573.70,0.00,10862.22,LOYALTY10,Y,,2025-06-11 13:23:56
501268,ORD501268,101718,2025-06-05,2025-06-05 08:04:55,Website,Delivered,Cash on Delivery,Paid,INR,Vijayawada,Andhra Pradesh,Vijayawada,Andhra Pradesh,520010,FC-HYD-01,Standard,2025-06-10,2025-06-10,3,8,137681.70,13768.17,22550.15,0.00,146463.68,LOYALTY10,N,,2025-06-07 12:33:55
501798,ORD501798,102224,2025-06-05,2025-06-05 13:36:00,Website,Delivered,UPI,Paid,INR,Bengaluru,Karnataka,Bengaluru,Karnataka,560037,FC-MUM-01,Standard,2025-06-10,2025-06-11,3,7,72033.66,7203.37,4299.48,0.00,69129.77,WELCOME10,N,,2025-06-13 21:41:00
501186,ORD501186,102213,2025-06-05,2025-06-05 16:55:17,Store Assisted,Delivered,Credit Card,Paid,INR,Vijayawada,Andhra Pradesh,Vijayawada,Andhra Pradesh,520010,FC-BLR-01,Express,2025-06-08,2025-06-09,1,3,14257.53,0.00,0.00,0.00,14257.53,,N,,2025-06-11 19:39:17
501999,ORD501999,101609,2025-06-05,2025-06-05 17:47:47,Mobile App,Delivered,Cash on Delivery,Paid,INR,Mumbai,Maharashtra,Mumbai,Maharashtra,400076,FC-MUM-01,Standard,2025-06-10,2025-06-12,3,3,33213.27,0.00,6473.36,0.00,39686.63,,N,,2025-06-06 22:30:47
500993,ORD500993,100225,2025-06-05,2025-06-05 19:21:24,Website,Delivered,Credit Card,Paid,INR,Mumbai,Maharashtra,Mumbai,Maharashtra,400076,FC-CHE-01,Standard,2025-06-10,2025-06-10,1,2,3953.48,0.00,474.42,0.00,4427.90,,N,,2025-06-06 19:23:24
501185,ORD501185,102299,2025-06-05,2025-06-05 23:13:18,Website,Delivered,Net Banking,Paid,INR,Bengaluru,Karnataka,Bengaluru,Karnataka,560037,FC-HYD-01,Express,2025-06-08,2025-06-08,1,1,9679.63,0.00,1161.56,0.00,10841.19,,N,,2025-06-06 04:50:18
500576,ORD500576,100550,2025-06-06,2025-06-06 06:19:25,Mobile App,Delivered,Net Banking,Paid,INR,Secunderabad,Telangana,Secunderabad,Telangana,500003,FC-CHE-01,Standard,2025-06-11,2025-06-11,2,7,4852.75,485.27,750.74,0.00,5118.22,WELCOME10,N,,2025-06-07 06:52:25
500103,ORD500103,101428,2025-06-06,2025-06-06 12:47:17,Store Assisted,Delivered,UPI,Paid,INR,Mumbai,Maharashtra,Mumbai,Maharashtra,400076,FC-DEL-01,Express,2025-06-09,2025-06-08,5,9,106309.22,0.00,17085.69,0.00,123394.91,,N,,2025-06-08 18:13:17
501390,ORD501390,100037,2025-06-06,2025-06-06 19:40:50,Store Assisted,Delivered,UPI,Paid,INR,Visakhapatnam,Andhra Pradesh,Warangal,Telangana,506002,FC-BLR-01,Standard,2025-06-11,2025-06-11,2,8,62740.24,9411.04,6418.52,0.00,59747.72,FESTIVE15,N,,2025-06-08 02:25:50
500645,ORD500645,102027,2025-06-07,2025-06-07 01:29:17,Mobile App,Delivered,Cash on Delivery,Paid,INR,Pune,Maharashtra,Pune,Maharashtra,411014,FC-BLR-01,Standard,2025-06-12,2025-06-12,2,6,90418.08,9041.81,21332.49,0.00,102708.76,LOYALTY10,Y,,2025-06-15 01:30:17
501294,ORD501294,101372,2025-06-07,2025-06-07 02:35:05,Mobile App,Delivered,Credit Card,Paid,INR,Chennai,Tamil Nadu,Chennai,Tamil Nadu,600042,FC-DEL-01,Standard,2025-06-12,2025-06-13,2,3,62488.63,0.00,16973.43,0.00,79462.06,,N,,2025-06-09 09:59:05
502343,ORD502343,101383,2025-06-07,2025-06-07 05:53:23,Marketplace,Cancelled,Cash on Delivery,Failed,INR,Warangal,Telangana,Warangal,Telangana,506002,FC-HYD-01,Same Day,2025-06-07,,3,7,118402.80,0.00,6068.37,0.00,124471.17,,N,Duplicate Order,2025-06-09 10:57:23
500239,ORD500239,101448,2025-06-07,2025-06-07 10:11:04,Mobile App,Delivered,Wallet,Paid,INR,Warangal,Telangana,Vijayawada,Andhra Pradesh,520010,FC-HYD-01,Standard,2025-06-12,2025-06-12,1,4,7940.68,794.07,0.00,0.00,7146.61,WELCOME10,N,,2025-06-13 13:08:04
500302,ORD500302,100219,2025-06-07,2025-06-07 10:44:03,Marketplace,Delivered,Debit Card,Paid,INR,Warangal,Telangana,Warangal,Telangana,506002,FC-BLR-01,Same Day,2025-06-07,2025-06-07,1,4,1417.40,141.74,0.00,75.00,1350.66,LOYALTY10,N,,2025-06-11 13:57:03
500830,ORD500830,101320,2025-06-07,2025-06-07 21:45:13,Website,Delivered,Wallet,Paid,INR,Pune,Maharashtra,Pune,Maharashtra,411014,FC-DEL-01,Standard,2025-06-12,2025-06-11,1,4,5860.12,879.02,249.06,0.00,5230.16,FESTIVE15,N,,2025-06-08 01:18:13
501615,ORD501615,101847,2025-06-08,2025-06-08 00:36:24,Marketplace,Delivered,Net Banking,Paid,INR,Warangal,Telangana,Warangal,Telangana,506002,FC-DEL-01,Standard,2025-06-13,2025-06-14,4,9,22952.20,2295.22,2097.04,0.00,22754.02,WELCOME10,N,,2025-06-12 05:50:24
502286,ORD502286,100369,2025-06-08,2025-06-08 05:33:34,Marketplace,Delivered,Cash on Delivery,Paid,INR,Hyderabad,Telangana,Hyderabad,Telangana,500081,FC-MUM-01,Standard,2025-06-13,2025-06-15,1,2,54775.30,8216.30,0.00,0.00,46559.00,FESTIVE15,N,,2025-06-08 08:55:34
501162,ORD501162,100213,2025-06-08,2025-06-08 05:53:53,Marketplace,Delivered,Net Banking,Paid,INR,Visakhapatnam,Andhra Pradesh,Visakhapatnam,Andhra Pradesh,530017,FC-DEL-01,Express,2025-06-11,2025-06-12,3,10,125090.12,0.00,1655.01,0.00,126745.13,,Y,,2025-06-15 08:31:53
502170,ORD502170,100732,2025-06-08,2025-06-08 10:09:29,Marketplace,Delivered,Wallet,Paid,INR,Chennai,Tamil Nadu,Chennai,Tamil Nadu,600042,FC-MUM-01,Standard,2025-06-13,2025-06-13,1,3,2945.37,0.00,353.44,0.00,3298.81,,N,,2025-06-13 17:34:29
500152,ORD500152,100008,2025-06-08,2025-06-08 10:26:48,Mobile App,Delivered,Credit Card,Paid,INR,Delhi,Delhi,Delhi,Delhi,110017,FC-HYD-01,Standard,2025-06-13,2025-06-13,1,2,27053.52,2705.35,2921.78,0.00,27269.95,WELCOME10,N,,2025-06-16 12:24:48
500348,ORD500348,101578,2025-06-08,2025-06-08 21:32:15,Marketplace,Cancelled,Wallet,Refunded,INR,Secunderabad,Telangana,Secunderabad,Telangana,500003,FC-HYD-01,Express,2025-06-11,,1,3,40702.23,8140.45,9117.30,0.00,41679.08,APP20,Y,Customer Request,2025-06-13 01:16:15
501295,ORD501295,102205,2025-06-09,2025-06-09 00:21:19,Website,Delivered,Wallet,Paid,INR,Visakhapatnam,Andhra Pradesh,Visakhapatnam,Andhra Pradesh,530017,FC-BLR-01,Standard,2025-06-14,2025-06-15,1,2,1065.78,159.87,108.71,40.00,1054.62,FESTIVE15,N,,2025-06-16 07:44:19
501758,ORD501758,100392,2025-06-09,2025-06-09 05:19:34,Store Assisted,Delivered,Net Banking,Paid,INR,Mumbai,Maharashtra,Mumbai,Maharashtra,400076,FC-MUM-01,Standard,2025-06-14,2025-06-14,3,10,132488.92,26497.78,9033.52,0.00,115024.66,APP20,N,,2025-06-16 14:12:34
501458,ORD501458,100643,2025-06-09,2025-06-09 06:57:44,Marketplace,Delivered,Credit Card,Paid,INR,Chennai,Tamil Nadu,Chennai,Tamil Nadu,600042,FC-BLR-01,Standard,2025-06-14,2025-06-14,5,18,93014.17,18602.83,7186.72,0.00,81598.06,APP20,Y,,2025-06-09 11:23:44
501858,ORD501858,101179,2025-06-09,2025-06-09 19:57:04,Website,Delivered,Wallet,Paid,INR,Mumbai,Maharashtra,Mumbai,Maharashtra,400076,FC-BLR-01,Standard,2025-06-14,2025-06-13,5,11,66508.73,6650.87,8276.35,0.00,68134.21,LOYALTY10,N,,2025-06-18 04:16:04
500020,ORD500020,102037,2025-06-10,2025-06-10 01:33:32,Website,Delivered,Wallet,Paid,INR,Bengaluru,Karnataka,Bengaluru,Karnataka,560037,FC-DEL-01,Standard,2025-06-15,2025-06-14,3,5,70882.68,10632.40,4043.85,0.00,64294.13,FESTIVE15,N,,2025-06-14 08:51:32
501228,ORD501228,100775,2025-06-10,2025-06-10 10:24:10,Mobile App,Delivered,Debit Card,Paid,INR,Mumbai,Maharashtra,Mumbai,Maharashtra,400076,FC-DEL-01,Standard,2025-06-15,2025-06-15,3,9,80399.09,12059.86,4701.88,0.00,73041.11,FESTIVE15,Y,,2025-06-14 15:54:10
501274,ORD501274,101618,2025-06-11,2025-06-11 02:22:08,Website,Delivered,Wallet,Paid,INR,Hyderabad,Telangana,Warangal,Telangana,506002,FC-MUM-01,Standard,2025-06-16,2025-06-17,4,12,40199.50,8039.90,3886.89,0.00,36046.49,APP20,N,,2025-06-18 08:20:08
501106,ORD501106,100937,2025-06-11,2025-06-11 08:08:37,Marketplace,Returned,UPI,Refunded,INR,Pune,Maharashtra,Pune,Maharashtra,411014,FC-CHE-01,Express,2025-06-14,2025-06-16,3,11,51883.32,7782.50,8084.04,0.00,52184.86,FESTIVE15,N,,2025-06-16 11:36:37
501389,ORD501389,101856,2025-06-11,2025-06-11 20:13:43,Store Assisted,Shipped,Debit Card,Paid,INR,Mumbai,Maharashtra,Mumbai,Maharashtra,400076,FC-BLR-01,Standard,2025-06-16,,1,4,154777.68,0.00,7738.88,0.00,162516.56,,N,,2025-06-15 21:13:43
500951,ORD500951,100822,2025-06-11,2025-06-11 22:58:22,Marketplace,Delivered,Cash on Delivery,Paid,INR,Bengaluru,Karnataka,Bengaluru,Karnataka,560037,FC-BLR-01,Same Day,2025-06-11,2025-06-13,5,9,155718.71,7785.94,14283.17,0.00,162215.94,SAVE5,N,,2025-06-12 03:22:22
501930,ORD501930,100352,2025-06-12,2025-06-12 04:58:03,Mobile App,Delivered,Debit Card,Paid,INR,Delhi,Delhi,Delhi,Delhi,110017,FC-MUM-01,Standard,2025-06-17,2025-06-17,4,9,48452.44,0.00,6813.35,0.00,55265.79,,N,,2025-06-12 06:48:03
500142,ORD500142,101908,2025-06-12,2025-06-12 07:34:20,Store Assisted,Delivered,Wallet,Paid,INR,Delhi,Delhi,Delhi,Delhi,110017,FC-MUM-01,Standard,2025-06-17,2025-06-17,4,10,108508.54,16276.28,24885.89,0.00,117118.15,FESTIVE15,Y,,2025-06-16 11:52:20
500961,ORD500961,100031,2025-06-12,2025-06-12 07:48:45,Mobile App,Delivered,Wallet,Paid,INR,Bengaluru,Karnataka,Secunderabad,Telangana,500003,FC-MUM-01,Express,2025-06-15,2025-06-15,3,7,18523.84,0.00,2143.86,0.00,20667.70,,N,,2025-06-18 08:02:45
501193,ORD501193,101919,2025-06-12,2025-06-12 09:21:32,Mobile App,Delivered,Cash on Delivery,Paid,INR,Pune,Maharashtra,Pune,Maharashtra,411014,FC-MUM-01,Standard,2025-06-17,2025-06-18,2,7,89904.80,4495.24,594.53,0.00,86004.09,SAVE5,N,,2025-06-17 12:37:32
500384,ORD500384,101873,2025-06-12,2025-06-12 16:32:56,Store Assisted,Delivered,Net Banking,Paid,INR,Chennai,Tamil Nadu,Chennai,Tamil Nadu,600042,FC-MUM-01,Express,2025-06-15,2025-06-15,3,7,71051.19,14210.24,3140.93,0.00,59981.88,APP20,N,,2025-06-19 21:00:56
502101,ORD502101,101173,2025-06-13,2025-06-13 07:44:33,Marketplace,Shipped,Debit Card,Paid,INR,Mumbai,Maharashtra,Vijayawada,Andhra Pradesh,520010,FC-BLR-01,Standard,2025-06-18,,5,15,73102.76,7310.28,4036.74,0.00,69829.22,LOYALTY10,N,,2025-06-17 13:37:33
501095,ORD501095,100893,2025-06-13,2025-06-13 13:03:10,Mobile App,Delivered,Cash on Delivery,Paid,INR,Vijayawada,Andhra Pradesh,Vijayawada,Andhra Pradesh,520010,FC-HYD-01,Express,2025-06-16,2025-06-16,4,11,94256.76,9425.68,3499.67,0.00,88330.75,LOYALTY10,Y,,2025-06-17 17:54:10
501653,ORD501653,100735,2025-06-14,2025-06-14 00:24:24,Website,Delivered,Net Banking,Paid,INR,Bengaluru,Karnataka,Bengaluru,Karnataka,560037,FC-BLR-01,Express,2025-06-17,2025-06-17,3,8,163506.86,0.00,5732.85,0.00,169239.71,,N,,2025-06-21 07:44:24
501349,ORD501349,100337,2025-06-14,2025-06-14 06:22:44,Store Assisted,Delivered,UPI,Paid,INR,Warangal,Telangana,Warangal,Telangana,506002,FC-CHE-01,Standard,2025-06-19,2025-06-19,1,2,1746.74,87.34,298.69,0.00,1958.09,SAVE5,N,,2025-06-16 09:57:44
502004,ORD502004,101102,2025-06-14,2025-06-14 10:37:58,Website,Delivered,Net Banking,Paid,INR,Pune,Maharashtra,Pune,Maharashtra,411014,FC-HYD-01,Standard,2025-06-19,2025-06-19,2,6,49415.52,0.00,12442.22,0.00,61857.74,,Y,,2025-06-14 11:26:58
501201,ORD501201,100894,2025-06-15,2025-06-15 10:27:55,Marketplace,Delivered,Debit Card,Pending,INR,Vijayawada,Andhra Pradesh,Visakhapatnam,Andhra Pradesh,530017,FC-DEL-01,Standard,2025-06-20,2025-06-20,2,4,29572.82,5914.56,4048.98,0.00,27707.24,APP20,N,,2025-06-23 11:02:55
501834,ORD501834,101177,2025-06-15,2025-06-15 16:10:55,Mobile App,Delivered,Net Banking,Paid,INR,Bengaluru,Karnataka,Bengaluru,Karnataka,560037,FC-BLR-01,Express,2025-06-18,2025-06-19,1,4,53243.96,5324.40,8625.52,0.00,56545.08,WELCOME10,N,,2025-06-16 18:47:55
501082,ORD501082,102186,2025-06-15,2025-06-15 22:40:52,Website,Delivered,Cash on Delivery,Pending,INR,Delhi,Delhi,Delhi,Delhi,110017,FC-MUM-01,Same Day,2025-06-15,2025-06-17,5,14,162342.56,0.00,38816.58,0.00,201159.14,,N,,2025-06-21 05:15:52
501818,ORD501818,100057,2025-06-16,2025-06-16 16:27:58,Marketplace,Delivered,Credit Card,Paid,INR,Visakhapatnam,Andhra Pradesh,Visakhapatnam,Andhra Pradesh,530017,FC-BLR-01,Express,2025-06-19,2025-06-20,2,8,76540.20,0.00,3888.21,0.00,80428.41,,N,,2025-06-21 18:07:58
502227,ORD502227,100847,2025-06-16,2025-06-16 17:27:06,Marketplace,Delivered,Debit Card,Paid,INR,Mumbai,Maharashtra,Mumbai,Maharashtra,400076,FC-MUM-01,Express,2025-06-19,2025-06-19,5,9,73486.05,11022.91,2736.52,0.00,65199.66,FESTIVE15,N,,2025-06-24 23:16:06
500298,ORD500298,100270,2025-06-17,2025-06-17 00:12:39,Store Assisted,Delivered,Debit Card,Paid,INR,Visakhapatnam,Andhra Pradesh,Visakhapatnam,Andhra Pradesh,530017,FC-HYD-01,Standard,2025-06-22,2025-06-22,2,6,25717.65,0.00,5789.47,0.00,31507.12,,N,,2025-06-24 05:44:39
500565,ORD500565,101750,2025-06-17,2025-06-17 10:50:32,Mobile App,Delivered,Credit Card,Paid,INR,Chennai,Tamil Nadu,Chennai,Tamil Nadu,600042,FC-DEL-01,Standard,2025-06-22,2025-06-22,5,9,8857.42,1328.61,953.85,0.00,8482.66,FESTIVE15,N,,2025-06-24 16:29:32
500494,ORD500494,101391,2025-06-17,2025-06-17 15:33:27,Mobile App,Cancelled,Wallet,Voided,INR,Vijayawada,Andhra Pradesh,Vijayawada,Andhra Pradesh,520010,FC-BLR-01,Standard,2025-06-22,,1,2,2952.32,295.23,318.85,0.00,2975.94,WELCOME10,N,Customer Request,2025-06-21 15:55:27
501645,ORD501645,100079,2025-06-18,2025-06-18 02:51:55,Store Assisted,Delivered,Credit Card,Paid,INR,Warangal,Telangana,Warangal,Telangana,506002,FC-MUM-01,Standard,2025-06-23,2025-06-23,5,15,109513.10,10951.31,8143.37,0.00,106705.16,WELCOME10,N,,2025-06-18 11:33:55
500550,ORD500550,100615,2025-06-18,2025-06-18 23:41:39,Store Assisted,Delivered,Cash on Delivery,Paid,INR,Vijayawada,Andhra Pradesh,Vijayawada,Andhra Pradesh,520010,FC-DEL-01,Standard,2025-06-23,2025-06-24,1,2,176.22,0.00,49.34,40.00,265.56,,Y,,2025-06-19 05:58:39
501940,ORD501940,101774,2025-06-20,2025-06-20 00:01:22,Marketplace,Delivered,UPI,Paid,INR,Vijayawada,Andhra Pradesh,Vijayawada,Andhra Pradesh,520010,FC-MUM-01,Express,2025-06-23,2025-06-23,1,3,5955.51,0.00,0.00,0.00,5955.51,,N,,2025-06-21 01:07:22
502387,ORD502387,100575,2025-06-20,2025-06-20 05:22:39,Store Assisted,Delivered,Cash on Delivery,Paid,INR,Secunderabad,Telangana,Vijayawada,Andhra Pradesh,520010,FC-CHE-01,Express,2025-06-23,2025-06-23,3,8,5565.99,0.00,1083.81,0.00,6649.80,,N,,2025-06-24 10:23:39
500734,ORD500734,100689,2025-06-20,2025-06-20 09:41:53,Mobile App,Delivered,UPI,Paid,INR,Vijayawada,Andhra Pradesh,Vijayawada,Andhra Pradesh,520010,FC-MUM-01,Standard,2025-06-25,2025-06-26,2,5,33158.39,3315.84,422.43,0.00,30264.98,LOYALTY10,Y,,2025-06-20 15:52:53
500255,ORD500255,101495,2025-06-20,2025-06-20 12:23:12,Mobile App,Delivered,Wallet,Paid,INR,Vijayawada,Andhra Pradesh,Bengaluru,Karnataka,560037,FC-CHE-01,Standard,2025-06-25,2025-06-26,2,5,20533.72,0.00,3805.56,0.00,24339.28,,N,,2025-06-20 17:28:12
500181,ORD500181,101971,2025-06-20,2025-06-20 20:59:44,Mobile App,Delivered,Net Banking,Paid,INR,Chennai,Tamil Nadu,Chennai,Tamil Nadu,600042,FC-BLR-01,Standard,2025-06-25,2025-06-24,1,2,2651.82,265.18,119.33,0.00,2505.97,LOYALTY10,N,,2025-06-28 05:34:44
501006,ORD501006,101078,2025-06-21,2025-06-21 03:14:27,Mobile App,Cancelled,UPI,Failed,INR,Chennai,Tamil Nadu,Chennai,Tamil Nadu,600042,FC-DEL-01,Standard,2025-06-26,,2,5,24122.25,0.00,3085.10,0.00,27207.35,,N,Address Issue,2025-06-23 07:07:27
502391,ORD502391,101601,2025-06-21,2025-06-21 10:19:01,Website,Delivered,Net Banking,Paid,INR,Mumbai,Maharashtra,Mumbai,Maharashtra,400076,FC-CHE-01,Standard,2025-06-26,2025-06-26,5,16,101830.98,0.00,20046.30,0.00,121877.28,,N,,2025-06-28 18:13:01
502206,ORD502206,101186,2025-06-21,2025-06-21 13:38:59,Mobile App,Delivered,Cash on Delivery,Paid,INR,Bengaluru,Karnataka,Bengaluru,Karnataka,560037,FC-DEL-01,Standard,2025-06-26,2025-06-25,5,14,89089.40,13363.41,11451.95,0.00,87177.94,FESTIVE15,N,,2025-06-25 14:57:59
501086,ORD501086,100242,2025-06-21,2025-06-21 14:48:22,Mobile App,Delivered,UPI,Pending,INR,Secunderabad,Telangana,Bengaluru,Karnataka,560037,FC-CHE-01,Standard,2025-06-26,2025-06-25,5,11,181255.78,0.00,6052.36,0.00,187308.14,,Y,,2025-06-26 21:56:22
501788,ORD501788,100598,2025-06-21,2025-06-21 23:09:32,Marketplace,Delivered,Credit Card,Paid,INR,Bengaluru,Karnataka,Bengaluru,Karnataka,560037,FC-BLR-01,Standard,2025-06-26,2025-06-26,1,1,1073.78,214.76,240.53,40.00,1139.55,APP20,N,,2025-06-27 05:01:32
502009,ORD502009,100392,2025-06-22,2025-06-22 03:56:13,Website,Cancelled,Cash on Delivery,Refunded,INR,Mumbai,Maharashtra,Mumbai,Maharashtra,400076,FC-CHE-01,Standard,2025-06-27,,1,4,6463.24,323.16,1105.21,0.00,7245.29,SAVE5,N,Duplicate Order,2025-06-29 08:48:13
501297,ORD501297,101252,2025-06-22,2025-06-22 06:21:53,Mobile App,Delivered,Debit Card,Paid,INR,Visakhapatnam,Andhra Pradesh,Visakhapatnam,Andhra Pradesh,530017,FC-HYD-01,Standard,2025-06-27,2025-06-26,4,12,212054.37,0.00,35950.13,0.00,248004.50,,N,,2025-06-27 14:34:53
500449,ORD500449,100553,2025-06-22,2025-06-22 09:18:02,Website,Delivered,UPI,Paid,INR,Pune,Maharashtra,Pune,Maharashtra,411014,FC-CHE-01,Express,2025-06-25,2025-06-25,5,12,25827.87,1291.39,840.62,0.00,25377.10,SAVE5,Y,,2025-06-22 10:57:02
501948,ORD501948,100151,2025-06-22,2025-06-22 11:47:56,Marketplace,Cancelled,Cash on Delivery,Voided,INR,Visakhapatnam,Andhra Pradesh,Visakhapatnam,Andhra Pradesh,530017,FC-BLR-01,Standard,2025-06-27,,1,3,565.83,113.17,0.00,90.00,542.66,APP20,N,Inventory Unavailable,2025-06-29 19:25:56
501732,ORD501732,100324,2025-06-23,2025-06-23 01:30:59,Website,Delivered,Debit Card,Paid,INR,Secunderabad,Telangana,Visakhapatnam,Andhra Pradesh,530017,FC-BLR-01,Standard,2025-06-28,2025-06-30,2,5,180018.23,36003.65,17281.75,0.00,161296.33,APP20,Y,,2025-06-30 06:52:59
500141,ORD500141,100906,2025-06-23,2025-06-23 10:17:45,Website,Cancelled,UPI,Refunded,INR,Warangal,Telangana,Warangal,Telangana,506002,FC-BLR-01,Standard,2025-06-28,,4,9,132144.58,0.00,7343.33,0.00,139487.91,,N,Payment Failure,2025-06-28 16:50:45
502254,ORD502254,102044,2025-06-23,2025-06-23 11:24:57,Store Assisted,Delivered,Cash on Delivery,Paid,INR,Bengaluru,Karnataka,Bengaluru,Karnataka,560037,FC-HYD-01,Standard,2025-06-28,2025-06-28,2,4,9998.09,1499.71,1019.81,0.00,9518.19,FESTIVE15,N,,2025-06-25 11:28:57
501393,ORD501393,100727,2025-06-23,2025-06-23 12:14:00,Website,Delivered,UPI,Pending,INR,Visakhapatnam,Andhra Pradesh,Visakhapatnam,Andhra Pradesh,530017,FC-BLR-01,Express,2025-06-26,2025-06-28,2,4,18906.37,1890.64,3062.83,0.00,20078.56,LOYALTY10,N,,2025-06-24 15:01:00
501733,ORD501733,102062,2025-06-23,2025-06-23 19:33:40,Mobile App,Returned,Cash on Delivery,Refunded,INR,Warangal,Telangana,Warangal,Telangana,506002,FC-BLR-01,Standard,2025-06-28,2025-06-28,5,14,168647.01,8432.35,3214.73,0.00,163429.39,SAVE5,N,,2025-06-28 19:48:40
501337,ORD501337,100070,2025-06-24,2025-06-24 11:15:48,Website,Delivered,Credit Card,Paid,INR,Mumbai,Maharashtra,Mumbai,Maharashtra,400076,FC-DEL-01,Standard,2025-06-29,2025-06-30,1,4,2807.88,0.00,0.00,0.00,2807.88,,N,,2025-06-26 12:14:48
501391,ORD501391,100789,2025-06-24,2025-06-24 11:38:52,Mobile App,Delivered,Debit Card,Paid,INR,Delhi,Delhi,Delhi,Delhi,110017,FC-CHE-01,Standard,2025-06-29,2025-06-29,2,2,23635.03,3545.25,0.00,0.00,20089.78,FESTIVE15,N,,2025-07-02 19:18:52
500345,ORD500345,101399,2025-06-24,2025-06-24 23:00:18,Website,Delivered,Net Banking,Paid,INR,Vijayawada,Andhra Pradesh,Vijayawada,Andhra Pradesh,520010,FC-HYD-01,Same Day,2025-06-24,2025-06-23,2,7,55379.91,0.00,9884.67,0.00,65264.58,,N,,2025-06-29 05:33:18
500086,ORD500086,101082,2025-06-25,2025-06-25 02:12:27,Mobile App,Delivered,Credit Card,Paid,INR,Visakhapatnam,Andhra Pradesh,Visakhapatnam,Andhra Pradesh,530017,FC-CHE-01,Standard,2025-06-30,2025-06-30,2,2,22882.72,2288.27,3805.54,0.00,24399.99,LOYALTY10,N,,2025-06-29 11:08:27
501962,ORD501962,101646,2025-06-25,2025-06-25 10:22:50,Mobile App,Cancelled,Net Banking,Voided,INR,Vijayawada,Andhra Pradesh,Vijayawada,Andhra Pradesh,520010,FC-BLR-01,Standard,2025-06-30,,3,9,103805.37,0.00,13185.30,0.00,116990.67,,N,Inventory Unavailable,2025-06-28 10:48:50
502312,ORD502312,100349,2025-06-26,2025-06-26 03:58:07,Store Assisted,Delivered,Credit Card,Paid,INR,Secunderabad,Telangana,Chennai,Tamil Nadu,600042,FC-BLR-01,Express,2025-06-29,2025-07-01,4,6,9772.57,0.00,1104.81,0.00,10877.38,,N,,2025-07-02 05:59:07
501935,ORD501935,100123,2025-06-26,2025-06-26 21:24:23,Mobile App,Delivered,Credit Card,Paid,INR,Secunderabad,Telangana,Secunderabad,Telangana,500003,FC-MUM-01,Standard,2025-07-01,2025-07-02,2,5,15774.78,0.00,3153.91,0.00,18928.69,,N,,2025-07-01 22:44:23
501977,ORD501977,101079,2025-06-27,2025-06-27 02:25:58,Marketplace,Returned,Wallet,Partially Refunded,INR,Delhi,Delhi,Delhi,Delhi,110017,FC-HYD-01,Same Day,2025-06-27,2025-06-29,5,12,35138.67,0.00,7688.38,0.00,42827.05,,N,,2025-07-01 03:41:58
500081,ORD500081,101281,2025-06-27,2025-06-27 09:17:00,Store Assisted,Returned,Credit Card,Refunded,INR,Delhi,Delhi,Delhi,Delhi,110017,FC-DEL-01,Standard,2025-07-02,2025-07-03,4,12,54072.07,0.00,4214.04,0.00,58286.11,,N,,2025-06-29 15:50:00
502008,ORD502008,101640,2025-06-27,2025-06-27 18:27:00,Marketplace,Delivered,Credit Card,Paid,INR,Chennai,Tamil Nadu,Chennai,Tamil Nadu,600042,FC-HYD-01,Standard,2025-07-02,2025-07-03,1,3,3911.37,0.00,469.36,0.00,4380.73,,Y,,2025-06-29 22:23:00
500078,ORD500078,100216,2025-06-27,2025-06-27 19:39:08,Store Assisted,Cancelled,Net Banking,Voided,INR,Chennai,Tamil Nadu,Mumbai,Maharashtra,400076,FC-DEL-01,Express,2025-06-30,,3,7,9111.95,911.20,1037.85,0.00,9238.60,LOYALTY10,N,Inventory Unavailable,2025-07-01 19:51:08
501238,ORD501238,100333,2025-06-28,2025-06-28 07:38:32,Mobile App,Delivered,Credit Card,Paid,INR,Pune,Maharashtra,Pune,Maharashtra,411014,FC-CHE-01,Standard,2025-07-03,2025-07-03,1,4,94308.64,0.00,0.00,0.00,94308.64,,N,,2025-07-01 13:20:32
501152,ORD501152,100392,2025-06-28,2025-06-28 17:59:26,Website,Delivered,Credit Card,Paid,INR,Mumbai,Maharashtra,Mumbai,Maharashtra,400076,FC-MUM-01,Standard,2025-07-03,2025-07-05,5,15,163008.00,0.00,14430.33,0.00,177438.33,,N,,2025-07-03 22:56:26
500922,ORD500922,101560,2025-06-29,2025-06-29 02:23:16,Mobile App,Delivered,Wallet,Pending,INR,Visakhapatnam,Andhra Pradesh,Bengaluru,Karnataka,560037,FC-CHE-01,Express,2025-07-02,2025-07-01,4,9,66394.02,0.00,2849.36,0.00,69243.38,,N,,2025-07-04 07:28:16
501811,ORD501811,100082,2025-06-29,2025-06-29 16:55:11,Website,Delivered,Wallet,Paid,INR,Chennai,Tamil Nadu,Chennai,Tamil Nadu,600042,FC-HYD-01,Standard,2025-07-04,2025-07-05,1,2,41052.20,4105.22,6650.46,0.00,43597.44,WELCOME10,N,,2025-07-05 17:38:11
502225,ORD502225,101037,2025-06-29,2025-06-29 18:44:37,Marketplace,Delivered,Wallet,Pending,INR,Visakhapatnam,Andhra Pradesh,Visakhapatnam,Andhra Pradesh,530017,FC-DEL-01,Standard,2025-07-04,2025-07-05,5,13,227239.43,0.00,32253.06,0.00,259492.49,,N,,2025-07-08 00:34:37
500145,ORD500145,101847,2025-06-29,2025-06-29 23:02:12,Store Assisted,Shipped,Cash on Delivery,Pending,INR,Warangal,Telangana,Warangal,Telangana,506002,FC-MUM-01,Standard,2025-07-04,,3,12,71233.32,7123.33,8089.73,0.00,72199.72,LOYALTY10,N,,2025-07-03 03:46:12
502139,ORD502139,101007,2025-06-30,2025-06-30 01:35:25,Mobile App,Delivered,Debit Card,Paid,INR,Warangal,Telangana,Warangal,Telangana,506002,FC-MUM-01,Standard,2025-07-05,2025-07-05,2,3,5286.52,528.65,79.32,0.00,4837.19,WELCOME10,N,,2025-07-06 10:00:25
501264,ORD501264,100732,2025-06-30,2025-06-30 04:00:03,Marketplace,Delivered,Wallet,Paid,INR,Chennai,Tamil Nadu,Chennai,Tamil Nadu,600042,FC-CHE-01,Standard,2025-07-05,2025-07-05,3,9,76723.11,0.00,16576.36,0.00,93299.47,,N,,2025-07-01 08:29:03
501460,ORD501460,101331,2025-06-30,2025-06-30 05:05:37,Marketplace,Delivered,Net Banking,Pending,INR,Secunderabad,Telangana,Secunderabad,Telangana,500003,FC-MUM-01,Standard,2025-07-05,2025-07-05,2,2,3236.43,0.00,700.43,0.00,3936.86,,N,,2025-07-02 13:36:37
500801,ORD500801,101972,2025-06-30,2025-06-30 05:35:09,Store Assisted,Delivered,Debit Card,Paid,INR,Bengaluru,Karnataka,Bengaluru,Karnataka,560037,FC-HYD-01,Standard,2025-07-05,2025-07-07,3,7,29755.32,2975.53,3513.20,0.00,30292.99,WELCOME10,Y,,2025-07-04 12:50:09
500448,ORD500448,100358,2025-06-30,2025-06-30 06:19:16,Website,Delivered,Cash on Delivery,Paid,INR,Bengaluru,Karnataka,Bengaluru,Karnataka,560037,FC-HYD-01,Express,2025-07-03,2025-07-02,3,7,15772.97,0.00,1531.89,0.00,17304.86,,Y,,2025-07-06 12:40:16
500143,ORD500143,101345,2025-06-30,2025-06-30 21:55:23,Website,Delivered,UPI,Paid,INR,Bengaluru,Karnataka,Bengaluru,Karnataka,560037,FC-HYD-01,Standard,2025-07-05,2025-07-07,5,10,98388.54,19677.71,15232.12,0.00,93942.95,APP20,Y,,2025-07-09 04:09:23
501604,ORD501604,101554,2025-07-01,2025-07-01 02:17:40,Website,Delivered,Wallet,Paid,INR,Chennai,Tamil Nadu,Chennai,Tamil Nadu,600042,FC-DEL-01,Express,2025-07-04,2025-07-04,5,15,122256.81,24451.36,599.38,0.00,98404.83,APP20,N,,2025-07-02 02:25:40
500575,ORD500575,101958,2025-07-01,2025-07-01 03:29:45,Mobile App,Cancelled,Cash on Delivery,Refunded,INR,Warangal,Telangana,Warangal,Telangana,506002,FC-MUM-01,Standard,2025-07-06,,5,10,79507.14,11926.07,10171.43,0.00,77752.50,FESTIVE15,N,Payment Failure,2025-07-02 06:57:45
501561,ORD501561,101218,2025-07-01,2025-07-01 03:44:02,Store Assisted,Delivered,Wallet,Paid,INR,Mumbai,Maharashtra,Mumbai,Maharashtra,400076,FC-CHE-01,Same Day,2025-07-01,2025-07-01,3,6,45370.31,0.00,11939.52,0.00,57309.83,,Y,,2025-07-08 07:24:02
502024,ORD502024,100955,2025-07-02,2025-07-02 20:41:23,Marketplace,Delivered,Credit Card,Paid,INR,Hyderabad,Telangana,Hyderabad,Telangana,500081,FC-BLR-01,Same Day,2025-07-02,2025-07-03,5,13,195999.18,0.00,41959.73,0.00,237958.91,,N,,2025-07-04 02:19:23
500968,ORD500968,100648,2025-07-03,2025-07-03 01:33:10,Marketplace,Delivered,Credit Card,Paid,INR,Vijayawada,Andhra Pradesh,Delhi,Delhi,110017,FC-MUM-01,Standard,2025-07-08,2025-07-10,2,4,16489.16,1648.92,2478.77,0.00,17319.01,LOYALTY10,Y,,2025-07-07 04:44:10
501816,ORD501816,100945,2025-07-03,2025-07-03 02:59:34,Marketplace,Delivered,Net Banking,Paid,INR,Pune,Maharashtra,Pune,Maharashtra,411014,FC-DEL-01,Standard,2025-07-08,2025-07-08,2,6,48203.92,4820.39,8121.56,0.00,51505.09,WELCOME10,N,,2025-07-07 04:07:34
500611,ORD500611,101438,2025-07-03,2025-07-03 04:09:44,Marketplace,Delivered,Credit Card,Paid,INR,Bengaluru,Karnataka,Bengaluru,Karnataka,560037,FC-BLR-01,Standard,2025-07-08,2025-07-10,4,10,63816.69,0.00,4201.37,0.00,68018.06,,Y,,2025-07-11 04:52:44
500833,ORD500833,101373,2025-07-03,2025-07-03 05:17:22,Mobile App,Delivered,Debit Card,Paid,INR,Visakhapatnam,Andhra Pradesh,Visakhapatnam,Andhra Pradesh,530017,FC-BLR-01,Standard,2025-07-08,2025-07-07,5,17,211300.51,0.00,29015.83,0.00,240316.34,,N,,2025-07-03 11:56:22
500293,ORD500293,100687,2025-07-03,2025-07-03 08:59:28,Marketplace,Cancelled,Debit Card,Failed,INR,Mumbai,Maharashtra,Mumbai,Maharashtra,400076,FC-DEL-01,Standard,2025-07-08,,3,8,77515.61,0.00,13892.26,0.00,91407.87,,N,Inventory Unavailable,2025-07-08 15:52:28
500208,ORD500208,100032,2025-07-03,2025-07-03 21:49:58,Store Assisted,Returned,UPI,Partially Refunded,INR,Visakhapatnam,Andhra Pradesh,Pune,Maharashtra,411014,FC-HYD-01,Standard,2025-07-08,2025-07-09,5,12,18301.10,0.00,3589.38,0.00,21890.48,,N,,2025-07-04 00:36:58
501721,ORD501721,101181,2025-07-04,2025-07-04 01:18:01,Store Assisted,Delivered,Credit Card,Paid,INR,Chennai,Tamil Nadu,Chennai,Tamil Nadu,600042,FC-BLR-01,Standard,2025-07-09,2025-07-09,3,3,5826.64,874.00,1009.99,0.00,5962.63,FESTIVE15,Y,,2025-07-12 05:14:01
501661,ORD501661,100355,2025-07-04,2025-07-04 08:02:32,Mobile App,Delivered,Net Banking,Paid,INR,Warangal,Telangana,Warangal,Telangana,506002,FC-MUM-01,Standard,2025-07-09,2025-07-10,5,10,29596.31,1479.82,3628.82,0.00,31745.31,SAVE5,N,,2025-07-11 10:36:32
502070,ORD502070,101811,2025-07-04,2025-07-04 08:13:43,Store Assisted,Delivered,Debit Card,Pending,INR,Secunderabad,Telangana,Secunderabad,Telangana,500003,FC-CHE-01,Standard,2025-07-09,2025-07-09,5,13,28968.56,5793.71,5874.15,0.00,29049.00,APP20,N,,2025-07-08 13:55:43
500072,ORD500072,101774,2025-07-04,2025-07-04 13:36:36,Marketplace,Cancelled,Net Banking,Failed,INR,Vijayawada,Andhra Pradesh,Vijayawada,Andhra Pradesh,520010,FC-CHE-01,Standard,2025-07-09,,2,7,5378.14,1075.63,462.62,0.00,4765.13,APP20,Y,Duplicate Order,2025-07-10 19:51:36
501840,ORD501840,101005,2025-07-05,2025-07-05 08:05:43,Mobile App,Delivered,Debit Card,Paid,INR,Warangal,Telangana,Warangal,Telangana,506002,FC-HYD-01,Standard,2025-07-10,2025-07-10,2,5,4428.75,885.75,992.04,0.00,4535.04,APP20,N,,2025-07-12 14:51:43
502094,ORD502094,100572,2025-07-06,2025-07-06 02:56:12,Store Assisted,Delivered,Debit Card,Paid,INR,Visakhapatnam,Andhra Pradesh,Visakhapatnam,Andhra Pradesh,530017,FC-MUM-01,Standard,2025-07-11,2025-07-13,3,9,39889.44,7977.89,4907.09,0.00,36818.64,APP20,N,,2025-07-06 03:50:12
500388,ORD500388,100589,2025-07-06,2025-07-06 09:00:22,Website,Returned,Debit Card,Refunded,INR,Hyderabad,Telangana,Hyderabad,Telangana,500081,FC-MUM-01,Standard,2025-07-11,2025-07-11,1,2,1835.62,183.56,297.37,0.00,1949.43,LOYALTY10,N,,2025-07-06 11:27:22
500104,ORD500104,102244,2025-07-06,2025-07-06 23:19:32,Mobile App,Delivered,Debit Card,Paid,INR,Mumbai,Maharashtra,Mumbai,Maharashtra,400076,FC-DEL-01,Standard,2025-07-11,2025-07-12,1,4,5904.64,590.46,637.70,0.00,5951.88,LOYALTY10,Y,,2025-07-13 06:01:32
500151,ORD500151,100546,2025-07-06,2025-07-06 23:20:56,Mobile App,Delivered,Net Banking,Pending,INR,Secunderabad,Telangana,Secunderabad,Telangana,500003,FC-MUM-01,Standard,2025-07-11,2025-07-12,4,10,89532.59,8953.26,17897.45,0.00,98476.78,WELCOME10,N,,2025-07-06 23:50:56
501261,ORD501261,100207,2025-07-07,2025-07-07 07:40:32,Website,Delivered,Cash on Delivery,Paid,INR,Hyderabad,Telangana,Hyderabad,Telangana,500081,FC-HYD-01,Express,2025-07-10,2025-07-09,2,5,10152.52,2030.50,1549.55,0.00,9671.57,APP20,Y,,2025-07-13 12:51:32
502057,ORD502057,100500,2025-07-07,2025-07-07 14:53:23,Store Assisted,Delivered,Cash on Delivery,Paid,INR,Chennai,Tamil Nadu,Chennai,Tamil Nadu,600042,FC-DEL-01,Standard,2025-07-12,2025-07-14,2,3,87471.90,0.00,10496.63,0.00,97968.53,,N,,2025-07-09 16:45:23
501417,ORD501417,101747,2025-07-07,2025-07-07 21:51:09,Website,Cancelled,Credit Card,Refunded,INR,Vijayawada,Andhra Pradesh,Bengaluru,Karnataka,560037,FC-CHE-01,Standard,2025-07-12,,3,5,45193.46,0.00,7976.59,0.00,53170.05,,N,Payment Failure,2025-07-11 00:35:09
501189,ORD501189,100965,2025-07-08,2025-07-08 00:28:41,Marketplace,Delivered,Wallet,Paid,INR,Delhi,Delhi,Delhi,Delhi,110017,FC-HYD-01,Express,2025-07-11,2025-07-12,1,4,38718.52,5807.78,3949.29,0.00,36860.03,FESTIVE15,Y,,2025-07-14 04:14:41
500847,ORD500847,100477,2025-07-08,2025-07-08 01:01:59,Mobile App,Delivered,Net Banking,Paid,INR,Chennai,Tamil Nadu,Chennai,Tamil Nadu,600042,FC-BLR-01,Standard,2025-07-13,2025-07-14,1,2,1355.12,271.02,130.09,60.00,1274.19,APP20,N,,2025-07-12 03:27:59
500991,ORD500991,100582,2025-07-08,2025-07-08 02:46:28,Mobile App,Delivered,Cash on Delivery,Paid,INR,Secunderabad,Telangana,Visakhapatnam,Andhra Pradesh,530017,FC-MUM-01,Express,2025-07-11,2025-07-11,4,10,32686.10,3268.61,654.50,0.00,30071.99,LOYALTY10,N,,2025-07-15 11:35:28
501056,ORD501056,100606,2025-07-08,2025-07-08 06:05:39,Marketplace,Delivered,Net Banking,Paid,INR,Mumbai,Maharashtra,Mumbai,Maharashtra,400076,FC-CHE-01,Standard,2025-07-13,2025-07-13,3,10,95317.30,19063.46,13725.69,0.00,89979.53,APP20,Y,,2025-07-16 09:46:39
500450,ORD500450,102250,2025-07-08,2025-07-08 10:13:42,Marketplace,Delivered,Credit Card,Paid,INR,Chennai,Tamil Nadu,Chennai,Tamil Nadu,600042,FC-CHE-01,Express,2025-07-11,2025-07-10,1,2,5509.88,0.00,661.19,0.00,6171.07,,N,,2025-07-12 16:54:42
501510,ORD501510,100702,2025-07-08,2025-07-08 10:22:42,Website,Delivered,Wallet,Paid,INR,Chennai,Tamil Nadu,Warangal,Telangana,506002,FC-HYD-01,Standard,2025-07-13,2025-07-14,4,8,45782.05,0.00,5816.92,0.00,51598.97,,N,,2025-07-09 18:32:42
500562,ORD500562,100594,2025-07-08,2025-07-08 17:51:50,Website,Cancelled,Wallet,Failed,INR,Secunderabad,Telangana,Secunderabad,Telangana,500003,FC-MUM-01,Standard,2025-07-13,,4,6,60748.78,3037.44,2156.08,0.00,59867.42,SAVE5,Y,Duplicate Order,2025-07-11 19:54:50
502350,ORD502350,102263,2025-07-08,2025-07-08 19:28:13,Mobile App,Cancelled,Credit Card,Voided,INR,Delhi,Delhi,Delhi,Delhi,110017,FC-MUM-01,Standard,2025-07-13,,5,13,91294.97,0.00,7673.54,0.00,98968.51,,N,Inventory Unavailable,2025-07-10 23:36:13
501986,ORD501986,102124,2025-07-08,2025-07-08 21:30:06,Store Assisted,Delivered,Cash on Delivery,Paid,INR,Visakhapatnam,Andhra Pradesh,Warangal,Telangana,506002,FC-HYD-01,Standard,2025-07-13,2025-07-13,2,5,4655.58,465.56,97.69,0.00,4287.71,LOYALTY10,N,,2025-07-14 02:48:06
500269,ORD500269,100968,2025-07-09,2025-07-09 01:20:57,Store Assisted,Delivered,Wallet,Paid,INR,Hyderabad,Telangana,Hyderabad,Telangana,500081,FC-CHE-01,Standard,2025-07-14,2025-07-13,4,9,146320.56,21948.08,18869.69,0.00,143242.17,FESTIVE15,N,,2025-07-10 06:27:57
500612,ORD500612,100167,2025-07-09,2025-07-09 05:50:58,Mobile App,Delivered,Net Banking,Paid,INR,Pune,Maharashtra,Pune,Maharashtra,411014,FC-HYD-01,Express,2025-07-12,2025-07-12,1,2,59217.48,0.00,16580.89,0.00,75798.37,,N,,2025-07-17 06:14:58
502060,ORD502060,102065,2025-07-09,2025-07-09 12:01:36,Mobile App,Delivered,UPI,Paid,INR,Warangal,Telangana,Warangal,Telangana,506002,FC-BLR-01,Standard,2025-07-14,2025-07-14,4,11,223693.28,11184.66,17269.89,0.00,229778.51,SAVE5,N,,2025-07-10 19:43:36
501701,ORD501701,100340,2025-07-09,2025-07-09 16:26:22,Website,Delivered,Cash on Delivery,Paid,INR,Delhi,Delhi,Delhi,Delhi,110017,FC-BLR-01,Same Day,2025-07-09,2025-07-10,4,11,85081.04,12762.16,3964.96,0.00,76283.84,FESTIVE15,N,,2025-07-12 00:10:22
500190,ORD500190,100721,2025-07-10,2025-07-10 02:28:36,Marketplace,Delivered,Cash on Delivery,Paid,INR,Pune,Maharashtra,Pune,Maharashtra,411014,FC-DEL-01,Standard,2025-07-15,2025-07-17,2,3,77743.19,0.00,3869.44,0.00,81612.63,,N,,2025-07-10 08:31:36
500473,ORD500473,100233,2025-07-10,2025-07-10 07:16:42,Mobile App,Shipped,Net Banking,Paid,INR,Chennai,Tamil Nadu,Chennai,Tamil Nadu,600042,FC-HYD-01,Standard,2025-07-15,,3,7,69564.56,6956.46,9470.74,0.00,72078.84,LOYALTY10,N,,2025-07-15 11:34:42
500308,ORD500308,101537,2025-07-10,2025-07-10 10:30:04,Store Assisted,Delivered,UPI,Paid,INR,Secunderabad,Telangana,Secunderabad,Telangana,500003,FC-BLR-01,Standard,2025-07-15,2025-07-15,5,12,160986.71,16098.67,11502.09,0.00,156390.13,WELCOME10,N,,2025-07-14 18:04:04
501923,ORD501923,101833,2025-07-10,2025-07-10 14:31:59,Website,Delivered,Net Banking,Paid,INR,Hyderabad,Telangana,Hyderabad,Telangana,500081,FC-CHE-01,Express,2025-07-13,2025-07-13,5,12,30731.99,6146.40,4716.12,0.00,29301.71,APP20,N,,2025-07-18 22:41:59
501421,ORD501421,100160,2025-07-11,2025-07-11 00:59:17,Mobile App,Delivered,Cash on Delivery,Paid,INR,Visakhapatnam,Andhra Pradesh,Visakhapatnam,Andhra Pradesh,530017,FC-BLR-01,Standard,2025-07-16,2025-07-16,4,10,114603.45,17190.52,16668.24,0.00,114081.17,FESTIVE15,N,,2025-07-14 07:37:17
500962,ORD500962,101067,2025-07-11,2025-07-11 11:16:12,Website,Delivered,Credit Card,Paid,INR,Pune,Maharashtra,Mumbai,Maharashtra,400076,FC-CHE-01,Standard,2025-07-16,2025-07-17,1,2,12905.22,645.26,3432.79,0.00,15692.75,SAVE5,N,,2025-07-15 17:48:12
500317,ORD500317,101542,2025-07-11,2025-07-11 18:00:53,Mobile App,Cancelled,Wallet,Failed,INR,Mumbai,Maharashtra,Mumbai,Maharashtra,400076,FC-BLR-01,Express,2025-07-14,,4,14,172219.98,17222.00,15002.66,0.00,170000.64,WELCOME10,N,Inventory Unavailable,2025-07-15 18:02:53
501104,ORD501104,100749,2025-07-11,2025-07-11 21:46:44,Marketplace,Delivered,Wallet,Paid,INR,Chennai,Tamil Nadu,Chennai,Tamil Nadu,600042,FC-HYD-01,Standard,2025-07-16,2025-07-17,2,3,55824.56,2791.23,179.42,0.00,53212.75,SAVE5,N,,2025-07-14 04:54:44
500794,ORD500794,100804,2025-07-12,2025-07-12 00:05:41,Marketplace,Delivered,Net Banking,Paid,INR,Visakhapatnam,Andhra Pradesh,Visakhapatnam,Andhra Pradesh,530017,FC-CHE-01,Express,2025-07-15,2025-07-15,5,13,107369.72,21473.94,6731.50,0.00,92627.28,APP20,N,,2025-07-16 04:15:41
501586,ORD501586,100075,2025-07-12,2025-07-12 11:01:08,Website,Delivered,Debit Card,Paid,INR,Secunderabad,Telangana,Secunderabad,Telangana,500003,FC-BLR-01,Standard,2025-07-17,2025-07-17,4,6,51780.67,5178.07,2491.23,0.00,49093.83,WELCOME10,N,,2025-07-15 18:22:08
501592,ORD501592,100764,2025-07-12,2025-07-12 22:56:15,Marketplace,Delivered,Cash on Delivery,Paid,INR,Pune,Maharashtra,Pune,Maharashtra,411014,FC-DEL-01,Standard,2025-07-17,2025-07-17,2,7,95301.06,0.00,24980.57,0.00,120281.63,,Y,,2025-07-14 02:52:15
501004,ORD501004,100116,2025-07-13,2025-07-13 15:44:57,Store Assisted,Delivered,Credit Card,Paid,INR,Delhi,Delhi,Delhi,Delhi,110017,FC-CHE-01,Standard,2025-07-18,2025-07-18,3,8,98143.09,0.00,17665.76,0.00,115808.85,,Y,,2025-07-21 22:51:57
500368,ORD500368,102137,2025-07-14,2025-07-14 08:08:47,Marketplace,Delivered,Wallet,Paid,INR,Secunderabad,Telangana,Secunderabad,Telangana,500003,FC-CHE-01,Standard,2025-07-19,2025-07-18,5,10,11274.10,1127.41,962.15,0.00,11108.84,LOYALTY10,N,,2025-07-20 09:37:47
500756,ORD500756,100804,2025-07-14,2025-07-14 18:56:45,Mobile App,Delivered,Credit Card,Paid,INR,Visakhapatnam,Andhra Pradesh,Chennai,Tamil Nadu,600042,FC-MUM-01,Standard,2025-07-19,2025-07-18,4,9,22032.27,0.00,1743.46,0.00,23775.73,,Y,,2025-07-16 21:20:45
501139,ORD501139,101398,2025-07-14,2025-07-14 19:26:59,Store Assisted,Delivered,Wallet,Pending,INR,Secunderabad,Telangana,Secunderabad,Telangana,500003,FC-HYD-01,Standard,2025-07-19,2025-07-19,5,15,101384.69,10138.47,3471.96,0.00,94718.18,LOYALTY10,N,,2025-07-17 23:25:59
500532,ORD500532,100447,2025-07-14,2025-07-14 22:44:26,Store Assisted,Delivered,Cash on Delivery,Paid,INR,Delhi,Delhi,Delhi,Delhi,110017,FC-BLR-01,Standard,2025-07-19,2025-07-20,4,10,97131.05,14569.66,14376.05,0.00,96937.44,FESTIVE15,N,,2025-07-14 23:39:26
501504,ORD501504,100126,2025-07-15,2025-07-15 03:49:20,Store Assisted,Delivered,Net Banking,Paid,INR,Chennai,Tamil Nadu,Chennai,Tamil Nadu,600042,FC-BLR-01,Standard,2025-07-20,2025-07-22,4,9,41618.32,2080.92,8212.79,0.00,47750.19,SAVE5,N,,2025-07-21 11:55:20
500338,ORD500338,100074,2025-07-15,2025-07-15 04:13:30,Store Assisted,Delivered,Cash on Delivery,Paid,INR,Delhi,Delhi,Delhi,Delhi,110017,FC-HYD-01,Express,2025-07-18,2025-07-17,1,4,5303.64,0.00,265.18,0.00,5568.82,,N,,2025-07-22 10:32:30
501879,ORD501879,101850,2025-07-15,2025-07-15 05:23:40,Store Assisted,Delivered,Net Banking,Paid,INR,Secunderabad,Telangana,Secunderabad,Telangana,500003,FC-CHE-01,Standard,2025-07-20,2025-07-19,3,8,4854.68,0.00,1237.33,0.00,6092.01,,Y,,2025-07-19 13:55:40
502217,ORD502217,101751,2025-07-15,2025-07-15 09:18:53,Store Assisted,Delivered,UPI,Paid,INR,Pune,Maharashtra,Pune,Maharashtra,411014,FC-MUM-01,Standard,2025-07-20,2025-07-21,5,10,54121.79,5412.18,4752.46,0.00,53462.07,WELCOME10,Y,,2025-07-22 13:55:53
501415,ORD501415,101196,2025-07-15,2025-07-15 13:59:54,Mobile App,Delivered,Debit Card,Paid,INR,Warangal,Telangana,Warangal,Telangana,506002,FC-BLR-01,Standard,2025-07-20,2025-07-21,1,3,2753.43,275.34,446.06,0.00,2924.15,LOYALTY10,N,,2025-07-19 19:35:54
501828,ORD501828,101541,2025-07-15,2025-07-15 16:45:58,Website,Cancelled,Net Banking,Voided,INR,Warangal,Telangana,Warangal,Telangana,506002,FC-HYD-01,Standard,2025-07-20,,2,7,68584.32,0.00,12151.85,0.00,80736.17,,N,Duplicate Order,2025-07-18 22:16:58
501323,ORD501323,101031,2025-07-15,2025-07-15 18:16:07,Mobile App,Delivered,Net Banking,Paid,INR,Chennai,Tamil Nadu,Chennai,Tamil Nadu,600042,FC-HYD-01,Standard,2025-07-20,2025-07-22,2,3,3832.10,383.21,413.87,0.00,3862.76,WELCOME10,Y,,2025-07-19 00:51:07
501852,ORD501852,100086,2025-07-15,2025-07-15 20:50:23,Mobile App,Delivered,Credit Card,Paid,INR,Chennai,Tamil Nadu,Chennai,Tamil Nadu,600042,FC-CHE-01,Standard,2025-07-20,2025-07-20,3,6,18909.21,1890.92,1658.41,0.00,18676.70,LOYALTY10,N,,2025-07-21 22:23:23
502362,ORD502362,101077,2025-07-16,2025-07-16 02:23:37,Store Assisted,Cancelled,Credit Card,Voided,INR,Bengaluru,Karnataka,Bengaluru,Karnataka,560037,FC-HYD-01,Standard,2025-07-21,,3,6,64942.96,3247.15,11100.21,0.00,72796.02,SAVE5,N,Address Issue,2025-07-18 08:11:37
501760,ORD501760,100138,2025-07-16,2025-07-16 05:05:37,Website,Delivered,Debit Card,Paid,INR,Vijayawada,Andhra Pradesh,Vijayawada,Andhra Pradesh,520010,FC-BLR-01,Standard,2025-07-21,2025-07-21,3,8,23775.78,1188.79,4477.67,0.00,27064.66,SAVE5,N,,2025-07-19 10:24:37
500977,ORD500977,101440,2025-07-16,2025-07-16 06:01:27,Marketplace,Cancelled,Net Banking,Refunded,INR,Visakhapatnam,Andhra Pradesh,Visakhapatnam,Andhra Pradesh,530017,FC-HYD-01,Express,2025-07-19,,4,13,23943.73,0.00,3801.05,0.00,27744.78,,N,Inventory Unavailable,2025-07-18 13:20:27
500406,ORD500406,101578,2025-07-16,2025-07-16 06:34:40,Mobile App,Cancelled,Wallet,Refunded,INR,Secunderabad,Telangana,Warangal,Telangana,506002,FC-HYD-01,Express,2025-07-19,,4,10,137169.75,13716.98,22882.39,0.00,146335.16,WELCOME10,N,Customer Request,2025-07-17 10:42:40
501401,ORD501401,101291,2025-07-16,2025-07-16 09:54:58,Mobile App,Delivered,UPI,Paid,INR,Visakhapatnam,Andhra Pradesh,Visakhapatnam,Andhra Pradesh,530017,FC-BLR-01,Standard,2025-07-21,2025-07-22,1,1,5437.86,0.00,0.00,0.00,5437.86,,Y,,2025-07-23 12:57:58
500816,ORD500816,100506,2025-07-17,2025-07-17 00:54:49,Mobile App,Delivered,Net Banking,Paid,INR,Mumbai,Maharashtra,Chennai,Tamil Nadu,600042,FC-HYD-01,Standard,2025-07-22,2025-07-22,5,14,151868.83,15186.88,6024.38,0.00,142706.33,LOYALTY10,N,,2025-07-23 06:22:49
501641,ORD501641,101977,2025-07-17,2025-07-17 10:51:31,Store Assisted,Delivered,UPI,Paid,INR,Hyderabad,Telangana,Hyderabad,Telangana,500081,FC-MUM-01,Standard,2025-07-22,2025-07-23,2,3,29019.82,2901.98,6922.80,0.00,33040.64,LOYALTY10,N,,2025-07-18 13:01:31
500598,ORD500598,100536,2025-07-17,2025-07-17 16:30:34,Store Assisted,Delivered,Debit Card,Paid,INR,Secunderabad,Telangana,Secunderabad,Telangana,500003,FC-CHE-01,Express,2025-07-20,2025-07-19,5,10,88150.18,8815.02,11193.77,0.00,90528.93,LOYALTY10,N,,2025-07-20 21:35:34
502302,ORD502302,102024,2025-07-18,2025-07-18 05:16:35,Mobile App,Delivered,UPI,Paid,INR,Pune,Maharashtra,Pune,Maharashtra,411014,FC-HYD-01,Express,2025-07-21,2025-07-22,2,5,3463.26,346.33,872.74,0.00,3989.67,LOYALTY10,N,,2025-07-19 08:37:35
502068,ORD502068,100070,2025-07-18,2025-07-18 06:49:53,Website,Delivered,Cash on Delivery,Paid,INR,Mumbai,Maharashtra,Hyderabad,Telangana,500081,FC-MUM-01,Express,2025-07-21,2025-07-21,2,6,148229.64,0.00,22775.20,0.00,171004.84,,N,,2025-07-19 10:16:53
500725,ORD500725,100639,2025-07-18,2025-07-18 07:25:33,Store Assisted,Cancelled,Net Banking,Voided,INR,Delhi,Delhi,Delhi,Delhi,110017,FC-CHE-01,Standard,2025-07-23,,5,14,104587.34,15688.10,16141.63,0.00,105040.87,FESTIVE15,N,Payment Failure,2025-07-26 09:14:33
500277,ORD500277,100238,2025-07-19,2025-07-19 01:16:19,Marketplace,Shipped,Net Banking,Paid,INR,Secunderabad,Telangana,Secunderabad,Telangana,500003,FC-BLR-01,Express,2025-07-22,,2,3,15835.14,3167.03,3547.07,0.00,16215.18,APP20,N,,2025-07-19 04:13:19
500219,ORD500219,100834,2025-07-19,2025-07-19 10:30:43,Marketplace,Returned,Debit Card,Refunded,INR,Vijayawada,Andhra Pradesh,Hyderabad,Telangana,500081,FC-BLR-01,Express,2025-07-22,2025-07-24,5,9,72241.36,3612.07,5128.05,0.00,73757.34,SAVE5,N,,2025-07-27 10:38:43
501681,ORD501681,100686,2025-07-19,2025-07-19 11:06:39,Marketplace,Returned,UPI,Refunded,INR,Bengaluru,Karnataka,Bengaluru,Karnataka,560037,FC-MUM-01,Same Day,2025-07-19,2025-07-18,3,5,44517.49,6677.62,4435.91,0.00,42275.78,FESTIVE15,N,,2025-07-22 16:57:39
500654,ORD500654,102074,2025-07-19,2025-07-19 14:34:54,Mobile App,Delivered,Cash on Delivery,Paid,INR,Chennai,Tamil Nadu,Hyderabad,Telangana,500081,FC-DEL-01,Standard,2025-07-24,2025-07-25,4,5,24854.63,1242.73,3448.04,0.00,27059.94,SAVE5,N,,2025-07-24 19:34:54
500097,ORD500097,101996,2025-07-19,2025-07-19 16:38:07,Marketplace,Delivered,Cash on Delivery,Paid,INR,Pune,Maharashtra,Pune,Maharashtra,411014,FC-CHE-01,Standard,2025-07-24,2025-07-26,5,12,124955.82,18743.37,211.32,0.00,106423.77,FESTIVE15,N,,2025-07-24 20:19:07
500685,ORD500685,100653,2025-07-19,2025-07-19 20:20:43,Marketplace,Delivered,Credit Card,Paid,INR,Delhi,Delhi,Delhi,Delhi,110017,FC-BLR-01,Standard,2025-07-24,2025-07-24,4,10,21120.29,0.00,1599.80,0.00,22720.09,,N,,2025-07-20 02:54:43
501477,ORD501477,101162,2025-07-19,2025-07-19 22:35:43,Mobile App,Returned,UPI,Refunded,INR,Warangal,Telangana,Warangal,Telangana,506002,FC-MUM-01,Standard,2025-07-24,2025-07-24,3,5,19815.08,3963.02,2071.46,0.00,17923.52,APP20,Y,,2025-07-28 00:17:43
502386,ORD502386,100334,2025-07-20,2025-07-20 00:10:12,Website,Delivered,UPI,Paid,INR,Hyderabad,Telangana,Hyderabad,Telangana,500081,FC-MUM-01,Standard,2025-07-25,2025-07-25,1,3,6181.08,618.11,278.15,0.00,5841.12,LOYALTY10,N,,2025-07-27 08:24:12
500452,ORD500452,101783,2025-07-20,2025-07-20 08:01:13,Store Assisted,Delivered,Net Banking,Paid,INR,Delhi,Delhi,Delhi,Delhi,110017,FC-HYD-01,Standard,2025-07-25,2025-07-26,2,5,114670.18,11467.02,25175.35,0.00,128378.51,WELCOME10,Y,,2025-07-24 13:36:13
500726,ORD500726,100882,2025-07-20,2025-07-20 14:09:54,Website,Delivered,Wallet,Paid,INR,Visakhapatnam,Andhra Pradesh,Visakhapatnam,Andhra Pradesh,530017,FC-DEL-01,Standard,2025-07-25,2025-07-25,4,6,26346.44,0.00,326.04,0.00,26672.48,,N,,2025-07-20 18:34:54
500306,ORD500306,101489,2025-07-20,2025-07-20 18:32:19,Website,Delivered,Net Banking,Paid,INR,Visakhapatnam,Andhra Pradesh,Visakhapatnam,Andhra Pradesh,530017,FC-MUM-01,Same Day,2025-07-20,2025-07-20,5,12,43874.42,0.00,7545.05,0.00,51419.47,,N,,2025-07-25 01:40:19
501084,ORD501084,101864,2025-07-20,2025-07-20 21:44:17,Store Assisted,Delivered,UPI,Paid,INR,Mumbai,Maharashtra,Mumbai,Maharashtra,400076,FC-CHE-01,Standard,2025-07-25,2025-07-25,4,10,143962.88,14396.29,16415.92,0.00,145982.51,WELCOME10,Y,,2025-07-21 22:08:17
501694,ORD501694,100680,2025-07-21,2025-07-21 11:43:29,Marketplace,Shipped,Debit Card,Paid,INR,Bengaluru,Karnataka,Bengaluru,Karnataka,560037,FC-MUM-01,Standard,2025-07-26,,3,9,15486.65,0.00,1443.00,0.00,16929.65,,N,,2025-07-22 16:48:29
500044,ORD500044,102176,2025-07-21,2025-07-21 15:55:40,Website,Delivered,Cash on Delivery,Paid,INR,Delhi,Delhi,Delhi,Delhi,110017,FC-MUM-01,Standard,2025-07-26,2025-07-26,4,5,35296.57,3529.66,4608.92,0.00,36375.83,LOYALTY10,Y,,2025-07-29 19:00:40
501001,ORD501001,101078,2025-07-22,2025-07-22 02:43:15,Mobile App,Delivered,Net Banking,Paid,INR,Chennai,Tamil Nadu,Chennai,Tamil Nadu,600042,FC-CHE-01,Express,2025-07-25,2025-07-27,2,6,65446.90,3272.34,17408.88,0.00,79583.44,SAVE5,N,,2025-07-28 11:22:15
501861,ORD501861,100663,2025-07-22,2025-07-22 10:43:18,Store Assisted,Returned,Net Banking,Partially Refunded,INR,Secunderabad,Telangana,Secunderabad,Telangana,500003,FC-MUM-01,Express,2025-07-25,2025-07-24,2,5,5489.42,0.00,1537.04,0.00,7026.46,,N,,2025-07-25 19:32:18
501382,ORD501382,101280,2025-07-22,2025-07-22 13:54:56,Website,Delivered,Debit Card,Paid,INR,Secunderabad,Telangana,Secunderabad,Telangana,500003,FC-CHE-01,Express,2025-07-25,2025-07-26,2,5,20333.88,4066.78,756.66,0.00,17023.76,APP20,N,,2025-07-26 17:12:56
500249,ORD500249,102009,2025-07-22,2025-07-22 19:41:51,Marketplace,Delivered,UPI,Paid,INR,Hyderabad,Telangana,Hyderabad,Telangana,500081,FC-HYD-01,Standard,2025-07-27,2025-07-28,5,15,58200.00,0.00,14231.95,0.00,72431.95,,N,,2025-07-31 01:17:51
500439,ORD500439,100629,2025-07-22,2025-07-22 22:30:22,Store Assisted,Delivered,Credit Card,Paid,INR,Secunderabad,Telangana,Secunderabad,Telangana,500003,FC-MUM-01,Express,2025-07-25,2025-07-26,3,8,48520.86,2426.04,2417.54,0.00,48512.36,SAVE5,N,,2025-07-24 05:30:22
501307,ORD501307,101778,2025-07-23,2025-07-23 04:44:35,Website,Delivered,Debit Card,Paid,INR,Secunderabad,Telangana,Secunderabad,Telangana,500003,FC-DEL-01,Same Day,2025-07-23,2025-07-22,3,9,43916.57,0.00,6354.34,0.00,50270.91,,N,,2025-07-29 12:45:35
500920,ORD500920,101091,2025-07-23,2025-07-23 09:47:42,Mobile App,Delivered,Net Banking,Paid,INR,Hyderabad,Telangana,Hyderabad,Telangana,500081,FC-HYD-01,Express,2025-07-26,2025-07-27,2,3,8171.96,0.00,980.64,0.00,9152.60,,N,,2025-07-23 11:16:42
500336,ORD500336,102102,2025-07-23,2025-07-23 11:02:10,Website,Delivered,Wallet,Paid,INR,Warangal,Telangana,Warangal,Telangana,506002,FC-DEL-01,Standard,2025-07-28,2025-07-28,2,5,4263.99,213.20,202.54,0.00,4253.33,SAVE5,N,,2025-07-31 12:38:10
501898,ORD501898,101378,2025-07-23,2025-07-23 13:50:42,Marketplace,Delivered,Net Banking,Pending,INR,Bengaluru,Karnataka,Bengaluru,Karnataka,560037,FC-DEL-01,Express,2025-07-26,2025-07-27,5,12,218441.24,0.00,50140.67,0.00,268581.91,,N,,2025-07-25 21:50:42
501563,ORD501563,101040,2025-07-24,2025-07-24 09:59:37,Marketplace,Delivered,UPI,Paid,INR,Chennai,Tamil Nadu,Chennai,Tamil Nadu,600042,FC-MUM-01,Standard,2025-07-29,2025-07-31,1,1,2754.94,0.00,330.59,0.00,3085.53,,Y,,2025-07-31 13:54:37
502123,ORD502123,100419,2025-07-25,2025-07-25 11:44:32,Mobile App,Delivered,Cash on Delivery,Paid,INR,Mumbai,Maharashtra,Mumbai,Maharashtra,400076,FC-MUM-01,Standard,2025-07-30,2025-07-30,1,3,116083.26,0.00,5804.16,0.00,121887.42,,Y,,2025-07-28 14:12:32
501749,ORD501749,100048,2025-07-25,2025-07-25 19:45:35,Marketplace,Returned,Credit Card,Partially Refunded,INR,Bengaluru,Karnataka,Bengaluru,Karnataka,560037,FC-BLR-01,Same Day,2025-07-25,2025-07-26,3,5,33845.95,3384.59,5210.09,0.00,35671.45,LOYALTY10,N,,2025-07-28 20:42:35
500060,ORD500060,100229,2025-07-26,2025-07-26 03:44:13,Store Assisted,Delivered,Wallet,Paid,INR,Warangal,Telangana,Warangal,Telangana,506002,FC-BLR-01,Standard,2025-07-31,2025-07-31,1,1,2076.62,311.49,317.72,0.00,2082.85,FESTIVE15,N,,2025-07-27 07:04:13
500803,ORD500803,100667,2025-07-26,2025-07-26 09:20:27,Website,Delivered,Debit Card,Paid,INR,Visakhapatnam,Andhra Pradesh,Visakhapatnam,Andhra Pradesh,530017,FC-BLR-01,Standard,2025-07-31,2025-08-01,1,1,2107.42,316.11,501.57,0.00,2292.88,FESTIVE15,N,,2025-07-27 12:29:27
502270,ORD502270,102119,2025-07-26,2025-07-26 09:30:05,Mobile App,Delivered,UPI,Paid,INR,Delhi,Delhi,Delhi,Delhi,110017,FC-CHE-01,Standard,2025-07-31,2025-07-31,5,12,58438.89,0.00,1277.33,0.00,59716.22,,N,,2025-08-01 09:43:05
502375,ORD502375,101537,2025-07-26,2025-07-26 19:23:05,Marketplace,Delivered,Wallet,Paid,INR,Secunderabad,Telangana,Secunderabad,Telangana,500003,FC-DEL-01,Standard,2025-07-31,2025-07-31,4,9,23879.43,0.00,3621.15,0.00,27500.58,,Y,,2025-08-04 03:55:05
502019,ORD502019,101212,2025-07-26,2025-07-26 22:15:19,Marketplace,Delivered,Wallet,Paid,INR,Warangal,Telangana,Warangal,Telangana,506002,FC-BLR-01,Standard,2025-07-31,2025-08-02,2,5,41615.68,6242.35,865.22,0.00,36238.55,FESTIVE15,N,,2025-08-03 23:33:19
501066,ORD501066,102228,2025-07-27,2025-07-27 01:32:53,Store Assisted,Delivered,Debit Card,Paid,INR,Delhi,Delhi,Hyderabad,Telangana,500081,FC-CHE-01,Express,2025-07-30,2025-07-30,1,2,33127.78,0.00,1656.39,0.00,34784.17,,N,,2025-08-04 02:58:53
501231,ORD501231,100710,2025-07-27,2025-07-27 06:28:13,Website,Delivered,Wallet,Paid,INR,Chennai,Tamil Nadu,Chennai,Tamil Nadu,600042,FC-BLR-01,Standard,2025-08-01,2025-08-01,1,4,5860.12,879.02,249.06,0.00,5230.16,FESTIVE15,N,,2025-07-28 08:19:13
501035,ORD501035,101785,2025-07-27,2025-07-27 09:27:17,Website,Delivered,Net Banking,Paid,INR,Visakhapatnam,Andhra Pradesh,Visakhapatnam,Andhra Pradesh,530017,FC-MUM-01,Standard,2025-08-01,2025-08-01,3,6,55101.04,5510.10,9010.90,0.00,58601.84,LOYALTY10,N,,2025-07-27 09:59:17
500111,ORD500111,101579,2025-07-27,2025-07-27 22:52:12,Marketplace,Delivered,UPI,Paid,INR,Chennai,Tamil Nadu,Chennai,Tamil Nadu,600042,FC-HYD-01,Standard,2025-08-01,2025-08-02,5,16,80285.65,8028.56,4643.19,0.00,76900.28,WELCOME10,N,,2025-08-02 01:18:12
500483,ORD500483,102190,2025-07-28,2025-07-28 01:25:49,Marketplace,Delivered,Credit Card,Paid,INR,Delhi,Delhi,Delhi,Delhi,110017,FC-BLR-01,Express,2025-07-31,2025-07-31,4,10,98585.92,9858.59,18237.28,0.00,106964.61,WELCOME10,Y,,2025-07-29 05:25:49
502203,ORD502203,100914,2025-07-28,2025-07-28 02:35:10,Marketplace,Delivered,Wallet,Paid,INR,Pune,Maharashtra,Pune,Maharashtra,411014,FC-CHE-01,Standard,2025-08-02,2025-08-04,5,10,146504.62,0.00,23724.77,0.00,170229.39,,N,,2025-07-29 05:00:10
500150,ORD500150,100384,2025-07-28,2025-07-28 03:29:34,Store Assisted,Delivered,Wallet,Paid,INR,Pune,Maharashtra,Pune,Maharashtra,411014,FC-HYD-01,Express,2025-07-31,2025-08-01,2,4,67268.80,10090.32,15946.05,0.00,73124.53,FESTIVE15,N,,2025-07-28 06:50:34
500109,ORD500109,101094,2025-07-28,2025-07-28 03:53:04,Website,Delivered,Debit Card,Paid,INR,Warangal,Telangana,Warangal,Telangana,506002,FC-DEL-01,Standard,2025-08-02,2025-08-01,4,12,102879.90,0.00,15814.27,0.00,118694.17,,N,,2025-07-30 05:06:04
502184,ORD502184,100595,2025-07-28,2025-07-28 18:22:01,Website,Shipped,Wallet,Pending,INR,Hyderabad,Telangana,Hyderabad,Telangana,500081,FC-MUM-01,Standard,2025-08-02,,1,4,70453.60,0.00,8454.43,0.00,78908.03,,N,,2025-07-31 02:31:01
501039,ORD501039,102049,2025-07-28,2025-07-28 20:43:02,Mobile App,Shipped,Cash on Delivery,Pending,INR,Hyderabad,Telangana,Hyderabad,Telangana,500081,FC-BLR-01,Standard,2025-08-02,,1,2,26267.78,0.00,7354.98,0.00,33622.76,,Y,,2025-08-05 22:59:02
501437,ORD501437,101859,2025-07-28,2025-07-28 21:20:05,Marketplace,Delivered,Wallet,Pending,INR,Delhi,Delhi,Delhi,Delhi,110017,FC-MUM-01,Standard,2025-08-02,2025-08-02,3,6,27707.58,1385.38,3049.27,0.00,29371.47,SAVE5,Y,,2025-07-29 23:59:05
500443,ORD500443,100297,2025-07-29,2025-07-29 16:24:53,Marketplace,Cancelled,Debit Card,Voided,INR,Vijayawada,Andhra Pradesh,Vijayawada,Andhra Pradesh,520010,FC-HYD-01,Express,2025-08-01,,5,15,37521.53,0.00,2258.07,0.00,39779.60,,N,Inventory Unavailable,2025-08-02 01:14:53
500216,ORD500216,100360,2025-07-29,2025-07-29 17:41:35,Mobile App,Delivered,Cash on Delivery,Pending,INR,Warangal,Telangana,Warangal,Telangana,506002,FC-HYD-01,Same Day,2025-07-29,2025-07-30,2,7,3175.94,317.59,467.29,0.00,3325.64,LOYALTY10,N,,2025-08-01 23:01:35
500579,ORD500579,102250,2025-07-29,2025-07-29 20:58:05,Store Assisted,Delivered,Wallet,Paid,INR,Chennai,Tamil Nadu,Chennai,Tamil Nadu,600042,FC-MUM-01,Express,2025-08-01,2025-08-02,4,7,14936.24,2987.25,743.64,0.00,12692.63,APP20,N,,2025-07-30 23:00:05
501926,ORD501926,101168,2025-07-29,2025-07-29 23:01:58,Mobile App,Returned,Credit Card,Partially Refunded,INR,Warangal,Telangana,Warangal,Telangana,506002,FC-MUM-01,Standard,2025-08-03,2025-08-03,4,8,50933.28,10186.66,4570.33,0.00,45316.95,APP20,N,,2025-08-01 07:25:58
501416,ORD501416,101664,2025-07-30,2025-07-30 11:22:51,Mobile App,Cancelled,Net Banking,Failed,INR,Warangal,Telangana,Warangal,Telangana,506002,FC-HYD-01,Express,2025-08-02,,4,6,12132.99,0.00,2561.52,0.00,14694.51,,N,Address Issue,2025-07-31 17:14:51
502147,ORD502147,100994,2025-07-30,2025-07-30 13:10:27,Store Assisted,Delivered,Wallet,Paid,INR,Warangal,Telangana,Warangal,Telangana,506002,FC-CHE-01,Standard,2025-08-04,2025-08-06,3,6,9749.01,0.00,2002.04,0.00,11751.05,,N,,2025-08-02 15:08:27
501700,ORD501700,100572,2025-07-30,2025-07-30 14:20:12,Mobile App,Delivered,Wallet,Paid,INR,Visakhapatnam,Andhra Pradesh,Visakhapatnam,Andhra Pradesh,530017,FC-HYD-01,Standard,2025-08-04,2025-08-04,3,8,117411.27,23482.25,11084.32,0.00,105013.34,APP20,N,,2025-08-03 21:13:12
501423,ORD501423,100966,2025-07-30,2025-07-30 15:22:27,Store Assisted,Delivered,Wallet,Paid,INR,Delhi,Delhi,Delhi,Delhi,110017,FC-MUM-01,Standard,2025-08-04,2025-08-04,5,16,76951.08,7695.11,8937.00,0.00,78192.97,WELCOME10,N,,2025-08-06 20:46:27
500499,ORD500499,100962,2025-07-30,2025-07-30 20:05:13,Marketplace,Delivered,UPI,Paid,INR,Bengaluru,Karnataka,Bengaluru,Karnataka,560037,FC-HYD-01,Standard,2025-08-04,2025-08-06,5,11,162017.36,8100.87,12369.75,0.00,166286.24,SAVE5,N,,2025-08-03 02:24:13
500197,ORD500197,100683,2025-07-30,2025-07-30 23:58:40,Website,Shipped,UPI,Paid,INR,Warangal,Telangana,Warangal,Telangana,506002,FC-HYD-01,Standard,2025-08-04,,5,14,45051.98,9010.40,7625.47,0.00,43667.05,APP20,N,,2025-08-07 04:58:40
501868,ORD501868,100762,2025-07-31,2025-07-31 13:23:54,Store Assisted,Delivered,Wallet,Paid,INR,Vijayawada,Andhra Pradesh,Vijayawada,Andhra Pradesh,520010,FC-MUM-01,Standard,2025-08-05,2025-08-07,1,2,2930.06,0.00,146.50,0.00,3076.56,,N,,2025-08-08 19:10:54
500436,ORD500436,101026,2025-07-31,2025-07-31 14:55:20,Mobile App,Shipped,Net Banking,Paid,INR,Warangal,Telangana,Warangal,Telangana,506002,FC-MUM-01,Standard,2025-08-05,,1,2,3953.48,197.67,450.70,0.00,4206.51,SAVE5,N,,2025-07-31 18:16:20
501906,ORD501906,101445,2025-07-31,2025-07-31 18:58:02,Marketplace,Delivered,Cash on Delivery,Paid,INR,Chennai,Tamil Nadu,Chennai,Tamil Nadu,600042,FC-HYD-01,Standard,2025-08-05,2025-08-04,3,8,86950.54,0.00,5211.66,0.00,92162.20,,N,,2025-08-04 23:57:02
502250,ORD502250,100550,2025-08-01,2025-08-01 06:24:00,Marketplace,Delivered,Cash on Delivery,Paid,INR,Secunderabad,Telangana,Secunderabad,Telangana,500003,FC-CHE-01,Express,2025-08-04,2025-08-04,5,14,337792.03,33779.20,30607.85,0.00,334620.68,LOYALTY10,N,,2025-08-03 12:16:00
501183,ORD501183,100877,2025-08-01,2025-08-01 09:31:24,Mobile App,Cancelled,Net Banking,Failed,INR,Chennai,Tamil Nadu,Chennai,Tamil Nadu,600042,FC-MUM-01,Express,2025-08-04,,4,9,60881.87,0.00,7590.31,0.00,68472.18,,N,Payment Failure,2025-08-08 13:43:24
502258,ORD502258,101696,2025-08-01,2025-08-01 11:31:35,Website,Delivered,Wallet,Paid,INR,Warangal,Telangana,Warangal,Telangana,506002,FC-CHE-01,Express,2025-08-04,2025-08-04,2,5,21491.07,0.00,1302.04,0.00,22793.11,,N,,2025-08-08 16:57:35
500892,ORD500892,101360,2025-08-01,2025-08-01 14:55:47,Marketplace,Delivered,Wallet,Paid,INR,Bengaluru,Karnataka,Bengaluru,Karnataka,560037,FC-MUM-01,Standard,2025-08-06,2025-08-06,5,10,19712.26,3942.45,933.55,0.00,16703.36,APP20,Y,,2025-08-02 22:33:47
501833,ORD501833,100818,2025-08-01,2025-08-01 21:04:57,Marketplace,Delivered,Net Banking,Paid,INR,Visakhapatnam,Andhra Pradesh,Mumbai,Maharashtra,400076,FC-MUM-01,Express,2025-08-04,2025-08-05,4,13,36156.68,3615.67,5716.23,0.00,38257.24,WELCOME10,Y,,2025-08-06 00:43:57
500242,ORD500242,100559,2025-08-01,2025-08-01 21:58:48,Mobile App,Delivered,Cash on Delivery,Paid,INR,Bengaluru,Karnataka,Secunderabad,Telangana,500003,FC-BLR-01,Standard,2025-08-06,2025-08-07,4,6,38012.51,5701.88,1217.38,0.00,33528.01,FESTIVE15,N,,2025-08-06 22:59:48
502030,ORD502030,100001,2025-08-02,2025-08-02 07:27:43,Marketplace,Delivered,Net Banking,Paid,INR,Mumbai,Maharashtra,Mumbai,Maharashtra,400076,FC-HYD-01,Standard,2025-08-07,2025-08-07,2,6,80513.25,0.00,12057.57,0.00,92570.82,,N,,2025-08-02 14:05:43
502115,ORD502115,102116,2025-08-02,2025-08-02 17:30:14,Mobile App,Delivered,Wallet,Paid,INR,Vijayawada,Andhra Pradesh,Vijayawada,Andhra Pradesh,520010,FC-MUM-01,Standard,2025-08-07,2025-08-09,2,3,3288.47,657.69,85.59,0.00,2716.37,APP20,N,,2025-08-10 21:51:14
500188,ORD500188,101384,2025-08-02,2025-08-02 23:00:51,Store Assisted,Delivered,UPI,Paid,INR,Visakhapatnam,Andhra Pradesh,Visakhapatnam,Andhra Pradesh,530017,FC-HYD-01,Express,2025-08-05,2025-08-04,5,9,133562.65,6678.13,20929.97,0.00,147814.49,SAVE5,N,,2025-08-02 23:10:51
502236,ORD502236,101483,2025-08-03,2025-08-03 10:44:03,Website,Delivered,UPI,Paid,INR,Hyderabad,Telangana,Hyderabad,Telangana,500081,FC-MUM-01,Standard,2025-08-08,2025-08-08,3,7,109377.43,16406.61,5460.32,0.00,98431.14,FESTIVE15,Y,,2025-08-10 15:51:03
500745,ORD500745,100182,2025-08-03,2025-08-03 12:39:03,Mobile App,Delivered,Debit Card,Paid,INR,Pune,Maharashtra,Pune,Maharashtra,411014,FC-MUM-01,Standard,2025-08-08,2025-08-07,1,1,12576.20,1257.62,3169.20,0.00,14487.78,WELCOME10,N,,2025-08-08 19:53:03
501432,ORD501432,101802,2025-08-03,2025-08-03 13:04:29,Website,Shipped,Credit Card,Paid,INR,Mumbai,Maharashtra,Mumbai,Maharashtra,400076,FC-HYD-01,Express,2025-08-06,,2,4,6795.98,679.60,883.58,0.00,6999.96,LOYALTY10,N,,2025-08-06 18:29:29
501109,ORD501109,101051,2025-08-03,2025-08-03 14:50:42,Website,Delivered,Credit Card,Paid,INR,Pune,Maharashtra,Pune,Maharashtra,411014,FC-BLR-01,Express,2025-08-06,2025-08-08,4,11,89795.88,4489.79,7308.55,0.00,92614.64,SAVE5,N,,2025-08-07 21:34:42
501791,ORD501791,101645,2025-08-04,2025-08-04 00:11:26,Store Assisted,Cancelled,UPI,Voided,INR,Chennai,Tamil Nadu,Chennai,Tamil Nadu,600042,FC-DEL-01,Standard,2025-08-09,,3,8,7681.71,384.09,200.25,0.00,7497.87,SAVE5,Y,Customer Request,2025-08-04 01:55:26
500074,ORD500074,101181,2025-08-04,2025-08-04 01:21:03,Mobile App,Delivered,Debit Card,Paid,INR,Chennai,Tamil Nadu,Chennai,Tamil Nadu,600042,FC-HYD-01,Standard,2025-08-09,2025-08-08,3,5,86123.94,0.00,2699.36,0.00,88823.30,,N,,2025-08-08 05:42:03
501596,ORD501596,102079,2025-08-04,2025-08-04 23:46:00,Store Assisted,Delivered,Credit Card,Paid,INR,Delhi,Delhi,Vijayawada,Andhra Pradesh,520010,FC-CHE-01,Standard,2025-08-09,2025-08-09,5,14,152262.99,0.00,13862.12,0.00,166125.11,,N,,2025-08-12 05:54:00
502153,ORD502153,101031,2025-08-05,2025-08-05 02:30:59,Store Assisted,Delivered,Credit Card,Paid,INR,Chennai,Tamil Nadu,Pune,Maharashtra,411014,FC-HYD-01,Standard,2025-08-10,2025-08-10,5,11,166916.70,8345.83,22453.99,0.00,181024.86,SAVE5,N,,2025-08-05 07:43:59
501315,ORD501315,100411,2025-08-05,2025-08-05 06:16:42,Website,Returned,Credit Card,Refunded,INR,Bengaluru,Karnataka,Vijayawada,Andhra Pradesh,520010,FC-HYD-01,Standard,2025-08-10,2025-08-11,5,15,312722.44,15636.12,28657.39,0.00,325743.71,SAVE5,N,,2025-08-06 07:26:42
500513,ORD500513,100514,2025-08-05,2025-08-05 07:41:50,Store Assisted,Delivered,UPI,Paid,INR,Delhi,Delhi,Delhi,Delhi,110017,FC-HYD-01,Standard,2025-08-10,2025-08-12,1,3,8713.29,1742.66,836.48,0.00,7807.11,APP20,N,,2025-08-12 14:10:50
500105,ORD500105,102055,2025-08-05,2025-08-05 17:58:03,Store Assisted,Delivered,Wallet,Paid,INR,Visakhapatnam,Andhra Pradesh,Visakhapatnam,Andhra Pradesh,530017,FC-DEL-01,Standard,2025-08-10,2025-08-11,5,11,268323.14,26832.31,51220.52,0.00,292711.35,LOYALTY10,N,,2025-08-06 19:23:03
501143,ORD501143,101792,2025-08-06,2025-08-06 00:54:02,Mobile App,Delivered,Debit Card,Paid,INR,Delhi,Delhi,Delhi,Delhi,110017,FC-BLR-01,Standard,2025-08-11,2025-08-11,2,3,5095.88,254.79,1050.98,0.00,5892.07,SAVE5,N,,2025-08-09 01:30:02
500180,ORD500180,102044,2025-08-06,2025-08-06 05:33:52,Website,Delivered,Debit Card,Paid,INR,Bengaluru,Karnataka,Bengaluru,Karnataka,560037,FC-BLR-01,Standard,2025-08-11,2025-08-10,2,6,3829.62,0.00,616.67,0.00,4446.29,,N,,2025-08-10 09:24:52
500022,ORD500022,101282,2025-08-06,2025-08-06 14:05:09,Mobile App,Delivered,Cash on Delivery,Paid,INR,Warangal,Telangana,Warangal,Telangana,506002,FC-DEL-01,Standard,2025-08-11,2025-08-11,3,8,159997.18,0.00,27527.60,0.00,187524.78,,Y,,2025-08-07 22:31:09
500837,ORD500837,101486,2025-08-06,2025-08-06 17:56:15,Website,Delivered,UPI,Paid,INR,Pune,Maharashtra,Warangal,Telangana,506002,FC-DEL-01,Standard,2025-08-11,2025-08-11,2,6,81438.76,0.00,10116.26,0.00,91555.02,,N,,2025-08-10 02:15:15
500535,ORD500535,101098,2025-08-06,2025-08-06 22:21:43,Mobile App,Delivered,Debit Card,Paid,INR,Hyderabad,Telangana,Hyderabad,Telangana,500081,FC-MUM-01,Standard,2025-08-11,2025-08-11,4,9,38365.03,0.00,8655.76,0.00,47020.79,,N,,2025-08-10 05:31:43
500810,ORD500810,101403,2025-08-06,2025-08-06 23:58:07,Mobile App,Returned,Debit Card,Partially Refunded,INR,Bengaluru,Karnataka,Bengaluru,Karnataka,560037,FC-DEL-01,Express,2025-08-09,2025-08-10,2,5,17192.69,0.00,1824.90,0.00,19017.59,,N,,2025-08-14 03:36:07
500738,ORD500738,100510,2025-08-07,2025-08-07 01:50:49,Mobile App,Delivered,Debit Card,Paid,INR,Pune,Maharashtra,Pune,Maharashtra,411014,FC-CHE-01,Standard,2025-08-12,2025-08-11,5,11,314824.72,31482.47,29268.97,0.00,312611.22,WELCOME10,N,,2025-08-11 02:05:49
502137,ORD502137,101288,2025-08-07,2025-08-07 18:05:21,Store Assisted,Delivered,Debit Card,Paid,INR,Visakhapatnam,Andhra Pradesh,Visakhapatnam,Andhra Pradesh,530017,FC-HYD-01,Express,2025-08-10,2025-08-10,3,8,73688.00,0.00,591.68,0.00,74279.68,,N,,2025-08-10 20:36:21
501327,ORD501327,100422,2025-08-07,2025-08-07 20:22:38,Marketplace,Delivered,Debit Card,Paid,INR,Delhi,Delhi,Delhi,Delhi,110017,FC-DEL-01,Standard,2025-08-12,2025-08-11,3,7,15113.39,755.67,1611.23,0.00,15968.95,SAVE5,N,,2025-08-15 21:26:38
502189,ORD502189,100853,2025-08-07,2025-08-07 21:45:10,Store Assisted,Delivered,UPI,Paid,INR,Pune,Maharashtra,Pune,Maharashtra,411014,FC-HYD-01,Same Day,2025-08-07,2025-08-07,1,1,2107.42,0.00,590.08,0.00,2697.50,,Y,,2025-08-11 02:30:10
501738,ORD501738,100644,2025-08-08,2025-08-08 01:49:58,Mobile App,Returned,Wallet,Partially Refunded,INR,Warangal,Telangana,Warangal,Telangana,506002,FC-BLR-01,Standard,2025-08-13,2025-08-14,4,12,70491.26,0.00,8974.66,0.00,79465.92,,N,,2025-08-10 07:04:58
500380,ORD500380,101482,2025-08-08,2025-08-08 04:12:33,Store Assisted,Delivered,Credit Card,Paid,INR,Vijayawada,Andhra Pradesh,Vijayawada,Andhra Pradesh,520010,FC-MUM-01,Standard,2025-08-13,2025-08-14,5,8,90915.28,13637.29,10557.81,0.00,87835.80,FESTIVE15,N,,2025-08-12 10:56:33
500342,ORD500342,100390,2025-08-08,2025-08-08 05:45:59,Marketplace,Returned,Wallet,Refunded,INR,Pune,Maharashtra,Pune,Maharashtra,411014,FC-BLR-01,Express,2025-08-11,2025-08-11,4,9,30089.61,3008.96,7030.84,0.00,34111.49,WELCOME10,N,,2025-08-10 14:21:59
500973,ORD500973,100908,2025-08-08,2025-08-08 11:51:29,Mobile App,Cancelled,UPI,Failed,INR,Secunderabad,Telangana,Bengaluru,Karnataka,560037,FC-HYD-01,Same Day,2025-08-08,,3,11,9687.64,1937.53,1267.90,0.00,9018.01,APP20,Y,Duplicate Order,2025-08-10 20:00:29
500334,ORD500334,101279,2025-08-08,2025-08-08 17:27:03,Store Assisted,Delivered,Net Banking,Paid,INR,Secunderabad,Telangana,Secunderabad,Telangana,500003,FC-DEL-01,Standard,2025-08-13,2025-08-15,2,4,1519.36,227.90,216.66,60.00,1568.12,FESTIVE15,N,,2025-08-11 20:24:03
502179,ORD502179,100933,2025-08-09,2025-08-09 03:16:12,Website,Shipped,Credit Card,Paid,INR,Vijayawada,Andhra Pradesh,Vijayawada,Andhra Pradesh,520010,FC-BLR-01,Standard,2025-08-14,,4,10,266180.38,0.00,70179.72,0.00,336360.10,,N,,2025-08-12 04:46:12
500774,ORD500774,102255,2025-08-09,2025-08-09 05:37:13,Website,Delivered,Credit Card,Paid,INR,Delhi,Delhi,Delhi,Delhi,110017,FC-HYD-01,Standard,2025-08-14,2025-08-14,1,2,29688.22,0.00,5343.88,0.00,35032.10,,Y,,2025-08-11 09:20:13
501174,ORD501174,100192,2025-08-09,2025-08-09 15:43:47,Mobile App,Delivered,Cash on Delivery,Paid,INR,Hyderabad,Telangana,Visakhapatnam,Andhra Pradesh,530017,FC-MUM-01,Same Day,2025-08-09,2025-08-09,4,11,17180.69,0.00,3140.06,0.00,20320.75,,N,,2025-08-11 00:31:47
500153,ORD500153,101812,2025-08-10,2025-08-10 05:23:06,Website,Delivered,Cash on Delivery,Paid,INR,Pune,Maharashtra,Pune,Maharashtra,411014,FC-HYD-01,Standard,2025-08-15,2025-08-15,4,10,92982.52,4649.13,11452.63,0.00,99786.02,SAVE5,N,,2025-08-13 13:47:06
501790,ORD501790,101291,2025-08-10,2025-08-10 09:46:06,Store Assisted,Delivered,UPI,Paid,INR,Visakhapatnam,Andhra Pradesh,Visakhapatnam,Andhra Pradesh,530017,FC-BLR-01,Standard,2025-08-15,2025-08-16,2,7,25752.03,0.00,6888.16,0.00,32640.19,,N,,2025-08-17 15:41:06
501862,ORD501862,101994,2025-08-11,2025-08-11 04:12:55,Marketplace,Delivered,UPI,Paid,INR,Visakhapatnam,Andhra Pradesh,Visakhapatnam,Andhra Pradesh,530017,FC-BLR-01,Standard,2025-08-16,2025-08-15,2,6,24439.14,4887.83,2375.78,0.00,21927.09,APP20,N,,2025-08-15 12:31:55
500806,ORD500806,100492,2025-08-11,2025-08-11 07:15:05,Store Assisted,Cancelled,Debit Card,Failed,INR,Warangal,Telangana,Warangal,Telangana,506002,FC-DEL-01,Standard,2025-08-16,,5,17,92510.04,9251.00,4512.99,0.00,87772.03,LOYALTY10,N,Address Issue,2025-08-17 11:20:05
500822,ORD500822,101371,2025-08-11,2025-08-11 16:28:24,Website,Delivered,Cash on Delivery,Paid,INR,Warangal,Telangana,Warangal,Telangana,506002,FC-MUM-01,Standard,2025-08-16,2025-08-18,3,9,7269.72,1453.94,299.88,0.00,6115.66,APP20,N,,2025-08-20 00:48:24
502105,ORD502105,100890,2025-08-11,2025-08-11 22:16:47,Website,Delivered,UPI,Paid,INR,Secunderabad,Telangana,Delhi,Delhi,110017,FC-BLR-01,Standard,2025-08-16,2025-08-18,1,4,137935.60,20690.34,14069.43,0.00,131314.69,FESTIVE15,Y,,2025-08-12 01:21:47
501350,ORD501350,100969,2025-08-12,2025-08-12 17:51:09,Marketplace,Delivered,Credit Card,Paid,INR,Bengaluru,Karnataka,Bengaluru,Karnataka,560037,FC-HYD-01,Standard,2025-08-17,2025-08-18,2,7,6168.01,0.00,1377.69,0.00,7545.70,,N,,2025-08-19 18:01:09
500182,ORD500182,101763,2025-08-12,2025-08-12 20:48:03,Mobile App,Delivered,Wallet,Paid,INR,Delhi,Delhi,Delhi,Delhi,110017,FC-DEL-01,Standard,2025-08-17,2025-08-18,3,7,110971.87,11097.19,11903.48,0.00,111778.16,WELCOME10,Y,,2025-08-19 21:58:03
500772,ORD500772,100498,2025-08-13,2025-08-13 04:33:22,Marketplace,Delivered,UPI,Paid,INR,Warangal,Telangana,Warangal,Telangana,506002,FC-BLR-01,Express,2025-08-16,2025-08-15,4,8,133721.48,0.00,14806.92,0.00,148528.40,,Y,,2025-08-17 06:30:22
501777,ORD501777,101995,2025-08-13,2025-08-13 17:26:46,Marketplace,Delivered,Debit Card,Paid,INR,Mumbai,Maharashtra,Pune,Maharashtra,411014,FC-DEL-01,Same Day,2025-08-13,2025-08-14,5,12,149053.62,7452.68,28409.74,0.00,170010.68,SAVE5,Y,,2025-08-18 00:43:46
501809,ORD501809,100810,2025-08-13,2025-08-13 20:46:57,Marketplace,Delivered,Cash on Delivery,Paid,INR,Chennai,Tamil Nadu,Chennai,Tamil Nadu,600042,FC-BLR-01,Standard,2025-08-18,2025-08-18,1,1,1085.46,0.00,54.27,60.00,1199.73,,N,,2025-08-21 22:38:57
501901,ORD501901,101431,2025-08-14,2025-08-14 01:52:44,Website,Delivered,Cash on Delivery,Paid,INR,Pune,Maharashtra,Pune,Maharashtra,411014,FC-MUM-01,Standard,2025-08-19,2025-08-20,2,3,60076.30,0.00,1550.64,0.00,61626.94,,N,,2025-08-17 08:30:44
501121,ORD501121,102105,2025-08-14,2025-08-14 04:41:50,Website,Delivered,Debit Card,Paid,INR,Hyderabad,Telangana,Hyderabad,Telangana,500081,FC-HYD-01,Standard,2025-08-19,2025-08-19,5,19,100861.58,0.00,20030.80,0.00,120892.38,,N,,2025-08-17 10:47:50
500476,ORD500476,100228,2025-08-14,2025-08-14 08:02:03,Store Assisted,Delivered,Credit Card,Paid,INR,Bengaluru,Karnataka,Bengaluru,Karnataka,560037,FC-BLR-01,Standard,2025-08-19,2025-08-19,1,1,188.61,0.00,0.00,75.00,263.61,,N,,2025-08-21 13:04:03
500014,ORD500014,100704,2025-08-14,2025-08-14 09:56:34,Website,Delivered,Cash on Delivery,Paid,INR,Vijayawada,Andhra Pradesh,Vijayawada,Andhra Pradesh,520010,FC-DEL-01,Same Day,2025-08-14,2025-08-14,5,11,44477.54,0.00,12036.50,0.00,56514.04,,N,,2025-08-14 11:45:34
500855,ORD500855,101164,2025-08-14,2025-08-14 11:43:53,Store Assisted,Delivered,Credit Card,Paid,INR,Chennai,Tamil Nadu,Delhi,Delhi,110017,FC-BLR-01,Express,2025-08-17,2025-08-19,4,10,144181.00,0.00,17068.29,0.00,161249.29,,N,,2025-08-21 15:24:53
501288,ORD501288,100439,2025-08-15,2025-08-15 03:44:49,Marketplace,Delivered,Cash on Delivery,Paid,INR,Delhi,Delhi,Delhi,Delhi,110017,FC-CHE-01,Standard,2025-08-20,2025-08-21,3,6,3096.07,309.61,65.20,0.00,2851.66,LOYALTY10,Y,,2025-08-15 07:38:49
500732,ORD500732,101521,2025-08-15,2025-08-15 08:57:45,Store Assisted,Delivered,UPI,Paid,INR,Bengaluru,Karnataka,Bengaluru,Karnataka,560037,FC-BLR-01,Same Day,2025-08-15,2025-08-15,5,6,4817.45,481.75,634.91,0.00,4970.61,LOYALTY10,Y,,2025-08-16 13:18:45
501374,ORD501374,100021,2025-08-15,2025-08-15 12:12:26,Marketplace,Delivered,Net Banking,Paid,INR,Pune,Maharashtra,Hyderabad,Telangana,500081,FC-MUM-01,Standard,2025-08-20,2025-08-19,4,10,237992.13,0.00,39268.05,0.00,277260.18,,N,,2025-08-15 13:40:26
501128,ORD501128,100497,2025-08-15,2025-08-15 15:22:41,Website,Shipped,Debit Card,Paid,INR,Secunderabad,Telangana,Secunderabad,Telangana,500003,FC-MUM-01,Same Day,2025-08-15,,1,4,25822.68,2582.27,6507.31,0.00,29747.72,WELCOME10,N,,2025-08-23 20:30:41
501439,ORD501439,101794,2025-08-16,2025-08-16 04:43:56,Store Assisted,Delivered,Wallet,Paid,INR,Secunderabad,Telangana,Secunderabad,Telangana,500003,FC-DEL-01,Standard,2025-08-21,2025-08-21,4,10,39926.30,7985.26,2813.70,0.00,34754.74,APP20,N,,2025-08-18 05:34:56
500375,ORD500375,101558,2025-08-16,2025-08-16 09:08:40,Marketplace,Delivered,Debit Card,Paid,INR,Visakhapatnam,Andhra Pradesh,Visakhapatnam,Andhra Pradesh,530017,FC-DEL-01,Express,2025-08-19,2025-08-19,4,12,66108.70,6610.87,10816.97,0.00,70314.80,WELCOME10,N,,2025-08-21 10:40:40
500683,ORD500683,101532,2025-08-16,2025-08-16 12:05:59,Store Assisted,Delivered,Net Banking,Paid,INR,Vijayawada,Andhra Pradesh,Vijayawada,Andhra Pradesh,520010,FC-MUM-01,Standard,2025-08-21,2025-08-22,1,3,2182.41,327.36,0.00,0.00,1855.05,FESTIVE15,N,,2025-08-20 19:28:59
500376,ORD500376,101705,2025-08-16,2025-08-16 12:34:16,Marketplace,Delivered,Net Banking,Paid,INR,Mumbai,Maharashtra,Mumbai,Maharashtra,400076,FC-MUM-01,Standard,2025-08-21,2025-08-23,4,12,108059.12,5402.96,20312.54,0.00,122968.70,SAVE5,N,,2025-08-22 21:00:16
502304,ORD502304,101241,2025-08-17,2025-08-17 02:14:20,Marketplace,Delivered,Cash on Delivery,Pending,INR,Delhi,Delhi,Delhi,Delhi,110017,FC-BLR-01,Standard,2025-08-22,2025-08-22,4,12,20629.23,0.00,4131.29,0.00,24760.52,,N,,2025-08-18 10:53:20
501973,ORD501973,100724,2025-08-18,2025-08-18 09:37:52,Store Assisted,Delivered,UPI,Paid,INR,Delhi,Delhi,Hyderabad,Telangana,500081,FC-MUM-01,Standard,2025-08-23,2025-08-23,1,4,3115.04,467.26,132.39,0.00,2780.17,FESTIVE15,N,,2025-08-21 14:21:52
500136,ORD500136,100692,2025-08-19,2025-08-19 04:23:13,Mobile App,Cancelled,Cash on Delivery,Failed,INR,Warangal,Telangana,Warangal,Telangana,506002,FC-BLR-01,Express,2025-08-22,,4,8,136532.73,0.00,9843.19,0.00,146375.92,,N,Inventory Unavailable,2025-08-20 11:37:13
500149,ORD500149,101893,2025-08-19,2025-08-19 07:16:39,Marketplace,Delivered,Net Banking,Paid,INR,Secunderabad,Telangana,Secunderabad,Telangana,500003,FC-DEL-01,Standard,2025-08-24,2025-08-25,4,13,178955.26,17895.53,38495.66,0.00,199555.39,LOYALTY10,N,,2025-08-21 09:36:39
502372,ORD502372,101993,2025-08-19,2025-08-19 09:41:16,Marketplace,Delivered,Wallet,Paid,INR,Bengaluru,Karnataka,Bengaluru,Karnataka,560037,FC-HYD-01,Standard,2025-08-24,2025-08-26,5,13,104498.69,5224.93,7751.41,0.00,107025.17,SAVE5,N,,2025-08-24 15:34:16
500128,ORD500128,100977,2025-08-19,2025-08-19 13:40:53,Mobile App,Delivered,Credit Card,Pending,INR,Chennai,Tamil Nadu,Chennai,Tamil Nadu,600042,FC-DEL-01,Standard,2025-08-24,2025-08-26,4,7,122131.46,0.00,23749.80,0.00,145881.26,,N,,2025-08-23 18:27:53
500570,ORD500570,102131,2025-08-19,2025-08-19 15:53:10,Marketplace,Shipped,Net Banking,Paid,INR,Pune,Maharashtra,Pune,Maharashtra,411014,FC-BLR-01,Standard,2025-08-24,,1,3,5287.80,793.17,224.73,0.00,4719.36,FESTIVE15,Y,,2025-08-22 22:42:10
501890,ORD501890,102236,2025-08-20,2025-08-20 01:42:38,Marketplace,Delivered,UPI,Paid,INR,Mumbai,Maharashtra,Hyderabad,Telangana,500081,FC-HYD-01,Standard,2025-08-25,2025-08-25,3,7,11802.43,1180.24,1174.56,0.00,11796.75,WELCOME10,N,,2025-08-25 07:39:38
502400,ORD502400,101600,2025-08-20,2025-08-20 03:13:44,Marketplace,Delivered,Debit Card,Paid,INR,Warangal,Telangana,Warangal,Telangana,506002,FC-MUM-01,Same Day,2025-08-20,2025-08-19,2,5,103373.21,20674.64,14885.74,0.00,97584.31,APP20,Y,,2025-08-21 11:38:44
501413,ORD501413,101668,2025-08-20,2025-08-20 13:06:22,Mobile App,Delivered,Wallet,Paid,INR,Mumbai,Maharashtra,Mumbai,Maharashtra,400076,FC-DEL-01,Express,2025-08-23,2025-08-25,4,10,133712.86,13371.29,23976.43,0.00,144318.00,LOYALTY10,N,,2025-08-22 20:21:22
501344,ORD501344,100171,2025-08-21,2025-08-21 02:49:27,Store Assisted,Delivered,Credit Card,Paid,INR,Warangal,Telangana,Warangal,Telangana,506002,FC-DEL-01,Standard,2025-08-26,2025-08-25,2,7,44683.53,0.00,2751.85,0.00,47435.38,,N,,2025-08-22 11:20:27
500727,ORD500727,101164,2025-08-21,2025-08-21 09:04:14,Website,Delivered,Credit Card,Paid,INR,Chennai,Tamil Nadu,Chennai,Tamil Nadu,600042,FC-CHE-01,Express,2025-08-24,2025-08-24,3,4,100219.40,5010.97,9625.60,0.00,104834.03,SAVE5,N,,2025-08-24 11:50:14
502271,ORD502271,102084,2025-08-21,2025-08-21 14:39:26,Marketplace,Delivered,Net Banking,Paid,INR,Delhi,Delhi,Delhi,Delhi,110017,FC-HYD-01,Standard,2025-08-26,2025-08-25,3,7,29533.92,2953.39,6497.97,0.00,33078.50,LOYALTY10,N,,2025-08-23 17:18:26
500433,ORD500433,100421,2025-08-21,2025-08-21 16:41:49,Store Assisted,Delivered,Wallet,Paid,INR,Delhi,Delhi,Delhi,Delhi,110017,FC-CHE-01,Standard,2025-08-26,2025-08-28,4,13,166956.42,16695.64,1024.64,0.00,151285.42,WELCOME10,N,,2025-08-21 18:35:49
502256,ORD502256,101791,2025-08-22,2025-08-22 04:44:27,Store Assisted,Delivered,UPI,Paid,INR,Mumbai,Maharashtra,Mumbai,Maharashtra,400076,FC-DEL-01,Same Day,2025-08-22,2025-08-21,5,13,151889.97,22783.50,8420.79,0.00,137527.26,FESTIVE15,N,,2025-08-25 10:19:27
500980,ORD500980,101796,2025-08-22,2025-08-22 05:09:46,Website,Delivered,Wallet,Paid,INR,Delhi,Delhi,Delhi,Delhi,110017,FC-BLR-01,Express,2025-08-25,2025-08-24,5,15,36608.95,0.00,5622.66,0.00,42231.61,,N,,2025-08-23 07:04:46
501384,ORD501384,101905,2025-08-23,2025-08-23 10:45:10,Marketplace,Delivered,Wallet,Paid,INR,Vijayawada,Andhra Pradesh,Hyderabad,Telangana,500081,FC-DEL-01,Standard,2025-08-28,2025-08-27,5,13,62221.64,0.00,8932.02,0.00,71153.66,,N,,2025-08-31 16:10:10
501820,ORD501820,102138,2025-08-24,2025-08-24 08:28:40,Marketplace,Returned,Cash on Delivery,Refunded,INR,Hyderabad,Telangana,Hyderabad,Telangana,500081,FC-MUM-01,Same Day,2025-08-24,2025-08-23,1,1,20403.66,0.00,1020.18,0.00,21423.84,,N,,2025-08-27 12:59:40
501339,ORD501339,101512,2025-08-24,2025-08-24 21:52:05,Website,Delivered,Credit Card,Paid,INR,Chennai,Tamil Nadu,Chennai,Tamil Nadu,600042,FC-MUM-01,Standard,2025-08-29,2025-08-29,4,11,69183.47,0.00,11246.22,0.00,80429.69,,N,,2025-08-26 03:56:05
500314,ORD500314,101152,2025-08-25,2025-08-25 07:00:03,Store Assisted,Delivered,Cash on Delivery,Paid,INR,Vijayawada,Andhra Pradesh,Vijayawada,Andhra Pradesh,520010,FC-HYD-01,Standard,2025-08-30,2025-08-30,3,8,100305.36,5015.27,4519.60,0.00,99809.69,SAVE5,Y,,2025-08-30 14:28:03
502252,ORD502252,100219,2025-08-25,2025-08-25 10:27:44,Website,Delivered,Credit Card,Paid,INR,Warangal,Telangana,Warangal,Telangana,506002,FC-DEL-01,Express,2025-08-28,2025-08-28,3,6,69165.98,0.00,12205.38,0.00,81371.36,,N,,2025-09-01 15:08:44
502363,ORD502363,100828,2025-08-25,2025-08-25 13:16:02,Store Assisted,Delivered,Credit Card,Paid,INR,Chennai,Tamil Nadu,Chennai,Tamil Nadu,600042,FC-DEL-01,Standard,2025-08-30,2025-08-31,1,4,19010.04,0.00,0.00,0.00,19010.04,,Y,,2025-08-29 16:32:02
500191,ORD500191,100869,2025-08-25,2025-08-25 14:08:01,Mobile App,Delivered,UPI,Paid,INR,Warangal,Telangana,Warangal,Telangana,506002,FC-DEL-01,Standard,2025-08-30,2025-08-30,5,13,16330.38,2449.56,2296.05,0.00,16176.87,FESTIVE15,N,,2025-09-02 15:56:01
501206,ORD501206,100413,2025-08-25,2025-08-25 18:27:31,Store Assisted,Delivered,Cash on Delivery,Paid,INR,Delhi,Delhi,Delhi,Delhi,110017,FC-HYD-01,Express,2025-08-28,2025-08-29,1,3,5285.88,792.88,0.00,0.00,4493.00,FESTIVE15,N,,2025-08-30 00:18:31
501951,ORD501951,101665,2025-08-25,2025-08-25 22:07:36,Store Assisted,Delivered,Wallet,Paid,INR,Chennai,Tamil Nadu,Chennai,Tamil Nadu,600042,FC-DEL-01,Same Day,2025-08-25,2025-08-26,4,13,191633.42,0.00,30347.41,0.00,221980.83,,Y,,2025-09-01 04:21:36
501088,ORD501088,101053,2025-08-25,2025-08-25 22:28:14,Store Assisted,Delivered,Cash on Delivery,Paid,INR,Mumbai,Maharashtra,Mumbai,Maharashtra,400076,FC-CHE-01,Express,2025-08-28,2025-08-28,5,14,54701.33,0.00,8821.85,0.00,63523.18,,N,,2025-08-28 07:08:14
501168,ORD501168,100379,2025-08-26,2025-08-26 01:33:56,Marketplace,Delivered,UPI,Paid,INR,Secunderabad,Telangana,Secunderabad,Telangana,500003,FC-CHE-01,Express,2025-08-29,2025-08-30,3,9,15346.65,2302.00,2926.96,0.00,15971.61,FESTIVE15,N,,2025-09-02 07:01:56
502073,ORD502073,101770,2025-08-26,2025-08-26 06:55:17,Marketplace,Returned,Net Banking,Partially Refunded,INR,Pune,Maharashtra,Pune,Maharashtra,411014,FC-CHE-01,Standard,2025-08-31,2025-08-31,3,5,28813.56,0.00,3856.04,0.00,32669.60,,N,,2025-08-31 13:05:17
500227,ORD500227,100756,2025-08-26,2025-08-26 19:32:22,Mobile App,Delivered,Wallet,Paid,INR,Mumbai,Maharashtra,Mumbai,Maharashtra,400076,FC-CHE-01,Standard,2025-08-31,2025-08-31,5,8,115787.60,23157.52,14748.54,0.00,107378.62,APP20,Y,,2025-08-29 20:49:22
501792,ORD501792,101960,2025-08-27,2025-08-27 03:25:45,Mobile App,Delivered,UPI,Paid,INR,Secunderabad,Telangana,Secunderabad,Telangana,500003,FC-MUM-01,Express,2025-08-30,2025-08-29,1,2,2651.82,0.00,132.59,0.00,2784.41,,N,,2025-09-01 07:03:45
501443,ORD501443,100755,2025-08-27,2025-08-27 04:15:33,Store Assisted,Cancelled,Net Banking,Refunded,INR,Bengaluru,Karnataka,Bengaluru,Karnataka,560037,FC-MUM-01,Express,2025-08-30,,1,4,3068.88,0.00,552.40,0.00,3621.28,,N,Payment Failure,2025-08-29 06:21:33
501763,ORD501763,100911,2025-08-27,2025-08-27 05:32:04,Mobile App,Delivered,Debit Card,Paid,INR,Visakhapatnam,Andhra Pradesh,Visakhapatnam,Andhra Pradesh,530017,FC-MUM-01,Standard,2025-09-01,2025-09-02,2,5,69660.78,0.00,6452.65,0.00,76113.43,,Y,,2025-09-04 12:43:04
502034,ORD502034,101859,2025-08-27,2025-08-27 21:32:09,Store Assisted,Delivered,Wallet,Paid,INR,Delhi,Delhi,Delhi,Delhi,110017,FC-HYD-01,Standard,2025-09-01,2025-09-03,3,8,128411.30,0.00,0.00,0.00,128411.30,,N,,2025-08-31 06:12:09
500797,ORD500797,101849,2025-08-28,2025-08-28 02:20:54,Marketplace,Shipped,Net Banking,Paid,INR,Warangal,Telangana,Warangal,Telangana,506002,FC-BLR-01,Express,2025-08-31,,5,15,64292.82,0.00,4332.91,0.00,68625.73,,N,,2025-08-31 08:07:54
501947,ORD501947,100065,2025-08-28,2025-08-28 03:14:29,Store Assisted,Delivered,Wallet,Paid,INR,Hyderabad,Telangana,Hyderabad,Telangana,500081,FC-BLR-01,Standard,2025-09-02,2025-09-04,1,4,2361.44,118.07,403.81,0.00,2647.18,SAVE5,N,,2025-09-05 05:29:29
502132,ORD502132,100954,2025-08-28,2025-08-28 23:38:56,Store Assisted,Delivered,Net Banking,Paid,INR,Secunderabad,Telangana,Secunderabad,Telangana,500003,FC-MUM-01,Express,2025-08-31,2025-09-02,2,5,56377.06,2818.85,14996.30,0.00,68554.51,SAVE5,N,,2025-09-01 06:33:56
502192,ORD502192,100972,2025-08-29,2025-08-29 03:54:02,Store Assisted,Delivered,Net Banking,Paid,INR,Secunderabad,Telangana,Secunderabad,Telangana,500003,FC-DEL-01,Standard,2025-09-03,2025-09-03,3,7,6895.73,344.79,260.86,0.00,6811.80,SAVE5,Y,,2025-09-03 12:53:02
500852,ORD500852,100856,2025-08-29,2025-08-29 09:19:00,Website,Cancelled,Net Banking,Failed,INR,Hyderabad,Telangana,Hyderabad,Telangana,500081,FC-CHE-01,Express,2025-09-01,,2,3,16136.11,3227.22,302.19,0.00,13211.08,APP20,N,Duplicate Order,2025-09-01 14:16:00
500896,ORD500896,102086,2025-08-29,2025-08-29 10:38:56,Website,Shipped,Wallet,Paid,INR,Visakhapatnam,Andhra Pradesh,Hyderabad,Telangana,500081,FC-DEL-01,Standard,2025-09-03,,3,9,56789.99,5679.00,13727.41,0.00,64838.40,LOYALTY10,N,,2025-09-03 15:52:56
500781,ORD500781,101290,2025-08-29,2025-08-29 12:38:59,Store Assisted,Delivered,UPI,Paid,INR,Hyderabad,Telangana,Pune,Maharashtra,411014,FC-DEL-01,Standard,2025-09-03,2025-09-03,5,11,25979.66,0.00,6012.68,0.00,31992.34,,Y,,2025-09-02 14:21:59
502300,ORD502300,102066,2025-08-29,2025-08-29 21:29:03,Store Assisted,Delivered,Net Banking,Paid,INR,Bengaluru,Karnataka,Bengaluru,Karnataka,560037,FC-CHE-01,Express,2025-09-01,2025-09-01,4,8,46528.59,2326.43,7479.74,0.00,51681.90,SAVE5,N,,2025-08-30 01:00:03
502333,ORD502333,101681,2025-08-29,2025-08-29 23:02:49,Mobile App,Delivered,Credit Card,Pending,INR,Vijayawada,Andhra Pradesh,Chennai,Tamil Nadu,600042,FC-DEL-01,Express,2025-09-01,2025-09-01,4,13,21840.48,2184.05,3629.13,0.00,23285.56,WELCOME10,N,,2025-09-02 05:35:49
501587,ORD501587,101570,2025-08-30,2025-08-30 04:50:23,Mobile App,Delivered,UPI,Paid,INR,Mumbai,Maharashtra,Mumbai,Maharashtra,400076,FC-MUM-01,Standard,2025-09-04,2025-09-05,3,8,69356.44,6935.64,10635.23,0.00,73056.03,WELCOME10,N,,2025-09-04 13:39:23
502144,ORD502144,101152,2025-08-30,2025-08-30 11:53:48,Marketplace,Delivered,Wallet,Paid,INR,Vijayawada,Andhra Pradesh,Secunderabad,Telangana,500003,FC-HYD-01,Standard,2025-09-04,2025-09-05,5,6,123919.46,0.00,7730.48,0.00,131649.94,,Y,,2025-09-03 20:43:48
500015,ORD500015,101051,2025-08-30,2025-08-30 18:55:32,Marketplace,Delivered,Credit Card,Paid,INR,Pune,Maharashtra,Pune,Maharashtra,411014,FC-HYD-01,Standard,2025-09-04,2025-09-04,3,9,113613.07,5680.65,11485.67,0.00,119418.09,SAVE5,N,,2025-08-31 21:44:32
500605,ORD500605,101937,2025-08-31,2025-08-31 02:56:53,Website,Delivered,UPI,Paid,INR,Pune,Maharashtra,Pune,Maharashtra,411014,FC-MUM-01,Express,2025-09-03,2025-09-02,1,4,516.28,77.44,122.88,60.00,621.72,FESTIVE15,N,,2025-09-01 11:47:53
500240,ORD500240,100929,2025-08-31,2025-08-31 07:50:25,Mobile App,Delivered,UPI,Paid,INR,Bengaluru,Karnataka,Bengaluru,Karnataka,560037,FC-HYD-01,Express,2025-09-03,2025-09-04,4,10,167760.83,33552.17,19472.45,0.00,153681.11,APP20,Y,,2025-09-06 09:55:25
500019,ORD500019,101685,2025-08-31,2025-08-31 12:18:01,Store Assisted,Delivered,Cash on Delivery,Paid,INR,Bengaluru,Karnataka,Bengaluru,Karnataka,560037,FC-BLR-01,Express,2025-09-03,2025-09-04,4,9,21256.41,0.00,4512.48,0.00,25768.89,,N,,2025-09-03 16:27:01
501447,ORD501447,102237,2025-09-01,2025-09-01 05:17:04,Marketplace,Delivered,Debit Card,Paid,INR,Hyderabad,Telangana,Hyderabad,Telangana,500081,FC-DEL-01,Express,2025-09-04,2025-09-06,4,9,6734.49,0.00,491.96,0.00,7226.45,,Y,,2025-09-06 10:35:04
502323,ORD502323,100042,2025-09-01,2025-09-01 08:08:05,Marketplace,Shipped,Cash on Delivery,Pending,INR,Bengaluru,Karnataka,Bengaluru,Karnataka,560037,FC-DEL-01,Same Day,2025-09-01,,1,1,8249.23,824.92,1336.38,0.00,8760.69,WELCOME10,N,,2025-09-06 11:45:05
501425,ORD501425,100246,2025-09-01,2025-09-01 17:06:02,Store Assisted,Delivered,Net Banking,Paid,INR,Mumbai,Maharashtra,Chennai,Tamil Nadu,600042,FC-HYD-01,Standard,2025-09-06,2025-09-06,1,1,44490.94,4449.09,7207.53,0.00,47249.38,LOYALTY10,N,,2025-09-10 01:09:02
500604,ORD500604,101876,2025-09-01,2025-09-01 17:28:11,Marketplace,Cancelled,Cash on Delivery,Refunded,INR,Hyderabad,Telangana,Hyderabad,Telangana,500081,FC-DEL-01,Standard,2025-09-06,,1,1,677.56,101.63,69.11,60.00,705.04,FESTIVE15,N,Customer Request,2025-09-05 18:34:11
500526,ORD500526,101334,2025-09-02,2025-09-02 03:51:24,Mobile App,Shipped,Debit Card,Paid,INR,Bengaluru,Karnataka,Bengaluru,Karnataka,560037,FC-HYD-01,Standard,2025-09-07,,2,6,135387.20,13538.72,21862.15,0.00,143710.63,WELCOME10,N,,2025-09-04 06:41:24
500919,ORD500919,101777,2025-09-02,2025-09-02 11:53:42,Mobile App,Delivered,Cash on Delivery,Paid,INR,Visakhapatnam,Andhra Pradesh,Visakhapatnam,Andhra Pradesh,530017,FC-BLR-01,Standard,2025-09-07,2025-09-07,4,7,53280.82,10656.16,922.22,0.00,43546.88,APP20,N,,2025-09-03 19:37:42
502251,ORD502251,101018,2025-09-02,2025-09-02 12:19:55,Store Assisted,Delivered,Debit Card,Paid,INR,Mumbai,Maharashtra,Mumbai,Maharashtra,400076,FC-MUM-01,Standard,2025-09-07,2025-09-09,4,13,122577.44,24515.49,18163.50,0.00,116225.45,APP20,N,,2025-09-07 12:23:55
500129,ORD500129,101181,2025-09-02,2025-09-02 16:07:53,Store Assisted,Delivered,Credit Card,Paid,INR,Chennai,Tamil Nadu,Chennai,Tamil Nadu,600042,FC-DEL-01,Standard,2025-09-07,2025-09-08,1,1,470.02,47.00,50.76,60.00,533.78,LOYALTY10,Y,,2025-09-09 17:32:53
500354,ORD500354,100647,2025-09-02,2025-09-02 16:34:37,Marketplace,Delivered,Debit Card,Paid,INR,Warangal,Telangana,Warangal,Telangana,506002,FC-MUM-01,Same Day,2025-09-02,2025-09-03,3,6,9578.34,1915.67,1379.28,0.00,9041.95,APP20,N,,2025-09-08 21:09:37
500730,ORD500730,100711,2025-09-03,2025-09-03 18:39:42,Website,Delivered,Credit Card,Paid,INR,Bengaluru,Karnataka,Bengaluru,Karnataka,560037,FC-CHE-01,Standard,2025-09-08,2025-09-10,1,1,1476.16,0.00,177.14,60.00,1713.30,,Y,,2025-09-11 00:02:42
500752,ORD500752,101125,2025-09-03,2025-09-03 23:08:08,Website,Delivered,UPI,Paid,INR,Mumbai,Maharashtra,Mumbai,Maharashtra,400076,FC-MUM-01,Express,2025-09-06,2025-09-06,4,11,94122.63,9412.26,21751.32,0.00,106461.69,LOYALTY10,Y,,2025-09-10 05:38:08
500403,ORD500403,101872,2025-09-04,2025-09-04 07:49:58,Website,Delivered,Wallet,Paid,INR,Warangal,Telangana,Warangal,Telangana,506002,FC-DEL-01,Standard,2025-09-09,2025-09-10,2,3,4660.63,932.13,350.46,0.00,4078.96,APP20,Y,,2025-09-12 15:17:58
501766,ORD501766,101679,2025-09-04,2025-09-04 11:22:26,Mobile App,Delivered,Wallet,Paid,INR,Vijayawada,Andhra Pradesh,Secunderabad,Telangana,500003,FC-MUM-01,Standard,2025-09-09,2025-09-09,3,9,62114.04,9317.11,14258.43,0.00,67055.36,FESTIVE15,N,,2025-09-08 17:39:26
501773,ORD501773,101588,2025-09-04,2025-09-04 14:46:55,Mobile App,Delivered,Wallet,Paid,INR,Pune,Maharashtra,Pune,Maharashtra,411014,FC-HYD-01,Standard,2025-09-09,2025-09-09,5,11,167943.44,0.00,25822.75,0.00,193766.19,,Y,,2025-09-05 19:59:55
501170,ORD501170,101717,2025-09-05,2025-09-05 02:30:30,Store Assisted,Delivered,Cash on Delivery,Paid,INR,Warangal,Telangana,Warangal,Telangana,506002,FC-BLR-01,Standard,2025-09-10,2025-09-10,4,9,31269.18,3126.92,4817.70,0.00,32959.96,WELCOME10,N,,2025-09-07 10:14:30
500179,ORD500179,101228,2025-09-05,2025-09-05 13:17:38,Website,Delivered,Wallet,Paid,INR,Vijayawada,Andhra Pradesh,Vijayawada,Andhra Pradesh,520010,FC-HYD-01,Standard,2025-09-10,2025-09-10,1,2,27053.52,5410.70,2597.14,0.00,24239.96,APP20,N,,2025-09-10 19:02:38
501130,ORD501130,100192,2025-09-06,2025-09-06 07:48:49,Mobile App,Delivered,UPI,Pending,INR,Hyderabad,Telangana,Hyderabad,Telangana,500081,FC-DEL-01,Standard,2025-09-11,2025-09-11,2,3,9324.60,0.00,54.84,0.00,9379.44,,Y,,2025-09-09 12:27:49
500211,ORD500211,100751,2025-09-07,2025-09-07 04:45:05,Mobile App,Delivered,Cash on Delivery,Paid,INR,Secunderabad,Telangana,Visakhapatnam,Andhra Pradesh,530017,FC-HYD-01,Express,2025-09-10,2025-09-10,4,13,152830.07,0.00,18336.09,0.00,171166.16,,Y,,2025-09-14 04:59:05
502190,ORD502190,100480,2025-09-08,2025-09-08 06:46:12,Website,Returned,Wallet,Partially Refunded,INR,Bengaluru,Karnataka,Bengaluru,Karnataka,560037,FC-MUM-01,Standard,2025-09-13,2025-09-13,5,17,169112.63,25366.89,19882.93,0.00,163628.67,FESTIVE15,Y,,2025-09-11 12:22:12
500300,ORD500300,100361,2025-09-08,2025-09-08 07:10:20,Website,Delivered,Cash on Delivery,Paid,INR,Secunderabad,Telangana,Secunderabad,Telangana,500003,FC-MUM-01,Standard,2025-09-13,2025-09-14,5,13,178286.78,8914.34,11829.39,0.00,181201.83,SAVE5,N,,2025-09-11 07:21:20
502255,ORD502255,100743,2025-09-08,2025-09-08 12:35:02,Website,Delivered,Wallet,Paid,INR,Secunderabad,Telangana,Secunderabad,Telangana,500003,FC-MUM-01,Standard,2025-09-13,2025-09-13,3,6,19151.18,0.00,2361.75,0.00,21512.93,,N,,2025-09-10 18:43:02
501427,ORD501427,100445,2025-09-08,2025-09-08 14:36:42,Marketplace,Delivered,Cash on Delivery,Paid,INR,Chennai,Tamil Nadu,Chennai,Tamil Nadu,600042,FC-BLR-01,Express,2025-09-11,2025-09-11,1,4,58494.04,0.00,0.00,0.00,58494.04,,Y,,2025-09-10 22:50:42
502058,ORD502058,101300,2025-09-08,2025-09-08 22:34:39,Marketplace,Delivered,Net Banking,Paid,INR,Pune,Maharashtra,Pune,Maharashtra,411014,FC-MUM-01,Standard,2025-09-13,2025-09-13,3,6,6775.28,677.53,1208.95,0.00,7306.70,WELCOME10,Y,,2025-09-11 23:44:39
501937,ORD501937,100243,2025-09-09,2025-09-09 01:22:43,Marketplace,Delivered,UPI,Paid,INR,Visakhapatnam,Andhra Pradesh,Mumbai,Maharashtra,400076,FC-MUM-01,Standard,2025-09-14,2025-09-14,2,3,6319.72,1263.94,768.89,0.00,5824.67,APP20,N,,2025-09-12 01:52:43
502042,ORD502042,101216,2025-09-09,2025-09-09 06:08:22,Mobile App,Delivered,Debit Card,Paid,INR,Chennai,Tamil Nadu,Chennai,Tamil Nadu,600042,FC-DEL-01,Standard,2025-09-14,2025-09-16,5,10,44974.78,8994.96,2014.58,0.00,37994.40,APP20,N,,2025-09-15 12:54:22
500321,ORD500321,100836,2025-09-09,2025-09-09 08:32:52,Website,Delivered,Cash on Delivery,Paid,INR,Secunderabad,Telangana,Secunderabad,Telangana,500003,FC-CHE-01,Standard,2025-09-14,2025-09-14,3,7,4823.31,964.66,99.37,0.00,3958.02,APP20,N,,2025-09-10 09:56:52
500729,ORD500729,101936,2025-09-10,2025-09-10 00:14:12,Store Assisted,Returned,Cash on Delivery,Refunded,INR,Delhi,Delhi,Delhi,Delhi,110017,FC-MUM-01,Standard,2025-09-15,2025-09-17,3,5,8005.43,800.54,1047.06,0.00,8251.95,LOYALTY10,N,,2025-09-16 09:03:12
501864,ORD501864,100237,2025-09-10,2025-09-10 01:35:55,Marketplace,Delivered,Debit Card,Paid,INR,Vijayawada,Andhra Pradesh,Delhi,Delhi,110017,FC-DEL-01,Standard,2025-09-15,2025-09-15,2,3,18058.54,0.00,288.49,0.00,18347.03,,N,,2025-09-18 07:30:55
501341,ORD501341,101411,2025-09-10,2025-09-10 03:02:11,Mobile App,Delivered,Wallet,Paid,INR,Chennai,Tamil Nadu,Chennai,Tamil Nadu,600042,FC-MUM-01,Standard,2025-09-15,2025-09-16,2,5,79517.99,15903.60,7662.76,0.00,71277.15,APP20,N,,2025-09-11 04:17:11
500266,ORD500266,100429,2025-09-10,2025-09-10 05:56:33,Marketplace,Delivered,Debit Card,Paid,INR,Pune,Maharashtra,Pune,Maharashtra,411014,FC-HYD-01,Express,2025-09-13,2025-09-13,3,8,31823.86,6364.77,3577.38,0.00,29036.47,APP20,N,,2025-09-10 13:47:33
501500,ORD501500,102229,2025-09-10,2025-09-10 10:41:57,Store Assisted,Delivered,UPI,Paid,INR,Delhi,Delhi,Delhi,Delhi,110017,FC-DEL-01,Standard,2025-09-15,2025-09-17,3,6,8053.75,0.00,348.93,0.00,8402.68,,N,,2025-09-12 11:12:57
500877,ORD500877,100105,2025-09-10,2025-09-10 12:39:19,Mobile App,Delivered,Cash on Delivery,Paid,INR,Visakhapatnam,Andhra Pradesh,Visakhapatnam,Andhra Pradesh,530017,FC-HYD-01,Standard,2025-09-15,2025-09-15,3,10,95805.44,19161.09,20220.18,0.00,96864.53,APP20,N,,2025-09-18 16:38:19
502283,ORD502283,100936,2025-09-10,2025-09-10 12:43:22,Website,Cancelled,Debit Card,Refunded,INR,Chennai,Tamil Nadu,Chennai,Tamil Nadu,600042,FC-HYD-01,Standard,2025-09-15,,3,8,75672.46,0.00,622.74,0.00,76295.20,,N,Duplicate Order,2025-09-16 15:30:22
501147,ORD501147,102101,2025-09-10,2025-09-10 16:19:54,Store Assisted,Delivered,Cash on Delivery,Paid,INR,Bengaluru,Karnataka,Bengaluru,Karnataka,560037,FC-CHE-01,Standard,2025-09-15,2025-09-16,3,9,63725.03,6372.50,11014.31,0.00,68366.84,LOYALTY10,N,,2025-09-11 18:46:54
502309,ORD502309,101166,2025-09-10,2025-09-10 17:07:23,Mobile App,Delivered,Debit Card,Paid,INR,Bengaluru,Karnataka,Bengaluru,Karnataka,560037,FC-CHE-01,Standard,2025-09-15,2025-09-16,3,7,8837.77,1325.67,579.32,0.00,8091.42,FESTIVE15,N,,2025-09-17 01:25:23
501985,ORD501985,100560,2025-09-10,2025-09-10 18:01:39,Store Assisted,Delivered,Cash on Delivery,Paid,INR,Delhi,Delhi,Delhi,Delhi,110017,FC-MUM-01,Standard,2025-09-15,2025-09-16,5,7,60839.39,12167.88,4832.18,0.00,53503.69,APP20,N,,2025-09-17 02:07:39
500278,ORD500278,100012,2025-09-10,2025-09-10 21:31:52,Store Assisted,Delivered,Net Banking,Paid,INR,Visakhapatnam,Andhra Pradesh,Visakhapatnam,Andhra Pradesh,530017,FC-BLR-01,Standard,2025-09-15,2025-09-16,2,4,20187.28,0.00,5461.66,0.00,25648.94,,Y,,2025-09-17 00:28:52
500721,ORD500721,100232,2025-09-10,2025-09-10 23:12:32,Mobile App,Cancelled,Wallet,Failed,INR,Bengaluru,Karnataka,Bengaluru,Karnataka,560037,FC-DEL-01,Same Day,2025-09-10,,3,10,27683.80,2768.38,1254.71,0.00,26170.13,LOYALTY10,Y,Inventory Unavailable,2025-09-15 00:52:32
500717,ORD500717,101460,2025-09-11,2025-09-11 06:59:20,Marketplace,Delivered,Credit Card,Paid,INR,Visakhapatnam,Andhra Pradesh,Visakhapatnam,Andhra Pradesh,530017,FC-BLR-01,Same Day,2025-09-11,2025-09-11,4,14,20807.30,0.00,3471.91,0.00,24279.21,,N,,2025-09-12 12:02:20
501245,ORD501245,100525,2025-09-11,2025-09-11 17:51:01,Mobile App,Delivered,UPI,Paid,INR,Visakhapatnam,Andhra Pradesh,Visakhapatnam,Andhra Pradesh,530017,FC-MUM-01,Standard,2025-09-16,2025-09-15,4,11,143842.69,14384.27,1521.87,0.00,130980.29,WELCOME10,N,,2025-09-20 02:09:01
502029,ORD502029,101699,2025-09-12,2025-09-12 04:18:26,Mobile App,Delivered,Credit Card,Paid,INR,Secunderabad,Telangana,Secunderabad,Telangana,500003,FC-MUM-01,Express,2025-09-15,2025-09-15,2,3,32728.02,3272.80,5392.98,0.00,34848.20,WELCOME10,N,,2025-09-19 12:48:26
501553,ORD501553,100775,2025-09-12,2025-09-12 07:50:26,Store Assisted,Delivered,Debit Card,Paid,INR,Mumbai,Maharashtra,Mumbai,Maharashtra,400076,FC-HYD-01,Express,2025-09-15,2025-09-15,1,4,1417.40,0.00,0.00,40.00,1457.40,,N,,2025-09-15 10:57:26
502232,ORD502232,102010,2025-09-12,2025-09-12 11:46:25,Mobile App,Delivered,UPI,Paid,INR,Delhi,Delhi,Delhi,Delhi,110017,FC-MUM-01,Express,2025-09-15,2025-09-15,2,6,14238.54,1423.85,2751.64,0.00,15566.33,WELCOME10,N,,2025-09-20 18:29:25
501157,ORD501157,101217,2025-09-12,2025-09-12 14:57:24,Mobile App,Delivered,Wallet,Paid,INR,Vijayawada,Andhra Pradesh,Vijayawada,Andhra Pradesh,520010,FC-BLR-01,Standard,2025-09-17,2025-09-16,2,4,3749.73,187.49,926.73,0.00,4488.97,SAVE5,N,,2025-09-14 18:38:24
500337,ORD500337,101881,2025-09-13,2025-09-13 02:47:39,Marketplace,Returned,Credit Card,Partially Refunded,INR,Pune,Maharashtra,Pune,Maharashtra,411014,FC-BLR-01,Express,2025-09-16,2025-09-16,4,12,18922.40,1892.24,2712.14,0.00,19742.30,WELCOME10,N,,2025-09-20 06:05:39
502181,ORD502181,101043,2025-09-13,2025-09-13 11:18:27,Mobile App,Delivered,Cash on Delivery,Paid,INR,Delhi,Delhi,Delhi,Delhi,110017,FC-BLR-01,Standard,2025-09-18,2025-09-18,5,8,77610.63,11641.59,10493.50,0.00,76462.54,FESTIVE15,N,,2025-09-21 17:03:27
501579,ORD501579,100728,2025-09-13,2025-09-13 16:26:29,Website,Delivered,UPI,Paid,INR,Vijayawada,Andhra Pradesh,Vijayawada,Andhra Pradesh,520010,FC-DEL-01,Standard,2025-09-18,2025-09-20,5,12,46315.95,0.00,2156.13,0.00,48472.08,,N,,2025-09-19 20:21:29
501860,ORD501860,100454,2025-09-13,2025-09-13 18:22:42,Marketplace,Delivered,Cash on Delivery,Paid,INR,Vijayawada,Andhra Pradesh,Vijayawada,Andhra Pradesh,520010,FC-CHE-01,Standard,2025-09-18,2025-09-17,2,6,91824.22,13773.63,9366.07,0.00,87416.66,FESTIVE15,N,,2025-09-14 23:02:42
500750,ORD500750,102128,2025-09-13,2025-09-13 22:36:05,Website,Delivered,Debit Card,Paid,INR,Hyderabad,Telangana,Hyderabad,Telangana,500081,FC-HYD-01,Standard,2025-09-18,2025-09-18,1,3,1248.06,124.81,134.79,90.00,1348.04,WELCOME10,N,,2025-09-19 05:24:05
501207,ORD501207,100538,2025-09-14,2025-09-14 05:38:22,Store Assisted,Delivered,Net Banking,Paid,INR,Delhi,Delhi,Delhi,Delhi,110017,FC-MUM-01,Standard,2025-09-19,2025-09-18,4,7,20128.66,4025.73,2890.77,0.00,18993.70,APP20,N,,2025-09-16 11:31:22
502200,ORD502200,100501,2025-09-15,2025-09-15 12:18:59,Website,Delivered,Wallet,Paid,INR,Delhi,Delhi,Delhi,Delhi,110017,FC-MUM-01,Express,2025-09-18,2025-09-17,1,1,928.01,139.20,39.44,90.00,918.25,FESTIVE15,Y,,2025-09-17 14:28:59
500531,ORD500531,100060,2025-09-15,2025-09-15 16:20:50,Mobile App,Delivered,Debit Card,Paid,INR,Hyderabad,Telangana,Hyderabad,Telangana,500081,FC-MUM-01,Standard,2025-09-20,2025-09-19,1,1,15585.48,3117.10,2244.31,0.00,14712.69,APP20,N,,2025-09-22 20:07:50
501952,ORD501952,101018,2025-09-15,2025-09-15 17:45:50,Marketplace,Delivered,Credit Card,Paid,INR,Mumbai,Maharashtra,Mumbai,Maharashtra,400076,FC-DEL-01,Standard,2025-09-20,2025-09-20,1,4,372.88,18.64,63.76,40.00,458.00,SAVE5,N,,2025-09-18 18:32:50
501446,ORD501446,100698,2025-09-16,2025-09-16 09:09:47,Marketplace,Delivered,Debit Card,Paid,INR,Hyderabad,Telangana,Hyderabad,Telangana,500081,FC-CHE-01,Standard,2025-09-21,2025-09-21,4,11,107990.11,0.00,11542.50,0.00,119532.61,,N,,2025-09-18 13:24:47
501431,ORD501431,102020,2025-09-16,2025-09-16 12:47:41,Website,Delivered,Credit Card,Paid,INR,Mumbai,Maharashtra,Mumbai,Maharashtra,400076,FC-BLR-01,Standard,2025-09-21,2025-09-21,3,9,8419.00,420.95,935.42,0.00,8933.47,SAVE5,N,,2025-09-21 19:30:41
501837,ORD501837,102143,2025-09-16,2025-09-16 16:08:16,Marketplace,Returned,Net Banking,Refunded,INR,Warangal,Telangana,Warangal,Telangana,506002,FC-BLR-01,Standard,2025-09-21,2025-09-20,3,3,6565.76,984.86,1075.34,0.00,6656.24,FESTIVE15,N,,2025-09-18 21:21:16
500621,ORD500621,101842,2025-09-16,2025-09-16 18:15:56,Mobile App,Delivered,Wallet,Paid,INR,Chennai,Tamil Nadu,Chennai,Tamil Nadu,600042,FC-MUM-01,Standard,2025-09-21,2025-09-22,5,7,7215.24,360.76,852.50,0.00,7706.98,SAVE5,N,,2025-09-19 02:09:56
501574,ORD501574,100776,2025-09-16,2025-09-16 20:31:36,Website,Delivered,Credit Card,Paid,INR,Secunderabad,Telangana,Secunderabad,Telangana,500003,FC-HYD-01,Standard,2025-09-21,2025-09-22,5,14,43279.66,0.00,1396.50,0.00,44676.16,,N,,2025-09-22 00:33:36
500316,ORD500316,101218,2025-09-17,2025-09-17 00:14:44,Website,Delivered,Credit Card,Paid,INR,Mumbai,Maharashtra,Mumbai,Maharashtra,400076,FC-CHE-01,Express,2025-09-20,2025-09-20,4,13,103839.22,20767.84,4680.55,0.00,87751.93,APP20,N,,2025-09-17 06:32:44
500796,ORD500796,101226,2025-09-17,2025-09-17 01:35:48,Marketplace,Delivered,Net Banking,Paid,INR,Chennai,Tamil Nadu,Chennai,Tamil Nadu,600042,FC-HYD-01,Standard,2025-09-22,2025-09-23,4,10,100121.74,15018.26,13559.95,0.00,98663.43,FESTIVE15,Y,,2025-09-21 07:33:48
500775,ORD500775,101690,2025-09-17,2025-09-17 03:08:56,Website,Delivered,Debit Card,Paid,INR,Bengaluru,Karnataka,Bengaluru,Karnataka,560037,FC-DEL-01,Standard,2025-09-22,2025-09-21,5,16,47281.19,4728.12,8053.76,0.00,50606.83,WELCOME10,N,,2025-09-23 11:45:56
501184,ORD501184,100542,2025-09-17,2025-09-17 04:29:19,Website,Delivered,Net Banking,Paid,INR,Secunderabad,Telangana,Secunderabad,Telangana,500003,FC-HYD-01,Same Day,2025-09-17,2025-09-17,1,3,3009.12,451.37,0.00,0.00,2557.75,FESTIVE15,Y,,2025-09-22 12:42:19
500405,ORD500405,101945,2025-09-17,2025-09-17 11:06:35,Website,Delivered,Cash on Delivery,Paid,INR,Secunderabad,Telangana,Delhi,Delhi,110017,FC-CHE-01,Standard,2025-09-22,2025-09-22,3,10,10295.86,0.00,1502.67,0.00,11798.53,,N,,2025-09-21 11:30:35
502265,ORD502265,100765,2025-09-17,2025-09-17 22:50:07,Mobile App,Delivered,Credit Card,Paid,INR,Visakhapatnam,Andhra Pradesh,Visakhapatnam,Andhra Pradesh,530017,FC-BLR-01,Express,2025-09-20,2025-09-20,3,8,98433.59,0.00,15562.16,0.00,113995.75,,Y,,2025-09-26 05:43:07
500130,ORD500130,100977,2025-09-17,2025-09-17 23:36:48,Marketplace,Shipped,Wallet,Paid,INR,Chennai,Tamil Nadu,Chennai,Tamil Nadu,600042,FC-CHE-01,Standard,2025-09-22,,3,4,13205.88,660.29,2177.33,0.00,14722.92,SAVE5,N,,2025-09-19 01:23:48
501373,ORD501373,101495,2025-09-19,2025-09-19 05:29:59,Website,Delivered,Debit Card,Paid,INR,Vijayawada,Andhra Pradesh,Vijayawada,Andhra Pradesh,520010,FC-DEL-01,Standard,2025-09-24,2025-09-25,3,7,87251.05,13087.66,7366.72,0.00,81530.11,FESTIVE15,N,,2025-09-24 10:16:59
500540,ORD500540,100686,2025-09-19,2025-09-19 08:10:01,Mobile App,Delivered,Cash on Delivery,Paid,INR,Bengaluru,Karnataka,Bengaluru,Karnataka,560037,FC-MUM-01,Same Day,2025-09-19,2025-09-19,3,8,48239.89,0.00,8608.30,0.00,56848.19,,N,,2025-09-20 13:02:01
500835,ORD500835,101401,2025-09-19,2025-09-19 09:57:51,Marketplace,Delivered,Cash on Delivery,Paid,INR,Bengaluru,Karnataka,Bengaluru,Karnataka,560037,FC-BLR-01,Express,2025-09-22,2025-09-23,1,1,688.42,68.84,173.48,50.00,843.06,LOYALTY10,N,,2025-09-22 09:58:51
502044,ORD502044,101955,2025-09-19,2025-09-19 14:44:00,Marketplace,Delivered,UPI,Paid,INR,Secunderabad,Telangana,Secunderabad,Telangana,500003,FC-BLR-01,Express,2025-09-22,2025-09-22,4,13,47650.53,4765.05,7291.21,0.00,50176.69,WELCOME10,N,,2025-09-20 23:25:00
500629,ORD500629,100284,2025-09-20,2025-09-20 04:11:01,Mobile App,Delivered,Wallet,Paid,INR,Warangal,Telangana,Warangal,Telangana,506002,FC-MUM-01,Standard,2025-09-25,2025-09-27,2,8,22142.24,3321.34,2720.45,0.00,21541.35,FESTIVE15,N,,2025-09-23 09:13:01
502071,ORD502071,102162,2025-09-20,2025-09-20 14:26:57,Website,Delivered,Net Banking,Pending,INR,Warangal,Telangana,Warangal,Telangana,506002,FC-HYD-01,Standard,2025-09-25,2025-09-26,4,12,116323.54,5816.18,30193.31,0.00,140700.67,SAVE5,N,,2025-09-24 17:42:57
501154,ORD501154,101141,2025-09-20,2025-09-20 19:01:32,Website,Delivered,Debit Card,Paid,INR,Visakhapatnam,Andhra Pradesh,Visakhapatnam,Andhra Pradesh,530017,FC-MUM-01,Standard,2025-09-25,2025-09-26,3,9,64604.00,0.00,4445.34,0.00,69049.34,,N,,2025-09-21 03:54:32
502239,ORD502239,101775,2025-09-21,2025-09-21 06:04:27,Store Assisted,Delivered,Debit Card,Paid,INR,Hyderabad,Telangana,Delhi,Delhi,110017,FC-HYD-01,Express,2025-09-24,2025-09-25,2,5,60988.56,0.00,16899.69,0.00,77888.25,,N,,2025-09-24 09:36:27
501743,ORD501743,100618,2025-09-21,2025-09-21 09:17:00,Website,Delivered,Credit Card,Paid,INR,Vijayawada,Andhra Pradesh,Vijayawada,Andhra Pradesh,520010,FC-CHE-01,Standard,2025-09-26,2025-09-28,1,3,64949.58,3247.48,0.00,0.00,61702.10,SAVE5,N,,2025-09-24 09:39:00
501835,ORD501835,100259,2025-09-21,2025-09-21 15:10:57,Marketplace,Delivered,UPI,Paid,INR,Pune,Maharashtra,Pune,Maharashtra,411014,FC-HYD-01,Express,2025-09-24,2025-09-24,2,2,27997.71,0.00,5602.79,0.00,33600.50,,N,,2025-09-27 22:31:57
500241,ORD500241,101765,2025-09-21,2025-09-21 15:41:57,Mobile App,Delivered,Cash on Delivery,Paid,INR,Mumbai,Maharashtra,Mumbai,Maharashtra,400076,FC-CHE-01,Standard,2025-09-26,2025-09-26,1,2,1534.44,153.44,248.58,75.00,1704.58,LOYALTY10,N,,2025-09-24 00:08:57
501855,ORD501855,100549,2025-09-21,2025-09-21 19:48:25,Website,Delivered,Net Banking,Paid,INR,Secunderabad,Telangana,Secunderabad,Telangana,500003,FC-BLR-01,Standard,2025-09-26,2025-09-27,1,1,23577.16,0.00,0.00,0.00,23577.16,,N,,2025-09-30 00:02:25
502368,ORD502368,100789,2025-09-21,2025-09-21 22:43:32,Mobile App,Delivered,Debit Card,Paid,INR,Delhi,Delhi,Delhi,Delhi,110017,FC-BLR-01,Express,2025-09-24,2025-09-24,4,9,113880.14,22776.03,14611.43,0.00,105715.54,APP20,N,,2025-09-25 00:48:32
500809,ORD500809,100020,2025-09-22,2025-09-22 02:18:03,Marketplace,Delivered,UPI,Paid,INR,Hyderabad,Telangana,Hyderabad,Telangana,500081,FC-BLR-01,Same Day,2025-09-22,2025-09-22,4,15,41248.91,0.00,6901.03,0.00,48149.94,,Y,,2025-09-24 07:58:03
500517,ORD500517,101737,2025-09-22,2025-09-22 03:23:10,Store Assisted,Delivered,Credit Card,Paid,INR,Vijayawada,Andhra Pradesh,Vijayawada,Andhra Pradesh,520010,FC-MUM-01,Standard,2025-09-27,2025-09-27,5,13,126730.18,0.00,1709.95,0.00,128440.13,,N,,2025-09-24 03:40:10
500036,ORD500036,102156,2025-09-22,2025-09-22 04:19:33,Marketplace,Delivered,Credit Card,Paid,INR,Bengaluru,Karnataka,Bengaluru,Karnataka,560037,FC-DEL-01,Express,2025-09-25,2025-09-26,2,4,42593.44,0.00,8957.34,0.00,51550.78,,N,,2025-09-26 05:39:33
501441,ORD501441,100447,2025-09-22,2025-09-22 12:35:43,Mobile App,Shipped,UPI,Paid,INR,Delhi,Delhi,Delhi,Delhi,110017,FC-MUM-01,Standard,2025-09-27,,4,10,68845.22,3442.26,12993.44,0.00,78396.40,SAVE5,N,,2025-09-26 20:23:43
500952,ORD500952,101199,2025-09-22,2025-09-22 18:41:06,Store Assisted,Delivered,Net Banking,Paid,INR,Secunderabad,Telangana,Secunderabad,Telangana,500003,FC-DEL-01,Standard,2025-09-27,2025-09-26,5,9,61062.70,3053.14,6169.73,0.00,64179.29,SAVE5,Y,,2025-09-25 21:25:06
502096,ORD502096,100301,2025-09-22,2025-09-22 23:36:10,Store Assisted,Delivered,Net Banking,Paid,INR,Delhi,Delhi,Pune,Maharashtra,411014,FC-HYD-01,Standard,2025-09-27,2025-09-27,2,5,21109.88,4221.98,844.40,0.00,17732.30,APP20,N,,2025-09-29 08:03:10
502085,ORD502085,100897,2025-09-23,2025-09-23 21:43:41,Mobile App,Delivered,UPI,Paid,INR,Pune,Maharashtra,Pune,Maharashtra,411014,FC-MUM-01,Standard,2025-09-28,2025-09-28,5,11,10257.44,0.00,672.26,0.00,10929.70,,N,,2025-10-02 05:59:41
500166,ORD500166,101072,2025-09-24,2025-09-24 03:14:08,Mobile App,Delivered,Cash on Delivery,Paid,INR,Warangal,Telangana,Warangal,Telangana,506002,FC-BLR-01,Standard,2025-09-29,2025-09-28,2,7,102371.34,20474.27,3532.91,0.00,85429.98,APP20,N,,2025-10-02 10:48:08
501702,ORD501702,100979,2025-09-25,2025-09-25 02:26:26,Store Assisted,Delivered,Wallet,Paid,INR,Hyderabad,Telangana,Hyderabad,Telangana,500081,FC-CHE-01,Standard,2025-09-30,2025-09-29,2,7,10563.39,528.17,2809.86,0.00,12845.08,SAVE5,N,,2025-09-26 02:35:26
501564,ORD501564,102260,2025-09-25,2025-09-25 03:11:52,Store Assisted,Delivered,Debit Card,Paid,INR,Warangal,Telangana,Warangal,Telangana,506002,FC-BLR-01,Standard,2025-09-30,2025-10-02,1,4,32911.60,4936.74,0.00,0.00,27974.86,FESTIVE15,Y,,2025-09-25 05:00:52
502272,ORD502272,101065,2025-09-25,2025-09-25 14:39:30,Mobile App,Delivered,Debit Card,Paid,INR,Chennai,Tamil Nadu,Chennai,Tamil Nadu,600042,FC-DEL-01,Same Day,2025-09-25,2025-09-26,5,10,12902.17,645.11,886.00,0.00,13143.06,SAVE5,N,,2025-09-29 16:59:30
501964,ORD501964,100205,2025-09-25,2025-09-25 18:53:47,Store Assisted,Shipped,Net Banking,Paid,INR,Chennai,Tamil Nadu,Chennai,Tamil Nadu,600042,FC-HYD-01,Standard,2025-09-30,,3,6,8973.27,0.00,1800.95,0.00,10774.22,,N,,2025-10-02 20:08:47
501098,ORD501098,100222,2025-09-25,2025-09-25 23:04:31,Marketplace,Delivered,Cash on Delivery,Paid,INR,Mumbai,Maharashtra,Mumbai,Maharashtra,400076,FC-HYD-01,Standard,2025-09-30,2025-09-29,3,10,119159.86,11915.99,12912.57,0.00,120156.44,LOYALTY10,N,,2025-10-03 06:08:31
500107,ORD500107,101865,2025-09-26,2025-09-26 00:10:14,Mobile App,Cancelled,Credit Card,Failed,INR,Warangal,Telangana,Warangal,Telangana,506002,FC-CHE-01,Standard,2025-10-01,,4,9,18423.12,3684.62,2470.09,0.00,17208.59,APP20,N,Inventory Unavailable,2025-10-02 07:25:14
501771,ORD501771,101341,2025-09-26,2025-09-26 09:15:30,Mobile App,Returned,UPI,Partially Refunded,INR,Chennai,Tamil Nadu,Chennai,Tamil Nadu,600042,FC-MUM-01,Standard,2025-10-01,2025-10-02,2,3,1937.49,387.50,225.85,0.00,1775.84,APP20,N,,2025-10-02 13:50:30
501621,ORD501621,102084,2025-09-26,2025-09-26 13:45:12,Website,Delivered,Credit Card,Paid,INR,Delhi,Delhi,Delhi,Delhi,110017,FC-BLR-01,Standard,2025-10-01,2025-10-01,2,4,6034.22,0.00,1057.02,0.00,7091.24,,N,,2025-09-26 20:39:12
502050,ORD502050,101928,2025-09-26,2025-09-26 14:49:20,Marketplace,Delivered,Cash on Delivery,Paid,INR,Vijayawada,Andhra Pradesh,Vijayawada,Andhra Pradesh,520010,FC-BLR-01,Standard,2025-10-01,2025-10-01,1,4,2380.32,119.02,633.16,0.00,2894.46,SAVE5,N,,2025-10-03 19:05:20
502126,ORD502126,100606,2025-09-26,2025-09-26 18:30:02,Store Assisted,Delivered,Net Banking,Paid,INR,Mumbai,Maharashtra,Mumbai,Maharashtra,400076,FC-DEL-01,Standard,2025-10-01,2025-10-01,1,2,1658.90,165.89,74.65,40.00,1607.66,LOYALTY10,Y,,2025-09-28 00:15:02
500075,ORD500075,100077,2025-09-27,2025-09-27 15:52:38,Store Assisted,Delivered,Credit Card,Paid,INR,Pune,Maharashtra,Pune,Maharashtra,411014,FC-MUM-01,Express,2025-09-30,2025-10-01,3,11,119140.33,17871.05,181.87,0.00,101451.15,FESTIVE15,N,,2025-10-04 22:07:38
500737,ORD500737,101005,2025-09-27,2025-09-27 15:59:06,Marketplace,Delivered,Credit Card,Paid,INR,Warangal,Telangana,Warangal,Telangana,506002,FC-BLR-01,Standard,2025-10-02,2025-10-04,2,4,2091.48,418.30,220.96,0.00,1894.14,APP20,N,,2025-09-28 22:04:06
502288,ORD502288,102130,2025-09-28,2025-09-28 00:32:29,Marketplace,Delivered,Wallet,Paid,INR,Delhi,Delhi,Delhi,Delhi,110017,FC-CHE-01,Express,2025-10-01,2025-10-01,1,2,23863.70,3579.55,3651.15,0.00,23935.30,FESTIVE15,N,,2025-10-02 01:13:29
500067,ORD500067,101336,2025-09-28,2025-09-28 03:11:42,Website,Delivered,UPI,Paid,INR,Warangal,Telangana,Warangal,Telangana,506002,FC-BLR-01,Same Day,2025-09-28,2025-09-28,5,12,47630.53,0.00,8621.43,0.00,56251.96,,N,,2025-09-29 04:27:42
500054,ORD500054,101375,2025-09-28,2025-09-28 09:25:51,Website,Delivered,Credit Card,Paid,INR,Mumbai,Maharashtra,Mumbai,Maharashtra,400076,FC-DEL-01,Standard,2025-10-03,2025-10-02,5,16,103673.57,0.00,3952.30,0.00,107625.87,,Y,,2025-10-06 17:58:51
500551,ORD500551,100992,2025-09-28,2025-09-28 20:37:54,Marketplace,Delivered,Credit Card,Paid,INR,Secunderabad,Telangana,Secunderabad,Telangana,500003,FC-MUM-01,Standard,2025-10-03,2025-10-03,3,8,17283.50,0.00,2900.30,0.00,20183.80,,N,,2025-10-05 04:43:54
500245,ORD500245,101397,2025-09-29,2025-09-29 04:05:54,Mobile App,Delivered,Credit Card,Paid,INR,Pune,Maharashtra,Pune,Maharashtra,411014,FC-DEL-01,Standard,2025-10-04,2025-10-04,3,8,69339.76,13867.95,723.22,0.00,56195.03,APP20,N,,2025-10-04 10:22:54
501225,ORD501225,101238,2025-09-29,2025-09-29 16:36:28,Website,Delivered,Cash on Delivery,Paid,INR,Bengaluru,Karnataka,Visakhapatnam,Andhra Pradesh,530017,FC-DEL-01,Standard,2025-10-04,2025-10-04,1,3,82162.95,0.00,0.00,0.00,82162.95,,N,,2025-10-02 18:44:28
501714,ORD501714,100164,2025-09-29,2025-09-29 23:39:55,Mobile App,Delivered,Credit Card,Paid,INR,Chennai,Tamil Nadu,Chennai,Tamil Nadu,600042,FC-DEL-01,Standard,2025-10-04,2025-10-06,1,4,11762.24,1764.34,1199.75,0.00,11197.65,FESTIVE15,Y,,2025-10-01 01:27:55
500033,ORD500033,101437,2025-09-30,2025-09-30 08:59:30,Mobile App,Delivered,Net Banking,Paid,INR,Secunderabad,Telangana,Secunderabad,Telangana,500003,FC-MUM-01,Standard,2025-10-05,2025-10-06,2,5,23627.80,1181.39,2007.93,0.00,24454.34,SAVE5,N,,2025-10-04 12:42:30
501498,ORD501498,102267,2025-09-30,2025-09-30 20:52:44,Marketplace,Delivered,UPI,Paid,INR,Visakhapatnam,Andhra Pradesh,Visakhapatnam,Andhra Pradesh,530017,FC-CHE-01,Standard,2025-10-05,2025-10-06,1,4,6014.40,300.72,0.00,0.00,5713.68,SAVE5,N,,2025-10-07 05:43:44
500778,ORD500778,100142,2025-10-01,2025-10-01 05:57:06,Website,Delivered,Net Banking,Paid,INR,Vijayawada,Andhra Pradesh,Vijayawada,Andhra Pradesh,520010,FC-DEL-01,Standard,2025-10-06,2025-10-06,3,8,15840.19,0.00,2154.17,0.00,17994.36,,N,,2025-10-09 14:56:06
500286,ORD500286,101534,2025-10-01,2025-10-01 07:34:48,Website,Delivered,UPI,Paid,INR,Vijayawada,Andhra Pradesh,Vijayawada,Andhra Pradesh,520010,FC-DEL-01,Standard,2025-10-06,2025-10-08,5,13,43529.91,0.00,7286.26,0.00,50816.17,,N,,2025-10-07 09:33:48
500466,ORD500466,101803,2025-10-01,2025-10-01 15:48:51,Marketplace,Delivered,Cash on Delivery,Paid,INR,Vijayawada,Andhra Pradesh,Vijayawada,Andhra Pradesh,520010,FC-HYD-01,Same Day,2025-10-01,2025-10-01,4,11,41049.99,0.00,5061.86,0.00,46111.85,,N,,2025-10-03 16:27:51
501381,ORD501381,100450,2025-10-01,2025-10-01 16:26:26,Website,Delivered,Wallet,Paid,INR,Secunderabad,Telangana,Secunderabad,Telangana,500003,FC-CHE-01,Standard,2025-10-06,2025-10-07,3,5,17436.07,2615.41,3662.91,0.00,18483.57,FESTIVE15,N,,2025-10-06 18:29:26
502041,ORD502041,101042,2025-10-01,2025-10-01 19:33:18,Mobile App,Delivered,Net Banking,Paid,INR,Warangal,Telangana,Warangal,Telangana,506002,FC-BLR-01,Express,2025-10-04,2025-10-05,5,15,17227.73,1722.77,1564.97,0.00,17069.93,WELCOME10,N,,2025-10-02 00:54:18
501782,ORD501782,101666,2025-10-01,2025-10-01 20:24:29,Mobile App,Cancelled,Cash on Delivery,Failed,INR,Vijayawada,Andhra Pradesh,Vijayawada,Andhra Pradesh,520010,FC-BLR-01,Standard,2025-10-06,,2,3,27806.30,5561.26,1121.95,0.00,23366.99,APP20,N,Address Issue,2025-10-07 20:42:29
501938,ORD501938,101697,2025-10-01,2025-10-01 22:05:29,Website,Delivered,UPI,Paid,INR,Bengaluru,Karnataka,Bengaluru,Karnataka,560037,FC-CHE-01,Standard,2025-10-06,2025-10-07,5,10,66091.10,0.00,3348.31,0.00,69439.41,,N,,2025-10-06 01:18:29
502027,ORD502027,102097,2025-10-02,2025-10-02 19:25:23,Store Assisted,Delivered,Debit Card,Paid,INR,Chennai,Tamil Nadu,Chennai,Tamil Nadu,600042,FC-CHE-01,Standard,2025-10-07,2025-10-09,4,9,61655.59,9248.34,14165.75,0.00,66573.00,FESTIVE15,Y,,2025-10-03 00:01:23
500501,ORD500501,101942,2025-10-02,2025-10-02 19:36:52,Marketplace,Delivered,Cash on Delivery,Paid,INR,Hyderabad,Telangana,Hyderabad,Telangana,500081,FC-MUM-01,Standard,2025-10-07,2025-10-07,3,8,23717.07,0.00,3316.24,0.00,27033.31,,N,,2025-10-02 22:22:52
500247,ORD500247,101360,2025-10-02,2025-10-02 21:21:26,Marketplace,Delivered,Debit Card,Paid,INR,Bengaluru,Karnataka,Bengaluru,Karnataka,560037,FC-DEL-01,Express,2025-10-05,2025-10-07,2,7,137199.77,0.00,17731.03,0.00,154930.80,,N,,2025-10-07 06:08:26
500937,ORD500937,100310,2025-10-02,2025-10-02 22:46:41,Website,Delivered,Cash on Delivery,Paid,INR,Bengaluru,Karnataka,Bengaluru,Karnataka,560037,FC-DEL-01,Standard,2025-10-07,2025-10-06,4,11,39212.39,3921.24,7038.65,0.00,42329.80,WELCOME10,Y,,2025-10-03 02:13:41
500567,ORD500567,101001,2025-10-03,2025-10-03 05:38:39,Store Assisted,Delivered,Credit Card,Paid,INR,Visakhapatnam,Andhra Pradesh,Hyderabad,Telangana,500081,FC-MUM-01,Standard,2025-10-08,2025-10-08,5,12,13967.02,2793.40,1508.69,0.00,12682.31,APP20,N,,2025-10-06 08:04:39
502287,ORD502287,100826,2025-10-03,2025-10-03 12:48:05,Mobile App,Cancelled,UPI,Voided,INR,Visakhapatnam,Andhra Pradesh,Visakhapatnam,Andhra Pradesh,530017,FC-DEL-01,Express,2025-10-06,,4,12,47293.47,9458.69,9223.92,0.00,47058.70,APP20,N,Inventory Unavailable,2025-10-05 17:20:05
500574,ORD500574,100937,2025-10-03,2025-10-03 13:11:55,Website,Delivered,Cash on Delivery,Paid,INR,Pune,Maharashtra,Warangal,Telangana,506002,FC-BLR-01,Express,2025-10-06,2025-10-07,1,4,1880.08,0.00,225.61,0.00,2105.69,,N,,2025-10-08 20:57:55
500050,ORD500050,100256,2025-10-03,2025-10-03 18:36:10,Website,Cancelled,Wallet,Failed,INR,Bengaluru,Karnataka,Bengaluru,Karnataka,560037,FC-MUM-01,Standard,2025-10-08,,5,8,135081.83,27016.37,17701.08,0.00,125766.54,APP20,Y,Customer Request,2025-10-10 21:08:10
500512,ORD500512,100109,2025-10-04,2025-10-04 09:34:01,Store Assisted,Delivered,Cash on Delivery,Paid,INR,Vijayawada,Andhra Pradesh,Vijayawada,Andhra Pradesh,520010,FC-BLR-01,Standard,2025-10-09,2025-10-08,2,4,28481.91,2848.19,7177.44,0.00,32811.16,LOYALTY10,N,,2025-10-07 11:10:01
502125,ORD502125,102061,2025-10-04,2025-10-04 12:54:35,Store Assisted,Delivered,Debit Card,Paid,INR,Warangal,Telangana,Warangal,Telangana,506002,FC-CHE-01,Standard,2025-10-09,2025-10-08,5,16,24694.86,0.00,4219.06,0.00,28913.92,,N,,2025-10-11 19:00:35
501065,ORD501065,101711,2025-10-04,2025-10-04 16:15:17,Mobile App,Delivered,Cash on Delivery,Paid,INR,Mumbai,Maharashtra,Mumbai,Maharashtra,400076,FC-MUM-01,Express,2025-10-07,2025-10-07,5,9,21048.74,0.00,3442.34,0.00,24491.08,,N,,2025-10-04 18:52:17
501893,ORD501893,100685,2025-10-04,2025-10-04 23:52:39,Marketplace,Delivered,Wallet,Pending,INR,Visakhapatnam,Andhra Pradesh,Visakhapatnam,Andhra Pradesh,530017,FC-MUM-01,Standard,2025-10-09,2025-10-09,3,10,59647.10,5964.71,382.55,0.00,54064.94,LOYALTY10,Y,,2025-10-06 06:17:39
500933,ORD500933,102015,2025-10-05,2025-10-05 02:48:33,Marketplace,Delivered,Wallet,Paid,INR,Delhi,Delhi,Delhi,Delhi,110017,FC-MUM-01,Express,2025-10-08,2025-10-09,4,10,178500.13,26775.02,6813.45,0.00,158538.56,FESTIVE15,Y,,2025-10-13 05:05:33
502056,ORD502056,101407,2025-10-05,2025-10-05 03:18:02,Website,Cancelled,Wallet,Voided,INR,Visakhapatnam,Andhra Pradesh,Visakhapatnam,Andhra Pradesh,530017,FC-CHE-01,Standard,2025-10-10,,5,11,84499.46,12674.92,1511.74,0.00,73336.28,FESTIVE15,N,Customer Request,2025-10-13 03:26:02
501399,ORD501399,100212,2025-10-05,2025-10-05 05:48:23,Website,Delivered,UPI,Paid,INR,Secunderabad,Telangana,Secunderabad,Telangana,500003,FC-MUM-01,Standard,2025-10-10,2025-10-10,4,8,38586.71,1929.34,6700.34,0.00,43357.71,SAVE5,N,,2025-10-10 08:50:23
502292,ORD502292,101403,2025-10-05,2025-10-05 07:22:32,Store Assisted,Delivered,Net Banking,Paid,INR,Bengaluru,Karnataka,Bengaluru,Karnataka,560037,FC-CHE-01,Same Day,2025-10-05,2025-10-05,5,15,164542.41,8227.12,3167.11,0.00,159482.40,SAVE5,N,,2025-10-08 10:01:32
502083,ORD502083,101576,2025-10-05,2025-10-05 22:13:16,Store Assisted,Delivered,Credit Card,Paid,INR,Mumbai,Maharashtra,Mumbai,Maharashtra,400076,FC-HYD-01,Same Day,2025-10-05,2025-10-05,3,6,6026.19,301.31,986.09,0.00,6710.97,SAVE5,Y,,2025-10-09 06:52:16
501900,ORD501900,100465,2025-10-05,2025-10-05 23:05:51,Marketplace,Cancelled,Wallet,Failed,INR,Pune,Maharashtra,Pune,Maharashtra,411014,FC-BLR-01,Express,2025-10-08,,5,14,86272.58,8627.26,7052.94,0.00,84698.26,WELCOME10,Y,Address Issue,2025-10-12 02:35:51
501406,ORD501406,100249,2025-10-06,2025-10-06 01:43:44,Website,Delivered,Credit Card,Paid,INR,Chennai,Tamil Nadu,Chennai,Tamil Nadu,600042,FC-CHE-01,Standard,2025-10-11,2025-10-12,1,4,11762.24,588.11,1340.90,0.00,12515.03,SAVE5,N,,2025-10-08 03:27:44
502055,ORD502055,101286,2025-10-06,2025-10-06 04:24:10,Store Assisted,Delivered,Debit Card,Paid,INR,Chennai,Tamil Nadu,Chennai,Tamil Nadu,600042,FC-CHE-01,Standard,2025-10-11,2025-10-11,3,10,223338.84,33500.83,11394.45,0.00,201232.46,FESTIVE15,N,,2025-10-07 10:09:10
500297,ORD500297,100858,2025-10-06,2025-10-06 07:52:14,Store Assisted,Delivered,Debit Card,Paid,INR,Bengaluru,Karnataka,Bengaluru,Karnataka,560037,FC-HYD-01,Standard,2025-10-11,2025-10-11,1,3,12580.02,0.00,1509.60,0.00,14089.62,,N,,2025-10-12 09:26:14
501129,ORD501129,102037,2025-10-06,2025-10-06 11:42:23,Website,Delivered,Cash on Delivery,Paid,INR,Bengaluru,Karnataka,Chennai,Tamil Nadu,600042,FC-DEL-01,Standard,2025-10-11,2025-10-10,5,11,34809.16,5221.37,2074.89,0.00,31662.68,FESTIVE15,Y,,2025-10-14 17:35:23
501311,ORD501311,101651,2025-10-07,2025-10-07 04:46:52,Mobile App,Delivered,Credit Card,Paid,INR,Mumbai,Maharashtra,Mumbai,Maharashtra,400076,FC-BLR-01,Standard,2025-10-12,2025-10-11,5,12,109942.57,0.00,18814.81,0.00,128757.38,,N,,2025-10-13 05:14:52
500506,ORD500506,101859,2025-10-07,2025-10-07 06:48:35,Mobile App,Shipped,Debit Card,Paid,INR,Delhi,Delhi,Delhi,Delhi,110017,FC-CHE-01,Standard,2025-10-12,,5,12,45788.56,0.00,7353.67,0.00,53142.23,,N,,2025-10-15 06:58:35
500447,ORD500447,101357,2025-10-07,2025-10-07 13:09:11,Marketplace,Cancelled,Net Banking,Voided,INR,Secunderabad,Telangana,Secunderabad,Telangana,500003,FC-CHE-01,Standard,2025-10-12,,2,3,9495.42,1899.08,805.12,0.00,8401.46,APP20,N,Customer Request,2025-10-13 18:57:11
501998,ORD501998,102208,2025-10-07,2025-10-07 15:11:29,Website,Delivered,Debit Card,Paid,INR,Secunderabad,Telangana,Vijayawada,Andhra Pradesh,520010,FC-BLR-01,Standard,2025-10-12,2025-10-14,2,4,26861.80,2686.18,827.73,0.00,25003.35,LOYALTY10,Y,,2025-10-13 15:29:29
501352,ORD501352,101529,2025-10-07,2025-10-07 17:47:12,Website,Returned,UPI,Partially Refunded,INR,Vijayawada,Andhra Pradesh,Vijayawada,Andhra Pradesh,520010,FC-CHE-01,Standard,2025-10-12,2025-10-11,5,12,51842.16,5184.22,7055.52,0.00,53713.46,WELCOME10,N,,2025-10-15 17:56:12
500451,ORD500451,101854,2025-10-08,2025-10-08 01:45:29,Website,Cancelled,Net Banking,Failed,INR,Pune,Maharashtra,Pune,Maharashtra,411014,FC-DEL-01,Standard,2025-10-13,,2,4,55203.79,0.00,4869.63,0.00,60073.42,,N,Customer Request,2025-10-11 03:34:29
501547,ORD501547,100073,2025-10-08,2025-10-08 13:13:32,Marketplace,Delivered,UPI,Paid,INR,Pune,Maharashtra,Pune,Maharashtra,411014,FC-HYD-01,Standard,2025-10-13,2025-10-13,3,9,7566.49,756.65,1094.18,0.00,7904.02,LOYALTY10,N,,2025-10-14 17:36:32
500101,ORD500101,100678,2025-10-08,2025-10-08 18:27:55,Marketplace,Delivered,Debit Card,Paid,INR,Vijayawada,Andhra Pradesh,Vijayawada,Andhra Pradesh,520010,FC-DEL-01,Standard,2025-10-13,2025-10-13,4,11,119543.01,11954.30,17723.54,0.00,125312.25,LOYALTY10,Y,,2025-10-08 18:55:55
502261,ORD502261,100353,2025-10-08,2025-10-08 18:52:01,Marketplace,Delivered,Debit Card,Paid,INR,Warangal,Telangana,Warangal,Telangana,506002,FC-CHE-01,Standard,2025-10-13,2025-10-13,1,1,13133.89,1313.39,3309.74,0.00,15130.24,WELCOME10,N,,2025-10-16 19:53:01
501996,ORD501996,100739,2025-10-08,2025-10-08 21:21:40,Website,Returned,Cash on Delivery,Refunded,INR,Mumbai,Maharashtra,Mumbai,Maharashtra,400076,FC-CHE-01,Express,2025-10-11,2025-10-13,2,8,3679.16,735.83,0.00,0.00,2943.33,APP20,N,,2025-10-13 04:26:40
500957,ORD500957,100012,2025-10-09,2025-10-09 19:36:39,Store Assisted,Delivered,Credit Card,Paid,INR,Visakhapatnam,Andhra Pradesh,Visakhapatnam,Andhra Pradesh,530017,FC-CHE-01,Standard,2025-10-14,2025-10-15,1,2,15288.06,0.00,1834.57,0.00,17122.63,,N,,2025-10-17 02:35:39
502311,ORD502311,100453,2025-10-09,2025-10-09 20:16:59,Marketplace,Delivered,Net Banking,Paid,INR,Vijayawada,Andhra Pradesh,Vijayawada,Andhra Pradesh,520010,FC-MUM-01,Express,2025-10-12,2025-10-14,4,10,143106.90,14310.69,21332.10,0.00,150128.31,LOYALTY10,N,,2025-10-17 22:01:59
500947,ORD500947,101508,2025-10-10,2025-10-10 07:41:14,Mobile App,Delivered,Wallet,Paid,INR,Visakhapatnam,Andhra Pradesh,Visakhapatnam,Andhra Pradesh,530017,FC-HYD-01,Standard,2025-10-15,2025-10-14,3,9,76936.40,7693.64,4283.17,0.00,73525.93,LOYALTY10,N,,2025-10-10 12:25:14
501815,ORD501815,101736,2025-10-10,2025-10-10 16:44:58,Website,Delivered,UPI,Paid,INR,Delhi,Delhi,Delhi,Delhi,110017,FC-BLR-01,Standard,2025-10-15,2025-10-15,4,7,8316.22,1247.43,1064.11,0.00,8132.90,FESTIVE15,N,,2025-10-12 01:05:58
501670,ORD501670,100766,2025-10-10,2025-10-10 18:09:56,Website,Delivered,Debit Card,Paid,INR,Mumbai,Maharashtra,Mumbai,Maharashtra,400076,FC-MUM-01,Standard,2025-10-15,2025-10-15,2,4,55608.93,5560.89,2186.38,0.00,52234.42,LOYALTY10,Y,,2025-10-16 22:15:56
502033,ORD502033,101561,2025-10-10,2025-10-10 22:20:56,Mobile App,Delivered,Debit Card,Paid,INR,Pune,Maharashtra,Pune,Maharashtra,411014,FC-MUM-01,Standard,2025-10-15,2025-10-15,4,10,31684.65,0.00,3974.01,0.00,35658.66,,N,,2025-10-14 05:12:56
500953,ORD500953,100016,2025-10-11,2025-10-11 03:35:48,Website,Cancelled,Cash on Delivery,Refunded,INR,Bengaluru,Karnataka,Bengaluru,Karnataka,560037,FC-HYD-01,Express,2025-10-14,,4,8,13191.20,1319.12,1502.32,0.00,13374.40,WELCOME10,N,Customer Request,2025-10-13 08:47:48
500865,ORD500865,101469,2025-10-11,2025-10-11 13:19:22,Website,Delivered,Wallet,Paid,INR,Bengaluru,Karnataka,Visakhapatnam,Andhra Pradesh,530017,FC-DEL-01,Express,2025-10-14,2025-10-13,2,6,36259.08,7251.82,7323.13,0.00,36330.39,APP20,N,,2025-10-13 19:21:22
500367,ORD500367,101247,2025-10-12,2025-10-12 10:53:32,Mobile App,Delivered,Cash on Delivery,Paid,INR,Mumbai,Maharashtra,Mumbai,Maharashtra,400076,FC-MUM-01,Standard,2025-10-17,2025-10-17,5,12,37046.37,0.00,3587.59,0.00,40633.96,,N,,2025-10-19 19:18:32
501117,ORD501117,100644,2025-10-12,2025-10-12 23:13:39,Marketplace,Delivered,Cash on Delivery,Paid,INR,Warangal,Telangana,Warangal,Telangana,506002,FC-MUM-01,Standard,2025-10-17,2025-10-17,3,6,41739.10,0.00,4659.51,0.00,46398.61,,N,,2025-10-17 04:31:39
501494,ORD501494,102163,2025-10-13,2025-10-13 02:55:42,Website,Delivered,Cash on Delivery,Paid,INR,Mumbai,Maharashtra,Mumbai,Maharashtra,400076,FC-MUM-01,Express,2025-10-16,2025-10-16,5,11,133524.98,13352.50,8320.74,0.00,128493.22,LOYALTY10,Y,,2025-10-14 07:00:42
500754,ORD500754,100608,2025-10-13,2025-10-13 08:26:22,Mobile App,Delivered,Credit Card,Paid,INR,Bengaluru,Karnataka,Secunderabad,Telangana,500003,FC-BLR-01,Express,2025-10-16,2025-10-18,4,8,22193.43,2219.34,2916.02,0.00,22890.11,LOYALTY10,N,,2025-10-21 09:48:22
501306,ORD501306,100544,2025-10-13,2025-10-13 09:39:18,Mobile App,Delivered,Net Banking,Paid,INR,Pune,Maharashtra,Pune,Maharashtra,411014,FC-BLR-01,Standard,2025-10-18,2025-10-17,4,13,13532.75,2706.55,1028.10,0.00,11854.30,APP20,Y,,2025-10-13 18:36:18
500564,ORD500564,102254,2025-10-14,2025-10-14 02:21:30,Website,Delivered,Credit Card,Paid,INR,Warangal,Telangana,Warangal,Telangana,506002,FC-DEL-01,Standard,2025-10-19,2025-10-18,4,11,34186.20,1709.31,1228.36,0.00,33705.25,SAVE5,N,,2025-10-20 02:26:30
501197,ORD501197,100886,2025-10-14,2025-10-14 11:59:31,Marketplace,Delivered,Wallet,Paid,INR,Vijayawada,Andhra Pradesh,Vijayawada,Andhra Pradesh,520010,FC-BLR-01,Express,2025-10-17,2025-10-17,3,6,106900.14,10690.01,17544.60,0.00,113754.73,WELCOME10,Y,,2025-10-15 18:57:31
501116,ORD501116,100046,2025-10-14,2025-10-14 15:30:40,Marketplace,Delivered,Wallet,Paid,INR,Delhi,Delhi,Delhi,Delhi,110017,FC-HYD-01,Standard,2025-10-19,2025-10-19,5,16,21531.18,0.00,4209.78,0.00,25740.96,,N,,2025-10-21 19:59:40
500704,ORD500704,101833,2025-10-15,2025-10-15 06:24:35,Website,Delivered,Cash on Delivery,Paid,INR,Hyderabad,Telangana,Visakhapatnam,Andhra Pradesh,530017,FC-HYD-01,Standard,2025-10-20,2025-10-21,1,3,107882.04,0.00,0.00,0.00,107882.04,,N,,2025-10-16 07:56:35
500392,ORD500392,101345,2025-10-15,2025-10-15 11:54:17,Marketplace,Delivered,UPI,Paid,INR,Bengaluru,Karnataka,Bengaluru,Karnataka,560037,FC-DEL-01,Same Day,2025-10-15,2025-10-14,5,13,38576.42,3857.64,2497.52,0.00,37216.30,LOYALTY10,Y,,2025-10-17 15:26:17
500465,ORD500465,102279,2025-10-15,2025-10-15 14:33:24,Store Assisted,Delivered,Net Banking,Pending,INR,Visakhapatnam,Andhra Pradesh,Visakhapatnam,Andhra Pradesh,530017,FC-CHE-01,Standard,2025-10-20,2025-10-20,4,10,34599.51,6919.90,520.15,0.00,28199.76,APP20,N,,2025-10-18 20:48:24
500903,ORD500903,101078,2025-10-15,2025-10-15 15:48:11,Marketplace,Delivered,Credit Card,Paid,INR,Chennai,Tamil Nadu,Chennai,Tamil Nadu,600042,FC-CHE-01,Express,2025-10-18,2025-10-17,4,13,69724.14,0.00,9210.72,0.00,78934.86,,Y,,2025-10-23 19:32:11
500430,ORD500430,100721,2025-10-15,2025-10-15 16:42:56,Store Assisted,Delivered,Net Banking,Paid,INR,Pune,Maharashtra,Pune,Maharashtra,411014,FC-DEL-01,Standard,2025-10-20,2025-10-20,4,8,136464.99,0.00,28676.35,0.00,165141.34,,N,,2025-10-21 18:44:56
500112,ORD500112,101061,2025-10-15,2025-10-15 20:25:38,Store Assisted,Delivered,Wallet,Paid,INR,Vijayawada,Andhra Pradesh,Vijayawada,Andhra Pradesh,520010,FC-DEL-01,Standard,2025-10-20,2025-10-20,4,7,175008.51,8750.43,4535.54,0.00,170793.62,SAVE5,N,,2025-10-19 00:05:38
501247,ORD501247,101897,2025-10-15,2025-10-15 21:18:28,Website,Delivered,Net Banking,Pending,INR,Mumbai,Maharashtra,Visakhapatnam,Andhra Pradesh,530017,FC-HYD-01,Standard,2025-10-20,2025-10-19,3,8,18102.48,0.00,4466.65,0.00,22569.13,,N,,2025-10-23 01:25:28
500352,ORD500352,100298,2025-10-15,2025-10-15 22:52:54,Website,Delivered,Wallet,Paid,INR,Mumbai,Maharashtra,Hyderabad,Telangana,500081,FC-HYD-01,Standard,2025-10-20,2025-10-20,4,8,127600.27,0.00,7381.34,0.00,134981.61,,N,,2025-10-16 04:16:54
500365,ORD500365,100384,2025-10-16,2025-10-16 04:14:26,Mobile App,Returned,Net Banking,Partially Refunded,INR,Pune,Maharashtra,Pune,Maharashtra,411014,FC-CHE-01,Standard,2025-10-21,2025-10-21,2,6,8284.41,0.00,878.98,0.00,9163.39,,Y,,2025-10-23 09:55:26
501666,ORD501666,100952,2025-10-16,2025-10-16 04:43:04,Store Assisted,Delivered,Wallet,Pending,INR,Hyderabad,Telangana,Hyderabad,Telangana,500081,FC-DEL-01,Standard,2025-10-21,2025-10-21,3,6,46715.57,0.00,864.66,0.00,47580.23,,N,,2025-10-21 11:17:04
502102,ORD502102,101919,2025-10-16,2025-10-16 14:29:55,Mobile App,Delivered,Debit Card,Paid,INR,Pune,Maharashtra,Pune,Maharashtra,411014,FC-CHE-01,Standard,2025-10-21,2025-10-22,5,15,200193.65,40038.73,19541.08,0.00,179696.00,APP20,N,,2025-10-22 17:43:55
501530,ORD501530,101922,2025-10-16,2025-10-16 17:48:25,Mobile App,Delivered,UPI,Paid,INR,Visakhapatnam,Andhra Pradesh,Visakhapatnam,Andhra Pradesh,530017,FC-DEL-01,Express,2025-10-19,2025-10-20,4,7,24344.94,2434.49,984.84,0.00,22895.29,LOYALTY10,N,,2025-10-18 01:23:25
501080,ORD501080,101090,2025-10-16,2025-10-16 17:53:27,Mobile App,Delivered,Cash on Delivery,Paid,INR,Secunderabad,Telangana,Secunderabad,Telangana,500003,FC-DEL-01,Standard,2025-10-21,2025-10-22,5,14,93895.87,9389.59,14525.19,0.00,99031.47,WELCOME10,Y,,2025-10-18 23:43:27
501669,ORD501669,101760,2025-10-16,2025-10-16 19:23:46,Website,Delivered,UPI,Pending,INR,Hyderabad,Telangana,Hyderabad,Telangana,500081,FC-DEL-01,Standard,2025-10-21,2025-10-20,5,9,17413.48,2612.02,1710.93,0.00,16512.39,FESTIVE15,Y,,2025-10-22 22:28:46
500243,ORD500243,101872,2025-10-17,2025-10-17 09:02:14,Marketplace,Delivered,Credit Card,Paid,INR,Warangal,Telangana,Warangal,Telangana,506002,FC-MUM-01,Express,2025-10-20,2025-10-20,2,7,9112.54,0.00,2321.35,0.00,11433.89,,N,,2025-10-25 15:25:14
500607,ORD500607,102170,2025-10-17,2025-10-17 10:09:35,Mobile App,Cancelled,Credit Card,Voided,INR,Chennai,Tamil Nadu,Chennai,Tamil Nadu,600042,FC-HYD-01,Standard,2025-10-22,,3,4,16773.20,1677.32,2340.73,0.00,17436.61,WELCOME10,N,Payment Failure,2025-10-19 18:27:35
501096,ORD501096,101723,2025-10-17,2025-10-17 11:44:40,Store Assisted,Delivered,Cash on Delivery,Paid,INR,Visakhapatnam,Andhra Pradesh,Visakhapatnam,Andhra Pradesh,530017,FC-CHE-01,Standard,2025-10-22,2025-10-22,3,10,42648.60,4264.86,10209.62,0.00,48593.36,WELCOME10,N,,2025-10-23 17:08:40
501673,ORD501673,100337,2025-10-17,2025-10-17 12:42:33,Store Assisted,Returned,UPI,Refunded,INR,Warangal,Telangana,Warangal,Telangana,506002,FC-DEL-01,Express,2025-10-20,2025-10-20,3,9,69197.32,3459.87,12318.02,0.00,78055.47,SAVE5,Y,,2025-10-20 14:49:33
500872,ORD500872,100827,2025-10-17,2025-10-17 18:01:04,Website,Cancelled,Wallet,Refunded,INR,Visakhapatnam,Andhra Pradesh,Hyderabad,Telangana,500081,FC-MUM-01,Standard,2025-10-22,,5,17,130959.39,0.00,12628.86,0.00,143588.25,,N,Address Issue,2025-10-21 01:43:04
502310,ORD502310,100184,2025-10-17,2025-10-17 21:10:39,Mobile App,Delivered,UPI,Paid,INR,Hyderabad,Telangana,Hyderabad,Telangana,500081,FC-MUM-01,Standard,2025-10-22,2025-10-22,4,10,89671.66,17934.33,12405.66,0.00,84142.99,APP20,N,,2025-10-18 23:51:39
501882,ORD501882,102219,2025-10-17,2025-10-17 21:13:28,Store Assisted,Delivered,Debit Card,Paid,INR,Warangal,Telangana,Warangal,Telangana,506002,FC-BLR-01,Standard,2025-10-22,2025-10-21,4,11,140505.28,7025.26,23346.10,0.00,156826.12,SAVE5,N,,2025-10-24 01:46:28
501271,ORD501271,100205,2025-10-18,2025-10-18 01:03:18,Website,Delivered,Debit Card,Paid,INR,Chennai,Tamil Nadu,Chennai,Tamil Nadu,600042,FC-CHE-01,Standard,2025-10-23,2025-10-23,4,12,22485.55,0.00,4390.47,0.00,26876.02,,N,,2025-10-20 09:30:18
501464,ORD501464,101474,2025-10-18,2025-10-18 02:09:32,Website,Delivered,Wallet,Paid,INR,Mumbai,Maharashtra,Mumbai,Maharashtra,400076,FC-DEL-01,Standard,2025-10-23,2025-10-22,4,9,110836.30,0.00,2038.39,0.00,112874.69,,N,,2025-10-21 07:08:32
500248,ORD500248,102034,2025-10-18,2025-10-18 04:19:37,Store Assisted,Delivered,Cash on Delivery,Paid,INR,Vijayawada,Andhra Pradesh,Vijayawada,Andhra Pradesh,520010,FC-BLR-01,Standard,2025-10-23,2025-10-25,3,7,117162.81,5858.14,15179.93,0.00,126484.60,SAVE5,N,,2025-10-21 12:01:37
502338,ORD502338,101555,2025-10-18,2025-10-18 06:11:50,Mobile App,Delivered,Cash on Delivery,Paid,INR,Pune,Maharashtra,Pune,Maharashtra,411014,FC-CHE-01,Standard,2025-10-23,2025-10-23,4,11,275853.99,0.00,19478.06,0.00,295332.05,,N,,2025-10-21 10:42:50
501149,ORD501149,102201,2025-10-18,2025-10-18 20:54:44,Website,Delivered,UPI,Paid,INR,Warangal,Telangana,Warangal,Telangana,506002,FC-BLR-01,Standard,2025-10-23,2025-10-23,4,10,18276.50,0.00,3176.27,0.00,21452.77,,N,,2025-10-24 03:29:44
501309,ORD501309,101251,2025-10-19,2025-10-19 00:38:24,Website,Delivered,UPI,Paid,INR,Secunderabad,Telangana,Secunderabad,Telangana,500003,FC-HYD-01,Standard,2025-10-24,2025-10-26,3,8,129441.61,0.00,3847.24,0.00,133288.85,,N,,2025-10-23 09:00:24
501085,ORD501085,100080,2025-10-19,2025-10-19 00:58:51,Store Assisted,Delivered,Credit Card,Paid,INR,Bengaluru,Karnataka,Bengaluru,Karnataka,560037,FC-MUM-01,Standard,2025-10-24,2025-10-24,4,8,111022.29,0.00,16696.29,0.00,127718.58,,Y,,2025-10-25 08:33:51
501595,ORD501595,101601,2025-10-19,2025-10-19 05:42:33,Website,Delivered,Net Banking,Pending,INR,Mumbai,Maharashtra,Mumbai,Maharashtra,400076,FC-HYD-01,Standard,2025-10-24,2025-10-25,3,7,77452.22,7745.22,74.52,0.00,69781.52,LOYALTY10,N,,2025-10-24 11:27:33
501180,ORD501180,101571,2025-10-19,2025-10-19 19:05:52,Store Assisted,Delivered,UPI,Paid,INR,Bengaluru,Karnataka,Bengaluru,Karnataka,560037,FC-BLR-01,Standard,2025-10-24,2025-10-26,1,1,217.82,10.89,0.00,75.00,281.93,SAVE5,N,,2025-10-26 22:37:52
501050,ORD501050,102196,2025-10-20,2025-10-20 00:42:52,Website,Delivered,Net Banking,Paid,INR,Pune,Maharashtra,Delhi,Delhi,110017,FC-BLR-01,Standard,2025-10-25,2025-10-25,1,3,73826.61,7382.66,3322.20,0.00,69766.15,WELCOME10,N,,2025-10-21 06:39:52
501717,ORD501717,100282,2025-10-20,2025-10-20 03:45:16,Store Assisted,Shipped,Net Banking,Paid,INR,Bengaluru,Karnataka,Bengaluru,Karnataka,560037,FC-BLR-01,Standard,2025-10-25,,1,3,16313.58,1631.36,0.00,0.00,14682.22,WELCOME10,N,,2025-10-26 12:03:16
500127,ORD500127,101906,2025-10-20,2025-10-20 05:22:40,Website,Delivered,Debit Card,Paid,INR,Warangal,Telangana,Warangal,Telangana,506002,FC-HYD-01,Standard,2025-10-25,2025-10-27,2,6,5768.79,0.00,1043.91,0.00,6812.70,,Y,,2025-10-21 12:17:40
502054,ORD502054,101072,2025-10-20,2025-10-20 07:58:47,Website,Delivered,Wallet,Paid,INR,Warangal,Telangana,Warangal,Telangana,506002,FC-HYD-01,Express,2025-10-23,2025-10-24,1,4,8852.48,1770.50,849.84,0.00,7931.82,APP20,N,,2025-10-28 08:48:47
500464,ORD500464,101456,2025-10-21,2025-10-21 00:23:55,Marketplace,Delivered,Net Banking,Paid,INR,Warangal,Telangana,Pune,Maharashtra,411014,FC-DEL-01,Express,2025-10-24,2025-10-24,2,4,32201.36,0.00,6204.59,0.00,38405.95,,N,,2025-10-22 06:10:55
500866,ORD500866,100552,2025-10-21,2025-10-21 00:36:22,Store Assisted,Delivered,Credit Card,Paid,INR,Delhi,Delhi,Delhi,Delhi,110017,FC-MUM-01,Standard,2025-10-26,2025-10-27,5,10,21970.70,0.00,2439.12,0.00,24409.82,,N,,2025-10-28 04:54:22
500716,ORD500716,101682,2025-10-21,2025-10-21 05:22:34,Store Assisted,Cancelled,Debit Card,Failed,INR,Secunderabad,Telangana,Chennai,Tamil Nadu,600042,FC-MUM-01,Standard,2025-10-26,,4,6,87688.81,8768.88,20173.98,0.00,99093.91,LOYALTY10,N,Customer Request,2025-10-27 06:36:34
500462,ORD500462,100094,2025-10-22,2025-10-22 05:53:49,Marketplace,Delivered,Wallet,Paid,INR,Hyderabad,Telangana,Hyderabad,Telangana,500081,FC-BLR-01,Standard,2025-10-27,2025-10-28,3,5,79398.19,0.00,1465.75,0.00,80863.94,,N,,2025-10-29 14:25:49
501724,ORD501724,101698,2025-10-22,2025-10-22 07:38:48,Store Assisted,Returned,Cash on Delivery,Partially Refunded,INR,Hyderabad,Telangana,Hyderabad,Telangana,500081,FC-HYD-01,Standard,2025-10-27,2025-10-27,2,5,70830.90,0.00,17780.04,0.00,88610.94,,N,,2025-10-28 13:39:48
500812,ORD500812,100807,2025-10-22,2025-10-22 11:48:28,Mobile App,Delivered,Credit Card,Paid,INR,Delhi,Delhi,Delhi,Delhi,110017,FC-HYD-01,Express,2025-10-25,2025-10-25,2,3,6172.18,1234.44,747.65,0.00,5685.39,APP20,Y,,2025-10-30 16:37:28
501200,ORD501200,100444,2025-10-22,2025-10-22 20:09:51,Mobile App,Shipped,Wallet,Paid,INR,Hyderabad,Telangana,Warangal,Telangana,506002,FC-BLR-01,Standard,2025-10-27,,4,9,119219.40,0.00,3406.11,0.00,122625.51,,N,,2025-10-25 02:42:51
501943,ORD501943,101749,2025-10-22,2025-10-22 21:57:57,Mobile App,Cancelled,Debit Card,Refunded,INR,Chennai,Tamil Nadu,Chennai,Tamil Nadu,600042,FC-BLR-01,Standard,2025-10-27,,2,8,11618.68,0.00,1660.78,0.00,13279.46,,N,Address Issue,2025-10-23 05:51:57
501685,ORD501685,100645,2025-10-22,2025-10-22 21:58:53,Website,Delivered,Credit Card,Pending,INR,Hyderabad,Telangana,Hyderabad,Telangana,500081,FC-CHE-01,Standard,2025-10-27,2025-10-27,3,9,99591.66,9959.17,17239.48,0.00,106871.97,WELCOME10,N,,2025-10-23 03:28:53
500942,ORD500942,100311,2025-10-23,2025-10-23 05:29:04,Mobile App,Delivered,Credit Card,Paid,INR,Secunderabad,Telangana,Secunderabad,Telangana,500003,FC-HYD-01,Same Day,2025-10-23,2025-10-24,1,1,1476.16,221.42,150.57,90.00,1495.31,FESTIVE15,Y,,2025-10-25 14:20:04
501019,ORD501019,102252,2025-10-23,2025-10-23 08:34:20,Marketplace,Delivered,Net Banking,Paid,INR,Delhi,Delhi,Delhi,Delhi,110017,FC-HYD-01,Express,2025-10-26,2025-10-26,2,5,75401.88,11310.28,7949.50,0.00,72041.10,FESTIVE15,Y,,2025-10-29 08:37:20
502246,ORD502246,101979,2025-10-23,2025-10-23 10:51:00,Mobile App,Delivered,Cash on Delivery,Paid,INR,Delhi,Delhi,Delhi,Delhi,110017,FC-MUM-01,Express,2025-10-26,2025-10-26,5,9,13998.15,699.91,2211.81,0.00,15510.05,SAVE5,N,,2025-10-26 12:42:00
500828,ORD500828,101375,2025-10-23,2025-10-23 17:18:30,Mobile App,Delivered,Debit Card,Paid,INR,Mumbai,Maharashtra,Mumbai,Maharashtra,400076,FC-DEL-01,Same Day,2025-10-23,2025-10-22,3,9,186326.92,9316.35,11586.65,0.00,188597.22,SAVE5,N,,2025-10-24 23:50:30
500085,ORD500085,100078,2025-10-23,2025-10-23 21:11:40,Website,Delivered,Net Banking,Paid,INR,Mumbai,Maharashtra,Pune,Maharashtra,411014,FC-DEL-01,Express,2025-10-26,2025-10-27,2,2,14973.18,748.66,2572.68,0.00,16797.20,SAVE5,N,,2025-10-31 05:11:40
500165,ORD500165,100002,2025-10-25,2025-10-25 13:33:01,Store Assisted,Shipped,Wallet,Paid,INR,Bengaluru,Karnataka,Bengaluru,Karnataka,560037,FC-HYD-01,Express,2025-10-28,,2,3,43035.31,0.00,5164.24,0.00,48199.55,,Y,,2025-10-27 15:54:01
500089,ORD500089,101175,2025-10-25,2025-10-25 14:25:36,Website,Delivered,Cash on Delivery,Paid,INR,Chennai,Tamil Nadu,Chennai,Tamil Nadu,600042,FC-CHE-01,Standard,2025-10-30,2025-10-30,5,12,64241.71,6424.17,10148.08,0.00,67965.62,LOYALTY10,N,,2025-10-31 15:26:36
501440,ORD501440,100940,2025-10-26,2025-10-26 02:11:24,Store Assisted,Delivered,UPI,Paid,INR,Hyderabad,Telangana,Hyderabad,Telangana,500081,FC-CHE-01,Standard,2025-10-31,2025-10-30,4,10,88689.99,17738.00,14268.60,0.00,85220.59,APP20,N,,2025-10-27 10:12:24
501941,ORD501941,101424,2025-10-26,2025-10-26 02:59:25,Mobile App,Delivered,Cash on Delivery,Paid,INR,Hyderabad,Telangana,Hyderabad,Telangana,500081,FC-HYD-01,Standard,2025-10-31,2025-11-02,2,4,2752.87,275.29,392.95,0.00,2870.53,LOYALTY10,Y,,2025-11-03 04:44:25
501299,ORD501299,101282,2025-10-26,2025-10-26 05:15:36,Store Assisted,Delivered,Credit Card,Paid,INR,Warangal,Telangana,Warangal,Telangana,506002,FC-HYD-01,Standard,2025-10-31,2025-10-31,2,6,146552.84,7327.64,36311.86,0.00,175537.06,SAVE5,N,,2025-11-03 08:31:36
502093,ORD502093,101461,2025-10-26,2025-10-26 18:23:22,Store Assisted,Delivered,Debit Card,Paid,INR,Vijayawada,Andhra Pradesh,Vijayawada,Andhra Pradesh,520010,FC-MUM-01,Standard,2025-10-31,2025-11-01,3,5,6213.13,0.00,471.62,0.00,6684.75,,N,,2025-10-28 00:04:22
501839,ORD501839,101761,2025-10-26,2025-10-26 19:24:50,Store Assisted,Delivered,Wallet,Paid,INR,Bengaluru,Karnataka,Bengaluru,Karnataka,560037,FC-BLR-01,Express,2025-10-29,2025-10-30,4,8,10416.71,520.84,1683.44,0.00,11579.31,SAVE5,N,,2025-10-30 01:38:50
502359,ORD502359,101877,2025-10-26,2025-10-26 22:26:39,Website,Delivered,Debit Card,Paid,INR,Secunderabad,Telangana,Secunderabad,Telangana,500003,FC-CHE-01,Same Day,2025-10-26,2025-10-28,3,11,60664.08,9099.61,6982.88,0.00,58547.35,FESTIVE15,N,,2025-11-01 06:11:39
501542,ORD501542,101598,2025-10-27,2025-10-27 02:50:52,Mobile App,Delivered,Credit Card,Paid,INR,Pune,Maharashtra,Pune,Maharashtra,411014,FC-BLR-01,Standard,2025-11-01,2025-11-01,3,10,188122.17,9406.11,21549.34,0.00,200265.40,SAVE5,N,,2025-10-28 08:16:52
500064,ORD500064,101904,2025-10-27,2025-10-27 17:01:37,Marketplace,Delivered,Credit Card,Paid,INR,Warangal,Telangana,Warangal,Telangana,506002,FC-CHE-01,Standard,2025-11-01,2025-11-02,4,13,179865.86,35973.17,24126.78,0.00,168019.47,APP20,Y,,2025-11-01 22:15:37
500850,ORD500850,102127,2025-10-27,2025-10-27 17:36:20,Marketplace,Delivered,Wallet,Paid,INR,Chennai,Tamil Nadu,Chennai,Tamil Nadu,600042,FC-HYD-01,Express,2025-10-30,2025-10-30,5,12,181491.93,9074.60,27451.15,0.00,199868.48,SAVE5,Y,,2025-10-29 02:32:20
500287,ORD500287,102029,2025-10-27,2025-10-27 23:12:21,Mobile App,Delivered,Wallet,Pending,INR,Bengaluru,Karnataka,Bengaluru,Karnataka,560037,FC-HYD-01,Express,2025-10-30,2025-10-31,1,3,19367.01,0.00,5422.76,0.00,24789.77,,Y,,2025-11-04 04:55:21
500045,ORD500045,100852,2025-10-28,2025-10-28 01:52:20,Mobile App,Delivered,Net Banking,Paid,INR,Warangal,Telangana,Warangal,Telangana,506002,FC-BLR-01,Standard,2025-11-02,2025-11-02,3,8,46374.44,4637.44,8529.62,0.00,50266.62,LOYALTY10,Y,,2025-11-04 05:44:20
500982,ORD500982,102154,2025-10-28,2025-10-28 15:16:07,Marketplace,Delivered,UPI,Paid,INR,Delhi,Delhi,Delhi,Delhi,110017,FC-CHE-01,Standard,2025-11-02,2025-11-02,3,8,128508.83,19276.32,10382.45,0.00,119614.96,FESTIVE15,N,,2025-11-01 23:44:07
500875,ORD500875,100002,2025-10-28,2025-10-28 18:17:54,Website,Returned,Net Banking,Partially Refunded,INR,Bengaluru,Karnataka,Bengaluru,Karnataka,560037,FC-DEL-01,Standard,2025-11-02,2025-11-02,5,12,218941.15,32841.17,8225.03,0.00,194325.01,FESTIVE15,Y,,2025-11-03 02:04:54
500013,ORD500013,100839,2025-10-28,2025-10-28 18:50:16,Marketplace,Delivered,Net Banking,Paid,INR,Warangal,Telangana,Warangal,Telangana,506002,FC-BLR-01,Standard,2025-11-02,2025-11-02,3,9,173746.86,0.00,29386.70,0.00,203133.56,,N,,2025-10-30 21:27:16
501332,ORD501332,101997,2025-10-29,2025-10-29 01:50:21,Marketplace,Delivered,Wallet,Paid,INR,Chennai,Tamil Nadu,Chennai,Tamil Nadu,600042,FC-CHE-01,Same Day,2025-10-29,2025-10-29,5,10,43917.48,8783.50,8140.39,0.00,43274.37,APP20,N,,2025-10-29 05:03:21
501444,ORD501444,101242,2025-10-29,2025-10-29 04:57:02,Marketplace,Delivered,Debit Card,Paid,INR,Secunderabad,Telangana,Secunderabad,Telangana,500003,FC-DEL-01,Standard,2025-11-03,2025-11-04,5,15,74323.24,14864.65,7682.84,0.00,67141.43,APP20,N,,2025-10-31 09:12:02
500891,ORD500891,101495,2025-10-29,2025-10-29 08:55:46,Mobile App,Delivered,Credit Card,Paid,INR,Vijayawada,Andhra Pradesh,Vijayawada,Andhra Pradesh,520010,FC-CHE-01,Standard,2025-11-03,2025-11-04,2,5,54990.36,0.00,6340.82,0.00,61331.18,,N,,2025-11-03 17:03:46
500341,ORD500341,101755,2025-10-29,2025-10-29 13:47:40,Marketplace,Delivered,UPI,Paid,INR,Secunderabad,Telangana,Secunderabad,Telangana,500003,FC-BLR-01,Standard,2025-11-03,2025-11-04,3,7,10755.28,537.76,78.66,0.00,10296.18,SAVE5,N,,2025-11-02 21:26:40
501253,ORD501253,100054,2025-10-29,2025-10-29 15:57:02,Store Assisted,Delivered,Debit Card,Paid,INR,Hyderabad,Telangana,Hyderabad,Telangana,500081,FC-CHE-01,Standard,2025-11-03,2025-11-02,3,8,89789.47,8978.95,22202.81,0.00,103013.33,WELCOME10,N,,2025-11-04 17:42:02
501255,ORD501255,100308,2025-10-29,2025-10-29 17:37:57,Website,Delivered,Cash on Delivery,Paid,INR,Delhi,Delhi,Delhi,Delhi,110017,FC-HYD-01,Standard,2025-11-03,2025-11-05,3,7,11312.76,1131.28,1097.61,0.00,11279.09,WELCOME10,Y,,2025-10-31 00:38:57
502278,ORD502278,100642,2025-10-29,2025-10-29 23:21:28,Marketplace,Delivered,Wallet,Paid,INR,Visakhapatnam,Andhra Pradesh,Visakhapatnam,Andhra Pradesh,530017,FC-HYD-01,Standard,2025-11-03,2025-11-03,2,4,38447.52,0.00,354.28,0.00,38801.80,,N,,2025-11-03 06:03:28
500954,ORD500954,100459,2025-10-30,2025-10-30 09:04:40,Website,Delivered,Cash on Delivery,Paid,INR,Delhi,Delhi,Delhi,Delhi,110017,FC-DEL-01,Standard,2025-11-04,2025-11-05,2,5,4841.65,0.00,784.31,0.00,5625.96,,N,,2025-10-31 17:06:40
501277,ORD501277,101097,2025-10-30,2025-10-30 09:40:03,Marketplace,Cancelled,Debit Card,Refunded,INR,Chennai,Tamil Nadu,Chennai,Tamil Nadu,600042,FC-HYD-01,Express,2025-11-02,,4,8,128964.52,19344.68,10581.16,0.00,120201.00,FESTIVE15,N,Inventory Unavailable,2025-11-06 16:20:03
501830,ORD501830,100347,2025-10-30,2025-10-30 17:22:34,Store Assisted,Delivered,Debit Card,Paid,INR,Secunderabad,Telangana,Secunderabad,Telangana,500003,FC-HYD-01,Express,2025-11-02,2025-11-03,3,5,45305.32,9061.06,1901.16,0.00,38145.42,APP20,Y,,2025-10-31 02:04:34
502345,ORD502345,100611,2025-10-30,2025-10-30 23:13:29,Website,Delivered,Wallet,Paid,INR,Vijayawada,Andhra Pradesh,Vijayawada,Andhra Pradesh,520010,FC-MUM-01,Standard,2025-11-04,2025-11-04,3,9,67829.62,6782.96,7636.30,0.00,68682.96,WELCOME10,N,,2025-11-06 23:57:29
501454,ORD501454,101751,2025-10-31,2025-10-31 11:49:02,Marketplace,Delivered,Net Banking,Paid,INR,Pune,Maharashtra,Pune,Maharashtra,411014,FC-DEL-01,Standard,2025-11-05,2025-11-07,4,7,7385.69,1107.85,935.73,0.00,7213.57,FESTIVE15,Y,,2025-11-04 13:32:02
501934,ORD501934,101664,2025-10-31,2025-10-31 12:10:52,Website,Delivered,Debit Card,Paid,INR,Warangal,Telangana,Warangal,Telangana,506002,FC-BLR-01,Standard,2025-11-05,2025-11-05,2,6,162010.64,0.00,41005.41,0.00,203016.05,,Y,,2025-11-04 20:07:52
501854,ORD501854,102284,2025-10-31,2025-10-31 14:22:47,Website,Delivered,UPI,Paid,INR,Warangal,Telangana,Warangal,Telangana,506002,FC-DEL-01,Standard,2025-11-05,2025-11-06,5,11,51567.53,7735.13,5123.85,0.00,48956.25,FESTIVE15,N,,2025-11-04 20:31:47
500016,ORD500016,100415,2025-10-31,2025-10-31 23:45:22,Store Assisted,Returned,Credit Card,Refunded,INR,Warangal,Telangana,Vijayawada,Andhra Pradesh,520010,FC-CHE-01,Standard,2025-11-05,2025-11-06,4,9,69343.94,0.00,17908.35,0.00,87252.29,,Y,,2025-11-07 04:58:22
501877,ORD501877,100121,2025-11-01,2025-11-01 03:19:18,Website,Delivered,Wallet,Paid,INR,Mumbai,Maharashtra,Mumbai,Maharashtra,400076,FC-HYD-01,Standard,2025-11-06,2025-11-06,3,4,6974.01,0.00,449.11,0.00,7423.12,,Y,,2025-11-02 09:23:18
501211,ORD501211,101119,2025-11-01,2025-11-01 07:11:37,Website,Delivered,UPI,Paid,INR,Vijayawada,Andhra Pradesh,Vijayawada,Andhra Pradesh,520010,FC-MUM-01,Standard,2025-11-06,2025-11-07,2,6,3477.18,347.72,115.10,0.00,3244.56,LOYALTY10,N,,2025-11-03 08:03:37
502100,ORD502100,101032,2025-11-01,2025-11-01 07:54:09,Marketplace,Delivered,Credit Card,Paid,INR,Mumbai,Maharashtra,Mumbai,Maharashtra,400076,FC-HYD-01,Standard,2025-11-06,2025-11-05,3,6,50700.60,5070.06,6495.10,0.00,52125.64,LOYALTY10,N,,2025-11-07 15:34:09
500323,ORD500323,101520,2025-11-01,2025-11-01 13:09:58,Website,Cancelled,UPI,Failed,INR,Vijayawada,Andhra Pradesh,Vijayawada,Andhra Pradesh,520010,FC-DEL-01,Standard,2025-11-06,,4,13,145156.62,0.00,12342.45,0.00,157499.07,,N,Payment Failure,2025-11-07 14:28:58
500755,ORD500755,101518,2025-11-02,2025-11-02 01:53:46,Website,Delivered,Debit Card,Paid,INR,Secunderabad,Telangana,Secunderabad,Telangana,500003,FC-DEL-01,Express,2025-11-05,2025-11-06,5,9,85103.53,0.00,18000.54,0.00,103104.07,,N,,2025-11-10 03:00:46
500311,ORD500311,101232,2025-11-02,2025-11-02 16:57:09,Website,Delivered,Credit Card,Paid,INR,Vijayawada,Andhra Pradesh,Vijayawada,Andhra Pradesh,520010,FC-HYD-01,Standard,2025-11-07,2025-11-07,5,11,160421.63,0.00,4146.59,0.00,164568.22,,N,,2025-11-02 19:29:09
501181,ORD501181,100867,2025-11-02,2025-11-02 19:51:13,Mobile App,Delivered,UPI,Paid,INR,Warangal,Telangana,Warangal,Telangana,506002,FC-DEL-01,Standard,2025-11-07,2025-11-07,3,5,61002.08,3050.10,15992.90,0.00,73944.88,SAVE5,N,,2025-11-10 01:08:13
501953,ORD501953,100723,2025-11-02,2025-11-02 19:54:24,Website,Delivered,Credit Card,Paid,INR,Visakhapatnam,Andhra Pradesh,Visakhapatnam,Andhra Pradesh,530017,FC-CHE-01,Express,2025-11-05,2025-11-06,1,2,2569.60,256.96,277.52,0.00,2590.16,WELCOME10,N,,2025-11-11 00:13:24
502294,ORD502294,101741,2025-11-03,2025-11-03 10:19:31,Website,Delivered,UPI,Paid,INR,Chennai,Tamil Nadu,Chennai,Tamil Nadu,600042,FC-MUM-01,Standard,2025-11-08,2025-11-08,4,9,50945.12,5094.51,6657.72,0.00,52508.33,LOYALTY10,Y,,2025-11-04 18:01:31
501752,ORD501752,101184,2025-11-03,2025-11-03 13:31:49,Marketplace,Delivered,UPI,Paid,INR,Hyderabad,Telangana,Hyderabad,Telangana,500081,FC-HYD-01,Standard,2025-11-08,2025-11-09,3,8,7174.12,1076.12,495.09,0.00,6593.09,FESTIVE15,N,,2025-11-05 13:45:49
501637,ORD501637,101054,2025-11-03,2025-11-03 14:42:44,Marketplace,Cancelled,UPI,Failed,INR,Mumbai,Maharashtra,Mumbai,Maharashtra,400076,FC-BLR-01,Standard,2025-11-08,,3,6,5101.26,510.13,1071.26,0.00,5662.39,LOYALTY10,N,Customer Request,2025-11-05 19:13:44
500665,ORD500665,101595,2025-11-03,2025-11-03 17:06:54,Mobile App,Delivered,Wallet,Paid,INR,Visakhapatnam,Andhra Pradesh,Visakhapatnam,Andhra Pradesh,530017,FC-MUM-01,Express,2025-11-06,2025-11-07,3,7,15901.59,0.00,1248.01,0.00,17149.60,,N,,2025-11-12 00:19:54
502182,ORD502182,101938,2025-11-03,2025-11-03 20:52:52,Mobile App,Delivered,Cash on Delivery,Paid,INR,Warangal,Telangana,Warangal,Telangana,506002,FC-MUM-01,Standard,2025-11-08,2025-11-10,2,6,49090.05,4909.01,2586.27,0.00,46767.31,WELCOME10,N,,2025-11-05 04:33:52
501557,ORD501557,100388,2025-11-03,2025-11-03 21:03:03,Marketplace,Delivered,Wallet,Paid,INR,Chennai,Tamil Nadu,Chennai,Tamil Nadu,600042,FC-MUM-01,Standard,2025-11-08,2025-11-08,5,13,36571.87,1828.59,7125.41,0.00,41868.69,SAVE5,N,,2025-11-10 23:08:03
501961,ORD501961,100556,2025-11-04,2025-11-04 00:58:21,Website,Delivered,Credit Card,Paid,INR,Vijayawada,Andhra Pradesh,Vijayawada,Andhra Pradesh,520010,FC-CHE-01,Express,2025-11-07,2025-11-06,1,3,6271.65,627.16,677.34,0.00,6321.83,WELCOME10,N,,2025-11-06 04:49:21
500335,ORD500335,102124,2025-11-04,2025-11-04 04:41:22,Store Assisted,Delivered,Credit Card,Paid,INR,Visakhapatnam,Andhra Pradesh,Visakhapatnam,Andhra Pradesh,530017,FC-MUM-01,Standard,2025-11-09,2025-11-09,3,5,32384.21,4857.63,4753.16,0.00,32279.74,FESTIVE15,N,,2025-11-07 12:47:22
501797,ORD501797,100702,2025-11-04,2025-11-04 06:04:07,Store Assisted,Delivered,Debit Card,Paid,INR,Chennai,Tamil Nadu,Chennai,Tamil Nadu,600042,FC-DEL-01,Express,2025-11-07,2025-11-08,1,3,7986.24,1597.25,766.68,0.00,7155.67,APP20,N,,2025-11-09 07:01:07
500118,ORD500118,100997,2025-11-04,2025-11-04 08:23:01,Marketplace,Delivered,Debit Card,Paid,INR,Vijayawada,Andhra Pradesh,Vijayawada,Andhra Pradesh,520010,FC-DEL-01,Express,2025-11-07,2025-11-07,5,12,27417.11,2741.71,4589.76,0.00,29265.16,LOYALTY10,N,,2025-11-05 15:56:01
501187,ORD501187,100608,2025-11-04,2025-11-04 12:18:28,Store Assisted,Cancelled,UPI,Voided,INR,Bengaluru,Karnataka,Bengaluru,Karnataka,560037,FC-CHE-01,Standard,2025-11-09,,5,12,50311.79,2515.59,9168.30,0.00,56964.50,SAVE5,N,Inventory Unavailable,2025-11-04 12:29:28
500485,ORD500485,101018,2025-11-05,2025-11-05 08:07:37,Website,Delivered,UPI,Paid,INR,Mumbai,Maharashtra,Mumbai,Maharashtra,400076,FC-DEL-01,Express,2025-11-08,2025-11-08,3,4,48377.03,9675.41,1942.57,0.00,40644.19,APP20,N,,2025-11-10 09:47:37
500361,ORD500361,101439,2025-11-05,2025-11-05 13:46:17,Store Assisted,Delivered,Credit Card,Paid,INR,Vijayawada,Andhra Pradesh,Vijayawada,Andhra Pradesh,520010,FC-MUM-01,Express,2025-11-08,2025-11-10,3,6,47553.39,4755.34,4318.56,0.00,47116.61,WELCOME10,N,,2025-11-09 19:42:17
502328,ORD502328,102001,2025-11-06,2025-11-06 01:55:05,Marketplace,Returned,Debit Card,Refunded,INR,Delhi,Delhi,Warangal,Telangana,506002,FC-DEL-01,Standard,2025-11-11,2025-11-11,5,9,105422.67,21084.53,1377.86,0.00,85716.00,APP20,N,,2025-11-08 07:13:05
501025,ORD501025,101124,2025-11-06,2025-11-06 05:00:15,Website,Delivered,Wallet,Paid,INR,Secunderabad,Telangana,Secunderabad,Telangana,500003,FC-DEL-01,Standard,2025-11-11,2025-11-11,3,7,48990.15,2449.51,8919.24,0.00,55459.88,SAVE5,N,,2025-11-10 13:56:15
500710,ORD500710,101591,2025-11-06,2025-11-06 05:07:07,Store Assisted,Delivered,Credit Card,Paid,INR,Chennai,Tamil Nadu,Chennai,Tamil Nadu,600042,FC-BLR-01,Standard,2025-11-11,2025-11-12,3,9,76307.00,7630.70,17433.32,0.00,86109.62,WELCOME10,N,,2025-11-11 08:44:07
500555,ORD500555,100885,2025-11-06,2025-11-06 14:32:33,Website,Cancelled,Cash on Delivery,Failed,INR,Hyderabad,Telangana,Hyderabad,Telangana,500081,FC-HYD-01,Express,2025-11-09,,3,10,13256.72,1988.51,2469.23,0.00,13737.44,FESTIVE15,Y,Payment Failure,2025-11-14 21:36:33
501063,ORD501063,100326,2025-11-06,2025-11-06 21:22:32,Marketplace,Cancelled,Debit Card,Voided,INR,Bengaluru,Karnataka,Bengaluru,Karnataka,560037,FC-MUM-01,Same Day,2025-11-06,,1,1,829.45,82.94,37.33,90.00,873.84,LOYALTY10,N,Customer Request,2025-11-14 05:26:32
500580,ORD500580,100491,2025-11-06,2025-11-06 22:01:50,Marketplace,Delivered,Cash on Delivery,Paid,INR,Hyderabad,Telangana,Hyderabad,Telangana,500081,FC-HYD-01,Standard,2025-11-11,2025-11-12,4,11,22798.59,0.00,4215.51,0.00,27014.10,,Y,,2025-11-08 22:13:50
501813,ORD501813,100582,2025-11-07,2025-11-07 05:01:41,Marketplace,Delivered,Net Banking,Paid,INR,Secunderabad,Telangana,Warangal,Telangana,506002,FC-MUM-01,Standard,2025-11-12,2025-11-14,2,3,2467.77,246.78,225.78,0.00,2446.77,LOYALTY10,N,,2025-11-12 06:52:41
500782,ORD500782,101946,2025-11-08,2025-11-08 01:12:03,Website,Delivered,Wallet,Paid,INR,Warangal,Telangana,Warangal,Telangana,506002,FC-DEL-01,Standard,2025-11-13,2025-11-15,2,5,8401.35,420.07,1644.91,0.00,9626.19,SAVE5,N,,2025-11-13 04:50:03
501946,ORD501946,102089,2025-11-08,2025-11-08 10:46:11,Mobile App,Delivered,Debit Card,Paid,INR,Pune,Maharashtra,Pune,Maharashtra,411014,FC-MUM-01,Express,2025-11-11,2025-11-10,1,4,4595.08,459.51,0.00,0.00,4135.57,LOYALTY10,N,,2025-11-08 11:04:11
501325,ORD501325,100623,2025-11-08,2025-11-08 12:31:59,Store Assisted,Delivered,Debit Card,Paid,INR,Warangal,Telangana,Mumbai,Maharashtra,400076,FC-BLR-01,Standard,2025-11-13,2025-11-14,1,2,41052.20,0.00,7389.40,0.00,48441.60,,Y,,2025-11-10 17:14:59
501269,ORD501269,101800,2025-11-08,2025-11-08 21:37:58,Website,Delivered,Net Banking,Paid,INR,Vijayawada,Andhra Pradesh,Vijayawada,Andhra Pradesh,520010,FC-BLR-01,Standard,2025-11-13,2025-11-14,1,2,77388.84,0.00,3869.44,0.00,81258.28,,N,,2025-11-12 23:15:58
501933,ORD501933,100625,2025-11-09,2025-11-09 02:00:59,Marketplace,Returned,UPI,Partially Refunded,INR,Vijayawada,Andhra Pradesh,Vijayawada,Andhra Pradesh,520010,FC-MUM-01,Standard,2025-11-14,2025-11-15,4,9,88417.96,13262.69,4511.40,0.00,79666.67,FESTIVE15,Y,,2025-11-13 07:13:59
500544,ORD500544,101618,2025-11-09,2025-11-09 18:11:23,Mobile App,Delivered,Cash on Delivery,Paid,INR,Hyderabad,Telangana,Hyderabad,Telangana,500081,FC-BLR-01,Standard,2025-11-14,2025-11-14,4,8,61860.22,12372.04,5649.89,0.00,55138.07,APP20,Y,,2025-11-12 18:28:23
502130,ORD502130,102257,2025-11-10,2025-11-10 13:01:37,Mobile App,Delivered,Net Banking,Paid,INR,Vijayawada,Andhra Pradesh,Vijayawada,Andhra Pradesh,520010,FC-CHE-01,Standard,2025-11-15,2025-11-14,4,7,12994.30,1949.14,1701.45,0.00,12746.61,FESTIVE15,N,,2025-11-17 18:55:37
500601,ORD500601,100579,2025-11-10,2025-11-10 13:13:08,Store Assisted,Delivered,Credit Card,Paid,INR,Visakhapatnam,Andhra Pradesh,Visakhapatnam,Andhra Pradesh,530017,FC-DEL-01,Standard,2025-11-15,2025-11-15,1,3,3830.88,383.09,965.38,0.00,4413.17,LOYALTY10,N,,2025-11-12 19:07:08
502285,ORD502285,101390,2025-11-10,2025-11-10 21:21:34,Marketplace,Delivered,Cash on Delivery,Paid,INR,Chennai,Tamil Nadu,Chennai,Tamil Nadu,600042,FC-BLR-01,Standard,2025-11-15,2025-11-15,3,10,127221.24,0.00,20949.36,0.00,148170.60,,N,,2025-11-17 22:49:34
501993,ORD501993,101901,2025-11-11,2025-11-11 05:01:26,Website,Delivered,Credit Card,Paid,INR,Visakhapatnam,Andhra Pradesh,Visakhapatnam,Andhra Pradesh,530017,FC-BLR-01,Express,2025-11-14,2025-11-15,2,5,4776.43,477.64,256.25,0.00,4555.04,WELCOME10,Y,,2025-11-15 07:06:26
500288,ORD500288,102127,2025-11-11,2025-11-11 20:22:03,Mobile App,Delivered,Net Banking,Paid,INR,Chennai,Tamil Nadu,Chennai,Tamil Nadu,600042,FC-BLR-01,Standard,2025-11-16,2025-11-16,5,14,36191.39,3619.14,8581.25,0.00,41153.50,LOYALTY10,Y,,2025-11-13 03:03:03
501605,ORD501605,101205,2025-11-11,2025-11-11 21:44:26,Mobile App,Delivered,Credit Card,Paid,INR,Mumbai,Maharashtra,Mumbai,Maharashtra,400076,FC-CHE-01,Standard,2025-11-16,2025-11-16,4,12,55552.32,5555.23,10827.04,0.00,60824.13,WELCOME10,Y,,2025-11-16 01:42:26
501076,ORD501076,100325,2025-11-11,2025-11-11 23:51:31,Mobile App,Shipped,Wallet,Paid,INR,Pune,Maharashtra,Pune,Maharashtra,411014,FC-BLR-01,Express,2025-11-14,,1,4,4298.76,0.00,773.78,0.00,5072.54,,N,,2025-11-15 05:29:31
501671,ORD501671,101161,2025-11-12,2025-11-12 14:20:57,Store Assisted,Cancelled,UPI,Failed,INR,Visakhapatnam,Andhra Pradesh,Secunderabad,Telangana,500003,FC-MUM-01,Standard,2025-11-17,,3,5,9752.52,1462.88,1391.32,0.00,9680.96,FESTIVE15,N,Customer Request,2025-11-16 21:13:57
501002,ORD501002,101581,2025-11-12,2025-11-12 15:08:52,Website,Delivered,Wallet,Paid,INR,Delhi,Delhi,Delhi,Delhi,110017,FC-MUM-01,Same Day,2025-11-12,2025-11-12,5,12,80341.81,8034.18,10532.29,0.00,82839.92,LOYALTY10,N,,2025-11-12 22:51:52
501958,ORD501958,100798,2025-11-13,2025-11-13 06:27:28,Mobile App,Delivered,Credit Card,Paid,INR,Vijayawada,Andhra Pradesh,Vijayawada,Andhra Pradesh,520010,FC-BLR-01,Express,2025-11-16,2025-11-17,5,9,11731.23,0.00,1980.99,0.00,13712.22,,N,,2025-11-18 11:21:28
500823,ORD500823,100718,2025-11-13,2025-11-13 08:40:17,Marketplace,Delivered,Credit Card,Pending,INR,Mumbai,Maharashtra,Secunderabad,Telangana,500003,FC-DEL-01,Standard,2025-11-18,2025-11-18,2,6,12859.68,0.00,1559.94,0.00,14419.62,,Y,,2025-11-20 16:12:17
500600,ORD500600,100202,2025-11-13,2025-11-13 09:27:05,Store Assisted,Delivered,Wallet,Paid,INR,Mumbai,Maharashtra,Mumbai,Maharashtra,400076,FC-HYD-01,Standard,2025-11-18,2025-11-18,5,12,159848.06,31969.61,14863.63,0.00,142742.08,APP20,N,,2025-11-14 13:30:05
501355,ORD501355,101680,2025-11-13,2025-11-13 14:47:34,Mobile App,Delivered,UPI,Paid,INR,Chennai,Tamil Nadu,Chennai,Tamil Nadu,600042,FC-MUM-01,Standard,2025-11-18,2025-11-20,1,1,13310.99,0.00,2395.98,0.00,15706.97,,N,,2025-11-20 15:14:34
502378,ORD502378,101872,2025-11-13,2025-11-13 17:11:01,Store Assisted,Delivered,Debit Card,Paid,INR,Warangal,Telangana,Warangal,Telangana,506002,FC-BLR-01,Express,2025-11-16,2025-11-18,1,3,3224.07,322.41,522.30,0.00,3423.96,LOYALTY10,N,,2025-11-20 23:19:01
501163,ORD501163,100808,2025-11-14,2025-11-14 16:54:31,Store Assisted,Shipped,Debit Card,Paid,INR,Hyderabad,Telangana,Hyderabad,Telangana,500081,FC-BLR-01,Standard,2025-11-19,,5,11,24832.14,0.00,1392.97,0.00,26225.11,,N,,2025-11-16 22:38:31
502098,ORD502098,101815,2025-11-16,2025-11-16 07:20:19,Mobile App,Delivered,Net Banking,Paid,INR,Vijayawada,Andhra Pradesh,Vijayawada,Andhra Pradesh,520010,FC-CHE-01,Express,2025-11-19,2025-11-20,1,3,1115.37,223.07,44.62,50.00,986.92,APP20,N,,2025-11-17 10:16:19
501577,ORD501577,100493,2025-11-16,2025-11-16 12:51:00,Marketplace,Delivered,Net Banking,Paid,INR,Delhi,Delhi,Delhi,Delhi,110017,FC-BLR-01,Express,2025-11-19,2025-11-19,5,10,14477.96,0.00,2223.44,0.00,16701.40,,N,,2025-11-16 13:33:00
501089,ORD501089,100286,2025-11-16,2025-11-16 20:25:44,Website,Delivered,Debit Card,Paid,INR,Hyderabad,Telangana,Hyderabad,Telangana,500081,FC-CHE-01,Standard,2025-11-21,2025-11-22,4,10,12771.30,638.57,3238.87,0.00,15371.60,SAVE5,N,,2025-11-17 21:58:44
501750,ORD501750,101420,2025-11-16,2025-11-16 21:59:59,Mobile App,Delivered,Cash on Delivery,Paid,INR,Visakhapatnam,Andhra Pradesh,Visakhapatnam,Andhra Pradesh,530017,FC-CHE-01,Standard,2025-11-21,2025-11-22,2,5,13983.96,699.20,1434.12,0.00,14718.88,SAVE5,Y,,2025-11-21 02:03:59
501990,ORD501990,100678,2025-11-17,2025-11-17 18:09:25,Mobile App,Delivered,UPI,Paid,INR,Vijayawada,Andhra Pradesh,Vijayawada,Andhra Pradesh,520010,FC-MUM-01,Standard,2025-11-22,2025-11-22,2,6,11051.55,0.00,1131.11,0.00,12182.66,,N,,2025-11-21 19:05:25
501402,ORD501402,101450,2025-11-17,2025-11-17 19:11:09,Store Assisted,Delivered,Credit Card,Paid,INR,Warangal,Telangana,Warangal,Telangana,506002,FC-CHE-01,Standard,2025-11-22,2025-11-22,1,3,20746.47,0.00,5809.01,0.00,26555.48,,N,,2025-11-18 03:17:09
500330,ORD500330,100869,2025-11-18,2025-11-18 07:35:49,Mobile App,Delivered,Net Banking,Paid,INR,Warangal,Telangana,Warangal,Telangana,506002,FC-BLR-01,Standard,2025-11-23,2025-11-24,5,13,103568.55,0.00,13023.60,0.00,116592.15,,N,,2025-11-20 13:25:49
501730,ORD501730,101157,2025-11-18,2025-11-18 10:29:46,Mobile App,Delivered,Net Banking,Paid,INR,Chennai,Tamil Nadu,Chennai,Tamil Nadu,600042,FC-CHE-01,Standard,2025-11-23,2025-11-25,5,12,135968.73,20395.31,2912.96,0.00,118486.38,FESTIVE15,N,,2025-11-23 14:59:46
500290,ORD500290,101938,2025-11-18,2025-11-18 17:22:22,Store Assisted,Delivered,Debit Card,Paid,INR,Warangal,Telangana,Warangal,Telangana,506002,FC-CHE-01,Standard,2025-11-23,2025-11-23,5,11,13170.39,0.00,999.43,0.00,14169.82,,N,,2025-11-24 19:23:22
500199,ORD500199,101952,2025-11-19,2025-11-19 01:41:12,Store Assisted,Delivered,Debit Card,Paid,INR,Vijayawada,Andhra Pradesh,Vijayawada,Andhra Pradesh,520010,FC-HYD-01,Standard,2025-11-24,2025-11-25,4,5,6398.24,639.82,812.66,0.00,6571.08,LOYALTY10,N,,2025-11-27 08:16:12
502086,ORD502086,101383,2025-11-19,2025-11-19 04:20:32,Store Assisted,Delivered,Cash on Delivery,Paid,INR,Warangal,Telangana,Warangal,Telangana,506002,FC-MUM-01,Standard,2025-11-24,2025-11-23,5,14,53908.26,0.00,13668.85,0.00,67577.11,,N,,2025-11-26 06:03:32
500974,ORD500974,102263,2025-11-19,2025-11-19 05:52:17,Website,Delivered,Credit Card,Paid,INR,Delhi,Delhi,Delhi,Delhi,110017,FC-MUM-01,Standard,2025-11-24,2025-11-24,5,7,111810.86,0.00,15161.48,0.00,126972.34,,N,,2025-11-27 11:45:17
502354,ORD502354,101728,2025-11-20,2025-11-20 06:41:05,Mobile App,Shipped,Debit Card,Paid,INR,Hyderabad,Telangana,Hyderabad,Telangana,500081,FC-BLR-01,Standard,2025-11-25,,5,8,88460.70,13269.10,12821.28,0.00,88012.88,FESTIVE15,N,,2025-11-25 07:47:05
500363,ORD500363,101182,2025-11-20,2025-11-20 08:25:14,Website,Shipped,Debit Card,Paid,INR,Mumbai,Maharashtra,Mumbai,Maharashtra,400076,FC-HYD-01,Express,2025-11-23,,5,10,112200.76,0.00,8607.52,0.00,120808.28,,N,,2025-11-26 11:04:14
501686,ORD501686,102052,2025-11-20,2025-11-20 09:58:49,Marketplace,Delivered,Net Banking,Paid,INR,Vijayawada,Andhra Pradesh,Vijayawada,Andhra Pradesh,520010,FC-CHE-01,Express,2025-11-23,2025-11-23,1,3,4315.23,431.52,699.07,0.00,4582.78,WELCOME10,N,,2025-11-25 12:49:49
501487,ORD501487,100522,2025-11-20,2025-11-20 16:21:07,Marketplace,Delivered,Debit Card,Paid,INR,Vijayawada,Andhra Pradesh,Vijayawada,Andhra Pradesh,520010,FC-HYD-01,Express,2025-11-23,2025-11-22,1,4,9080.88,0.00,0.00,0.00,9080.88,,N,,2025-11-21 17:05:07
500244,ORD500244,102002,2025-11-20,2025-11-20 18:43:11,Store Assisted,Delivered,Net Banking,Paid,INR,Visakhapatnam,Andhra Pradesh,Visakhapatnam,Andhra Pradesh,530017,FC-DEL-01,Standard,2025-11-25,2025-11-25,4,7,23649.59,2364.96,3002.88,0.00,24287.51,WELCOME10,N,,2025-11-27 02:34:11
501380,ORD501380,101968,2025-11-21,2025-11-21 01:07:30,Marketplace,Delivered,Wallet,Paid,INR,Secunderabad,Telangana,Secunderabad,Telangana,500003,FC-MUM-01,Standard,2025-11-26,2025-11-25,1,4,7291.96,1458.39,1050.04,0.00,6883.61,APP20,Y,,2025-11-28 07:22:30
500964,ORD500964,101736,2025-11-21,2025-11-21 09:09:06,Store Assisted,Delivered,Credit Card,Paid,INR,Delhi,Delhi,Vijayawada,Andhra Pradesh,520010,FC-CHE-01,Express,2025-11-24,2025-11-24,2,7,144280.21,21642.03,10323.90,0.00,132962.08,FESTIVE15,N,,2025-11-24 15:25:06
501151,ORD501151,100253,2025-11-21,2025-11-21 21:12:21,Mobile App,Delivered,Net Banking,Paid,INR,Pune,Maharashtra,Pune,Maharashtra,411014,FC-HYD-01,Express,2025-11-24,2025-11-25,2,3,41410.17,6211.53,1734.31,0.00,36932.95,FESTIVE15,N,,2025-11-27 23:17:21
500861,ORD500861,101713,2025-11-22,2025-11-22 04:17:07,Mobile App,Delivered,Debit Card,Paid,INR,Delhi,Delhi,Delhi,Delhi,110017,FC-BLR-01,Standard,2025-11-27,2025-11-27,5,10,36698.46,3669.85,2528.66,0.00,35557.27,LOYALTY10,N,,2025-11-30 10:27:07
500963,ORD500963,100260,2025-11-22,2025-11-22 08:29:51,Mobile App,Delivered,Net Banking,Paid,INR,Visakhapatnam,Andhra Pradesh,Hyderabad,Telangana,500081,FC-MUM-01,Standard,2025-11-27,2025-11-27,4,9,78274.96,11741.24,8943.56,0.00,75477.28,FESTIVE15,N,,2025-11-27 09:56:51
501745,ORD501745,101522,2025-11-22,2025-11-22 21:45:32,Marketplace,Delivered,Wallet,Paid,INR,Warangal,Telangana,Warangal,Telangana,506002,FC-HYD-01,Same Day,2025-11-22,2025-11-21,5,9,58597.57,8789.64,9487.80,0.00,59295.73,FESTIVE15,N,,2025-12-01 03:37:32
501134,ORD501134,100731,2025-11-23,2025-11-23 01:56:52,Marketplace,Delivered,UPI,Paid,INR,Vijayawada,Andhra Pradesh,Vijayawada,Andhra Pradesh,520010,FC-CHE-01,Express,2025-11-26,2025-11-27,5,12,9137.16,0.00,959.06,0.00,10096.22,,N,,2025-11-25 03:11:52
501480,ORD501480,100443,2025-11-23,2025-11-23 09:59:50,Store Assisted,Delivered,Cash on Delivery,Paid,INR,Mumbai,Maharashtra,Mumbai,Maharashtra,400076,FC-CHE-01,Standard,2025-11-28,2025-11-28,4,9,177664.75,8883.24,22541.55,0.00,191323.06,SAVE5,N,,2025-11-30 18:35:50
500788,ORD500788,100829,2025-11-24,2025-11-24 08:01:05,Website,Delivered,Debit Card,Paid,INR,Mumbai,Maharashtra,Mumbai,Maharashtra,400076,FC-HYD-01,Standard,2025-11-29,2025-11-29,2,6,191794.74,0.00,35906.15,0.00,227700.89,,N,,2025-11-29 09:20:05
501741,ORD501741,100981,2025-11-24,2025-11-24 14:07:59,Marketplace,Delivered,Debit Card,Paid,INR,Vijayawada,Andhra Pradesh,Vijayawada,Andhra Pradesh,520010,FC-DEL-01,Standard,2025-11-29,2025-11-30,1,1,218.57,0.00,26.23,40.00,284.80,,N,,2025-11-26 14:26:59
500419,ORD500419,100625,2025-11-24,2025-11-24 23:47:42,Website,Delivered,Wallet,Paid,INR,Vijayawada,Andhra Pradesh,Vijayawada,Andhra Pradesh,520010,FC-HYD-01,Express,2025-11-27,2025-11-28,3,7,75163.10,7516.31,8061.66,0.00,75708.45,WELCOME10,Y,,2025-12-03 02:15:42
500178,ORD500178,101420,2025-11-25,2025-11-25 00:34:10,Marketplace,Delivered,Net Banking,Paid,INR,Visakhapatnam,Andhra Pradesh,Visakhapatnam,Andhra Pradesh,530017,FC-DEL-01,Standard,2025-11-30,2025-11-30,2,8,91730.76,13759.61,5717.84,0.00,83688.99,FESTIVE15,Y,,2025-12-02 01:16:10
501719,ORD501719,101432,2025-11-25,2025-11-25 03:45:29,Marketplace,Delivered,Net Banking,Paid,INR,Visakhapatnam,Andhra Pradesh,Delhi,Delhi,110017,FC-HYD-01,Standard,2025-11-30,2025-12-02,4,9,95222.58,9522.26,7846.29,0.00,93546.61,WELCOME10,Y,,2025-11-27 04:46:29
500869,ORD500869,100294,2025-11-25,2025-11-25 10:32:24,Marketplace,Delivered,Credit Card,Paid,INR,Chennai,Tamil Nadu,Chennai,Tamil Nadu,600042,FC-HYD-01,Standard,2025-11-30,2025-11-30,5,13,245092.70,0.00,13903.73,0.00,258996.43,,N,,2025-11-30 13:09:24
500615,ORD500615,101234,2025-11-25,2025-11-25 22:45:51,Store Assisted,Delivered,Net Banking,Paid,INR,Visakhapatnam,Andhra Pradesh,Visakhapatnam,Andhra Pradesh,530017,FC-DEL-01,Standard,2025-11-30,2025-12-01,1,1,13567.41,2035.11,3229.04,0.00,14761.34,FESTIVE15,Y,,2025-12-02 02:36:51
500273,ORD500273,100109,2025-11-26,2025-11-26 02:05:51,Store Assisted,Delivered,Net Banking,Paid,INR,Vijayawada,Andhra Pradesh,Vijayawada,Andhra Pradesh,520010,FC-CHE-01,Standard,2025-12-01,2025-12-01,4,8,8388.30,419.42,581.65,0.00,8550.53,SAVE5,N,,2025-12-01 02:10:51
502321,ORD502321,100474,2025-11-26,2025-11-26 03:25:33,Website,Cancelled,Debit Card,Failed,INR,Visakhapatnam,Andhra Pradesh,Visakhapatnam,Andhra Pradesh,530017,FC-CHE-01,Standard,2025-12-01,,1,3,7205.67,360.28,342.27,0.00,7187.66,SAVE5,Y,Inventory Unavailable,2025-11-27 04:48:33
501736,ORD501736,102150,2025-11-26,2025-11-26 04:10:05,Store Assisted,Returned,Cash on Delivery,Partially Refunded,INR,Visakhapatnam,Andhra Pradesh,Visakhapatnam,Andhra Pradesh,530017,FC-HYD-01,Express,2025-11-29,2025-11-29,2,3,3183.92,0.00,506.67,0.00,3690.59,,Y,,2025-12-04 08:16:05
500723,ORD500723,100084,2025-11-26,2025-11-26 12:02:47,Marketplace,Delivered,Net Banking,Paid,INR,Hyderabad,Telangana,Vijayawada,Andhra Pradesh,520010,FC-CHE-01,Standard,2025-12-01,2025-11-30,3,9,104698.33,20939.67,19475.37,0.00,103234.03,APP20,N,,2025-12-01 19:08:47
500100,ORD500100,100428,2025-11-26,2025-11-26 12:02:51,Website,Delivered,Net Banking,Paid,INR,Hyderabad,Telangana,Hyderabad,Telangana,500081,FC-DEL-01,Standard,2025-12-01,2025-12-01,2,5,11739.74,1760.96,1515.18,0.00,11493.96,FESTIVE15,N,,2025-12-03 20:53:51
500063,ORD500063,100426,2025-11-27,2025-11-27 05:43:17,Website,Delivered,Net Banking,Paid,INR,Bengaluru,Karnataka,Delhi,Delhi,110017,FC-HYD-01,Express,2025-11-30,2025-12-01,3,7,10313.05,0.00,948.84,0.00,11261.89,,Y,,2025-12-03 10:07:17
500170,ORD500170,100391,2025-11-27,2025-11-27 18:42:43,Website,Delivered,Debit Card,Paid,INR,Visakhapatnam,Andhra Pradesh,Visakhapatnam,Andhra Pradesh,530017,FC-MUM-01,Standard,2025-12-02,2025-12-02,3,9,107024.52,5351.23,1888.94,0.00,103562.23,SAVE5,N,,2025-12-01 03:15:43
500185,ORD500185,101030,2025-11-27,2025-11-27 22:39:03,Store Assisted,Delivered,Net Banking,Paid,INR,Secunderabad,Telangana,Secunderabad,Telangana,500003,FC-CHE-01,Standard,2025-12-02,2025-12-03,3,6,16876.06,3375.21,3099.02,0.00,16599.87,APP20,N,,2025-12-01 01:15:03
501512,ORD501512,100864,2025-11-27,2025-11-27 22:54:54,Mobile App,Returned,Net Banking,Partially Refunded,INR,Secunderabad,Telangana,Secunderabad,Telangana,500003,FC-HYD-01,Standard,2025-12-02,2025-12-03,5,12,74142.64,3707.13,17923.69,0.00,88359.20,SAVE5,N,,2025-12-01 03:07:54
502390,ORD502390,101901,2025-11-28,2025-11-28 01:45:18,Website,Delivered,Wallet,Paid,INR,Visakhapatnam,Andhra Pradesh,Visakhapatnam,Andhra Pradesh,530017,FC-MUM-01,Standard,2025-12-03,2025-12-02,4,11,76467.80,15293.56,10866.93,0.00,72041.17,APP20,N,,2025-11-30 01:50:18
501279,ORD501279,101838,2025-11-29,2025-11-29 03:41:21,Store Assisted,Delivered,Cash on Delivery,Paid,INR,Secunderabad,Telangana,Secunderabad,Telangana,500003,FC-MUM-01,Standard,2025-12-04,2025-12-03,5,15,80466.46,8046.65,5775.32,0.00,78195.13,LOYALTY10,N,,2025-12-07 09:25:21
502243,ORD502243,101431,2025-11-29,2025-11-29 10:35:08,Store Assisted,Delivered,Credit Card,Paid,INR,Pune,Maharashtra,Pune,Maharashtra,411014,FC-BLR-01,Express,2025-12-02,2025-12-03,3,9,11273.70,0.00,2044.94,0.00,13318.64,,N,,2025-12-01 17:59:08
500270,ORD500270,102076,2025-11-30,2025-11-30 23:32:54,Website,Delivered,Wallet,Paid,INR,Visakhapatnam,Andhra Pradesh,Visakhapatnam,Andhra Pradesh,530017,FC-BLR-01,Standard,2025-12-05,2025-12-05,3,9,19836.70,0.00,3881.96,0.00,23718.66,,Y,,2025-12-03 05:42:54
500146,ORD500146,101236,2025-12-01,2025-12-01 05:59:10,Website,Delivered,UPI,Paid,INR,Chennai,Tamil Nadu,Chennai,Tamil Nadu,600042,FC-MUM-01,Standard,2025-12-06,2025-12-05,3,4,7326.83,1465.37,1102.67,0.00,6964.13,APP20,Y,,2025-12-05 14:41:10
501708,ORD501708,101523,2025-12-02,2025-12-02 01:17:09,Store Assisted,Delivered,Net Banking,Paid,INR,Warangal,Telangana,Warangal,Telangana,506002,FC-DEL-01,Express,2025-12-05,2025-12-04,3,8,26403.37,5280.67,5657.92,0.00,26780.62,APP20,N,,2025-12-05 09:55:09
502314,ORD502314,102091,2025-12-02,2025-12-02 07:54:38,Mobile App,Returned,UPI,Refunded,INR,Chennai,Tamil Nadu,Chennai,Tamil Nadu,600042,FC-MUM-01,Standard,2025-12-07,2025-12-07,2,3,5475.50,821.33,612.01,0.00,5266.18,FESTIVE15,Y,,2025-12-06 13:31:38
502320,ORD502320,100519,2025-12-02,2025-12-02 11:46:01,Mobile App,Delivered,UPI,Paid,INR,Warangal,Telangana,Warangal,Telangana,506002,FC-HYD-01,Standard,2025-12-07,2025-12-08,2,7,11487.51,574.38,1896.83,0.00,12809.96,SAVE5,N,,2025-12-03 16:47:01
502138,ORD502138,100780,2025-12-02,2025-12-02 15:41:33,Store Assisted,Delivered,Cash on Delivery,Paid,INR,Delhi,Delhi,Delhi,Delhi,110017,FC-CHE-01,Express,2025-12-05,2025-12-07,1,2,27227.06,2722.71,1225.22,0.00,25729.57,WELCOME10,N,,2025-12-04 20:53:33
501178,ORD501178,101928,2025-12-02,2025-12-02 17:06:31,Store Assisted,Delivered,Net Banking,Paid,INR,Vijayawada,Andhra Pradesh,Hyderabad,Telangana,500081,FC-CHE-01,Standard,2025-12-07,2025-12-07,5,14,123015.24,0.00,6016.41,0.00,129031.65,,N,,2025-12-07 00:20:31
501411,ORD501411,100938,2025-12-02,2025-12-02 21:45:29,Marketplace,Cancelled,Debit Card,Voided,INR,Secunderabad,Telangana,Secunderabad,Telangana,500003,FC-CHE-01,Express,2025-12-05,,4,13,328493.24,49273.99,39834.65,0.00,319053.90,FESTIVE15,N,Payment Failure,2025-12-09 03:30:29
501838,ORD501838,101095,2025-12-03,2025-12-03 07:20:48,Store Assisted,Delivered,Net Banking,Paid,INR,Mumbai,Maharashtra,Mumbai,Maharashtra,400076,FC-BLR-01,Standard,2025-12-08,2025-12-09,1,2,2006.08,100.30,0.00,0.00,1905.78,SAVE5,Y,,2025-12-05 12:04:48
501762,ORD501762,102003,2025-12-03,2025-12-03 09:48:35,Mobile App,Delivered,Cash on Delivery,Paid,INR,Bengaluru,Karnataka,Bengaluru,Karnataka,560037,FC-BLR-01,Express,2025-12-06,2025-12-06,4,12,10291.67,1029.17,2593.50,0.00,11856.00,WELCOME10,N,,2025-12-05 11:07:35
500434,ORD500434,100798,2025-12-03,2025-12-03 12:45:01,Mobile App,Delivered,Cash on Delivery,Paid,INR,Vijayawada,Andhra Pradesh,Vijayawada,Andhra Pradesh,520010,FC-BLR-01,Standard,2025-12-08,2025-12-08,3,7,29243.89,4386.58,4292.54,0.00,29149.85,FESTIVE15,Y,,2025-12-10 21:07:01
501939,ORD501939,100484,2025-12-03,2025-12-03 18:12:59,Store Assisted,Delivered,Net Banking,Paid,INR,Vijayawada,Andhra Pradesh,Vijayawada,Andhra Pradesh,520010,FC-CHE-01,Express,2025-12-06,2025-12-06,5,12,164947.00,24742.05,21587.37,0.00,161792.32,FESTIVE15,N,,2025-12-08 23:01:59
500935,ORD500935,100243,2025-12-04,2025-12-04 04:51:47,Mobile App,Delivered,Cash on Delivery,Pending,INR,Visakhapatnam,Andhra Pradesh,Visakhapatnam,Andhra Pradesh,530017,FC-DEL-01,Standard,2025-12-09,2025-12-08,3,7,43550.48,4355.05,1885.23,0.00,41080.66,LOYALTY10,N,,2025-12-09 12:43:47
500880,ORD500880,100634,2025-12-04,2025-12-04 16:43:06,Website,Delivered,UPI,Paid,INR,Hyderabad,Telangana,Hyderabad,Telangana,500081,FC-MUM-01,Standard,2025-12-09,2025-12-08,4,11,82562.09,16512.42,4235.33,0.00,70285.00,APP20,N,,2025-12-11 19:17:06
501026,ORD501026,101034,2025-12-04,2025-12-04 18:00:25,Mobile App,Shipped,Debit Card,Paid,INR,Visakhapatnam,Andhra Pradesh,Visakhapatnam,Andhra Pradesh,530017,FC-MUM-01,Standard,2025-12-09,,3,9,10721.68,0.00,1506.38,0.00,12228.06,,Y,,2025-12-07 23:21:25
501493,ORD501493,100504,2025-12-05,2025-12-05 06:13:31,Mobile App,Delivered,Wallet,Paid,INR,Pune,Maharashtra,Pune,Maharashtra,411014,FC-BLR-01,Standard,2025-12-10,2025-12-11,2,5,3937.57,0.00,1028.11,0.00,4965.68,,Y,,2025-12-10 11:25:31
502282,ORD502282,100880,2025-12-05,2025-12-05 16:56:44,Website,Delivered,Net Banking,Paid,INR,Bengaluru,Karnataka,Bengaluru,Karnataka,560037,FC-HYD-01,Standard,2025-12-10,2025-12-11,4,10,58995.72,0.00,10351.85,0.00,69347.57,,N,,2025-12-11 23:36:44
502047,ORD502047,100241,2025-12-05,2025-12-05 21:36:55,Website,Delivered,Credit Card,Paid,INR,Delhi,Delhi,Delhi,Delhi,110017,FC-HYD-01,Standard,2025-12-10,2025-12-10,4,10,74531.57,0.00,2472.39,0.00,77003.96,,Y,,2025-12-10 22:05:55
501778,ORD501778,102032,2025-12-06,2025-12-06 19:56:12,Marketplace,Delivered,Cash on Delivery,Paid,INR,Vijayawada,Andhra Pradesh,Vijayawada,Andhra Pradesh,520010,FC-HYD-01,Express,2025-12-09,2025-12-09,3,5,5520.77,1104.15,968.26,0.00,5384.88,APP20,N,,2025-12-09 01:50:12
501314,ORD501314,100111,2025-12-07,2025-12-07 02:55:57,Website,Delivered,Credit Card,Paid,INR,Chennai,Tamil Nadu,Chennai,Tamil Nadu,600042,FC-DEL-01,Standard,2025-12-12,2025-12-12,5,10,51838.75,10367.75,6735.68,0.00,48206.68,APP20,N,,2025-12-07 06:52:57
501395,ORD501395,100874,2025-12-07,2025-12-07 16:04:31,Mobile App,Delivered,Cash on Delivery,Paid,INR,Warangal,Telangana,Warangal,Telangana,506002,FC-CHE-01,Standard,2025-12-12,2025-12-11,5,13,78308.40,0.00,19250.49,0.00,97558.89,,Y,,2025-12-15 22:06:31
502266,ORD502266,102135,2025-12-07,2025-12-07 18:17:47,Store Assisted,Cancelled,Wallet,Refunded,INR,Secunderabad,Telangana,Secunderabad,Telangana,500003,FC-HYD-01,Standard,2025-12-12,,5,7,9758.60,0.00,842.94,0.00,10601.54,,N,Customer Request,2025-12-08 00:35:47
501469,ORD501469,102167,2025-12-07,2025-12-07 20:51:29,Mobile App,Delivered,Credit Card,Paid,INR,Bengaluru,Karnataka,Bengaluru,Karnataka,560037,FC-CHE-01,Express,2025-12-10,2025-12-10,5,9,30820.07,0.00,3713.13,0.00,34533.20,,N,,2025-12-14 03:35:29
500246,ORD500246,100720,2025-12-08,2025-12-08 10:39:55,Store Assisted,Delivered,Credit Card,Paid,INR,Vijayawada,Andhra Pradesh,Vijayawada,Andhra Pradesh,520010,FC-CHE-01,Express,2025-12-11,2025-12-12,2,7,61365.50,0.00,4434.32,0.00,65799.82,,Y,,2025-12-12 11:28:55
500144,ORD500144,101602,2025-12-08,2025-12-08 17:14:10,Marketplace,Delivered,Debit Card,Paid,INR,Secunderabad,Telangana,Mumbai,Maharashtra,400076,FC-HYD-01,Standard,2025-12-13,2025-12-12,5,7,94563.46,4728.17,4281.87,0.00,94117.16,SAVE5,N,,2025-12-10 18:45:10
501910,ORD501910,100859,2025-12-08,2025-12-08 19:23:18,Store Assisted,Delivered,UPI,Paid,INR,Warangal,Telangana,Warangal,Telangana,506002,FC-CHE-01,Express,2025-12-11,2025-12-11,1,4,6014.40,902.16,0.00,0.00,5112.24,FESTIVE15,N,,2025-12-14 19:23:18
501722,ORD501722,100938,2025-12-09,2025-12-09 01:25:09,Website,Delivered,Net Banking,Pending,INR,Secunderabad,Telangana,Secunderabad,Telangana,500003,FC-DEL-01,Standard,2025-12-14,2025-12-14,1,1,470.02,47.00,50.76,50.00,523.78,WELCOME10,Y,,2025-12-11 08:06:09
500195,ORD500195,101751,2025-12-09,2025-12-09 04:03:00,Website,Delivered,Debit Card,Paid,INR,Pune,Maharashtra,Vijayawada,Andhra Pradesh,520010,FC-BLR-01,Standard,2025-12-14,2025-12-16,3,9,7221.95,722.20,565.94,0.00,7065.69,WELCOME10,Y,,2025-12-09 05:38:00
501967,ORD501967,100110,2025-12-09,2025-12-09 09:35:12,Store Assisted,Delivered,UPI,Paid,INR,Vijayawada,Andhra Pradesh,Vijayawada,Andhra Pradesh,520010,FC-MUM-01,Same Day,2025-12-09,2025-12-08,2,5,56030.70,8404.60,3029.97,0.00,50656.07,FESTIVE15,N,,2025-12-09 15:30:12
500091,ORD500091,102056,2025-12-09,2025-12-09 19:18:36,Mobile App,Cancelled,Cash on Delivery,Voided,INR,Secunderabad,Telangana,Secunderabad,Telangana,500003,FC-BLR-01,Express,2025-12-12,,2,2,16933.34,1693.33,1798.72,0.00,17038.73,LOYALTY10,N,Duplicate Order,2025-12-09 23:41:36
502000,ORD502000,101299,2025-12-10,2025-12-10 00:23:14,Store Assisted,Shipped,UPI,Paid,INR,Secunderabad,Telangana,Secunderabad,Telangana,500003,FC-CHE-01,Standard,2025-12-15,,1,4,136024.72,0.00,24484.45,0.00,160509.17,,N,,2025-12-15 02:00:14
500423,ORD500423,101514,2025-12-10,2025-12-10 05:17:24,Store Assisted,Delivered,Cash on Delivery,Paid,INR,Mumbai,Maharashtra,Mumbai,Maharashtra,400076,FC-CHE-01,Standard,2025-12-15,2025-12-15,4,11,201686.73,20168.67,25252.50,0.00,206770.56,LOYALTY10,N,,2025-12-12 05:52:24
501884,ORD501884,100931,2025-12-10,2025-12-10 16:22:12,Store Assisted,Delivered,UPI,Paid,INR,Chennai,Tamil Nadu,Chennai,Tamil Nadu,600042,FC-HYD-01,Standard,2025-12-15,2025-12-15,2,5,4139.63,413.96,199.22,0.00,3924.89,WELCOME10,N,,2025-12-13 19:56:12
500795,ORD500795,102089,2025-12-10,2025-12-10 21:19:48,Website,Delivered,Cash on Delivery,Paid,INR,Pune,Maharashtra,Pune,Maharashtra,411014,FC-CHE-01,Express,2025-12-13,2025-12-14,1,1,11931.85,1193.18,1932.96,0.00,12671.63,WELCOME10,N,,2025-12-14 05:57:48
500498,ORD500498,100830,2025-12-10,2025-12-10 22:29:45,Store Assisted,Delivered,Wallet,Pending,INR,Bengaluru,Karnataka,Delhi,Delhi,110017,FC-DEL-01,Standard,2025-12-15,2025-12-15,3,3,22481.39,2248.14,1092.26,0.00,21325.51,LOYALTY10,Y,,2025-12-16 22:52:45
500719,ORD500719,100938,2025-12-11,2025-12-11 05:49:40,Store Assisted,Delivered,Credit Card,Paid,INR,Secunderabad,Telangana,Secunderabad,Telangana,500003,FC-DEL-01,Express,2025-12-14,2025-12-14,4,9,19954.18,0.00,4412.39,0.00,24366.57,,N,,2025-12-12 07:29:40
500096,ORD500096,102096,2025-12-11,2025-12-11 07:17:17,Mobile App,Delivered,Cash on Delivery,Paid,INR,Pune,Maharashtra,Pune,Maharashtra,411014,FC-BLR-01,Standard,2025-12-16,2025-12-15,3,6,47773.90,2388.70,3858.95,0.00,49244.15,SAVE5,N,,2025-12-17 14:52:17
500636,ORD500636,102156,2025-12-11,2025-12-11 11:10:56,Marketplace,Delivered,Debit Card,Pending,INR,Bengaluru,Karnataka,Bengaluru,Karnataka,560037,FC-BLR-01,Standard,2025-12-16,2025-12-16,5,13,15457.46,1545.75,1000.93,0.00,14912.64,WELCOME10,Y,,2025-12-18 18:32:56
500360,ORD500360,101723,2025-12-12,2025-12-12 01:07:29,Marketplace,Delivered,Credit Card,Paid,INR,Visakhapatnam,Andhra Pradesh,Visakhapatnam,Andhra Pradesh,530017,FC-DEL-01,Standard,2025-12-17,2025-12-16,4,13,26791.65,2679.16,2913.63,0.00,27026.12,LOYALTY10,Y,,2025-12-14 08:36:29
500119,ORD500119,100043,2025-12-12,2025-12-12 01:09:28,Mobile App,Delivered,Wallet,Paid,INR,Vijayawada,Andhra Pradesh,Vijayawada,Andhra Pradesh,520010,FC-HYD-01,Express,2025-12-15,2025-12-15,1,2,3205.48,160.27,548.14,0.00,3593.35,SAVE5,N,,2025-12-12 04:47:28
500379,ORD500379,100645,2025-12-12,2025-12-12 01:15:34,Mobile App,Delivered,Cash on Delivery,Paid,INR,Hyderabad,Telangana,Hyderabad,Telangana,500081,FC-MUM-01,Express,2025-12-15,2025-12-16,3,8,7389.88,0.00,971.55,0.00,8361.43,,N,,2025-12-14 06:21:34
502334,ORD502334,101320,2025-12-12,2025-12-12 19:15:39,Marketplace,Delivered,Debit Card,Paid,INR,Pune,Maharashtra,Pune,Maharashtra,411014,FC-BLR-01,Standard,2025-12-17,2025-12-17,2,4,32668.82,3266.88,7034.55,0.00,36436.49,LOYALTY10,N,,2025-12-14 23:54:39
500061,ORD500061,100610,2025-12-12,2025-12-12 21:12:38,Marketplace,Delivered,Debit Card,Paid,INR,Delhi,Delhi,Delhi,Delhi,110017,FC-HYD-01,Standard,2025-12-17,2025-12-19,3,9,129791.04,0.00,13161.92,0.00,142952.96,,Y,,2025-12-12 23:32:38
501345,ORD501345,102157,2025-12-12,2025-12-12 22:54:00,Website,Delivered,Net Banking,Paid,INR,Bengaluru,Karnataka,Bengaluru,Karnataka,560037,FC-HYD-01,Standard,2025-12-17,2025-12-16,4,10,15637.56,1563.76,1536.57,0.00,15610.37,WELCOME10,N,,2025-12-13 01:24:00
501403,ORD501403,101630,2025-12-13,2025-12-13 01:14:13,Website,Delivered,Debit Card,Paid,INR,Secunderabad,Telangana,Secunderabad,Telangana,500003,FC-CHE-01,Express,2025-12-16,2025-12-17,2,4,75098.31,7509.83,112.46,0.00,67700.94,LOYALTY10,N,,2025-12-14 08:54:13
500235,ORD500235,101139,2025-12-13,2025-12-13 10:15:50,Mobile App,Returned,UPI,Partially Refunded,INR,Secunderabad,Telangana,Vijayawada,Andhra Pradesh,520010,FC-CHE-01,Standard,2025-12-18,2025-12-19,4,10,40121.91,6018.29,5479.05,0.00,39582.67,FESTIVE15,N,,2025-12-15 13:50:50
500289,ORD500289,101699,2025-12-13,2025-12-13 20:06:54,Marketplace,Delivered,Debit Card,Paid,INR,Secunderabad,Telangana,Secunderabad,Telangana,500003,FC-DEL-01,Standard,2025-12-18,2025-12-17,2,8,22787.76,0.00,2012.80,0.00,24800.56,,N,,2025-12-13 23:17:54
501070,ORD501070,101170,2025-12-14,2025-12-14 04:05:54,Mobile App,Returned,Debit Card,Refunded,INR,Delhi,Delhi,Delhi,Delhi,110017,FC-CHE-01,Express,2025-12-17,2025-12-16,5,11,103501.27,0.00,13452.25,0.00,116953.52,,N,,2025-12-17 08:24:54
502082,ORD502082,100604,2025-12-14,2025-12-14 04:54:12,Mobile App,Delivered,Net Banking,Paid,INR,Pune,Maharashtra,Pune,Maharashtra,411014,FC-HYD-01,Standard,2025-12-19,2025-12-19,1,3,74652.06,11197.81,0.00,0.00,63454.25,FESTIVE15,N,,2025-12-19 10:51:12
501016,ORD501016,100517,2025-12-14,2025-12-14 09:42:48,Marketplace,Delivered,Credit Card,Paid,INR,Chennai,Tamil Nadu,Vijayawada,Andhra Pradesh,520010,FC-CHE-01,Standard,2025-12-19,2025-12-19,3,8,24029.82,4805.96,3042.52,0.00,22266.38,APP20,N,,2025-12-17 15:11:48
500304,ORD500304,101602,2025-12-14,2025-12-14 09:46:07,Store Assisted,Shipped,UPI,Paid,INR,Secunderabad,Telangana,Secunderabad,Telangana,500003,FC-BLR-01,Standard,2025-12-19,,4,12,59315.34,11863.07,9371.85,0.00,56824.12,APP20,N,,2025-12-19 10:06:07
500882,ORD500882,100386,2025-12-14,2025-12-14 11:58:54,Website,Shipped,Credit Card,Paid,INR,Delhi,Delhi,Chennai,Tamil Nadu,600042,FC-BLR-01,Express,2025-12-17,,5,16,190147.59,19014.76,10324.49,0.00,181457.32,WELCOME10,N,,2025-12-20 16:18:54
501182,ORD501182,100945,2025-12-14,2025-12-14 13:13:03,Website,Delivered,Cash on Delivery,Paid,INR,Pune,Maharashtra,Pune,Maharashtra,411014,FC-BLR-01,Express,2025-12-17,2025-12-17,1,1,12576.20,0.00,3521.34,0.00,16097.54,,Y,,2025-12-21 13:47:03
501408,ORD501408,101762,2025-12-14,2025-12-14 22:47:06,Website,Delivered,Debit Card,Paid,INR,Warangal,Telangana,Hyderabad,Telangana,500081,FC-DEL-01,Express,2025-12-17,2025-12-17,2,3,24809.52,2480.95,1631.91,0.00,23960.48,WELCOME10,N,,2025-12-22 06:48:06
501667,ORD501667,101757,2025-12-15,2025-12-15 01:23:29,Mobile App,Delivered,UPI,Paid,INR,Warangal,Telangana,Warangal,Telangana,506002,FC-HYD-01,Standard,2025-12-20,2025-12-19,2,4,8927.98,1785.60,1153.39,0.00,8295.77,APP20,N,,2025-12-19 04:23:29
501505,ORD501505,100088,2025-12-15,2025-12-15 01:42:01,Store Assisted,Delivered,Credit Card,Paid,INR,Visakhapatnam,Andhra Pradesh,Pune,Maharashtra,411014,FC-CHE-01,Standard,2025-12-20,2025-12-20,2,4,3616.71,361.67,335.12,0.00,3590.16,LOYALTY10,Y,,2025-12-18 05:09:01
502305,ORD502305,100231,2025-12-16,2025-12-16 15:35:15,Website,Cancelled,Cash on Delivery,Voided,INR,Warangal,Telangana,Pune,Maharashtra,411014,FC-CHE-01,Same Day,2025-12-16,,2,5,2794.12,0.00,149.77,0.00,2943.89,,N,Customer Request,2025-12-16 16:01:15
501141,ORD501141,100782,2025-12-16,2025-12-16 20:12:13,Marketplace,Delivered,Debit Card,Paid,INR,Mumbai,Maharashtra,Mumbai,Maharashtra,400076,FC-MUM-01,Same Day,2025-12-16,2025-12-16,2,7,82190.30,12328.55,320.38,0.00,70182.13,FESTIVE15,N,,2025-12-17 02:53:13
500070,ORD500070,101794,2025-12-16,2025-12-16 22:17:58,Website,Delivered,Credit Card,Pending,INR,Secunderabad,Telangana,Secunderabad,Telangana,500003,FC-BLR-01,Express,2025-12-19,2025-12-19,5,11,89518.30,4475.91,13367.22,0.00,98409.61,SAVE5,N,,2025-12-25 06:15:58
500369,ORD500369,101349,2025-12-17,2025-12-17 00:32:09,Mobile App,Delivered,UPI,Paid,INR,Chennai,Tamil Nadu,Chennai,Tamil Nadu,600042,FC-BLR-01,Standard,2025-12-22,2025-12-22,2,2,58058.35,0.00,11807.24,0.00,69865.59,,N,,2025-12-21 02:13:09
501125,ORD501125,102053,2025-12-17,2025-12-17 01:55:54,Store Assisted,Delivered,Wallet,Paid,INR,Mumbai,Maharashtra,Mumbai,Maharashtra,400076,FC-HYD-01,Standard,2025-12-22,2025-12-24,1,3,49964.46,4996.45,5396.16,0.00,50364.17,WELCOME10,N,,2025-12-20 03:39:54
501936,ORD501936,101044,2025-12-17,2025-12-17 07:54:15,Marketplace,Delivered,Debit Card,Paid,INR,Hyderabad,Telangana,Hyderabad,Telangana,500081,FC-CHE-01,Same Day,2025-12-17,2025-12-17,5,8,52174.89,7826.23,4717.32,0.00,49065.98,FESTIVE15,N,,2025-12-19 16:48:15
500116,ORD500116,100731,2025-12-17,2025-12-17 09:51:17,Store Assisted,Shipped,Net Banking,Paid,INR,Vijayawada,Andhra Pradesh,Vijayawada,Andhra Pradesh,520010,FC-MUM-01,Express,2025-12-20,,2,6,121950.24,0.00,26021.27,0.00,147971.51,,N,,2025-12-17 09:54:17
500140,ORD500140,100548,2025-12-17,2025-12-17 12:51:31,Website,Delivered,Cash on Delivery,Paid,INR,Hyderabad,Telangana,Warangal,Telangana,506002,FC-HYD-01,Standard,2025-12-22,2025-12-21,1,1,1465.03,0.00,73.25,60.00,1598.28,,N,,2025-12-23 20:28:31
501093,ORD501093,102232,2025-12-17,2025-12-17 17:58:09,Mobile App,Returned,Credit Card,Partially Refunded,INR,Bengaluru,Karnataka,Bengaluru,Karnataka,560037,FC-CHE-01,Standard,2025-12-22,2025-12-22,5,11,43705.84,4370.58,4170.18,0.00,43505.44,WELCOME10,N,,2025-12-21 00:00:09
501445,ORD501445,100249,2025-12-17,2025-12-17 22:40:13,Website,Cancelled,Debit Card,Voided,INR,Chennai,Tamil Nadu,Chennai,Tamil Nadu,600042,FC-CHE-01,Standard,2025-12-22,,2,7,64028.31,6402.83,6915.06,0.00,64540.54,LOYALTY10,N,Duplicate Order,2025-12-23 23:39:13
501883,ORD501883,100914,2025-12-18,2025-12-18 04:13:43,Marketplace,Delivered,Wallet,Paid,INR,Pune,Maharashtra,Pune,Maharashtra,411014,FC-BLR-01,Standard,2025-12-23,2025-12-23,5,7,57216.39,2860.82,692.99,0.00,55048.56,SAVE5,Y,,2025-12-20 09:56:43
502177,ORD502177,100854,2025-12-18,2025-12-18 09:31:25,Mobile App,Delivered,Credit Card,Paid,INR,Pune,Maharashtra,Pune,Maharashtra,411014,FC-CHE-01,Standard,2025-12-23,2025-12-23,2,5,76380.53,15276.11,3525.14,0.00,64629.56,APP20,N,,2025-12-22 15:06:25
500071,ORD500071,102060,2025-12-18,2025-12-18 12:46:48,Website,Cancelled,Wallet,Refunded,INR,Mumbai,Maharashtra,Mumbai,Maharashtra,400076,FC-BLR-01,Standard,2025-12-23,,2,3,32005.35,3200.53,8065.35,0.00,36870.17,LOYALTY10,N,Customer Request,2025-12-23 17:47:48
501191,ORD501191,100514,2025-12-19,2025-12-19 03:51:44,Marketplace,Delivered,Debit Card,Paid,INR,Delhi,Delhi,Delhi,Delhi,110017,FC-DEL-01,Express,2025-12-22,2025-12-23,2,6,69824.76,6982.48,7714.17,0.00,70556.45,WELCOME10,N,,2025-12-22 10:42:44
502186,ORD502186,102163,2025-12-19,2025-12-19 08:33:33,Marketplace,Delivered,Cash on Delivery,Paid,INR,Mumbai,Maharashtra,Mumbai,Maharashtra,400076,FC-DEL-01,Express,2025-12-22,2025-12-23,1,2,31917.24,4787.59,7596.30,0.00,34725.95,FESTIVE15,N,,2025-12-24 16:36:33
500825,ORD500825,102026,2025-12-19,2025-12-19 09:09:07,Mobile App,Delivered,Cash on Delivery,Paid,INR,Visakhapatnam,Andhra Pradesh,Visakhapatnam,Andhra Pradesh,530017,FC-BLR-01,Standard,2025-12-24,2025-12-25,5,14,174344.32,17434.43,15931.54,0.00,172841.43,LOYALTY10,N,,2025-12-19 13:05:07
501629,ORD501629,100479,2025-12-19,2025-12-19 20:00:12,Website,Returned,Cash on Delivery,Refunded,INR,Vijayawada,Andhra Pradesh,Vijayawada,Andhra Pradesh,520010,FC-CHE-01,Standard,2025-12-24,2025-12-25,4,7,23521.29,0.00,4654.12,0.00,28175.41,,N,,2025-12-20 01:43:12
501008,ORD501008,100903,2025-12-19,2025-12-19 22:15:02,Mobile App,Delivered,Debit Card,Paid,INR,Chennai,Tamil Nadu,Chennai,Tamil Nadu,600042,FC-MUM-01,Standard,2025-12-24,2025-12-26,5,11,122332.28,24466.46,21261.24,0.00,119127.06,APP20,Y,,2025-12-23 07:14:02
501924,ORD501924,101160,2025-12-19,2025-12-19 23:19:28,Store Assisted,Delivered,Credit Card,Paid,INR,Chennai,Tamil Nadu,Chennai,Tamil Nadu,600042,FC-HYD-01,Standard,2025-12-24,2025-12-24,3,4,16768.77,1676.88,74.52,0.00,15166.41,WELCOME10,N,,2025-12-20 02:56:28
500414,ORD500414,101682,2025-12-20,2025-12-20 00:12:49,Website,Delivered,Wallet,Paid,INR,Secunderabad,Telangana,Secunderabad,Telangana,500003,FC-DEL-01,Standard,2025-12-25,2025-12-24,1,4,140666.28,28133.26,13503.96,0.00,126036.98,APP20,Y,,2025-12-24 06:15:49
500147,ORD500147,100775,2025-12-20,2025-12-20 04:24:48,Website,Delivered,Debit Card,Paid,INR,Mumbai,Maharashtra,Mumbai,Maharashtra,400076,FC-BLR-01,Standard,2025-12-25,2025-12-24,2,4,96080.76,4804.04,19531.35,0.00,110808.07,SAVE5,Y,,2025-12-28 05:06:48
500523,ORD500523,100955,2025-12-20,2025-12-20 06:00:26,Marketplace,Delivered,UPI,Paid,INR,Hyderabad,Telangana,Hyderabad,Telangana,500081,FC-MUM-01,Express,2025-12-23,2025-12-24,1,2,4153.24,622.99,635.45,0.00,4165.70,FESTIVE15,N,,2025-12-20 08:33:26
501045,ORD501045,100324,2025-12-20,2025-12-20 15:21:33,Marketplace,Delivered,Wallet,Paid,INR,Secunderabad,Telangana,Secunderabad,Telangana,500003,FC-DEL-01,Standard,2025-12-25,2025-12-27,3,8,157053.67,7852.68,13190.11,0.00,162391.10,SAVE5,Y,,2025-12-26 19:11:33
500620,ORD500620,100273,2025-12-20,2025-12-20 16:28:10,Store Assisted,Delivered,Cash on Delivery,Paid,INR,Secunderabad,Telangana,Secunderabad,Telangana,500003,FC-BLR-01,Standard,2025-12-25,2025-12-26,5,16,44804.29,8960.86,5631.18,0.00,41474.61,APP20,N,,2025-12-20 20:04:10
500660,ORD500660,101673,2025-12-21,2025-12-21 20:02:04,Marketplace,Delivered,Credit Card,Paid,INR,Chennai,Tamil Nadu,Chennai,Tamil Nadu,600042,FC-CHE-01,Standard,2025-12-26,2025-12-25,4,7,39324.61,1966.23,9055.02,0.00,46413.40,SAVE5,N,,2025-12-26 04:07:04
501496,ORD501496,101384,2025-12-22,2025-12-22 03:51:17,Marketplace,Delivered,Credit Card,Paid,INR,Visakhapatnam,Andhra Pradesh,Visakhapatnam,Andhra Pradesh,530017,FC-DEL-01,Standard,2025-12-27,2025-12-28,1,1,20526.10,1026.31,3509.96,0.00,23009.75,SAVE5,Y,,2025-12-22 09:17:17
501591,ORD501591,100689,2025-12-22,2025-12-22 06:56:45,Store Assisted,Delivered,UPI,Paid,INR,Vijayawada,Andhra Pradesh,Vijayawada,Andhra Pradesh,520010,FC-DEL-01,Same Day,2025-12-22,2025-12-21,5,12,66534.28,0.00,8004.29,0.00,74538.57,,N,,2025-12-23 15:43:45
500552,ORD500552,100164,2025-12-22,2025-12-22 11:38:31,Website,Shipped,Cash on Delivery,Pending,INR,Chennai,Tamil Nadu,Chennai,Tamil Nadu,600042,FC-CHE-01,Standard,2025-12-27,,5,15,96961.77,9696.18,9340.40,0.00,96605.99,LOYALTY10,N,,2025-12-25 16:49:31
501321,ORD501321,101453,2025-12-22,2025-12-22 22:17:35,Marketplace,Delivered,Credit Card,Paid,INR,Secunderabad,Telangana,Secunderabad,Telangana,500003,FC-MUM-01,Express,2025-12-25,2025-12-25,3,6,44369.72,4436.97,3252.12,0.00,43184.87,LOYALTY10,N,,2025-12-26 07:04:35
502026,ORD502026,101356,2025-12-23,2025-12-23 03:12:36,Marketplace,Returned,Wallet,Partially Refunded,INR,Mumbai,Maharashtra,Mumbai,Maharashtra,400076,FC-HYD-01,Same Day,2025-12-23,2025-12-25,5,11,83205.47,16641.09,8669.30,0.00,75233.68,APP20,N,,2025-12-28 06:08:36
502337,ORD502337,100574,2025-12-23,2025-12-23 04:41:05,Marketplace,Returned,Wallet,Partially Refunded,INR,Bengaluru,Karnataka,Bengaluru,Karnataka,560037,FC-DEL-01,Express,2025-12-26,2025-12-26,5,15,130344.51,0.00,9194.30,0.00,139538.81,,Y,,2025-12-31 10:39:05
500584,ORD500584,101737,2025-12-23,2025-12-23 04:56:18,Marketplace,Delivered,Wallet,Paid,INR,Vijayawada,Andhra Pradesh,Vijayawada,Andhra Pradesh,520010,FC-DEL-01,Same Day,2025-12-23,2025-12-23,2,5,48906.60,7335.99,7153.74,0.00,48724.35,FESTIVE15,Y,,2025-12-27 05:20:18
501656,ORD501656,102164,2025-12-23,2025-12-23 09:38:22,Mobile App,Delivered,Net Banking,Paid,INR,Secunderabad,Telangana,Secunderabad,Telangana,500003,FC-BLR-01,Standard,2025-12-28,2025-12-30,3,7,87673.54,13151.03,12478.89,0.00,87001.40,FESTIVE15,N,,2025-12-25 10:24:22
501827,ORD501827,101835,2025-12-23,2025-12-23 12:41:55,Website,Delivered,Credit Card,Paid,INR,Pune,Maharashtra,Pune,Maharashtra,411014,FC-MUM-01,Standard,2025-12-28,2025-12-28,2,7,7032.83,703.28,638.63,0.00,6968.18,LOYALTY10,N,,2025-12-28 16:18:55
501060,ORD501060,101156,2025-12-23,2025-12-23 13:45:08,Marketplace,Delivered,Net Banking,Paid,INR,Vijayawada,Andhra Pradesh,Vijayawada,Andhra Pradesh,520010,FC-DEL-01,Standard,2025-12-28,2025-12-28,4,10,42515.77,0.00,3581.65,0.00,46097.42,,N,,2025-12-29 15:16:08
500906,ORD500906,100254,2025-12-23,2025-12-23 19:03:07,Marketplace,Delivered,Cash on Delivery,Paid,INR,Bengaluru,Karnataka,Bengaluru,Karnataka,560037,FC-BLR-01,Same Day,2025-12-23,2025-12-24,4,15,145385.11,7269.26,16277.26,0.00,154393.11,SAVE5,N,,2025-12-27 19:49:07
501690,ORD501690,101104,2025-12-23,2025-12-23 19:41:39,Marketplace,Cancelled,Debit Card,Failed,INR,Bengaluru,Karnataka,Chennai,Tamil Nadu,600042,FC-CHE-01,Express,2025-12-26,,3,8,124732.24,24946.45,12887.12,0.00,112672.91,APP20,N,Duplicate Order,2025-12-25 02:22:39
502316,ORD502316,100909,2025-12-24,2025-12-24 06:54:59,Mobile App,Shipped,Debit Card,Paid,INR,Hyderabad,Telangana,Hyderabad,Telangana,500081,FC-MUM-01,Standard,2025-12-29,,4,8,113392.01,0.00,13255.95,0.00,126647.96,,N,,2026-01-01 10:30:59
500815,ORD500815,102024,2025-12-24,2025-12-24 17:13:53,Mobile App,Delivered,Debit Card,Paid,INR,Pune,Maharashtra,Pune,Maharashtra,411014,FC-HYD-01,Standard,2025-12-29,2025-12-30,1,3,4241.25,424.12,687.08,0.00,4504.21,LOYALTY10,N,,2025-12-29 23:12:53
500204,ORD500204,101267,2025-12-25,2025-12-25 14:23:04,Mobile App,Cancelled,Net Banking,Failed,INR,Secunderabad,Telangana,Secunderabad,Telangana,500003,FC-HYD-01,Standard,2025-12-30,,4,8,172564.00,8628.20,24775.30,0.00,188711.10,SAVE5,N,Inventory Unavailable,2025-12-28 22:06:04
502197,ORD502197,101315,2025-12-25,2025-12-25 16:19:36,Website,Delivered,Debit Card,Paid,INR,Mumbai,Maharashtra,Mumbai,Maharashtra,400076,FC-MUM-01,Express,2025-12-28,2025-12-28,3,5,13311.04,665.55,3403.65,0.00,16049.14,SAVE5,Y,,2025-12-30 18:11:36
502141,ORD502141,101901,2025-12-25,2025-12-25 21:01:55,Marketplace,Returned,UPI,Refunded,INR,Visakhapatnam,Andhra Pradesh,Visakhapatnam,Andhra Pradesh,530017,FC-DEL-01,Standard,2025-12-30,2026-01-01,3,6,6863.09,1372.62,1371.20,0.00,6861.67,APP20,Y,,2026-01-03 04:32:55
501560,ORD501560,101119,2025-12-25,2025-12-25 22:18:01,Marketplace,Delivered,Net Banking,Paid,INR,Vijayawada,Andhra Pradesh,Chennai,Tamil Nadu,600042,FC-CHE-01,Standard,2025-12-30,2025-12-30,3,11,142128.14,7106.41,22867.10,0.00,157888.83,SAVE5,N,,2026-01-03 00:19:01
502268,ORD502268,101491,2025-12-26,2025-12-26 09:25:19,Website,Delivered,Cash on Delivery,Paid,INR,Visakhapatnam,Andhra Pradesh,Chennai,Tamil Nadu,600042,FC-BLR-01,Standard,2025-12-31,2025-12-31,1,4,4404.76,0.00,1233.33,0.00,5638.09,,N,,2025-12-29 11:11:19
501866,ORD501866,101173,2025-12-26,2025-12-26 20:16:37,Website,Delivered,Wallet,Paid,INR,Mumbai,Maharashtra,Mumbai,Maharashtra,400076,FC-MUM-01,Standard,2025-12-31,2025-12-31,3,5,169469.58,33893.92,22715.62,0.00,158291.28,APP20,Y,,2025-12-31 22:00:37
501286,ORD501286,101320,2025-12-27,2025-12-27 14:24:06,Store Assisted,Delivered,Debit Card,Paid,INR,Pune,Maharashtra,Pune,Maharashtra,411014,FC-CHE-01,Express,2025-12-30,2025-12-30,5,15,93413.42,9341.34,6681.70,0.00,90753.78,WELCOME10,N,,2025-12-29 20:33:06
501622,ORD501622,102044,2025-12-29,2025-12-29 06:09:58,Marketplace,Returned,Wallet,Partially Refunded,INR,Bengaluru,Karnataka,Bengaluru,Karnataka,560037,FC-BLR-01,Same Day,2025-12-29,2025-12-30,1,3,47765.91,4776.59,12037.01,0.00,55026.33,WELCOME10,Y,,2025-12-31 13:28:58
500372,ORD500372,100747,2025-12-29,2025-12-29 07:29:22,Website,Cancelled,Net Banking,Failed,INR,Visakhapatnam,Andhra Pradesh,Visakhapatnam,Andhra Pradesh,530017,FC-CHE-01,Standard,2026-01-03,,3,8,23841.98,2384.20,4598.91,0.00,26056.69,LOYALTY10,N,Payment Failure,2025-12-31 10:43:22
501229,ORD501229,100659,2025-12-31,2025-12-31 05:30:05,Website,Returned,UPI,Partially Refunded,INR,Secunderabad,Telangana,Secunderabad,Telangana,500003,FC-DEL-01,Standard,2026-01-05,2026-01-06,3,7,48265.09,4826.51,1251.27,0.00,44689.85,WELCOME10,N,,2026-01-07 12:07:05
500573,ORD500573,101914,2025-12-31,2025-12-31 20:31:10,Mobile App,Delivered,Cash on Delivery,Paid,INR,Chennai,Tamil Nadu,Chennai,Tamil Nadu,600042,FC-DEL-01,Express,2026-01-03,2026-01-04,5,16,62172.25,12434.45,7074.00,0.00,56811.80,APP20,Y,,2026-01-08 03:52:10
500259,ORD500259,100705,2026-01-01,2026-01-01 00:36:37,Website,Delivered,Debit Card,Paid,INR,Mumbai,Maharashtra,Mumbai,Maharashtra,400076,FC-DEL-01,Standard,2026-01-06,2026-01-07,5,15,129523.32,12952.33,17040.09,0.00,133611.08,WELCOME10,Y,,2026-01-01 04:20:37
502207,ORD502207,100186,2026-01-01,2026-01-01 11:48:30,Store Assisted,Delivered,Debit Card,Pending,INR,Chennai,Tamil Nadu,Chennai,Tamil Nadu,600042,FC-BLR-01,Same Day,2026-01-01,2026-01-02,4,13,94043.39,0.00,3007.14,0.00,97050.53,,N,,2026-01-03 16:56:30
502226,ORD502226,101171,2026-01-01,2026-01-01 15:25:21,Mobile App,Delivered,Wallet,Paid,INR,Secunderabad,Telangana,Secunderabad,Telangana,500003,FC-BLR-01,Standard,2026-01-06,2026-01-06,5,12,66117.26,6611.73,5072.48,0.00,64578.01,WELCOME10,Y,,2026-01-04 17:50:21
500805,ORD500805,100333,2026-01-01,2026-01-01 17:11:41,Marketplace,Delivered,UPI,Paid,INR,Pune,Maharashtra,Pune,Maharashtra,411014,FC-HYD-01,Standard,2026-01-06,2026-01-06,2,4,4660.42,932.08,461.59,0.00,4189.93,APP20,N,,2026-01-06 00:36:41
500339,ORD500339,101881,2026-01-01,2026-01-01 18:10:58,Store Assisted,Delivered,Net Banking,Paid,INR,Pune,Maharashtra,Pune,Maharashtra,411014,FC-MUM-01,Standard,2026-01-06,2026-01-08,5,15,91615.24,18323.05,5899.32,0.00,79191.51,APP20,N,,2026-01-09 02:30:58
501795,ORD501795,101334,2026-01-02,2026-01-02 00:16:44,Mobile App,Cancelled,Cash on Delivery,Failed,INR,Bengaluru,Karnataka,Bengaluru,Karnataka,560037,FC-MUM-01,Express,2026-01-05,,1,3,61210.98,0.00,3060.55,0.00,64271.53,,N,Payment Failure,2026-01-10 01:14:44
502259,ORD502259,101765,2026-01-02,2026-01-02 02:22:24,Marketplace,Returned,Credit Card,Partially Refunded,INR,Mumbai,Maharashtra,Mumbai,Maharashtra,400076,FC-MUM-01,Standard,2026-01-07,2026-01-07,4,9,8574.44,1286.17,1606.08,0.00,8894.35,FESTIVE15,N,,2026-01-10 09:21:24
500377,ORD500377,101965,2026-01-02,2026-01-02 09:07:58,Mobile App,Delivered,UPI,Paid,INR,Vijayawada,Andhra Pradesh,Vijayawada,Andhra Pradesh,520010,FC-CHE-01,Standard,2026-01-07,2026-01-09,1,3,42176.82,0.00,7591.83,0.00,49768.65,,N,,2026-01-07 13:16:58
500228,ORD500228,101692,2026-01-02,2026-01-02 11:12:30,Mobile App,Delivered,Credit Card,Paid,INR,Delhi,Delhi,Delhi,Delhi,110017,FC-CHE-01,Express,2026-01-05,2026-01-05,1,3,3536.25,353.62,891.14,0.00,4073.77,WELCOME10,Y,,2026-01-06 11:23:30
500299,ORD500299,100953,2026-01-02,2026-01-02 13:28:57,Mobile App,Delivered,Debit Card,Paid,INR,Chennai,Tamil Nadu,Chennai,Tamil Nadu,600042,FC-MUM-01,Standard,2026-01-07,2026-01-07,3,7,30786.12,6157.22,5340.98,0.00,29969.88,APP20,N,,2026-01-06 17:46:57
500638,ORD500638,100150,2026-01-02,2026-01-02 14:20:07,Marketplace,Delivered,Net Banking,Paid,INR,Visakhapatnam,Andhra Pradesh,Visakhapatnam,Andhra Pradesh,530017,FC-DEL-01,Standard,2026-01-07,2026-01-07,5,8,47700.20,0.00,3101.52,0.00,50801.72,,N,,2026-01-08 19:34:07
500251,ORD500251,101364,2026-01-02,2026-01-02 14:26:12,Mobile App,Shipped,Cash on Delivery,Pending,INR,Warangal,Telangana,Warangal,Telangana,506002,FC-DEL-01,Express,2026-01-05,,1,1,4839.43,483.94,783.99,0.00,5139.48,LOYALTY10,N,,2026-01-05 15:58:12
500467,ORD500467,101769,2026-01-03,2026-01-03 02:47:18,Website,Returned,Credit Card,Refunded,INR,Warangal,Telangana,Warangal,Telangana,506002,FC-CHE-01,Same Day,2026-01-03,2026-01-02,1,2,54287.24,5428.72,2442.93,0.00,51301.45,LOYALTY10,N,,2026-01-03 04:52:18
501871,ORD501871,101672,2026-01-03,2026-01-03 06:35:46,Store Assisted,Delivered,Cash on Delivery,Paid,INR,Warangal,Telangana,Warangal,Telangana,506002,FC-MUM-01,Standard,2026-01-08,2026-01-08,4,10,17931.09,0.00,2671.20,0.00,20602.29,,N,,2026-01-04 09:12:46
501548,ORD501548,100862,2026-01-03,2026-01-03 06:44:02,Mobile App,Delivered,UPI,Paid,INR,Pune,Maharashtra,Delhi,Delhi,110017,FC-BLR-01,Standard,2026-01-08,2026-01-08,5,17,20324.84,2032.48,3893.58,0.00,22185.94,LOYALTY10,N,,2026-01-03 13:19:02
501461,ORD501461,100528,2026-01-03,2026-01-03 15:36:53,Marketplace,Delivered,Net Banking,Paid,INR,Delhi,Delhi,Delhi,Delhi,110017,FC-DEL-01,Standard,2026-01-08,2026-01-09,4,9,89746.06,17949.21,80.07,0.00,71876.92,APP20,Y,,2026-01-09 19:15:53
500832,ORD500832,100289,2026-01-03,2026-01-03 15:39:38,Mobile App,Delivered,Wallet,Paid,INR,Chennai,Tamil Nadu,Chennai,Tamil Nadu,600042,FC-MUM-01,Standard,2026-01-08,2026-01-08,5,11,129051.69,0.00,23543.28,0.00,152594.97,,N,,2026-01-04 17:39:38
502241,ORD502241,101542,2026-01-04,2026-01-04 01:37:59,Mobile App,Delivered,UPI,Paid,INR,Mumbai,Maharashtra,Mumbai,Maharashtra,400076,FC-BLR-01,Standard,2026-01-09,2026-01-09,1,3,44532.33,2226.62,7615.03,0.00,49920.74,SAVE5,Y,,2026-01-08 10:33:59
500032,ORD500032,102243,2026-01-04,2026-01-04 08:06:13,Marketplace,Delivered,UPI,Paid,INR,Pune,Maharashtra,Pune,Maharashtra,411014,FC-HYD-01,Standard,2026-01-09,2026-01-08,2,5,6852.68,1027.90,0.00,0.00,5824.78,FESTIVE15,N,,2026-01-12 11:10:13
500713,ORD500713,100629,2026-01-04,2026-01-04 15:07:36,Website,Cancelled,UPI,Refunded,INR,Secunderabad,Telangana,Mumbai,Maharashtra,400076,FC-CHE-01,Express,2026-01-07,,3,11,20764.68,2076.47,2401.96,0.00,21090.17,WELCOME10,Y,Address Issue,2026-01-05 19:28:36
501171,ORD501171,100331,2026-01-04,2026-01-04 20:21:48,Mobile App,Delivered,UPI,Paid,INR,Chennai,Tamil Nadu,Chennai,Tamil Nadu,600042,FC-MUM-01,Standard,2026-01-09,2026-01-09,2,4,55641.64,8346.25,2019.98,0.00,49315.37,FESTIVE15,N,,2026-01-09 23:52:48
500402,ORD500402,101568,2026-01-04,2026-01-04 23:35:58,Marketplace,Delivered,UPI,Paid,INR,Warangal,Telangana,Warangal,Telangana,506002,FC-BLR-01,Standard,2026-01-09,2026-01-09,3,8,84191.46,8419.15,2729.82,0.00,78502.13,WELCOME10,N,,2026-01-05 00:21:58
501917,ORD501917,101744,2026-01-05,2026-01-05 08:35:15,Store Assisted,Delivered,Cash on Delivery,Paid,INR,Hyderabad,Telangana,Hyderabad,Telangana,500081,FC-HYD-01,Standard,2026-01-10,2026-01-10,3,8,254259.45,25425.94,32552.32,0.00,261385.83,WELCOME10,N,,2026-01-07 14:19:15
500421,ORD500421,101163,2026-01-05,2026-01-05 10:15:49,Mobile App,Delivered,UPI,Paid,INR,Chennai,Tamil Nadu,Chennai,Tamil Nadu,600042,FC-MUM-01,Standard,2026-01-10,2026-01-10,1,4,874.28,87.43,94.42,50.00,931.27,WELCOME10,N,,2026-01-08 10:29:49
500507,ORD500507,100925,2026-01-05,2026-01-05 12:17:57,Store Assisted,Cancelled,Cash on Delivery,Refunded,INR,Hyderabad,Telangana,Hyderabad,Telangana,500081,FC-DEL-01,Standard,2026-01-10,,5,14,90634.38,18126.88,9180.98,0.00,81688.48,APP20,N,Duplicate Order,2026-01-06 15:04:57
502360,ORD502360,100558,2026-01-05,2026-01-05 18:27:00,Marketplace,Delivered,Net Banking,Paid,INR,Visakhapatnam,Andhra Pradesh,Secunderabad,Telangana,500003,FC-DEL-01,Express,2026-01-08,2026-01-07,5,9,48795.03,2439.75,8872.61,0.00,55227.89,SAVE5,Y,,2026-01-08 20:25:00
502121,ORD502121,102011,2026-01-05,2026-01-05 18:52:47,Store Assisted,Delivered,Wallet,Paid,INR,Warangal,Telangana,Warangal,Telangana,506002,FC-BLR-01,Standard,2026-01-10,2026-01-10,3,10,53100.81,0.00,2293.30,0.00,55394.11,,N,,2026-01-07 23:52:47
502340,ORD502340,101390,2026-01-05,2026-01-05 20:12:10,Store Assisted,Delivered,Wallet,Paid,INR,Chennai,Tamil Nadu,Chennai,Tamil Nadu,600042,FC-HYD-01,Express,2026-01-08,2026-01-10,5,12,79187.75,15837.55,1228.59,0.00,64578.79,APP20,Y,,2026-01-09 02:59:10
500889,ORD500889,101481,2026-01-05,2026-01-05 20:20:23,Website,Delivered,Wallet,Paid,INR,Hyderabad,Telangana,Visakhapatnam,Andhra Pradesh,530017,FC-MUM-01,Standard,2026-01-10,2026-01-11,3,10,14588.34,0.00,2203.72,0.00,16792.06,,Y,,2026-01-07 22:27:23
500853,ORD500853,100042,2026-01-05,2026-01-05 20:48:19,Marketplace,Delivered,Credit Card,Paid,INR,Bengaluru,Karnataka,Bengaluru,Karnataka,560037,FC-MUM-01,Standard,2026-01-10,2026-01-12,5,12,248770.54,49754.11,23672.46,0.00,222688.89,APP20,Y,,2026-01-10 22:02:19
500132,ORD500132,100470,2026-01-05,2026-01-05 22:44:27,Website,Returned,UPI,Refunded,INR,Vijayawada,Andhra Pradesh,Vijayawada,Andhra Pradesh,520010,FC-CHE-01,Express,2026-01-08,2026-01-07,1,2,23573.90,0.00,4243.30,0.00,27817.20,,Y,,2026-01-05 23:04:27
502013,ORD502013,101438,2026-01-06,2026-01-06 00:08:48,Mobile App,Delivered,Net Banking,Paid,INR,Bengaluru,Karnataka,Bengaluru,Karnataka,560037,FC-DEL-01,Standard,2026-01-11,2026-01-12,4,10,119699.88,17954.98,20689.02,0.00,122433.92,FESTIVE15,N,,2026-01-10 01:02:48
501611,ORD501611,102052,2026-01-06,2026-01-06 01:43:10,Website,Delivered,Wallet,Paid,INR,Vijayawada,Andhra Pradesh,Chennai,Tamil Nadu,600042,FC-MUM-01,Express,2026-01-09,2026-01-11,3,7,3045.04,304.50,564.30,0.00,3304.84,WELCOME10,N,,2026-01-10 02:12:10
500940,ORD500940,101446,2026-01-06,2026-01-06 05:43:11,Mobile App,Delivered,Credit Card,Paid,INR,Bengaluru,Karnataka,Bengaluru,Karnataka,560037,FC-DEL-01,Standard,2026-01-11,2026-01-11,1,1,1085.46,162.82,46.13,50.00,1018.77,FESTIVE15,N,,2026-01-11 13:13:11
501115,ORD501115,101131,2026-01-06,2026-01-06 06:20:20,Store Assisted,Delivered,Cash on Delivery,Paid,INR,Warangal,Telangana,Warangal,Telangana,506002,FC-CHE-01,Standard,2026-01-11,2026-01-11,1,4,47147.80,0.00,8486.60,0.00,55634.40,,N,,2026-01-09 13:30:20
502191,ORD502191,101394,2026-01-06,2026-01-06 18:49:35,Store Assisted,Delivered,Cash on Delivery,Paid,INR,Pune,Maharashtra,Pune,Maharashtra,411014,FC-DEL-01,Express,2026-01-09,2026-01-10,4,13,214137.73,10706.89,26696.75,0.00,230127.59,SAVE5,N,,2026-01-09 22:58:35
501359,ORD501359,100367,2026-01-06,2026-01-06 21:06:58,Store Assisted,Delivered,Net Banking,Paid,INR,Hyderabad,Telangana,Hyderabad,Telangana,500081,FC-CHE-01,Standard,2026-01-11,2026-01-13,3,8,14739.24,0.00,1581.68,0.00,16320.92,,Y,,2026-01-10 04:51:58
500881,ORD500881,101519,2026-01-07,2026-01-07 01:25:57,Website,Delivered,Net Banking,Paid,INR,Vijayawada,Andhra Pradesh,Vijayawada,Andhra Pradesh,520010,FC-CHE-01,Standard,2026-01-12,2026-01-12,2,7,57647.56,0.00,1233.33,0.00,58880.89,,Y,,2026-01-10 03:09:57
501221,ORD501221,102103,2026-01-07,2026-01-07 08:34:02,Website,Delivered,Debit Card,Paid,INR,Visakhapatnam,Andhra Pradesh,Visakhapatnam,Andhra Pradesh,530017,FC-MUM-01,Standard,2026-01-12,2026-01-14,1,2,3959.56,395.96,997.81,0.00,4561.41,WELCOME10,N,,2026-01-13 10:17:02
501468,ORD501468,102152,2026-01-07,2026-01-07 08:46:18,Website,Delivered,Wallet,Paid,INR,Chennai,Tamil Nadu,Chennai,Tamil Nadu,600042,FC-DEL-01,Standard,2026-01-12,2026-01-13,3,6,9570.89,957.09,1221.41,0.00,9835.21,LOYALTY10,N,,2026-01-09 15:26:18
500364,ORD500364,100043,2026-01-07,2026-01-07 08:57:54,Mobile App,Delivered,Net Banking,Paid,INR,Vijayawada,Andhra Pradesh,Vijayawada,Andhra Pradesh,520010,FC-MUM-01,Same Day,2026-01-07,2026-01-09,5,13,101659.23,5082.96,7158.02,0.00,103734.29,SAVE5,Y,,2026-01-11 15:20:54
501455,ORD501455,100303,2026-01-07,2026-01-07 10:36:16,Marketplace,Delivered,Debit Card,Paid,INR,Hyderabad,Telangana,Hyderabad,Telangana,500081,FC-BLR-01,Express,2026-01-10,2026-01-09,3,9,50265.96,2513.30,5545.00,0.00,53297.66,SAVE5,N,,2026-01-13 14:14:16
501137,ORD501137,102246,2026-01-07,2026-01-07 17:25:04,Mobile App,Delivered,Wallet,Paid,INR,Chennai,Tamil Nadu,Chennai,Tamil Nadu,600042,FC-DEL-01,Standard,2026-01-12,2026-01-12,4,9,87605.41,0.00,14914.16,0.00,102519.57,,N,,2026-01-09 21:34:04
502124,ORD502124,102290,2026-01-07,2026-01-07 22:58:39,Website,Delivered,Net Banking,Paid,INR,Hyderabad,Telangana,Hyderabad,Telangana,500081,FC-BLR-01,Standard,2026-01-12,2026-01-13,2,5,146551.91,14655.19,18044.43,0.00,149941.15,LOYALTY10,N,,2026-01-15 23:25:39
500904,ORD500904,100634,2026-01-08,2026-01-08 00:08:00,Mobile App,Delivered,Credit Card,Paid,INR,Hyderabad,Telangana,Hyderabad,Telangana,500081,FC-BLR-01,Express,2026-01-11,2026-01-13,4,10,96178.67,0.00,13173.46,0.00,109352.13,,N,,2026-01-12 00:21:00
501942,ORD501942,100221,2026-01-08,2026-01-08 18:30:55,Website,Delivered,UPI,Paid,INR,Secunderabad,Telangana,Secunderabad,Telangana,500003,FC-BLR-01,Express,2026-01-11,2026-01-13,4,10,152985.58,15298.56,22588.69,0.00,160275.71,WELCOME10,N,,2026-01-14 22:08:55
502318,ORD502318,100475,2026-01-08,2026-01-08 21:43:02,Marketplace,Delivered,Credit Card,Paid,INR,Hyderabad,Telangana,Hyderabad,Telangana,500081,FC-BLR-01,Standard,2026-01-13,2026-01-13,4,8,113929.67,0.00,20767.29,0.00,134696.96,,N,,2026-01-15 23:36:02
501960,ORD501960,102067,2026-01-08,2026-01-08 21:45:31,Website,Delivered,Debit Card,Paid,INR,Delhi,Delhi,Delhi,Delhi,110017,FC-CHE-01,Standard,2026-01-13,2026-01-14,3,10,185834.92,9291.75,31317.77,0.00,207860.94,SAVE5,Y,,2026-01-12 03:18:31
501283,ORD501283,101763,2026-01-08,2026-01-08 22:29:12,Mobile App,Delivered,Cash on Delivery,Paid,INR,Delhi,Delhi,Delhi,Delhi,110017,FC-BLR-01,Standard,2026-01-13,2026-01-13,3,8,54753.35,0.00,9627.49,0.00,64380.84,,N,,2026-01-11 22:44:12
500583,ORD500583,102243,2026-01-09,2026-01-09 01:11:37,Store Assisted,Delivered,Wallet,Paid,INR,Pune,Maharashtra,Pune,Maharashtra,411014,FC-MUM-01,Standard,2026-01-14,2026-01-15,1,3,3256.38,325.64,146.54,0.00,3077.28,WELCOME10,Y,,2026-01-09 07:55:37
502392,ORD502392,102189,2026-01-09,2026-01-09 12:19:56,Mobile App,Delivered,UPI,Paid,INR,Pune,Maharashtra,Pune,Maharashtra,411014,FC-CHE-01,Standard,2026-01-14,2026-01-14,3,10,67446.30,0.00,8706.50,0.00,76152.80,,N,,2026-01-12 21:06:56
502080,ORD502080,100897,2026-01-09,2026-01-09 19:56:36,Store Assisted,Delivered,Net Banking,Pending,INR,Pune,Maharashtra,Pune,Maharashtra,411014,FC-BLR-01,Express,2026-01-12,2026-01-12,1,1,2202.93,220.29,356.88,0.00,2339.52,LOYALTY10,N,,2026-01-09 23:28:36
500925,ORD500925,100908,2026-01-09,2026-01-09 22:34:00,Store Assisted,Cancelled,Cash on Delivery,Refunded,INR,Secunderabad,Telangana,Secunderabad,Telangana,500003,FC-DEL-01,Express,2026-01-12,,5,12,165949.07,16594.91,13761.84,0.00,163116.00,LOYALTY10,Y,Address Issue,2026-01-17 07:07:00
501172,ORD501172,101962,2026-01-10,2026-01-10 16:54:29,Store Assisted,Delivered,UPI,Paid,INR,Secunderabad,Telangana,Secunderabad,Telangana,500003,FC-DEL-01,Standard,2026-01-15,2026-01-15,1,4,8429.68,842.97,2124.28,0.00,9710.99,WELCOME10,N,,2026-01-12 23:14:29
501662,ORD501662,100250,2026-01-10,2026-01-10 18:34:52,Marketplace,Delivered,Credit Card,Paid,INR,Secunderabad,Telangana,Secunderabad,Telangana,500003,FC-HYD-01,Standard,2026-01-15,2026-01-15,2,4,10743.46,1074.35,952.74,0.00,10621.85,LOYALTY10,N,,2026-01-16 18:50:52
500990,ORD500990,101512,2026-01-11,2026-01-11 03:06:22,Mobile App,Delivered,Wallet,Paid,INR,Chennai,Tamil Nadu,Chennai,Tamil Nadu,600042,FC-BLR-01,Standard,2026-01-16,2026-01-17,4,11,61908.54,0.00,5009.71,0.00,66918.25,,N,,2026-01-19 06:07:22
501483,ORD501483,100643,2026-01-11,2026-01-11 13:50:08,Marketplace,Delivered,Cash on Delivery,Paid,INR,Chennai,Tamil Nadu,Vijayawada,Andhra Pradesh,520010,FC-HYD-01,Standard,2026-01-16,2026-01-17,1,1,1681.04,0.00,201.72,0.00,1882.76,,Y,,2026-01-17 21:47:08
501377,ORD501377,101117,2026-01-12,2026-01-12 07:59:12,Mobile App,Returned,Cash on Delivery,Refunded,INR,Bengaluru,Karnataka,Bengaluru,Karnataka,560037,FC-DEL-01,Standard,2026-01-17,2026-01-18,1,3,47193.48,0.00,5663.22,0.00,52856.70,,Y,,2026-01-17 16:34:12
500206,ORD500206,102225,2026-01-12,2026-01-12 12:13:35,Store Assisted,Delivered,Net Banking,Paid,INR,Chennai,Tamil Nadu,Chennai,Tamil Nadu,600042,FC-HYD-01,Standard,2026-01-17,2026-01-17,5,13,79580.63,11937.09,10312.73,0.00,77956.27,FESTIVE15,N,,2026-01-18 16:01:35
500936,ORD500936,100909,2026-01-13,2026-01-13 06:49:38,Mobile App,Cancelled,Wallet,Refunded,INR,Hyderabad,Telangana,Hyderabad,Telangana,500081,FC-CHE-01,Standard,2026-01-18,,1,2,59242.36,5924.24,0.00,0.00,53318.12,WELCOME10,Y,Customer Request,2026-01-16 10:10:38
500138,ORD500138,101178,2026-01-13,2026-01-13 14:57:47,Mobile App,Delivered,UPI,Paid,INR,Vijayawada,Andhra Pradesh,Vijayawada,Andhra Pradesh,520010,FC-BLR-01,Standard,2026-01-18,2026-01-18,3,8,29888.54,0.00,7545.48,0.00,37434.02,,N,,2026-01-19 17:05:47
500124,ORD500124,101069,2026-01-13,2026-01-13 16:06:31,Website,Delivered,Debit Card,Paid,INR,Warangal,Telangana,Warangal,Telangana,506002,FC-HYD-01,Same Day,2026-01-13,2026-01-13,5,14,13200.89,1980.13,2080.91,0.00,13301.67,FESTIVE15,N,,2026-01-15 21:33:31
500374,ORD500374,101919,2026-01-13,2026-01-13 18:24:05,Store Assisted,Delivered,Wallet,Paid,INR,Pune,Maharashtra,Pune,Maharashtra,411014,FC-HYD-01,Standard,2026-01-18,2026-01-18,2,4,2264.44,0.00,27.42,0.00,2291.86,,N,,2026-01-17 20:44:05
502043,ORD502043,102066,2026-01-14,2026-01-14 00:55:52,Store Assisted,Delivered,Cash on Delivery,Paid,INR,Bengaluru,Karnataka,Bengaluru,Karnataka,560037,FC-DEL-01,Express,2026-01-17,2026-01-17,5,13,40057.16,8011.43,6686.75,0.00,38732.48,APP20,Y,,2026-01-19 03:43:52
502313,ORD502313,101125,2026-01-14,2026-01-14 02:00:44,Store Assisted,Delivered,UPI,Paid,INR,Mumbai,Maharashtra,Mumbai,Maharashtra,400076,FC-BLR-01,Standard,2026-01-19,2026-01-20,5,12,121288.18,0.00,4997.73,0.00,126285.91,,N,,2026-01-19 04:24:44
501521,ORD501521,100897,2026-01-14,2026-01-14 04:35:01,Website,Delivered,UPI,Paid,INR,Pune,Maharashtra,Pune,Maharashtra,411014,FC-HYD-01,Standard,2026-01-19,2026-01-20,4,8,24832.96,2483.30,1181.09,0.00,23530.75,LOYALTY10,N,,2026-01-18 12:28:01
501903,ORD501903,101364,2026-01-14,2026-01-14 11:02:25,Marketplace,Cancelled,Net Banking,Voided,INR,Warangal,Telangana,Warangal,Telangana,506002,FC-CHE-01,Standard,2026-01-19,,3,10,42029.64,8405.93,4906.07,0.00,38529.78,APP20,N,Payment Failure,2026-01-14 19:49:25
500331,ORD500331,101510,2026-01-14,2026-01-14 11:12:27,Mobile App,Delivered,UPI,Paid,INR,Warangal,Telangana,Warangal,Telangana,506002,FC-CHE-01,Express,2026-01-17,2026-01-17,2,6,17954.31,1795.43,3974.52,0.00,20133.40,WELCOME10,N,,2026-01-16 14:54:27
502380,ORD502380,100628,2026-01-14,2026-01-14 22:40:25,Marketplace,Delivered,Credit Card,Paid,INR,Bengaluru,Karnataka,Bengaluru,Karnataka,560037,FC-DEL-01,Standard,2026-01-19,2026-01-21,3,11,97246.21,14586.93,257.86,0.00,82917.14,FESTIVE15,N,,2026-01-22 22:54:25
501213,ORD501213,100020,2026-01-15,2026-01-15 18:56:23,Marketplace,Delivered,Net Banking,Paid,INR,Hyderabad,Telangana,Hyderabad,Telangana,500081,FC-HYD-01,Standard,2026-01-20,2026-01-20,4,13,31327.14,0.00,3287.06,0.00,34614.20,,N,,2026-01-22 20:12:23
502146,ORD502146,101875,2026-01-15,2026-01-15 20:47:21,Store Assisted,Shipped,Net Banking,Paid,INR,Bengaluru,Karnataka,Bengaluru,Karnataka,560037,FC-HYD-01,Standard,2026-01-20,,3,7,47205.95,0.00,613.58,0.00,47819.53,,N,,2026-01-20 05:39:21
500508,ORD500508,101532,2026-01-16,2026-01-16 08:53:46,Store Assisted,Delivered,Credit Card,Paid,INR,Vijayawada,Andhra Pradesh,Vijayawada,Andhra Pradesh,520010,FC-HYD-01,Standard,2026-01-21,2026-01-20,5,9,46732.25,7009.84,7287.40,0.00,47009.81,FESTIVE15,N,,2026-01-19 09:06:46
501301,ORD501301,100234,2026-01-16,2026-01-16 12:34:04,Mobile App,Delivered,Cash on Delivery,Paid,INR,Bengaluru,Karnataka,Bengaluru,Karnataka,560037,FC-HYD-01,Standard,2026-01-21,2026-01-20,3,4,12641.33,1896.20,1088.94,0.00,11834.07,FESTIVE15,N,,2026-01-17 19:42:04
502210,ORD502210,101727,2026-01-16,2026-01-16 14:45:47,Website,Shipped,Debit Card,Paid,INR,Vijayawada,Andhra Pradesh,Vijayawada,Andhra Pradesh,520010,FC-HYD-01,Express,2026-01-19,,2,7,41658.87,4165.89,10030.79,0.00,47523.77,LOYALTY10,N,,2026-01-19 19:14:47
502142,ORD502142,101213,2026-01-17,2026-01-17 00:29:09,Mobile App,Delivered,Net Banking,Paid,INR,Hyderabad,Telangana,Hyderabad,Telangana,500081,FC-MUM-01,Standard,2026-01-22,2026-01-23,2,7,110259.98,11026.00,16897.87,0.00,116131.85,LOYALTY10,N,,2026-01-24 03:27:09
502324,ORD502324,101840,2026-01-17,2026-01-17 13:38:37,Store Assisted,Cancelled,Net Banking,Refunded,INR,Warangal,Telangana,Warangal,Telangana,506002,FC-BLR-01,Same Day,2026-01-17,,4,10,68731.92,0.00,14588.91,0.00,83320.83,,N,Duplicate Order,2026-01-18 18:45:37
501922,ORD501922,101763,2026-01-17,2026-01-17 15:29:54,Store Assisted,Delivered,Wallet,Paid,INR,Delhi,Delhi,Delhi,Delhi,110017,FC-HYD-01,Standard,2026-01-22,2026-01-24,2,5,3975.00,0.00,1113.00,0.00,5088.00,,Y,,2026-01-22 23:13:54
501767,ORD501767,102167,2026-01-18,2026-01-18 02:28:10,Website,Returned,Debit Card,Partially Refunded,INR,Bengaluru,Karnataka,Bengaluru,Karnataka,560037,FC-DEL-01,Express,2026-01-21,2026-01-21,4,13,10450.71,0.00,261.75,0.00,10712.46,,Y,,2026-01-19 10:44:10
501863,ORD501863,101122,2026-01-18,2026-01-18 23:47:22,Marketplace,Delivered,Net Banking,Paid,INR,Hyderabad,Telangana,Hyderabad,Telangana,500081,FC-HYD-01,Standard,2026-01-23,2026-01-25,2,6,120220.96,0.00,486.15,0.00,120707.11,,N,,2026-01-27 08:28:22
500578,ORD500578,101044,2026-01-19,2026-01-19 06:03:26,Mobile App,Delivered,UPI,Paid,INR,Hyderabad,Telangana,Hyderabad,Telangana,500081,FC-DEL-01,Standard,2026-01-24,2026-01-26,4,10,48345.63,0.00,692.60,0.00,49038.23,,Y,,2026-01-27 11:37:26
500905,ORD500905,100397,2026-01-19,2026-01-19 14:42:45,Mobile App,Shipped,Net Banking,Paid,INR,Bengaluru,Karnataka,Chennai,Tamil Nadu,600042,FC-BLR-01,Standard,2026-01-24,,5,15,111506.53,16725.98,11021.00,0.00,105801.55,FESTIVE15,Y,,2026-01-24 20:38:45
501509,ORD501509,102254,2026-01-19,2026-01-19 18:50:34,Store Assisted,Shipped,Net Banking,Paid,INR,Warangal,Telangana,Warangal,Telangana,506002,FC-HYD-01,Standard,2026-01-24,,1,1,1503.60,75.18,0.00,90.00,1518.42,SAVE5,N,,2026-01-21 22:52:34
501687,ORD501687,100394,2026-01-19,2026-01-19 19:46:50,Website,Cancelled,Credit Card,Refunded,INR,Vijayawada,Andhra Pradesh,Vijayawada,Andhra Pradesh,520010,FC-MUM-01,Standard,2026-01-24,,3,10,62779.82,12555.96,2543.62,0.00,52767.48,APP20,N,Address Issue,2026-01-23 21:55:50
501703,ORD501703,100802,2026-01-20,2026-01-20 05:40:22,Store Assisted,Returned,Debit Card,Partially Refunded,INR,Visakhapatnam,Andhra Pradesh,Visakhapatnam,Andhra Pradesh,530017,FC-MUM-01,Express,2026-01-23,2026-01-23,3,7,10830.18,1083.02,2729.20,0.00,12476.36,WELCOME10,Y,,2026-01-24 06:00:22
501101,ORD501101,101156,2026-01-21,2026-01-21 15:28:55,Website,Returned,Net Banking,Partially Refunded,INR,Vijayawada,Andhra Pradesh,Vijayawada,Andhra Pradesh,520010,FC-CHE-01,Standard,2026-01-26,2026-01-25,2,3,27820.70,0.00,3338.48,0.00,31159.18,,N,,2026-01-21 22:38:55
501899,ORD501899,100529,2026-01-21,2026-01-21 17:18:47,Store Assisted,Delivered,Net Banking,Paid,INR,Hyderabad,Telangana,Hyderabad,Telangana,500081,FC-HYD-01,Express,2026-01-24,2026-01-24,1,4,3757.08,375.71,946.78,0.00,4328.15,WELCOME10,Y,,2026-01-28 20:22:47
501233,ORD501233,102194,2026-01-21,2026-01-21 18:30:36,Website,Delivered,UPI,Paid,INR,Mumbai,Maharashtra,Mumbai,Maharashtra,400076,FC-CHE-01,Standard,2026-01-26,2026-01-26,2,4,11768.12,2353.62,1694.61,0.00,11109.11,APP20,N,,2026-01-25 01:29:36
500917,ORD500917,100999,2026-01-22,2026-01-22 07:43:18,Website,Returned,Wallet,Partially Refunded,INR,Vijayawada,Andhra Pradesh,Vijayawada,Andhra Pradesh,520010,FC-DEL-01,Standard,2026-01-27,2026-01-29,4,11,156230.51,15623.05,17046.99,0.00,157654.45,LOYALTY10,N,,2026-01-29 07:46:18
500987,ORD500987,102159,2026-01-22,2026-01-22 19:30:34,Marketplace,Delivered,Cash on Delivery,Paid,INR,Visakhapatnam,Andhra Pradesh,Vijayawada,Andhra Pradesh,520010,FC-CHE-01,Standard,2026-01-27,2026-01-27,1,1,1284.80,0.00,154.18,60.00,1498.98,,Y,,2026-01-30 22:03:34
500413,ORD500413,101520,2026-01-23,2026-01-23 00:32:43,Mobile App,Delivered,Cash on Delivery,Paid,INR,Vijayawada,Andhra Pradesh,Vijayawada,Andhra Pradesh,520010,FC-MUM-01,Standard,2026-01-28,2026-01-27,1,3,7986.24,1197.94,814.60,0.00,7602.90,FESTIVE15,N,,2026-01-23 02:41:43
500989,ORD500989,102071,2026-01-23,2026-01-23 02:00:08,Store Assisted,Delivered,Cash on Delivery,Paid,INR,Chennai,Tamil Nadu,Chennai,Tamil Nadu,600042,FC-BLR-01,Standard,2026-01-28,2026-01-28,1,4,11617.72,580.89,1324.42,0.00,12361.25,SAVE5,N,,2026-01-31 06:57:08
500808,ORD500808,100393,2026-01-24,2026-01-24 00:22:49,Website,Delivered,Wallet,Paid,INR,Delhi,Delhi,Delhi,Delhi,110017,FC-HYD-01,Express,2026-01-27,2026-01-29,1,4,109550.60,21910.12,0.00,0.00,87640.48,APP20,N,,2026-01-30 03:39:49
501956,ORD501956,101087,2026-01-24,2026-01-24 02:04:39,Store Assisted,Delivered,Net Banking,Paid,INR,Mumbai,Maharashtra,Mumbai,Maharashtra,400076,FC-DEL-01,Same Day,2026-01-24,2026-01-24,2,8,57355.20,2867.76,13715.97,0.00,68203.41,SAVE5,N,,2026-01-31 07:10:39
500484,ORD500484,102059,2026-01-24,2026-01-24 13:38:45,Marketplace,Delivered,UPI,Paid,INR,Chennai,Tamil Nadu,Chennai,Tamil Nadu,600042,FC-MUM-01,Standard,2026-01-29,2026-01-30,4,11,77404.14,15480.83,13194.47,0.00,75117.78,APP20,N,,2026-01-25 16:19:45
500201,ORD500201,101884,2026-01-25,2026-01-25 11:37:45,Marketplace,Delivered,Debit Card,Paid,INR,Bengaluru,Karnataka,Bengaluru,Karnataka,560037,FC-MUM-01,Standard,2026-01-30,2026-01-30,2,5,144891.98,0.00,188.87,0.00,145080.85,,Y,,2026-02-02 14:18:45
501765,ORD501765,100800,2026-01-25,2026-01-25 15:51:26,Mobile App,Delivered,Wallet,Paid,INR,Vijayawada,Andhra Pradesh,Vijayawada,Andhra Pradesh,520010,FC-DEL-01,Express,2026-01-28,2026-01-28,5,15,52271.32,5227.13,6780.39,0.00,53824.58,WELCOME10,N,,2026-01-29 18:09:26
501438,ORD501438,101978,2026-01-25,2026-01-25 17:07:58,Website,Delivered,Cash on Delivery,Paid,INR,Warangal,Telangana,Warangal,Telangana,506002,FC-MUM-01,Standard,2026-01-30,2026-01-30,4,13,18902.40,2835.36,31.60,0.00,16098.64,FESTIVE15,Y,,2026-02-03 00:19:58
500995,ORD500995,102212,2026-01-26,2026-01-26 00:52:14,Store Assisted,Delivered,UPI,Paid,INR,Bengaluru,Karnataka,Bengaluru,Karnataka,560037,FC-DEL-01,Express,2026-01-29,2026-01-30,4,12,21455.49,2145.55,523.52,0.00,19833.46,LOYALTY10,N,,2026-01-28 07:27:14
501567,ORD501567,100655,2026-01-26,2026-01-26 04:47:03,Website,Delivered,Credit Card,Paid,INR,Vijayawada,Andhra Pradesh,Vijayawada,Andhra Pradesh,520010,FC-DEL-01,Express,2026-01-29,2026-01-29,1,3,5287.80,1057.56,211.51,0.00,4441.75,APP20,N,,2026-02-02 11:25:03
500969,ORD500969,100951,2026-01-26,2026-01-26 05:19:29,Marketplace,Delivered,UPI,Paid,INR,Visakhapatnam,Andhra Pradesh,Visakhapatnam,Andhra Pradesh,530017,FC-HYD-01,Express,2026-01-29,2026-01-30,1,1,1465.03,73.25,69.59,90.00,1551.37,SAVE5,Y,,2026-01-28 14:07:29
500679,ORD500679,102053,2026-01-26,2026-01-26 07:21:19,Marketplace,Delivered,Debit Card,Paid,INR,Mumbai,Maharashtra,Mumbai,Maharashtra,400076,FC-CHE-01,Standard,2026-01-31,2026-02-02,1,2,3843.56,192.18,0.00,0.00,3651.38,SAVE5,Y,,2026-02-02 12:16:19
501064,ORD501064,101938,2026-01-27,2026-01-27 06:21:44,Marketplace,Delivered,Debit Card,Paid,INR,Warangal,Telangana,Warangal,Telangana,506002,FC-DEL-01,Standard,2026-02-01,2026-02-02,2,3,16587.09,0.00,235.63,0.00,16822.72,,N,,2026-02-02 08:53:44
501334,ORD501334,101284,2026-01-27,2026-01-27 22:13:32,Store Assisted,Delivered,Credit Card,Paid,INR,Chennai,Tamil Nadu,Chennai,Tamil Nadu,600042,FC-HYD-01,Standard,2026-02-01,2026-02-03,4,11,10250.76,2050.15,2038.25,0.00,10238.86,APP20,N,,2026-02-01 00:30:32
500312,ORD500312,101177,2026-01-28,2026-01-28 05:39:01,Marketplace,Delivered,Credit Card,Paid,INR,Bengaluru,Karnataka,Bengaluru,Karnataka,560037,FC-MUM-01,Standard,2026-02-02,2026-02-02,5,10,129942.83,12994.28,7506.50,0.00,124455.05,LOYALTY10,N,,2026-02-01 13:50:01
502012,ORD502012,101507,2026-01-28,2026-01-28 16:06:54,Mobile App,Delivered,Debit Card,Paid,INR,Warangal,Telangana,Warangal,Telangana,506002,FC-DEL-01,Standard,2026-02-02,2026-02-01,4,8,9073.73,907.37,1079.67,0.00,9246.03,LOYALTY10,N,,2026-02-02 00:53:54
501983,ORD501983,101042,2026-01-28,2026-01-28 23:32:16,Website,Delivered,Net Banking,Paid,INR,Warangal,Telangana,Warangal,Telangana,506002,FC-MUM-01,Express,2026-01-31,2026-02-01,5,9,41230.77,4123.08,3369.77,0.00,40477.46,WELCOME10,N,,2026-01-30 06:30:16
501677,ORD501677,101880,2026-01-29,2026-01-29 01:08:48,Website,Delivered,Wallet,Paid,INR,Secunderabad,Telangana,Chennai,Tamil Nadu,600042,FC-HYD-01,Express,2026-02-01,2026-02-01,2,4,3930.76,589.61,935.52,0.00,4276.67,FESTIVE15,N,,2026-01-30 05:49:48
500994,ORD500994,101893,2026-01-29,2026-01-29 01:24:25,Mobile App,Delivered,Credit Card,Paid,INR,Secunderabad,Telangana,Secunderabad,Telangana,500003,FC-BLR-01,Express,2026-02-01,2026-02-03,5,12,151430.85,30286.17,21007.07,0.00,142151.75,APP20,Y,,2026-02-05 08:44:25
501394,ORD501394,101046,2026-01-29,2026-01-29 02:55:51,Marketplace,Delivered,Debit Card,Paid,INR,Hyderabad,Telangana,Hyderabad,Telangana,500081,FC-MUM-01,Express,2026-02-01,2026-02-03,1,3,4808.22,961.64,692.38,0.00,4538.96,APP20,N,,2026-01-31 08:42:51
500490,ORD500490,100819,2026-01-29,2026-01-29 16:25:42,Store Assisted,Delivered,Cash on Delivery,Paid,INR,Warangal,Telangana,Warangal,Telangana,506002,FC-MUM-01,Express,2026-02-01,2026-02-03,2,6,12377.68,0.00,1238.56,0.00,13616.24,,N,,2026-01-31 19:53:42
502276,ORD502276,101031,2026-01-29,2026-01-29 22:47:26,Marketplace,Delivered,Wallet,Paid,INR,Chennai,Tamil Nadu,Chennai,Tamil Nadu,600042,FC-HYD-01,Express,2026-02-01,2026-02-03,3,7,41139.26,0.00,5705.35,0.00,46844.61,,N,,2026-02-02 07:39:26
501600,ORD501600,101297,2026-01-29,2026-01-29 22:47:42,Mobile App,Delivered,Wallet,Paid,INR,Vijayawada,Andhra Pradesh,Vijayawada,Andhra Pradesh,520010,FC-HYD-01,Standard,2026-02-03,2026-02-03,5,13,126088.04,25217.61,4978.76,0.00,105849.19,APP20,Y,,2026-02-07 04:50:42
501650,ORD501650,100502,2026-01-30,2026-01-30 02:10:25,Website,Delivered,Cash on Delivery,Paid,INR,Bengaluru,Karnataka,Bengaluru,Karnataka,560037,FC-MUM-01,Standard,2026-02-04,2026-02-05,5,14,90957.16,18191.43,16466.16,0.00,89231.89,APP20,N,,2026-02-01 04:37:25
501626,ORD501626,100626,2026-01-30,2026-01-30 04:18:03,Marketplace,Delivered,UPI,Paid,INR,Warangal,Telangana,Vijayawada,Andhra Pradesh,520010,FC-DEL-01,Express,2026-02-02,2026-02-04,4,10,29162.24,0.00,6585.75,0.00,35747.99,,N,,2026-01-31 06:36:03
500310,ORD500310,100298,2026-01-30,2026-01-30 05:26:07,Mobile App,Cancelled,Credit Card,Voided,INR,Mumbai,Maharashtra,Mumbai,Maharashtra,400076,FC-HYD-01,Same Day,2026-01-30,,1,4,62924.64,0.00,7550.96,0.00,70475.60,,Y,Address Issue,2026-01-31 07:47:07
500590,ORD500590,100225,2026-01-30,2026-01-30 10:01:38,Website,Delivered,UPI,Paid,INR,Mumbai,Maharashtra,Mumbai,Maharashtra,400076,FC-CHE-01,Express,2026-02-02,2026-02-04,5,17,144269.68,0.00,25284.41,0.00,169554.09,,Y,,2026-02-07 11:41:38
501027,ORD501027,100782,2026-01-30,2026-01-30 23:09:11,Store Assisted,Delivered,Debit Card,Paid,INR,Mumbai,Maharashtra,Mumbai,Maharashtra,400076,FC-BLR-01,Standard,2026-02-04,2026-02-05,5,15,158935.60,0.00,12531.05,0.00,171466.65,,N,,2026-02-07 03:41:11
500997,ORD500997,101475,2026-01-31,2026-01-31 00:52:14,Marketplace,Delivered,Cash on Delivery,Paid,INR,Bengaluru,Karnataka,Bengaluru,Karnataka,560037,FC-CHE-01,Standard,2026-02-05,2026-02-06,3,11,123170.48,18475.57,7213.61,0.00,111908.52,FESTIVE15,N,,2026-01-31 02:16:14
501107,ORD501107,100168,2026-01-31,2026-01-31 05:56:17,Store Assisted,Returned,UPI,Refunded,INR,Bengaluru,Karnataka,Bengaluru,Karnataka,560037,FC-CHE-01,Standard,2026-02-05,2026-02-05,1,4,9876.32,0.00,1777.74,0.00,11654.06,,N,,2026-02-02 12:47:17
502194,ORD502194,100079,2026-01-31,2026-01-31 08:33:19,Mobile App,Delivered,UPI,Paid,INR,Warangal,Telangana,Chennai,Tamil Nadu,600042,FC-MUM-01,Standard,2026-02-05,2026-02-05,1,1,17747.60,0.00,0.00,0.00,17747.60,,N,,2026-02-03 11:00:19
500425,ORD500425,100443,2026-01-31,2026-01-31 09:42:15,Mobile App,Delivered,UPI,Paid,INR,Mumbai,Maharashtra,Mumbai,Maharashtra,400076,FC-HYD-01,Standard,2026-02-05,2026-02-06,3,8,27467.31,5493.46,2031.37,0.00,24005.22,APP20,N,,2026-01-31 11:12:15
501981,ORD501981,100967,2026-01-31,2026-01-31 16:00:26,Mobile App,Cancelled,Cash on Delivery,Refunded,INR,Secunderabad,Telangana,Chennai,Tamil Nadu,600042,FC-BLR-01,Express,2026-02-03,,4,10,78987.34,7898.73,4756.52,0.00,75845.13,LOYALTY10,Y,Address Issue,2026-02-03 17:57:26
501533,ORD501533,101023,2026-02-01,2026-02-01 06:15:10,Marketplace,Delivered,Wallet,Paid,INR,Pune,Maharashtra,Pune,Maharashtra,411014,FC-BLR-01,Standard,2026-02-06,2026-02-06,1,1,939.27,0.00,263.00,40.00,1242.27,,Y,,2026-02-07 12:11:10
501709,ORD501709,100323,2026-02-01,2026-02-01 10:18:02,Marketplace,Delivered,Net Banking,Paid,INR,Visakhapatnam,Andhra Pradesh,Visakhapatnam,Andhra Pradesh,530017,FC-CHE-01,Express,2026-02-04,2026-02-04,5,7,44768.96,8953.79,1192.31,0.00,37007.48,APP20,N,,2026-02-05 15:30:02
501799,ORD501799,101380,2026-02-01,2026-02-01 11:17:58,Marketplace,Delivered,UPI,Paid,INR,Bengaluru,Karnataka,Bengaluru,Karnataka,560037,FC-CHE-01,Standard,2026-02-06,2026-02-08,5,16,46892.91,4689.29,7258.27,0.00,49461.89,WELCOME10,N,,2026-02-06 12:01:58
502308,ORD502308,102211,2026-02-01,2026-02-01 13:16:03,Website,Cancelled,Wallet,Refunded,INR,Bengaluru,Karnataka,Bengaluru,Karnataka,560037,FC-HYD-01,Express,2026-02-04,,4,12,16204.26,1620.43,1958.50,0.00,16542.33,WELCOME10,Y,Address Issue,2026-02-07 18:21:03
501342,ORD501342,100304,2026-02-01,2026-02-01 20:38:38,Website,Cancelled,Credit Card,Failed,INR,Vijayawada,Andhra Pradesh,Vijayawada,Andhra Pradesh,520010,FC-BLR-01,Standard,2026-02-06,,3,6,72595.34,0.00,8673.06,0.00,81268.40,,N,Customer Request,2026-02-05 01:53:38
501280,ORD501280,100525,2026-02-03,2026-02-03 05:45:57,Store Assisted,Delivered,Debit Card,Paid,INR,Visakhapatnam,Andhra Pradesh,Visakhapatnam,Andhra Pradesh,530017,FC-HYD-01,Same Day,2026-02-03,2026-02-03,3,9,85949.93,4297.50,14251.93,0.00,95904.36,SAVE5,N,,2026-02-08 12:20:57
501054,ORD501054,101708,2026-02-03,2026-02-03 13:48:22,Marketplace,Delivered,Credit Card,Paid,INR,Delhi,Delhi,Delhi,Delhi,110017,FC-HYD-01,Standard,2026-02-08,2026-02-07,5,11,73372.92,11005.94,9278.32,0.00,71645.30,FESTIVE15,N,,2026-02-07 17:18:22
502081,ORD502081,101880,2026-02-04,2026-02-04 01:21:18,Store Assisted,Delivered,Debit Card,Paid,INR,Secunderabad,Telangana,Secunderabad,Telangana,500003,FC-HYD-01,Express,2026-02-07,2026-02-06,4,9,128894.34,0.00,16848.56,0.00,145742.90,,N,,2026-02-04 05:28:18
501453,ORD501453,102191,2026-02-04,2026-02-04 01:41:12,Marketplace,Delivered,Net Banking,Paid,INR,Visakhapatnam,Andhra Pradesh,Visakhapatnam,Andhra Pradesh,530017,FC-HYD-01,Standard,2026-02-09,2026-02-08,2,6,147856.78,0.00,27904.74,0.00,175761.52,,Y,,2026-02-07 08:55:12
501118,ORD501118,101494,2026-02-04,2026-02-04 19:16:44,Mobile App,Delivered,UPI,Paid,INR,Chennai,Tamil Nadu,Chennai,Tamil Nadu,600042,FC-CHE-01,Standard,2026-02-09,2026-02-08,5,11,101720.95,0.00,10158.49,0.00,111879.44,,N,,2026-02-07 03:31:44
501071,ORD501071,102239,2026-02-05,2026-02-05 06:14:22,Marketplace,Delivered,Debit Card,Paid,INR,Bengaluru,Karnataka,Bengaluru,Karnataka,560037,FC-MUM-01,Express,2026-02-08,2026-02-08,5,15,123320.06,12332.01,12048.88,0.00,123036.93,WELCOME10,N,,2026-02-06 12:48:22
500098,ORD500098,100669,2026-02-05,2026-02-05 09:20:09,Website,Delivered,Credit Card,Paid,INR,Visakhapatnam,Andhra Pradesh,Visakhapatnam,Andhra Pradesh,530017,FC-HYD-01,Standard,2026-02-10,2026-02-10,5,11,195729.82,0.00,6897.17,0.00,202626.99,,N,,2026-02-12 17:55:09
500009,ORD500009,100248,2026-02-05,2026-02-05 11:23:26,Website,Delivered,UPI,Paid,INR,Chennai,Tamil Nadu,Visakhapatnam,Andhra Pradesh,530017,FC-DEL-01,Standard,2026-02-10,2026-02-10,2,6,38962.80,0.00,4675.54,0.00,43638.34,,N,,2026-02-12 18:31:26
501179,ORD501179,101957,2026-02-05,2026-02-05 11:51:09,Website,Delivered,UPI,Paid,INR,Visakhapatnam,Andhra Pradesh,Visakhapatnam,Andhra Pradesh,530017,FC-HYD-01,Standard,2026-02-10,2026-02-10,4,11,91737.49,4586.87,5305.88,0.00,92456.50,SAVE5,N,,2026-02-07 15:42:09
501503,ORD501503,100863,2026-02-05,2026-02-05 20:40:56,Website,Delivered,Net Banking,Paid,INR,Pune,Maharashtra,Pune,Maharashtra,411014,FC-BLR-01,Express,2026-02-08,2026-02-09,5,13,85190.81,12778.62,14025.06,0.00,86437.25,FESTIVE15,N,,2026-02-07 23:18:56
500117,ORD500117,100560,2026-02-07,2026-02-07 13:21:34,Website,Delivered,UPI,Paid,INR,Delhi,Delhi,Delhi,Delhi,110017,FC-MUM-01,Express,2026-02-10,2026-02-11,3,5,6151.74,0.00,543.15,0.00,6694.89,,N,,2026-02-08 19:49:34
501292,ORD501292,100114,2026-02-08,2026-02-08 01:52:56,Website,Delivered,Credit Card,Paid,INR,Bengaluru,Karnataka,Vijayawada,Andhra Pradesh,520010,FC-HYD-01,Express,2026-02-11,2026-02-13,5,11,177918.69,0.00,3838.83,0.00,181757.52,,N,,2026-02-14 09:03:56
502010,ORD502010,100738,2026-02-08,2026-02-08 07:00:16,Marketplace,Delivered,UPI,Paid,INR,Chennai,Tamil Nadu,Chennai,Tamil Nadu,600042,FC-MUM-01,Standard,2026-02-13,2026-02-15,5,18,15819.98,3164.00,1174.25,0.00,13830.23,APP20,N,,2026-02-16 10:15:16
501869,ORD501869,101291,2026-02-08,2026-02-08 08:24:09,Mobile App,Delivered,Cash on Delivery,Paid,INR,Visakhapatnam,Andhra Pradesh,Visakhapatnam,Andhra Pradesh,530017,FC-BLR-01,Express,2026-02-11,2026-02-11,1,3,82162.95,0.00,0.00,0.00,82162.95,,N,,2026-02-10 08:44:09
502155,ORD502155,102297,2026-02-08,2026-02-08 23:28:13,Store Assisted,Delivered,Debit Card,Paid,INR,Bengaluru,Karnataka,Bengaluru,Karnataka,560037,FC-DEL-01,Standard,2026-02-13,2026-02-15,4,14,121064.93,24212.99,15542.35,0.00,112394.29,APP20,N,,2026-02-09 07:03:13
501590,ORD501590,101891,2026-02-09,2026-02-09 14:16:06,Store Assisted,Delivered,Wallet,Paid,INR,Hyderabad,Telangana,Hyderabad,Telangana,500081,FC-CHE-01,Express,2026-02-12,2026-02-12,1,1,15658.53,3131.71,2254.83,0.00,14781.65,APP20,N,,2026-02-10 19:11:06
501227,ORD501227,101404,2026-02-10,2026-02-10 01:11:59,Website,Delivered,Credit Card,Paid,INR,Warangal,Telangana,Warangal,Telangana,506002,FC-HYD-01,Standard,2026-02-15,2026-02-15,4,10,167190.65,0.00,23275.79,0.00,190466.44,,N,,2026-02-17 05:01:59
500786,ORD500786,101630,2026-02-10,2026-02-10 07:49:18,Website,Delivered,Wallet,Paid,INR,Secunderabad,Telangana,Delhi,Delhi,110017,FC-HYD-01,Express,2026-02-13,2026-02-12,2,7,111178.84,11117.88,5542.15,0.00,105603.11,WELCOME10,Y,,2026-02-14 10:29:18
501541,ORD501541,101184,2026-02-10,2026-02-10 11:01:37,Website,Delivered,Cash on Delivery,Paid,INR,Hyderabad,Telangana,Hyderabad,Telangana,500081,FC-HYD-01,Same Day,2026-02-10,2026-02-12,4,12,143057.06,7152.85,24065.22,0.00,159969.43,SAVE5,N,,2026-02-16 15:59:37
500011,ORD500011,102187,2026-02-10,2026-02-10 12:44:34,Marketplace,Cancelled,Credit Card,Failed,INR,Secunderabad,Telangana,Secunderabad,Telangana,500003,FC-CHE-01,Express,2026-02-13,,1,2,19359.26,1935.93,2090.80,0.00,19514.13,WELCOME10,N,Address Issue,2026-02-17 19:19:34
500214,ORD500214,101335,2026-02-10,2026-02-10 18:55:30,Website,Delivered,Cash on Delivery,Paid,INR,Vijayawada,Andhra Pradesh,Vijayawada,Andhra Pradesh,520010,FC-CHE-01,Standard,2026-02-15,2026-02-16,1,4,66255.56,0.00,3312.78,0.00,69568.34,,Y,,2026-02-19 00:32:30
502349,ORD502349,100185,2026-02-11,2026-02-11 06:59:49,Marketplace,Delivered,Credit Card,Paid,INR,Warangal,Telangana,Warangal,Telangana,506002,FC-CHE-01,Standard,2026-02-16,2026-02-17,2,5,988.36,0.00,50.34,40.00,1078.70,,N,,2026-02-15 11:53:49
500693,ORD500693,102012,2026-02-11,2026-02-11 08:12:58,Marketplace,Delivered,Debit Card,Paid,INR,Pune,Maharashtra,Secunderabad,Telangana,500003,FC-DEL-01,Standard,2026-02-16,2026-02-16,3,8,112321.50,16848.22,792.71,0.00,96265.99,FESTIVE15,N,,2026-02-13 15:34:58
501628,ORD501628,100617,2026-02-11,2026-02-11 08:52:34,Marketplace,Cancelled,UPI,Voided,INR,Mumbai,Maharashtra,Mumbai,Maharashtra,400076,FC-CHE-01,Express,2026-02-14,,3,10,44813.74,0.00,5224.11,0.00,50037.85,,Y,Duplicate Order,2026-02-15 09:05:34
500688,ORD500688,100295,2026-02-11,2026-02-11 09:09:37,Mobile App,Delivered,Debit Card,Paid,INR,Secunderabad,Telangana,Secunderabad,Telangana,500003,FC-MUM-01,Standard,2026-02-16,2026-02-18,2,3,1422.58,0.00,0.00,40.00,1462.58,,N,,2026-02-18 14:35:37
500135,ORD500135,100092,2026-02-11,2026-02-11 12:24:42,Store Assisted,Delivered,Net Banking,Paid,INR,Pune,Maharashtra,Pune,Maharashtra,411014,FC-CHE-01,Express,2026-02-14,2026-02-14,4,8,141840.86,21276.13,14203.34,0.00,134768.07,FESTIVE15,N,,2026-02-14 18:19:42
500108,ORD500108,102110,2026-02-11,2026-02-11 16:17:15,Website,Delivered,Cash on Delivery,Paid,INR,Visakhapatnam,Andhra Pradesh,Visakhapatnam,Andhra Pradesh,530017,FC-DEL-01,Standard,2026-02-16,2026-02-15,2,7,60527.32,9079.10,5389.70,0.00,56837.92,FESTIVE15,N,,2026-02-13 16:42:15
502211,ORD502211,100127,2026-02-11,2026-02-11 18:18:39,Website,Delivered,Credit Card,Paid,INR,Bengaluru,Karnataka,Bengaluru,Karnataka,560037,FC-DEL-01,Standard,2026-02-16,2026-02-16,4,12,267714.74,26771.47,42003.02,0.00,282946.29,WELCOME10,Y,,2026-02-17 18:58:39
501571,ORD501571,100652,2026-02-12,2026-02-12 10:58:30,Website,Delivered,UPI,Paid,INR,Pune,Maharashtra,Pune,Maharashtra,411014,FC-DEL-01,Standard,2026-02-17,2026-02-16,2,7,25820.70,1291.04,0.00,0.00,24529.66,SAVE5,Y,,2026-02-16 16:57:30
501275,ORD501275,100089,2026-02-12,2026-02-12 20:49:27,Mobile App,Delivered,Debit Card,Paid,INR,Pune,Maharashtra,Pune,Maharashtra,411014,FC-HYD-01,Standard,2026-02-17,2026-02-17,2,5,6522.98,652.30,1281.55,0.00,7152.23,LOYALTY10,N,,2026-02-14 02:52:27
500860,ORD500860,101271,2026-02-13,2026-02-13 05:41:06,Store Assisted,Delivered,Credit Card,Paid,INR,Visakhapatnam,Andhra Pradesh,Visakhapatnam,Andhra Pradesh,530017,FC-DEL-01,Express,2026-02-16,2026-02-17,3,8,68551.59,0.00,5021.41,0.00,73573.00,,N,,2026-02-14 05:50:06
501785,ORD501785,101761,2026-02-13,2026-02-13 10:30:20,Mobile App,Delivered,Debit Card,Paid,INR,Bengaluru,Karnataka,Bengaluru,Karnataka,560037,FC-HYD-01,Express,2026-02-16,2026-02-15,1,4,4382.72,438.27,1104.45,0.00,5048.90,WELCOME10,N,,2026-02-17 15:52:20
501398,ORD501398,100438,2026-02-13,2026-02-13 11:25:51,Store Assisted,Delivered,UPI,Paid,INR,Mumbai,Maharashtra,Mumbai,Maharashtra,400076,FC-MUM-01,Standard,2026-02-18,2026-02-17,3,8,18942.52,0.00,3291.10,0.00,22233.62,,Y,,2026-02-18 17:47:51
501712,ORD501712,101096,2026-02-14,2026-02-14 00:50:19,Store Assisted,Delivered,Credit Card,Paid,INR,Delhi,Delhi,Delhi,Delhi,110017,FC-HYD-01,Standard,2026-02-19,2026-02-19,4,12,75803.68,15160.74,11193.53,0.00,71836.47,APP20,N,,2026-02-21 04:47:19
501429,ORD501429,102140,2026-02-14,2026-02-14 08:34:58,Mobile App,Delivered,Debit Card,Paid,INR,Delhi,Delhi,Delhi,Delhi,110017,FC-CHE-01,Standard,2026-02-19,2026-02-19,3,8,127010.64,0.00,10058.20,0.00,137068.84,,N,,2026-02-14 08:49:58
501318,ORD501318,102145,2026-02-14,2026-02-14 12:40:20,Mobile App,Delivered,Net Banking,Paid,INR,Bengaluru,Karnataka,Bengaluru,Karnataka,560037,FC-MUM-01,Express,2026-02-17,2026-02-17,5,9,92014.07,0.00,12192.15,0.00,104206.22,,Y,,2026-02-21 16:06:20
500492,ORD500492,102133,2026-02-15,2026-02-15 22:46:11,Store Assisted,Cancelled,Net Banking,Voided,INR,Mumbai,Maharashtra,Mumbai,Maharashtra,400076,FC-DEL-01,Standard,2026-02-20,,5,14,49587.42,7438.11,7959.14,0.00,50108.45,FESTIVE15,N,Address Issue,2026-02-19 05:03:11
500514,ORD500514,101077,2026-02-16,2026-02-16 11:30:12,Store Assisted,Delivered,Net Banking,Paid,INR,Bengaluru,Karnataka,Bengaluru,Karnataka,560037,FC-CHE-01,Express,2026-02-19,2026-02-20,3,6,63601.70,0.00,784.68,0.00,64386.38,,N,,2026-02-21 14:22:12
501488,ORD501488,100527,2026-02-16,2026-02-16 15:07:15,Marketplace,Delivered,Wallet,Paid,INR,Hyderabad,Telangana,Hyderabad,Telangana,500081,FC-CHE-01,Express,2026-02-19,2026-02-18,5,12,158929.96,15893.00,6355.59,0.00,149392.55,WELCOME10,N,,2026-02-22 21:17:15
501199,ORD501199,101135,2026-02-17,2026-02-17 00:22:37,Website,Delivered,Net Banking,Paid,INR,Hyderabad,Telangana,Secunderabad,Telangana,500003,FC-MUM-01,Standard,2026-02-22,2026-02-23,1,4,21602.88,3240.43,3305.24,0.00,21667.69,FESTIVE15,N,,2026-02-21 09:05:37
500871,ORD500871,101118,2026-02-17,2026-02-17 03:15:33,Mobile App,Delivered,Credit Card,Paid,INR,Chennai,Tamil Nadu,Secunderabad,Telangana,500003,FC-MUM-01,Standard,2026-02-22,2026-02-23,2,7,45582.36,9116.47,10041.45,0.00,46507.34,APP20,N,,2026-02-18 11:51:33
501005,ORD501005,101499,2026-02-17,2026-02-17 16:57:44,Store Assisted,Delivered,Net Banking,Paid,INR,Pune,Maharashtra,Pune,Maharashtra,411014,FC-MUM-01,Standard,2026-02-22,2026-02-24,3,8,25464.84,3819.73,4415.22,0.00,26060.33,FESTIVE15,N,,2026-02-21 01:27:44
501404,ORD501404,100299,2026-02-18,2026-02-18 09:23:23,Mobile App,Returned,Credit Card,Refunded,INR,Secunderabad,Telangana,Secunderabad,Telangana,500003,FC-CHE-01,Standard,2026-02-23,2026-02-25,2,5,120953.80,12095.38,399.99,0.00,109258.41,LOYALTY10,N,,2026-02-18 13:10:23
502235,ORD502235,100817,2026-02-18,2026-02-18 09:53:18,Store Assisted,Cancelled,UPI,Failed,INR,Visakhapatnam,Andhra Pradesh,Visakhapatnam,Andhra Pradesh,530017,FC-BLR-01,Standard,2026-02-23,,3,7,48747.49,2437.37,8427.18,0.00,54737.30,SAVE5,N,Duplicate Order,2026-02-26 18:42:18
501601,ORD501601,101076,2026-02-19,2026-02-19 13:30:25,Website,Delivered,Credit Card,Paid,INR,Hyderabad,Telangana,Hyderabad,Telangana,500081,FC-BLR-01,Standard,2026-02-24,2026-02-23,4,9,35549.00,0.00,724.75,0.00,36273.75,,N,,2026-02-25 22:01:25
500420,ORD500420,100103,2026-02-19,2026-02-19 16:26:15,Store Assisted,Delivered,Wallet,Paid,INR,Visakhapatnam,Andhra Pradesh,Visakhapatnam,Andhra Pradesh,530017,FC-BLR-01,Standard,2026-02-24,2026-02-25,3,9,10658.08,2131.62,1214.94,0.00,9741.40,APP20,N,,2026-02-22 01:18:15
501978,ORD501978,100489,2026-02-19,2026-02-19 16:34:07,Store Assisted,Delivered,Cash on Delivery,Paid,INR,Delhi,Delhi,Delhi,Delhi,110017,FC-MUM-01,Standard,2026-02-24,2026-02-26,1,3,56749.44,5674.94,2553.72,0.00,53628.22,LOYALTY10,Y,,2026-02-20 17:41:07
501015,ORD501015,100007,2026-02-19,2026-02-19 22:57:31,Website,Delivered,Credit Card,Paid,INR,Mumbai,Maharashtra,Mumbai,Maharashtra,400076,FC-HYD-01,Express,2026-02-22,2026-02-23,5,13,127622.32,19143.35,13325.66,0.00,121804.63,FESTIVE15,N,,2026-02-27 02:43:31
502281,ORD502281,101421,2026-02-20,2026-02-20 02:03:17,Mobile App,Delivered,Credit Card,Paid,INR,Bengaluru,Karnataka,Bengaluru,Karnataka,560037,FC-CHE-01,Express,2026-02-23,2026-02-24,3,9,97001.59,9700.16,20522.59,0.00,107824.02,WELCOME10,N,,2026-02-28 07:01:17
500811,ORD500811,100482,2026-02-21,2026-02-21 05:34:56,Website,Delivered,Cash on Delivery,Paid,INR,Vijayawada,Andhra Pradesh,Vijayawada,Andhra Pradesh,520010,FC-BLR-01,Same Day,2026-02-21,2026-02-21,1,2,43575.68,0.00,7843.62,0.00,51419.30,,N,,2026-02-27 13:59:56
502037,ORD502037,102158,2026-02-21,2026-02-21 07:00:13,Store Assisted,Delivered,Net Banking,Paid,INR,Secunderabad,Telangana,Secunderabad,Telangana,500003,FC-DEL-01,Standard,2026-02-26,2026-02-27,1,4,63687.88,12737.58,14266.08,0.00,65216.38,APP20,Y,,2026-02-26 08:31:13
501473,ORD501473,100342,2026-02-21,2026-02-21 17:54:36,Marketplace,Delivered,Net Banking,Paid,INR,Warangal,Telangana,Warangal,Telangana,506002,FC-DEL-01,Standard,2026-02-26,2026-02-26,1,2,176.22,8.81,46.87,40.00,254.28,SAVE5,N,,2026-02-24 02:07:36
500792,ORD500792,101431,2026-02-22,2026-02-22 01:02:48,Marketplace,Delivered,Wallet,Paid,INR,Pune,Maharashtra,Hyderabad,Telangana,500081,FC-MUM-01,Express,2026-02-25,2026-02-25,4,13,87150.99,8715.10,14175.08,0.00,92610.97,WELCOME10,N,,2026-02-28 04:55:48
500438,ORD500438,101191,2026-02-22,2026-02-22 01:02:49,Mobile App,Delivered,Credit Card,Paid,INR,Warangal,Telangana,Chennai,Tamil Nadu,600042,FC-DEL-01,Standard,2026-02-27,2026-02-28,4,12,176186.09,0.00,21144.49,0.00,197330.58,,N,,2026-02-24 01:36:49
500488,ORD500488,100593,2026-02-22,2026-02-22 04:58:10,Store Assisted,Delivered,Cash on Delivery,Pending,INR,Bengaluru,Karnataka,Bengaluru,Karnataka,560037,FC-HYD-01,Standard,2026-02-27,2026-02-27,1,2,77388.84,7738.88,3482.50,0.00,73132.46,LOYALTY10,Y,,2026-02-22 05:43:10
501682,ORD501682,101372,2026-02-22,2026-02-22 11:23:37,Marketplace,Delivered,Credit Card,Paid,INR,Chennai,Tamil Nadu,Mumbai,Maharashtra,400076,FC-DEL-01,Standard,2026-02-27,2026-02-27,5,11,26452.33,2645.23,2857.50,0.00,26664.60,WELCOME10,N,,2026-02-26 13:53:37
500121,ORD500121,100975,2026-02-22,2026-02-22 21:16:40,Marketplace,Delivered,UPI,Paid,INR,Vijayawada,Andhra Pradesh,Vijayawada,Andhra Pradesh,520010,FC-CHE-01,Standard,2026-02-27,2026-02-27,2,5,144396.37,14439.64,59.79,0.00,130016.52,WELCOME10,N,,2026-02-23 23:36:40
500814,ORD500814,100332,2026-02-22,2026-02-22 23:36:04,Website,Cancelled,Net Banking,Voided,INR,Vijayawada,Andhra Pradesh,Vijayawada,Andhra Pradesh,520010,FC-BLR-01,Standard,2026-02-27,,4,11,73252.30,14650.46,3912.95,0.00,62514.79,APP20,N,Customer Request,2026-02-28 08:06:04
500472,ORD500472,100529,2026-02-23,2026-02-23 00:27:37,Mobile App,Returned,UPI,Partially Refunded,INR,Hyderabad,Telangana,Hyderabad,Telangana,500081,FC-HYD-01,Standard,2026-02-28,2026-03-01,5,16,184989.50,18498.95,19619.63,0.00,186110.18,WELCOME10,N,,2026-02-23 05:06:37
501090,ORD501090,102175,2026-02-23,2026-02-23 01:19:47,Mobile App,Delivered,Debit Card,Paid,INR,Bengaluru,Karnataka,Bengaluru,Karnataka,560037,FC-HYD-01,Express,2026-02-26,2026-02-26,2,5,5621.03,281.05,1205.48,0.00,6545.46,SAVE5,N,,2026-02-23 08:22:47
501929,ORD501929,100212,2026-02-23,2026-02-23 10:01:24,Mobile App,Delivered,UPI,Paid,INR,Secunderabad,Telangana,Secunderabad,Telangana,500003,FC-BLR-01,Standard,2026-02-28,2026-02-28,5,12,65867.31,3293.37,3941.99,0.00,66515.93,SAVE5,N,,2026-02-25 10:35:24
501780,ORD501780,101921,2026-02-23,2026-02-23 13:57:39,Mobile App,Delivered,Debit Card,Paid,INR,Pune,Maharashtra,Pune,Maharashtra,411014,FC-MUM-01,Same Day,2026-02-23,2026-02-24,1,2,4083.48,408.35,1029.04,0.00,4704.17,LOYALTY10,N,,2026-03-02 20:01:39
500343,ORD500343,100643,2026-02-23,2026-02-23 21:23:42,Store Assisted,Delivered,Net Banking,Paid,INR,Chennai,Tamil Nadu,Chennai,Tamil Nadu,600042,FC-MUM-01,Express,2026-02-26,2026-02-27,1,2,3379.16,0.00,608.25,0.00,3987.41,,Y,,2026-02-27 21:48:42
500630,ORD500630,100453,2026-02-23,2026-02-23 21:55:01,Marketplace,Delivered,Net Banking,Paid,INR,Vijayawada,Andhra Pradesh,Vijayawada,Andhra Pradesh,520010,FC-CHE-01,Standard,2026-02-28,2026-03-01,2,8,32182.16,3218.22,5920.02,0.00,34883.96,LOYALTY10,N,,2026-02-27 04:49:01
501739,ORD501739,100992,2026-02-23,2026-02-23 23:55:06,Website,Delivered,Credit Card,Paid,INR,Secunderabad,Telangana,Secunderabad,Telangana,500003,FC-BLR-01,Standard,2026-02-28,2026-03-01,4,9,140154.76,0.00,15771.17,0.00,155925.93,,Y,,2026-03-04 08:35:06
500157,ORD500157,101752,2026-02-24,2026-02-24 02:49:00,Website,Delivered,Net Banking,Paid,INR,Hyderabad,Telangana,Hyderabad,Telangana,500081,FC-MUM-01,Standard,2026-03-01,2026-03-01,4,12,84074.84,16814.97,8071.18,0.00,75331.05,APP20,Y,,2026-03-03 11:45:00
500080,ORD500080,100501,2026-02-24,2026-02-24 04:29:21,Store Assisted,Delivered,Cash on Delivery,Paid,INR,Delhi,Delhi,Delhi,Delhi,110017,FC-DEL-01,Express,2026-02-27,2026-02-28,4,7,19866.68,3973.34,1758.61,0.00,17651.95,APP20,N,,2026-02-24 10:28:21
502284,ORD502284,101152,2026-02-24,2026-02-24 04:58:51,Website,Delivered,Debit Card,Paid,INR,Vijayawada,Andhra Pradesh,Vijayawada,Andhra Pradesh,520010,FC-HYD-01,Standard,2026-03-01,2026-02-28,1,1,5400.72,540.07,874.92,0.00,5735.57,WELCOME10,N,,2026-03-03 11:29:51
502229,ORD502229,101615,2026-02-24,2026-02-24 09:18:23,Marketplace,Delivered,Net Banking,Paid,INR,Secunderabad,Telangana,Secunderabad,Telangana,500003,FC-DEL-01,Express,2026-02-27,2026-03-01,3,7,69870.41,0.00,9298.62,0.00,79169.03,,Y,,2026-03-02 13:10:23
500776,ORD500776,101430,2026-02-24,2026-02-24 12:48:23,Mobile App,Delivered,Net Banking,Paid,INR,Pune,Maharashtra,Pune,Maharashtra,411014,FC-MUM-01,Express,2026-02-27,2026-03-01,1,3,67097.16,0.00,12077.49,0.00,79174.65,,N,,2026-02-28 17:42:23
500192,ORD500192,101589,2026-02-24,2026-02-24 20:22:59,Marketplace,Cancelled,Credit Card,Voided,INR,Warangal,Telangana,Warangal,Telangana,506002,FC-DEL-01,Standard,2026-03-01,,1,4,9876.32,1481.45,1511.08,0.00,9905.95,FESTIVE15,N,Payment Failure,2026-03-03 04:27:59
500012,ORD500012,100443,2026-02-24,2026-02-24 21:41:25,Store Assisted,Delivered,Credit Card,Paid,INR,Mumbai,Maharashtra,Bengaluru,Karnataka,560037,FC-CHE-01,Standard,2026-03-01,2026-03-01,2,4,2570.86,0.00,149.77,0.00,2720.63,,Y,,2026-03-02 22:07:25
501365,ORD501365,100733,2026-02-25,2026-02-25 00:32:52,Mobile App,Delivered,Credit Card,Paid,INR,Mumbai,Maharashtra,Mumbai,Maharashtra,400076,FC-MUM-01,Standard,2026-03-02,2026-03-01,4,8,108615.83,0.00,9195.41,0.00,117811.24,,N,,2026-03-03 07:15:52
502016,ORD502016,101447,2026-02-25,2026-02-25 02:43:04,Store Assisted,Delivered,Cash on Delivery,Paid,INR,Vijayawada,Andhra Pradesh,Bengaluru,Karnataka,560037,FC-BLR-01,Standard,2026-03-02,2026-03-02,2,3,8209.62,0.00,1826.32,0.00,10035.94,,Y,,2026-02-25 09:58:04
500955,ORD500955,102095,2026-02-25,2026-02-25 06:06:35,Website,Delivered,Wallet,Paid,INR,Mumbai,Maharashtra,Visakhapatnam,Andhra Pradesh,530017,FC-HYD-01,Express,2026-02-28,2026-02-28,5,10,94284.91,14142.74,10084.35,0.00,90226.52,FESTIVE15,N,,2026-02-26 13:22:35
501822,ORD501822,101593,2026-02-25,2026-02-25 06:47:40,Marketplace,Delivered,Net Banking,Paid,INR,Vijayawada,Andhra Pradesh,Vijayawada,Andhra Pradesh,520010,FC-BLR-01,Express,2026-02-28,2026-03-01,5,9,32027.16,3202.72,4750.61,0.00,33575.05,WELCOME10,N,,2026-02-25 09:46:40
501366,ORD501366,100050,2026-02-25,2026-02-25 17:20:40,Marketplace,Delivered,Cash on Delivery,Paid,INR,Hyderabad,Telangana,Hyderabad,Telangana,500081,FC-MUM-01,Standard,2026-03-02,2026-03-02,5,12,88288.66,0.00,5991.21,0.00,94279.87,,N,,2026-02-25 21:02:40
500174,ORD500174,101536,2026-02-25,2026-02-25 21:44:32,Marketplace,Delivered,Net Banking,Paid,INR,Bengaluru,Karnataka,Bengaluru,Karnataka,560037,FC-BLR-01,Standard,2026-03-02,2026-03-04,1,2,1656.10,165.61,74.52,60.00,1625.01,LOYALTY10,N,,2026-02-26 01:46:32
501434,ORD501434,101363,2026-02-26,2026-02-26 01:57:36,Mobile App,Delivered,Debit Card,Paid,INR,Chennai,Tamil Nadu,Pune,Maharashtra,411014,FC-CHE-01,Standard,2026-03-03,2026-03-05,2,4,38590.42,3859.04,426.02,0.00,35157.40,LOYALTY10,N,,2026-02-28 09:44:36
500827,ORD500827,102292,2026-02-26,2026-02-26 06:40:34,Website,Delivered,Credit Card,Paid,INR,Vijayawada,Andhra Pradesh,Visakhapatnam,Andhra Pradesh,530017,FC-MUM-01,Standard,2026-03-03,2026-03-04,4,9,46670.64,0.00,8148.17,0.00,54818.81,,N,,2026-03-05 15:20:34
500585,ORD500585,101399,2026-02-26,2026-02-26 18:38:22,Store Assisted,Delivered,Net Banking,Paid,INR,Vijayawada,Andhra Pradesh,Vijayawada,Andhra Pradesh,520010,FC-DEL-01,Same Day,2026-02-26,2026-02-26,4,10,23336.46,2333.65,4658.56,0.00,25661.37,WELCOME10,N,,2026-03-02 22:00:22
500279,ORD500279,101100,2026-02-27,2026-02-27 05:48:47,Mobile App,Delivered,Wallet,Paid,INR,Pune,Maharashtra,Warangal,Telangana,506002,FC-MUM-01,Standard,2026-03-04,2026-03-06,2,8,44435.32,4443.53,8782.34,0.00,48774.13,WELCOME10,Y,,2026-03-05 10:43:47
500758,ORD500758,100920,2026-02-27,2026-02-27 05:54:12,Website,Delivered,Net Banking,Paid,INR,Bengaluru,Karnataka,Warangal,Telangana,506002,FC-DEL-01,Standard,2026-03-04,2026-03-05,2,6,7610.40,0.00,1127.45,0.00,8737.85,,N,,2026-03-01 10:57:12
502393,ORD502393,100192,2026-02-27,2026-02-27 09:06:04,Website,Returned,UPI,Refunded,INR,Hyderabad,Telangana,Hyderabad,Telangana,500081,FC-BLR-01,Express,2026-03-02,2026-03-02,4,14,150538.71,30107.74,7900.36,0.00,128331.33,APP20,N,,2026-03-03 17:07:04
501895,ORD501895,101485,2026-02-27,2026-02-27 14:03:20,Marketplace,Delivered,UPI,Paid,INR,Chennai,Tamil Nadu,Chennai,Tamil Nadu,600042,FC-HYD-01,Standard,2026-03-04,2026-03-06,2,4,3310.98,496.65,213.24,0.00,3027.57,FESTIVE15,N,,2026-03-06 17:32:20
501764,ORD501764,100069,2026-02-27,2026-02-27 19:24:41,Mobile App,Delivered,Net Banking,Paid,INR,Vijayawada,Andhra Pradesh,Vijayawada,Andhra Pradesh,520010,FC-CHE-01,Express,2026-03-02,2026-03-02,3,3,8516.53,851.65,1565.19,0.00,9230.07,WELCOME10,N,,2026-03-06 02:09:41
500324,ORD500324,101484,2026-02-27,2026-02-27 23:03:08,Store Assisted,Delivered,Net Banking,Paid,INR,Pune,Maharashtra,Pune,Maharashtra,411014,FC-BLR-01,Same Day,2026-02-27,2026-02-28,5,11,88091.58,17618.32,5883.52,0.00,76356.78,APP20,N,,2026-03-01 23:32:08
500115,ORD500115,102268,2026-02-28,2026-02-28 02:24:01,Store Assisted,Delivered,Credit Card,Paid,INR,Bengaluru,Karnataka,Bengaluru,Karnataka,560037,FC-DEL-01,Express,2026-03-03,2026-03-04,1,4,177963.76,0.00,32033.48,0.00,209997.24,,Y,,2026-03-05 05:54:01
501927,ORD501927,101331,2026-02-28,2026-02-28 04:33:11,Website,Delivered,Credit Card,Paid,INR,Secunderabad,Telangana,Secunderabad,Telangana,500003,FC-MUM-01,Standard,2026-03-05,2026-03-07,4,10,96006.58,9600.66,3253.66,0.00,89659.58,WELCOME10,N,,2026-03-04 08:29:11
501704,ORD501704,101962,2026-02-28,2026-02-28 04:45:05,Website,Delivered,Debit Card,Paid,INR,Secunderabad,Telangana,Secunderabad,Telangana,500003,FC-CHE-01,Standard,2026-03-05,2026-03-04,1,1,548.35,27.42,26.05,90.00,636.98,SAVE5,N,,2026-03-08 13:39:05
502089,ORD502089,101663,2026-02-28,2026-02-28 04:55:55,Marketplace,Returned,Credit Card,Partially Refunded,INR,Visakhapatnam,Andhra Pradesh,Visakhapatnam,Andhra Pradesh,530017,FC-CHE-01,Express,2026-03-03,2026-03-04,1,1,9908.13,1486.22,1515.94,0.00,9937.85,FESTIVE15,N,,2026-03-04 09:50:55
501581,ORD501581,101598,2026-02-28,2026-02-28 05:29:36,Website,Shipped,Cash on Delivery,Pending,INR,Pune,Maharashtra,Pune,Maharashtra,411014,FC-DEL-01,Standard,2026-03-05,,2,8,51211.96,5121.20,12905.41,0.00,58996.17,WELCOME10,N,,2026-03-01 10:44:36
500900,ORD500900,101573,2026-02-28,2026-02-28 05:51:47,Store Assisted,Delivered,Net Banking,Paid,INR,Mumbai,Maharashtra,Mumbai,Maharashtra,400076,FC-HYD-01,Same Day,2026-02-28,2026-03-02,1,4,3927.16,196.36,447.70,0.00,4178.50,SAVE5,N,,2026-03-05 10:34:47
501133,ORD501133,102285,2026-03-01,2026-03-01 02:55:09,Store Assisted,Delivered,Net Banking,Paid,INR,Hyderabad,Telangana,Hyderabad,Telangana,500081,FC-CHE-01,Standard,2026-03-06,2026-03-06,3,7,23406.21,0.00,3832.92,0.00,27239.13,,N,,2026-03-05 07:37:09
501527,ORD501527,101304,2026-03-01,2026-03-01 08:35:13,Store Assisted,Shipped,Debit Card,Paid,INR,Vijayawada,Andhra Pradesh,Vijayawada,Andhra Pradesh,520010,FC-MUM-01,Standard,2026-03-06,,3,8,8363.80,418.19,1818.84,0.00,9764.45,SAVE5,N,,2026-03-08 10:10:13
502116,ORD502116,100632,2026-03-02,2026-03-02 01:50:17,Website,Delivered,Wallet,Paid,INR,Visakhapatnam,Andhra Pradesh,Warangal,Telangana,506002,FC-DEL-01,Express,2026-03-05,2026-03-06,2,2,1055.45,52.77,153.97,40.00,1196.65,SAVE5,N,,2026-03-10 05:18:17
502180,ORD502180,100639,2026-03-02,2026-03-02 04:28:26,Marketplace,Delivered,Debit Card,Paid,INR,Delhi,Delhi,Delhi,Delhi,110017,FC-DEL-01,Express,2026-03-05,2026-03-06,5,18,263169.02,0.00,18415.86,0.00,281584.88,,N,,2026-03-04 10:29:26
501608,ORD501608,100845,2026-03-02,2026-03-02 06:26:27,Store Assisted,Delivered,Debit Card,Paid,INR,Warangal,Telangana,Warangal,Telangana,506002,FC-DEL-01,Express,2026-03-05,2026-03-07,5,9,24741.69,0.00,3627.76,0.00,28369.45,,N,,2026-03-08 10:02:27
500773,ORD500773,102026,2026-03-03,2026-03-03 03:31:36,Website,Delivered,Cash on Delivery,Paid,INR,Visakhapatnam,Andhra Pradesh,Visakhapatnam,Andhra Pradesh,530017,FC-MUM-01,Standard,2026-03-08,2026-03-09,4,8,95339.50,0.00,7841.13,0.00,103180.63,,N,,2026-03-10 04:50:36
500608,ORD500608,102024,2026-03-03,2026-03-03 05:26:54,Mobile App,Cancelled,Credit Card,Refunded,INR,Pune,Maharashtra,Pune,Maharashtra,411014,FC-BLR-01,Standard,2026-03-08,,4,10,126598.97,0.00,17652.49,0.00,144251.46,,N,Customer Request,2026-03-06 08:08:54
500094,ORD500094,101261,2026-03-03,2026-03-03 13:03:07,Marketplace,Delivered,Net Banking,Paid,INR,Bengaluru,Karnataka,Chennai,Tamil Nadu,600042,FC-CHE-01,Express,2026-03-06,2026-03-06,4,10,61846.16,0.00,8701.12,0.00,70547.28,,N,,2026-03-11 16:01:07
501300,ORD501300,101611,2026-03-04,2026-03-04 06:07:47,Mobile App,Delivered,Net Banking,Pending,INR,Chennai,Tamil Nadu,Chennai,Tamil Nadu,600042,FC-CHE-01,Express,2026-03-07,2026-03-06,2,6,38147.58,3814.76,5853.86,0.00,40186.68,LOYALTY10,N,,2026-03-07 15:03:47
501258,ORD501258,101485,2026-03-04,2026-03-04 08:08:32,Website,Delivered,Debit Card,Paid,INR,Chennai,Tamil Nadu,Chennai,Tamil Nadu,600042,FC-DEL-01,Standard,2026-03-09,2026-03-11,2,3,12778.05,1277.81,2070.04,0.00,13570.28,WELCOME10,N,,2026-03-10 08:41:32
500884,ORD500884,100160,2026-03-04,2026-03-04 12:41:06,Mobile App,Delivered,Cash on Delivery,Paid,INR,Visakhapatnam,Andhra Pradesh,Visakhapatnam,Andhra Pradesh,530017,FC-HYD-01,Standard,2026-03-09,2026-03-08,4,13,96376.59,14456.49,10587.01,0.00,92507.11,FESTIVE15,N,,2026-03-08 16:30:06
501003,ORD501003,100434,2026-03-05,2026-03-05 02:29:16,Website,Delivered,Cash on Delivery,Paid,INR,Delhi,Delhi,Bengaluru,Karnataka,560037,FC-DEL-01,Standard,2026-03-10,2026-03-12,1,3,2753.43,275.34,446.06,0.00,2924.15,WELCOME10,N,,2026-03-11 07:00:16
501122,ORD501122,101896,2026-03-05,2026-03-05 06:11:25,Website,Delivered,UPI,Paid,INR,Mumbai,Maharashtra,Mumbai,Maharashtra,400076,FC-BLR-01,Express,2026-03-08,2026-03-07,2,4,3366.16,0.00,942.52,0.00,4308.68,,Y,,2026-03-07 12:50:25
500073,ORD500073,101768,2026-03-05,2026-03-05 06:17:09,Mobile App,Delivered,Credit Card,Paid,INR,Bengaluru,Karnataka,Bengaluru,Karnataka,560037,FC-CHE-01,Standard,2026-03-10,2026-03-09,5,13,136842.57,0.00,5998.72,0.00,142841.29,,N,,2026-03-05 09:18:09
500666,ORD500666,100322,2026-03-05,2026-03-05 08:39:19,Store Assisted,Delivered,Net Banking,Paid,INR,Secunderabad,Telangana,Secunderabad,Telangana,500003,FC-MUM-01,Express,2026-03-08,2026-03-10,3,7,168811.52,0.00,21686.79,0.00,190498.31,,Y,,2026-03-13 16:01:19
500724,ORD500724,100966,2026-03-05,2026-03-05 11:27:59,Mobile App,Cancelled,Credit Card,Failed,INR,Delhi,Delhi,Delhi,Delhi,110017,FC-MUM-01,Standard,2026-03-10,,2,5,36456.84,0.00,5610.77,0.00,42067.61,,N,Customer Request,2026-03-10 11:51:59
501632,ORD501632,101970,2026-03-05,2026-03-05 13:08:00,Website,Delivered,Debit Card,Paid,INR,Visakhapatnam,Andhra Pradesh,Visakhapatnam,Andhra Pradesh,530017,FC-MUM-01,Express,2026-03-08,2026-03-08,2,2,32892.33,0.00,392.54,0.00,33284.87,,N,,2026-03-12 14:13:00
501024,ORD501024,100503,2026-03-05,2026-03-05 20:15:24,Website,Delivered,Cash on Delivery,Paid,INR,Warangal,Telangana,Warangal,Telangana,506002,FC-HYD-01,Express,2026-03-08,2026-03-09,1,4,5904.64,590.46,637.70,0.00,5951.88,LOYALTY10,N,,2026-03-12 03:23:24
500791,ORD500791,100490,2026-03-06,2026-03-06 01:31:34,Website,Delivered,Wallet,Paid,INR,Visakhapatnam,Andhra Pradesh,Visakhapatnam,Andhra Pradesh,530017,FC-CHE-01,Standard,2026-03-11,2026-03-12,3,5,34126.76,3412.68,4132.96,0.00,34847.04,WELCOME10,N,,2026-03-07 06:26:34
501614,ORD501614,100120,2026-03-06,2026-03-06 12:18:18,Mobile App,Delivered,Wallet,Paid,INR,Visakhapatnam,Andhra Pradesh,Visakhapatnam,Andhra Pradesh,530017,FC-CHE-01,Standard,2026-03-11,2026-03-11,1,4,94308.64,14146.30,0.00,0.00,80162.34,FESTIVE15,N,,2026-03-11 14:11:18
500619,ORD500619,100804,2026-03-06,2026-03-06 15:42:15,Website,Shipped,UPI,Paid,INR,Visakhapatnam,Andhra Pradesh,Visakhapatnam,Andhra Pradesh,530017,FC-HYD-01,Standard,2026-03-11,,3,6,9904.25,1980.85,1809.25,0.00,9732.65,APP20,N,,2026-03-13 17:59:15
500386,ORD500386,100400,2026-03-06,2026-03-06 18:31:51,Store Assisted,Delivered,Cash on Delivery,Paid,INR,Warangal,Telangana,Warangal,Telangana,506002,FC-MUM-01,Standard,2026-03-11,2026-03-11,1,4,4298.76,0.00,773.78,0.00,5072.54,,Y,,2026-03-08 01:41:51
500859,ORD500859,101013,2026-03-06,2026-03-06 19:01:27,Store Assisted,Delivered,Wallet,Paid,INR,Visakhapatnam,Andhra Pradesh,Visakhapatnam,Andhra Pradesh,530017,FC-HYD-01,Standard,2026-03-11,2026-03-10,3,8,53634.34,8045.15,12273.68,0.00,57862.87,FESTIVE15,N,,2026-03-07 03:13:27
500618,ORD500618,102121,2026-03-07,2026-03-07 08:43:36,Website,Delivered,Debit Card,Paid,INR,Mumbai,Maharashtra,Mumbai,Maharashtra,400076,FC-MUM-01,Express,2026-03-10,2026-03-10,1,3,653.46,0.00,0.00,60.00,713.46,,N,,2026-03-08 15:18:36
500658,ORD500658,100735,2026-03-07,2026-03-07 09:36:51,Marketplace,Shipped,Wallet,Paid,INR,Bengaluru,Karnataka,Bengaluru,Karnataka,560037,FC-DEL-01,Standard,2026-03-12,,4,9,118646.17,0.00,14248.47,0.00,132894.64,,N,,2026-03-12 11:35:51
500609,ORD500609,101138,2026-03-07,2026-03-07 11:13:17,Mobile App,Delivered,UPI,Paid,INR,Pune,Maharashtra,Pune,Maharashtra,411014,FC-HYD-01,Standard,2026-03-12,2026-03-13,1,3,52840.20,0.00,6340.82,0.00,59181.02,,Y,,2026-03-11 13:34:17
501346,ORD501346,100365,2026-03-07,2026-03-07 19:28:01,Store Assisted,Delivered,Wallet,Paid,INR,Secunderabad,Telangana,Secunderabad,Telangana,500003,FC-HYD-01,Standard,2026-03-12,2026-03-14,1,4,2361.44,472.29,340.05,0.00,2229.20,APP20,N,,2026-03-13 21:09:01
501091,ORD501091,100776,2026-03-07,2026-03-07 22:13:43,Website,Delivered,Wallet,Paid,INR,Secunderabad,Telangana,Secunderabad,Telangana,500003,FC-MUM-01,Standard,2026-03-12,2026-03-14,5,12,92629.80,18525.96,14458.76,0.00,88562.60,APP20,N,,2026-03-13 04:06:43
500813,ORD500813,101649,2026-03-08,2026-03-08 00:00:11,Marketplace,Delivered,Net Banking,Paid,INR,Bengaluru,Karnataka,Bengaluru,Karnataka,560037,FC-DEL-01,Express,2026-03-11,2026-03-10,1,2,27227.06,4084.06,1157.15,0.00,24300.15,FESTIVE15,N,,2026-03-08 02:49:11
502373,ORD502373,101679,2026-03-08,2026-03-08 09:57:55,Store Assisted,Delivered,Net Banking,Paid,INR,Vijayawada,Andhra Pradesh,Vijayawada,Andhra Pradesh,520010,FC-DEL-01,Standard,2026-03-13,2026-03-13,5,18,56471.65,0.00,2046.61,0.00,58518.26,,Y,,2026-03-10 15:41:55
500189,ORD500189,101448,2026-03-08,2026-03-08 16:24:30,Marketplace,Delivered,UPI,Paid,INR,Warangal,Telangana,Bengaluru,Karnataka,560037,FC-MUM-01,Express,2026-03-11,2026-03-11,3,5,84486.06,8448.61,7409.19,0.00,83446.64,LOYALTY10,Y,,2026-03-15 18:06:30
501654,ORD501654,101408,2026-03-09,2026-03-09 12:19:22,Marketplace,Cancelled,Debit Card,Voided,INR,Bengaluru,Karnataka,Bengaluru,Karnataka,560037,FC-DEL-01,Express,2026-03-12,,5,14,138857.52,0.00,24736.66,0.00,163594.18,,N,Inventory Unavailable,2026-03-13 17:39:22
501010,ORD501010,100171,2026-03-10,2026-03-10 03:23:50,Mobile App,Shipped,Cash on Delivery,Pending,INR,Warangal,Telangana,Warangal,Telangana,506002,FC-MUM-01,Express,2026-03-13,,4,9,25572.29,0.00,2166.21,0.00,27738.50,,N,,2026-03-11 12:18:50
501036,ORD501036,100540,2026-03-10,2026-03-10 12:36:02,Website,Delivered,Cash on Delivery,Paid,INR,Bengaluru,Karnataka,Bengaluru,Karnataka,560037,FC-MUM-01,Standard,2026-03-15,2026-03-16,2,6,55860.20,0.00,6808.41,0.00,62668.61,,Y,,2026-03-12 12:42:02
501020,ORD501020,100218,2026-03-11,2026-03-11 00:20:04,Marketplace,Shipped,Debit Card,Paid,INR,Bengaluru,Karnataka,Bengaluru,Karnataka,560037,FC-BLR-01,Standard,2026-03-16,,2,5,2100.27,210.03,248.58,0.00,2138.82,WELCOME10,N,,2026-03-19 01:48:04
501873,ORD501873,100078,2026-03-11,2026-03-11 20:50:56,Mobile App,Delivered,Net Banking,Paid,INR,Mumbai,Maharashtra,Mumbai,Maharashtra,400076,FC-CHE-01,Standard,2026-03-16,2026-03-16,4,14,84524.67,0.00,15470.75,0.00,99995.42,,N,,2026-03-15 00:33:56
502201,ORD502201,100671,2026-03-11,2026-03-11 23:34:05,Website,Delivered,Debit Card,Paid,INR,Visakhapatnam,Andhra Pradesh,Visakhapatnam,Andhra Pradesh,530017,FC-DEL-01,Standard,2026-03-16,2026-03-16,5,13,127139.51,6356.98,33539.03,0.00,154321.56,SAVE5,N,,2026-03-19 02:03:05
500399,ORD500399,100104,2026-03-12,2026-03-12 05:52:51,Mobile App,Delivered,Debit Card,Paid,INR,Delhi,Delhi,Delhi,Delhi,110017,FC-CHE-01,Express,2026-03-15,2026-03-15,2,2,1894.33,378.87,232.68,0.00,1748.14,APP20,N,,2026-03-18 12:29:51
501009,ORD501009,101176,2026-03-12,2026-03-12 14:24:13,Store Assisted,Delivered,Wallet,Pending,INR,Bengaluru,Karnataka,Bengaluru,Karnataka,560037,FC-MUM-01,Standard,2026-03-17,2026-03-17,1,4,4295.12,644.27,1022.24,0.00,4673.09,FESTIVE15,N,,2026-03-20 21:42:13
500760,ORD500760,100645,2026-03-12,2026-03-12 14:44:22,Marketplace,Delivered,Wallet,Paid,INR,Hyderabad,Telangana,Hyderabad,Telangana,500081,FC-CHE-01,Standard,2026-03-17,2026-03-18,2,5,8766.59,1753.32,1073.88,0.00,8087.15,APP20,Y,,2026-03-19 18:25:22
500804,ORD500804,100622,2026-03-13,2026-03-13 03:49:34,Mobile App,Delivered,Credit Card,Paid,INR,Hyderabad,Telangana,Hyderabad,Telangana,500081,FC-DEL-01,Standard,2026-03-18,2026-03-19,2,4,71575.38,7157.54,7730.14,0.00,72147.98,WELCOME10,N,,2026-03-15 10:36:34
500069,ORD500069,101639,2026-03-13,2026-03-13 06:21:10,Mobile App,Delivered,Cash on Delivery,Paid,INR,Pune,Maharashtra,Pune,Maharashtra,411014,FC-DEL-01,Standard,2026-03-18,2026-03-19,3,7,24640.32,2464.03,5709.65,0.00,27885.94,WELCOME10,N,,2026-03-14 09:49:10
500950,ORD500950,100366,2026-03-13,2026-03-13 12:10:29,Mobile App,Delivered,Wallet,Paid,INR,Hyderabad,Telangana,Mumbai,Maharashtra,400076,FC-CHE-01,Express,2026-03-16,2026-03-16,3,6,7000.08,1050.01,1103.93,0.00,7054.00,FESTIVE15,N,,2026-03-19 20:52:29
501308,ORD501308,101506,2026-03-13,2026-03-13 18:44:55,Store Assisted,Delivered,UPI,Paid,INR,Visakhapatnam,Andhra Pradesh,Visakhapatnam,Andhra Pradesh,530017,FC-HYD-01,Standard,2026-03-18,2026-03-19,3,6,96881.55,4844.08,6245.78,0.00,98283.25,SAVE5,N,,2026-03-16 20:17:55
501746,ORD501746,101338,2026-03-14,2026-03-14 07:56:07,Website,Delivered,Wallet,Paid,INR,Warangal,Telangana,Vijayawada,Andhra Pradesh,520010,FC-DEL-01,Express,2026-03-17,2026-03-17,4,14,16433.30,1643.33,3010.15,0.00,17800.12,LOYALTY10,N,,2026-03-19 14:45:07
502364,ORD502364,100580,2026-03-14,2026-03-14 12:02:58,Website,Delivered,Credit Card,Paid,INR,Visakhapatnam,Andhra Pradesh,Visakhapatnam,Andhra Pradesh,530017,FC-HYD-01,Express,2026-03-17,2026-03-17,5,16,246746.32,24674.63,38037.42,0.00,260109.11,LOYALTY10,N,,2026-03-20 13:52:58
502059,ORD502059,101685,2026-03-14,2026-03-14 16:09:28,Website,Delivered,Net Banking,Paid,INR,Bengaluru,Karnataka,Bengaluru,Karnataka,560037,FC-CHE-01,Standard,2026-03-19,2026-03-19,5,12,105157.08,10515.71,13491.49,0.00,108132.86,LOYALTY10,N,,2026-03-17 19:40:28
501538,ORD501538,101722,2026-03-14,2026-03-14 22:21:34,Mobile App,Delivered,Net Banking,Paid,INR,Bengaluru,Karnataka,Bengaluru,Karnataka,560037,FC-BLR-01,Standard,2026-03-19,2026-03-19,1,3,41569.62,6235.44,1766.71,0.00,37100.89,FESTIVE15,N,,2026-03-20 00:22:34
501643,ORD501643,101706,2026-03-15,2026-03-15 05:02:44,Marketplace,Cancelled,Net Banking,Failed,INR,Warangal,Telangana,Vijayawada,Andhra Pradesh,520010,FC-BLR-01,Standard,2026-03-20,,3,7,86425.01,0.00,4560.54,0.00,90985.55,,N,Customer Request,2026-03-18 06:22:44
501912,ORD501912,101015,2026-03-15,2026-03-15 05:08:32,Marketplace,Delivered,UPI,Pending,INR,Visakhapatnam,Andhra Pradesh,Visakhapatnam,Andhra Pradesh,530017,FC-BLR-01,Standard,2026-03-20,2026-03-21,2,7,8610.35,1722.07,1583.50,0.00,8471.78,APP20,N,,2026-03-20 09:26:32
501375,ORD501375,101296,2026-03-15,2026-03-15 16:16:22,Marketplace,Delivered,UPI,Paid,INR,Warangal,Telangana,Warangal,Telangana,506002,FC-CHE-01,Standard,2026-03-20,2026-03-20,4,10,92109.39,9210.94,8367.08,0.00,91265.53,WELCOME10,Y,,2026-03-15 22:04:22
500648,ORD500648,101908,2026-03-16,2026-03-16 07:56:17,Marketplace,Cancelled,UPI,Failed,INR,Delhi,Delhi,Chennai,Tamil Nadu,600042,FC-DEL-01,Standard,2026-03-21,,3,10,22281.10,0.00,3484.39,0.00,25765.49,,N,Inventory Unavailable,2026-03-16 08:17:17
502296,ORD502296,101462,2026-03-16,2026-03-16 08:38:21,Marketplace,Delivered,UPI,Paid,INR,Vijayawada,Andhra Pradesh,Vijayawada,Andhra Pradesh,520010,FC-DEL-01,Standard,2026-03-21,2026-03-22,5,11,27804.52,0.00,4522.00,0.00,32326.52,,N,,2026-03-20 12:33:21
500966,ORD500966,101952,2026-03-17,2026-03-17 19:39:15,Marketplace,Delivered,Net Banking,Paid,INR,Vijayawada,Andhra Pradesh,Vijayawada,Andhra Pradesh,520010,FC-BLR-01,Express,2026-03-20,2026-03-21,4,8,35172.26,3517.23,0.00,0.00,31655.03,WELCOME10,N,,2026-03-18 02:14:15
502273,ORD502273,100286,2026-03-17,2026-03-17 19:39:46,Store Assisted,Delivered,Debit Card,Paid,INR,Hyderabad,Telangana,Hyderabad,Telangana,500081,FC-HYD-01,Standard,2026-03-22,2026-03-23,5,9,147537.84,29507.57,10845.23,0.00,128875.50,APP20,N,,2026-03-18 00:24:46
502238,ORD502238,100339,2026-03-17,2026-03-17 23:36:56,Mobile App,Delivered,Debit Card,Paid,INR,Vijayawada,Andhra Pradesh,Vijayawada,Andhra Pradesh,520010,FC-BLR-01,Express,2026-03-20,2026-03-21,5,12,151732.67,15173.27,18061.18,0.00,154620.58,WELCOME10,N,,2026-03-19 02:59:56
501482,ORD501482,101530,2026-03-18,2026-03-18 14:45:44,Store Assisted,Delivered,Credit Card,Paid,INR,Secunderabad,Telangana,Pune,Maharashtra,411014,FC-BLR-01,Standard,2026-03-23,2026-03-24,2,6,52858.72,7928.81,12580.37,0.00,57510.28,FESTIVE15,N,,2026-03-22 21:42:44
501451,ORD501451,101985,2026-03-18,2026-03-18 18:39:41,Marketplace,Delivered,UPI,Paid,INR,Pune,Maharashtra,Pune,Maharashtra,411014,FC-DEL-01,Express,2026-03-21,2026-03-21,1,4,62924.64,0.00,7550.96,0.00,70475.60,,Y,,2026-03-20 00:58:41
500397,ORD500397,102152,2026-03-18,2026-03-18 21:18:25,Marketplace,Cancelled,Cash on Delivery,Failed,INR,Chennai,Tamil Nadu,Chennai,Tamil Nadu,600042,FC-BLR-01,Standard,2026-03-23,,2,3,6490.01,973.50,562.01,0.00,6078.52,FESTIVE15,N,Duplicate Order,2026-03-20 05:28:25
500728,ORD500728,101252,2026-03-19,2026-03-19 05:32:46,Mobile App,Delivered,Net Banking,Paid,INR,Visakhapatnam,Andhra Pradesh,Visakhapatnam,Andhra Pradesh,530017,FC-HYD-01,Standard,2026-03-24,2026-03-25,1,1,446.25,44.62,112.46,75.00,589.09,LOYALTY10,N,,2026-03-24 06:45:46
501317,ORD501317,101914,2026-03-19,2026-03-19 10:52:33,Store Assisted,Delivered,Cash on Delivery,Paid,INR,Chennai,Tamil Nadu,Chennai,Tamil Nadu,600042,FC-DEL-01,Standard,2026-03-24,2026-03-24,3,6,40376.52,6056.48,4818.77,0.00,39138.81,FESTIVE15,N,,2026-03-27 12:28:33
501568,ORD501568,100981,2026-03-19,2026-03-19 17:38:49,Website,Delivered,Credit Card,Paid,INR,Vijayawada,Andhra Pradesh,Vijayawada,Andhra Pradesh,520010,FC-BLR-01,Standard,2026-03-24,2026-03-25,1,2,43575.68,4357.57,7059.26,0.00,46277.37,WELCOME10,N,,2026-03-23 00:09:49
502061,ORD502061,100415,2026-03-19,2026-03-19 18:03:37,Store Assisted,Delivered,Credit Card,Paid,INR,Warangal,Telangana,Warangal,Telangana,506002,FC-BLR-01,Standard,2026-03-24,2026-03-25,2,8,55866.28,0.00,15642.56,0.00,71508.84,,N,,2026-03-27 01:45:37
502127,ORD502127,101054,2026-03-19,2026-03-19 18:22:21,Marketplace,Delivered,Net Banking,Paid,INR,Mumbai,Maharashtra,Mumbai,Maharashtra,400076,FC-CHE-01,Standard,2026-03-24,2026-03-23,2,3,42407.85,2120.39,3733.00,0.00,44020.46,SAVE5,N,,2026-03-21 20:50:21
500653,ORD500653,101806,2026-03-19,2026-03-19 18:38:48,Marketplace,Delivered,Debit Card,Paid,INR,Secunderabad,Telangana,Secunderabad,Telangana,500003,FC-DEL-01,Standard,2026-03-24,2026-03-25,4,9,165169.24,16516.92,15794.30,0.00,164446.62,LOYALTY10,N,,2026-03-24 23:23:48
500359,ORD500359,101837,2026-03-19,2026-03-19 23:50:29,Marketplace,Delivered,Credit Card,Paid,INR,Bengaluru,Karnataka,Bengaluru,Karnataka,560037,FC-HYD-01,Express,2026-03-22,2026-03-23,1,2,1107.30,110.73,119.59,50.00,1166.16,LOYALTY10,Y,,2026-03-26 06:24:29
501909,ORD501909,100078,2026-03-20,2026-03-20 02:15:40,Mobile App,Delivered,Wallet,Paid,INR,Mumbai,Maharashtra,Mumbai,Maharashtra,400076,FC-DEL-01,Standard,2026-03-25,2026-03-25,4,10,35036.29,0.00,3107.38,0.00,38143.67,,Y,,2026-03-24 07:40:40
501222,ORD501222,100419,2026-03-20,2026-03-20 06:26:27,Marketplace,Shipped,Net Banking,Paid,INR,Mumbai,Maharashtra,Mumbai,Maharashtra,400076,FC-BLR-01,Standard,2026-03-25,,3,11,86872.21,0.00,6039.54,0.00,92911.75,,N,,2026-03-23 10:05:27
501524,ORD501524,100284,2026-03-20,2026-03-20 06:28:54,Marketplace,Delivered,Wallet,Paid,INR,Warangal,Telangana,Warangal,Telangana,506002,FC-DEL-01,Standard,2026-03-25,2026-03-26,4,14,213985.32,42797.06,27332.74,0.00,198521.00,APP20,N,,2026-03-20 12:39:54
500664,ORD500664,100569,2026-03-20,2026-03-20 23:33:19,Mobile App,Returned,Net Banking,Refunded,INR,Chennai,Tamil Nadu,Chennai,Tamil Nadu,600042,FC-DEL-01,Express,2026-03-23,2026-03-24,2,2,4916.90,491.69,639.70,0.00,5064.91,WELCOME10,N,,2026-03-21 07:23:19
501368,ORD501368,101729,2026-03-21,2026-03-21 11:32:55,Website,Delivered,Debit Card,Paid,INR,Secunderabad,Telangana,Secunderabad,Telangana,500003,FC-HYD-01,Standard,2026-03-26,2026-03-27,3,8,11678.51,0.00,1039.27,0.00,12717.78,,N,,2026-03-22 13:17:55
501635,ORD501635,101946,2026-03-21,2026-03-21 13:48:18,Website,Delivered,Net Banking,Paid,INR,Warangal,Telangana,Warangal,Telangana,506002,FC-DEL-01,Express,2026-03-24,2026-03-24,2,5,145727.72,21859.16,80.11,0.00,123948.67,FESTIVE15,N,,2026-03-27 16:08:18
501627,ORD501627,100794,2026-03-21,2026-03-21 14:08:22,Marketplace,Delivered,Cash on Delivery,Pending,INR,Bengaluru,Karnataka,Bengaluru,Karnataka,560037,FC-DEL-01,Standard,2026-03-26,2026-03-26,2,5,35468.86,0.00,8583.45,0.00,44052.31,,N,,2026-03-26 15:51:22
502371,ORD502371,100529,2026-03-21,2026-03-21 18:14:54,Website,Returned,Debit Card,Refunded,INR,Hyderabad,Telangana,Pune,Maharashtra,411014,FC-MUM-01,Standard,2026-03-26,2026-03-28,2,5,87597.77,17519.55,4744.82,0.00,74823.04,APP20,N,,2026-03-25 02:57:54
501555,ORD501555,101940,2026-03-21,2026-03-21 20:57:48,Website,Delivered,Debit Card,Paid,INR,Pune,Maharashtra,Pune,Maharashtra,411014,FC-BLR-01,Same Day,2026-03-21,2026-03-23,1,4,16773.36,1677.34,1811.52,0.00,16907.54,LOYALTY10,Y,,2026-03-27 04:42:48
500938,ORD500938,102016,2026-03-21,2026-03-21 23:46:07,Marketplace,Shipped,Wallet,Paid,INR,Warangal,Telangana,Warangal,Telangana,506002,FC-CHE-01,Express,2026-03-24,,4,7,14302.54,715.13,869.34,0.00,14456.75,SAVE5,Y,,2026-03-30 01:53:07
501646,ORD501646,100359,2026-03-22,2026-03-22 00:00:27,Mobile App,Cancelled,UPI,Voided,INR,Delhi,Delhi,Delhi,Delhi,110017,FC-MUM-01,Standard,2026-03-27,,1,4,4404.76,0.00,1233.33,0.00,5638.09,,Y,Duplicate Order,2026-03-22 06:05:27
500589,ORD500589,100925,2026-03-22,2026-03-22 04:51:37,Website,Delivered,Wallet,Paid,INR,Hyderabad,Telangana,Hyderabad,Telangana,500081,FC-CHE-01,Standard,2026-03-27,2026-03-29,3,4,31236.08,0.00,5450.13,0.00,36686.21,,N,,2026-03-30 08:02:37
501918,ORD501918,100033,2026-03-22,2026-03-22 15:04:27,Website,Delivered,Net Banking,Paid,INR,Warangal,Telangana,Warangal,Telangana,506002,FC-DEL-01,Standard,2026-03-27,2026-03-27,3,6,49931.21,9986.24,6863.18,0.00,46808.15,APP20,Y,,2026-03-22 17:14:27
501803,ORD501803,101934,2026-03-22,2026-03-22 18:15:35,Mobile App,Delivered,Net Banking,Paid,INR,Secunderabad,Telangana,Secunderabad,Telangana,500003,FC-BLR-01,Standard,2026-03-27,2026-03-26,2,5,87696.84,0.00,0.00,0.00,87696.84,,Y,,2026-03-22 22:25:35
501273,ORD501273,101348,2026-03-22,2026-03-22 22:59:48,Mobile App,Delivered,Wallet,Paid,INR,Chennai,Tamil Nadu,Chennai,Tamil Nadu,600042,FC-CHE-01,Standard,2026-03-27,2026-03-26,3,5,91977.51,13796.63,11874.29,0.00,90055.17,FESTIVE15,N,,2026-03-23 05:58:48
501463,ORD501463,101352,2026-03-23,2026-03-23 04:44:28,Mobile App,Delivered,Cash on Delivery,Paid,INR,Vijayawada,Andhra Pradesh,Vijayawada,Andhra Pradesh,520010,FC-DEL-01,Standard,2026-03-28,2026-03-28,4,11,155022.45,0.00,1200.28,0.00,156222.73,,N,,2026-03-23 04:56:28
500694,ORD500694,100570,2026-03-23,2026-03-23 05:49:42,Website,Delivered,Net Banking,Paid,INR,Warangal,Telangana,Warangal,Telangana,506002,FC-MUM-01,Express,2026-03-26,2026-03-26,2,6,3012.60,0.00,36.22,0.00,3048.82,,Y,,2026-03-27 06:35:42
500471,ORD500471,101353,2026-03-23,2026-03-23 12:04:38,Marketplace,Delivered,UPI,Paid,INR,Secunderabad,Telangana,Secunderabad,Telangana,500003,FC-HYD-01,Standard,2026-03-28,2026-03-28,4,9,100827.10,20165.42,15563.20,0.00,96224.88,APP20,N,,2026-03-24 17:49:38
501638,ORD501638,101743,2026-03-23,2026-03-23 18:58:13,Marketplace,Shipped,Wallet,Paid,INR,Visakhapatnam,Andhra Pradesh,Visakhapatnam,Andhra Pradesh,530017,FC-CHE-01,Express,2026-03-26,,5,11,53327.28,0.00,6448.85,0.00,59776.13,,N,,2026-03-27 21:30:13
502156,ORD502156,100182,2026-03-23,2026-03-23 21:44:54,Store Assisted,Delivered,Credit Card,Paid,INR,Pune,Maharashtra,Pune,Maharashtra,411014,FC-DEL-01,Express,2026-03-26,2026-03-27,5,13,166982.14,0.00,38092.95,0.00,205075.09,,N,,2026-03-27 21:50:54
501386,ORD501386,100422,2026-03-24,2026-03-24 01:37:28,Store Assisted,Cancelled,UPI,Voided,INR,Delhi,Delhi,Delhi,Delhi,110017,FC-HYD-01,Standard,2026-03-29,,4,5,33162.95,0.00,1770.62,0.00,34933.57,,N,Customer Request,2026-03-25 07:18:28
500674,ORD500674,101293,2026-03-24,2026-03-24 02:37:50,Store Assisted,Delivered,Net Banking,Paid,INR,Pune,Maharashtra,Pune,Maharashtra,411014,FC-HYD-01,Express,2026-03-27,2026-03-27,2,4,61177.74,12235.55,13264.71,0.00,62206.90,APP20,N,,2026-04-01 10:27:50
500762,ORD500762,100796,2026-03-24,2026-03-24 13:49:42,Store Assisted,Delivered,Cash on Delivery,Paid,INR,Visakhapatnam,Andhra Pradesh,Bengaluru,Karnataka,560037,FC-DEL-01,Express,2026-03-27,2026-03-27,3,6,26555.07,0.00,190.50,0.00,26745.57,,Y,,2026-03-26 17:35:42
500029,ORD500029,100796,2026-03-24,2026-03-24 21:54:21,Website,Delivered,Net Banking,Paid,INR,Visakhapatnam,Andhra Pradesh,Mumbai,Maharashtra,400076,FC-DEL-01,Standard,2026-03-29,2026-03-30,1,3,3209.55,481.43,136.41,0.00,2864.53,FESTIVE15,N,,2026-03-26 01:06:21
500326,ORD500326,101702,2026-03-25,2026-03-25 00:40:06,Marketplace,Delivered,Cash on Delivery,Paid,INR,Delhi,Delhi,Delhi,Delhi,110017,FC-DEL-01,Standard,2026-03-30,2026-04-01,5,16,87978.66,0.00,8825.29,0.00,96803.95,,Y,,2026-03-31 04:36:06
500456,ORD500456,100222,2026-03-25,2026-03-25 05:03:21,Website,Shipped,Wallet,Paid,INR,Mumbai,Maharashtra,Pune,Maharashtra,411014,FC-BLR-01,Express,2026-03-28,,3,6,5628.48,1125.70,730.29,0.00,5233.07,APP20,Y,,2026-03-28 11:41:21
500722,ORD500722,101253,2026-03-25,2026-03-25 07:12:14,Mobile App,Delivered,Debit Card,Paid,INR,Secunderabad,Telangana,Secunderabad,Telangana,500003,FC-CHE-01,Standard,2026-03-30,2026-03-31,2,5,56435.30,11287.06,8126.68,0.00,53274.92,APP20,Y,,2026-03-26 14:55:14
500682,ORD500682,101597,2026-03-25,2026-03-25 22:17:18,Marketplace,Cancelled,Cash on Delivery,Failed,INR,Warangal,Telangana,Warangal,Telangana,506002,FC-DEL-01,Express,2026-03-28,,2,6,35529.86,0.00,8976.42,0.00,44506.28,,N,Inventory Unavailable,2026-03-30 00:01:18
500840,ORD500840,101218,2026-03-26,2026-03-26 01:28:09,Website,Delivered,Cash on Delivery,Paid,INR,Mumbai,Maharashtra,Mumbai,Maharashtra,400076,FC-DEL-01,Standard,2026-03-31,2026-03-30,2,4,85510.14,4275.51,6987.23,0.00,88221.86,SAVE5,N,,2026-04-03 01:51:09
500714,ORD500714,100030,2026-03-27,2026-03-27 02:31:30,Website,Cancelled,Debit Card,Failed,INR,Chennai,Tamil Nadu,Chennai,Tamil Nadu,600042,FC-BLR-01,Standard,2026-04-01,,1,3,43870.53,8774.11,0.00,0.00,35096.42,APP20,N,Customer Request,2026-03-27 09:51:30
500357,ORD500357,100772,2026-03-27,2026-03-27 06:17:47,Mobile App,Delivered,Net Banking,Paid,INR,Vijayawada,Andhra Pradesh,Vijayawada,Andhra Pradesh,520010,FC-BLR-01,Express,2026-03-30,2026-03-30,4,12,244502.28,36675.34,24093.33,0.00,231920.27,FESTIVE15,N,,2026-03-30 11:29:47
501633,ORD501633,101205,2026-03-27,2026-03-27 08:37:08,Website,Delivered,Wallet,Paid,INR,Mumbai,Maharashtra,Mumbai,Maharashtra,400076,FC-MUM-01,Standard,2026-04-01,2026-04-01,1,1,5631.99,281.60,1498.11,0.00,6848.50,SAVE5,Y,,2026-04-01 15:32:08
502011,ORD502011,100906,2026-03-27,2026-03-27 09:11:17,Mobile App,Delivered,Wallet,Paid,INR,Warangal,Telangana,Warangal,Telangana,506002,FC-HYD-01,Standard,2026-04-01,2026-04-02,1,4,5303.64,0.00,265.18,0.00,5568.82,,N,,2026-04-04 16:36:17
501242,ORD501242,101337,2026-03-27,2026-03-27 13:06:57,Website,Delivered,Debit Card,Paid,INR,Chennai,Tamil Nadu,Chennai,Tamil Nadu,600042,FC-DEL-01,Standard,2026-04-01,2026-04-02,4,14,113843.82,17076.57,4591.83,0.00,101359.08,FESTIVE15,N,,2026-03-27 17:39:57
501362,ORD501362,102285,2026-03-27,2026-03-27 16:40:54,Marketplace,Delivered,Net Banking,Paid,INR,Hyderabad,Telangana,Hyderabad,Telangana,500081,FC-BLR-01,Express,2026-03-30,2026-03-30,5,14,22058.93,0.00,2338.30,0.00,24397.23,,N,,2026-04-02 22:55:54
500158,ORD500158,101533,2026-03-27,2026-03-27 20:19:44,Mobile App,Delivered,Net Banking,Paid,INR,Delhi,Delhi,Delhi,Delhi,110017,FC-DEL-01,Express,2026-03-30,2026-03-30,1,4,2909.88,290.99,0.00,0.00,2618.89,WELCOME10,N,,2026-03-28 22:31:44
501580,ORD501580,100385,2026-03-27,2026-03-27 21:09:07,Store Assisted,Shipped,Wallet,Paid,INR,Vijayawada,Andhra Pradesh,Vijayawada,Andhra Pradesh,520010,FC-CHE-01,Standard,2026-04-01,,3,7,14177.59,2126.64,1869.23,0.00,13920.18,FESTIVE15,N,,2026-04-02 21:41:07
501787,ORD501787,101519,2026-03-27,2026-03-27 22:04:02,Store Assisted,Shipped,Wallet,Paid,INR,Vijayawada,Andhra Pradesh,Vijayawada,Andhra Pradesh,520010,FC-BLR-01,Standard,2026-04-01,,5,12,79766.31,15953.26,7682.40,0.00,71495.45,APP20,N,,2026-04-05 03:23:02
500329,ORD500329,101520,2026-03-27,2026-03-27 23:40:00,Mobile App,Delivered,Credit Card,Paid,INR,Vijayawada,Andhra Pradesh,Secunderabad,Telangana,500003,FC-HYD-01,Standard,2026-04-01,2026-04-01,2,6,173554.92,8677.75,19852.56,0.00,184729.73,SAVE5,N,,2026-03-30 05:09:00
501032,ORD501032,100956,2026-03-28,2026-03-28 04:20:39,Mobile App,Delivered,Credit Card,Paid,INR,Bengaluru,Karnataka,Bengaluru,Karnataka,560037,FC-BLR-01,Same Day,2026-03-28,2026-03-27,2,4,5139.72,513.97,97.58,0.00,4723.33,LOYALTY10,N,,2026-03-29 08:30:39
500459,ORD500459,101442,2026-03-28,2026-03-28 18:32:22,Store Assisted,Delivered,Debit Card,Paid,INR,Hyderabad,Telangana,Bengaluru,Karnataka,560037,FC-BLR-01,Standard,2026-04-02,2026-04-02,4,10,194730.62,19473.06,20027.61,0.00,195285.17,WELCOME10,N,,2026-04-01 23:52:22
502063,ORD502063,101463,2026-03-28,2026-03-28 20:06:29,Mobile App,Delivered,Debit Card,Paid,INR,Warangal,Telangana,Warangal,Telangana,506002,FC-DEL-01,Standard,2026-04-02,2026-04-03,2,7,12004.93,0.00,1502.55,0.00,13507.48,,Y,,2026-03-28 20:46:29
501565,ORD501565,100285,2026-03-28,2026-03-28 23:05:54,Mobile App,Delivered,Debit Card,Paid,INR,Secunderabad,Telangana,Secunderabad,Telangana,500003,FC-HYD-01,Express,2026-03-31,2026-04-01,2,5,64047.87,9607.18,9799.32,0.00,64240.01,FESTIVE15,Y,,2026-03-30 04:23:54
502076,ORD502076,100879,2026-03-28,2026-03-28 23:24:37,Mobile App,Cancelled,Cash on Delivery,Failed,INR,Warangal,Telangana,Warangal,Telangana,506002,FC-HYD-01,Standard,2026-04-02,,3,6,75840.40,11376.06,9479.34,0.00,73943.68,FESTIVE15,Y,Customer Request,2026-03-31 07:44:37
502280,ORD502280,101951,2026-03-29,2026-03-29 05:14:33,Marketplace,Delivered,UPI,Paid,INR,Hyderabad,Telangana,Hyderabad,Telangana,500081,FC-CHE-01,Standard,2026-04-03,2026-04-04,1,1,1276.96,191.54,303.92,60.00,1449.34,FESTIVE15,Y,,2026-04-04 05:36:33
500391,ORD500391,100796,2026-03-29,2026-03-29 06:23:11,Store Assisted,Delivered,Wallet,Paid,INR,Visakhapatnam,Andhra Pradesh,Visakhapatnam,Andhra Pradesh,530017,FC-DEL-01,Standard,2026-04-03,2026-04-04,5,14,282122.13,0.00,35100.11,0.00,317222.24,,N,,2026-04-04 06:26:11
500083,ORD500083,100896,2026-03-29,2026-03-29 07:01:49,Mobile App,Delivered,Net Banking,Paid,INR,Hyderabad,Telangana,Pune,Maharashtra,411014,FC-DEL-01,Standard,2026-04-03,2026-04-03,4,8,108456.05,16268.41,7472.89,0.00,99660.53,FESTIVE15,N,,2026-04-04 13:26:49
500975,ORD500975,100536,2026-03-29,2026-03-29 14:06:52,Store Assisted,Returned,Debit Card,Refunded,INR,Secunderabad,Telangana,Secunderabad,Telangana,500003,FC-BLR-01,Same Day,2026-03-29,2026-03-30,5,11,120878.58,18131.79,8096.43,0.00,110843.22,FESTIVE15,N,,2026-03-31 18:47:52
501916,ORD501916,101602,2026-03-29,2026-03-29 21:01:48,Marketplace,Delivered,Debit Card,Paid,INR,Secunderabad,Telangana,Hyderabad,Telangana,500081,FC-MUM-01,Same Day,2026-03-29,2026-03-30,4,10,60291.34,12058.27,8462.90,0.00,56695.97,APP20,N,,2026-04-06 22:19:48
502015,ORD502015,100476,2026-03-30,2026-03-30 06:50:57,Mobile App,Delivered,Net Banking,Paid,INR,Visakhapatnam,Andhra Pradesh,Visakhapatnam,Andhra Pradesh,530017,FC-BLR-01,Standard,2026-04-04,2026-04-03,4,11,73105.98,10965.90,8994.77,0.00,71134.85,FESTIVE15,N,,2026-04-06 15:31:57
500497,ORD500497,100004,2026-03-30,2026-03-30 18:34:06,Website,Delivered,Cash on Delivery,Paid,INR,Chennai,Tamil Nadu,Chennai,Tamil Nadu,600042,FC-CHE-01,Standard,2026-04-04,2026-04-06,4,12,242147.34,36322.10,22074.61,0.00,227899.85,FESTIVE15,N,,2026-04-06 21:02:06
500640,ORD500640,102086,2026-03-31,2026-03-31 10:51:14,Marketplace,Delivered,Credit Card,Paid,INR,Visakhapatnam,Andhra Pradesh,Visakhapatnam,Andhra Pradesh,530017,FC-BLR-01,Standard,2026-04-05,2026-04-05,5,12,97865.20,4893.26,24809.65,0.00,117781.59,SAVE5,Y,,2026-04-08 11:59:14
500257,ORD500257,101430,2026-03-31,2026-03-31 13:52:28,Store Assisted,Delivered,UPI,Paid,INR,Pune,Maharashtra,Pune,Maharashtra,411014,FC-BLR-01,Same Day,2026-03-31,2026-04-01,3,8,146986.95,7349.35,10575.54,0.00,150213.14,SAVE5,Y,,2026-04-06 14:24:28
500474,ORD500474,100114,2026-03-31,2026-03-31 22:06:00,Website,Delivered,Wallet,Paid,INR,Bengaluru,Karnataka,Bengaluru,Karnataka,560037,FC-HYD-01,Standard,2026-04-05,2026-04-05,1,2,88981.88,8898.19,14415.06,0.00,94498.75,LOYALTY10,Y,,2026-04-09 05:13:00
501519,ORD501519,101957,2026-04-01,2026-04-01 03:47:59,Mobile App,Delivered,Cash on Delivery,Paid,INR,Visakhapatnam,Andhra Pradesh,Visakhapatnam,Andhra Pradesh,530017,FC-CHE-01,Express,2026-04-04,2026-04-04,2,5,87808.64,4390.43,15015.28,0.00,98433.49,SAVE5,N,,2026-04-04 08:46:59
501689,ORD501689,100343,2026-04-01,2026-04-01 04:35:05,Mobile App,Delivered,UPI,Paid,INR,Delhi,Delhi,Delhi,Delhi,110017,FC-MUM-01,Standard,2026-04-06,2026-04-07,3,9,234172.18,0.00,21050.16,0.00,255222.34,,N,,2026-04-04 09:15:05
501123,ORD501123,101381,2026-04-01,2026-04-01 16:34:24,Marketplace,Shipped,UPI,Paid,INR,Mumbai,Maharashtra,Mumbai,Maharashtra,400076,FC-MUM-01,Same Day,2026-04-01,,4,10,66727.86,6672.79,6930.07,0.00,66985.14,LOYALTY10,N,,2026-04-05 19:55:24
500415,ORD500415,100957,2026-04-02,2026-04-02 03:38:42,Website,Shipped,Credit Card,Paid,INR,Mumbai,Maharashtra,Mumbai,Maharashtra,400076,FC-DEL-01,Standard,2026-04-07,,4,10,42949.29,4294.93,3040.46,0.00,41694.82,LOYALTY10,N,,2026-04-08 04:48:42
502003,ORD502003,102078,2026-04-02,2026-04-02 05:17:07,Mobile App,Delivered,Debit Card,Paid,INR,Pune,Maharashtra,Pune,Maharashtra,411014,FC-DEL-01,Standard,2026-04-07,2026-04-08,4,12,29686.44,0.00,3224.76,0.00,32911.20,,Y,,2026-04-04 08:32:07
501919,ORD501919,101285,2026-04-02,2026-04-02 08:34:25,Marketplace,Cancelled,UPI,Voided,INR,Secunderabad,Telangana,Secunderabad,Telangana,500003,FC-MUM-01,Standard,2026-04-07,,2,5,23805.81,0.00,4285.05,0.00,28090.86,,N,Duplicate Order,2026-04-05 14:15:25
500355,ORD500355,100471,2026-04-02,2026-04-02 15:28:51,Website,Delivered,UPI,Paid,INR,Mumbai,Maharashtra,Mumbai,Maharashtra,400076,FC-HYD-01,Standard,2026-04-07,2026-04-07,5,14,123742.98,0.00,19665.59,0.00,143408.57,,N,,2026-04-06 20:16:51
500048,ORD500048,101935,2026-04-02,2026-04-02 16:45:40,Store Assisted,Delivered,Wallet,Paid,INR,Hyderabad,Telangana,Mumbai,Maharashtra,400076,FC-MUM-01,Express,2026-04-05,2026-04-05,3,9,56432.37,2821.62,9445.70,0.00,63056.45,SAVE5,N,,2026-04-03 01:44:40
500819,ORD500819,100639,2026-04-02,2026-04-02 18:59:56,Mobile App,Delivered,Cash on Delivery,Paid,INR,Delhi,Delhi,Delhi,Delhi,110017,FC-BLR-01,Express,2026-04-05,2026-04-05,5,15,195444.43,19544.44,25438.62,0.00,201338.61,LOYALTY10,Y,,2026-04-04 21:25:56
502148,ORD502148,102014,2026-04-02,2026-04-02 23:43:55,Store Assisted,Delivered,Net Banking,Pending,INR,Warangal,Telangana,Warangal,Telangana,506002,FC-CHE-01,Standard,2026-04-07,2026-04-07,3,5,7142.01,1428.40,810.10,0.00,6523.71,APP20,N,,2026-04-03 03:45:55
501584,ORD501584,102004,2026-04-03,2026-04-03 08:01:49,Website,Delivered,Debit Card,Paid,INR,Warangal,Telangana,Chennai,Tamil Nadu,600042,FC-BLR-01,Express,2026-04-06,2026-04-08,1,3,40840.59,0.00,2042.03,0.00,42882.62,,N,,2026-04-06 14:19:49
501537,ORD501537,100499,2026-04-03,2026-04-03 09:16:46,Marketplace,Delivered,Net Banking,Paid,INR,Warangal,Telangana,Mumbai,Maharashtra,400076,FC-CHE-01,Standard,2026-04-08,2026-04-09,1,2,23863.70,2386.37,3865.92,0.00,25343.25,WELCOME10,Y,,2026-04-03 14:09:46
502221,ORD502221,100414,2026-04-03,2026-04-03 22:59:55,Marketplace,Delivered,Debit Card,Paid,INR,Mumbai,Maharashtra,Mumbai,Maharashtra,400076,FC-HYD-01,Standard,2026-04-08,2026-04-07,1,2,3970.34,0.00,0.00,0.00,3970.34,,N,,2026-04-09 04:39:55
500046,ORD500046,100134,2026-04-05,2026-04-05 01:32:58,Mobile App,Delivered,Net Banking,Paid,INR,Pune,Maharashtra,Pune,Maharashtra,411014,FC-HYD-01,Standard,2026-04-10,2026-04-10,1,4,94308.64,18861.73,0.00,0.00,75446.91,APP20,N,,2026-04-10 05:43:58
501853,ORD501853,100290,2026-04-05,2026-04-05 04:22:39,Marketplace,Cancelled,UPI,Refunded,INR,Delhi,Delhi,Delhi,Delhi,110017,FC-DEL-01,Express,2026-04-08,,3,6,23791.19,0.00,5066.50,0.00,28857.69,,N,Customer Request,2026-04-06 04:37:39
500040,ORD500040,100546,2026-04-05,2026-04-05 17:19:21,Store Assisted,Returned,Credit Card,Partially Refunded,INR,Secunderabad,Telangana,Secunderabad,Telangana,500003,FC-BLR-01,Express,2026-04-08,2026-04-08,4,7,24965.78,0.00,3129.47,0.00,28095.25,,Y,,2026-04-06 20:46:21
501531,ORD501531,100953,2026-04-05,2026-04-05 18:41:25,Marketplace,Delivered,Debit Card,Paid,INR,Chennai,Tamil Nadu,Chennai,Tamil Nadu,600042,FC-HYD-01,Express,2026-04-08,2026-04-09,2,6,61723.89,12344.78,13826.15,0.00,63205.26,APP20,N,,2026-04-07 00:33:25
501849,ORD501849,101953,2026-04-05,2026-04-05 22:27:01,Mobile App,Delivered,Credit Card,Paid,INR,Vijayawada,Andhra Pradesh,Vijayawada,Andhra Pradesh,520010,FC-BLR-01,Standard,2026-04-10,2026-04-09,4,14,41796.56,4179.66,8376.54,0.00,45993.44,LOYALTY10,N,,2026-04-10 05:12:01
500281,ORD500281,101833,2026-04-05,2026-04-05 23:05:28,Store Assisted,Delivered,Wallet,Paid,INR,Hyderabad,Telangana,Hyderabad,Telangana,500081,FC-CHE-01,Standard,2026-04-10,2026-04-09,4,11,17141.78,2571.27,2145.99,0.00,16716.50,FESTIVE15,N,,2026-04-10 04:20:28
500949,ORD500949,101856,2026-04-05,2026-04-05 23:46:56,Mobile App,Delivered,UPI,Paid,INR,Mumbai,Maharashtra,Warangal,Telangana,506002,FC-DEL-01,Standard,2026-04-10,2026-04-11,2,7,5898.99,589.90,172.66,0.00,5481.75,WELCOME10,Y,,2026-04-12 07:56:56
502176,ORD502176,101325,2026-04-06,2026-04-06 01:33:05,Store Assisted,Delivered,Wallet,Paid,INR,Chennai,Tamil Nadu,Chennai,Tamil Nadu,600042,FC-DEL-01,Standard,2026-04-11,2026-04-12,4,8,108652.57,0.00,12188.85,0.00,120841.42,,N,,2026-04-14 06:29:05
501880,ORD501880,100054,2026-04-06,2026-04-06 04:11:13,Mobile App,Delivered,Cash on Delivery,Paid,INR,Hyderabad,Telangana,Hyderabad,Telangana,500081,FC-BLR-01,Standard,2026-04-11,2026-04-11,4,9,120760.54,0.00,23094.21,0.00,143854.75,,N,,2026-04-13 11:04:13
502136,ORD502136,101318,2026-04-06,2026-04-06 05:18:29,Marketplace,Delivered,UPI,Paid,INR,Delhi,Delhi,Delhi,Delhi,110017,FC-BLR-01,Standard,2026-04-11,2026-04-12,3,5,64552.15,0.00,13601.46,0.00,78153.61,,Y,,2026-04-12 08:40:29
501526,ORD501526,101305,2026-04-06,2026-04-06 13:02:42,Website,Delivered,Debit Card,Paid,INR,Secunderabad,Telangana,Secunderabad,Telangana,500003,FC-HYD-01,Express,2026-04-09,2026-04-09,4,10,194500.98,38900.20,8867.27,0.00,164468.05,APP20,Y,,2026-04-06 19:10:42
501658,ORD501658,101877,2026-04-06,2026-04-06 13:41:17,Mobile App,Delivered,Cash on Delivery,Pending,INR,Secunderabad,Telangana,Secunderabad,Telangana,500003,FC-DEL-01,Same Day,2026-04-06,2026-04-06,1,2,3007.20,0.00,0.00,0.00,3007.20,,N,,2026-04-07 16:24:17
501819,ORD501819,101757,2026-04-06,2026-04-06 16:22:02,Website,Cancelled,Debit Card,Voided,INR,Warangal,Telangana,Warangal,Telangana,506002,FC-HYD-01,Express,2026-04-09,,3,7,50240.58,5024.06,2929.37,0.00,48145.89,LOYALTY10,Y,Duplicate Order,2026-04-06 22:26:02
500252,ORD500252,101709,2026-04-06,2026-04-06 23:22:09,Store Assisted,Delivered,Cash on Delivery,Paid,INR,Secunderabad,Telangana,Visakhapatnam,Andhra Pradesh,530017,FC-BLR-01,Standard,2026-04-11,2026-04-13,2,5,93382.62,9338.26,15127.98,0.00,99172.34,WELCOME10,N,,2026-04-14 04:04:09
500736,ORD500736,102124,2026-04-07,2026-04-07 03:17:40,Store Assisted,Delivered,Credit Card,Paid,INR,Visakhapatnam,Andhra Pradesh,Visakhapatnam,Andhra Pradesh,530017,FC-CHE-01,Express,2026-04-10,2026-04-09,3,3,3582.96,0.00,468.51,0.00,4051.47,,Y,,2026-04-12 06:23:40
500784,ORD500784,100390,2026-04-07,2026-04-07 21:29:05,Store Assisted,Delivered,Wallet,Paid,INR,Pune,Maharashtra,Pune,Maharashtra,411014,FC-DEL-01,Standard,2026-04-12,2026-04-11,1,4,63687.88,0.00,17832.61,0.00,81520.49,,N,,2026-04-10 00:03:05
500315,ORD500315,100860,2026-04-08,2026-04-08 01:27:40,Website,Delivered,Net Banking,Paid,INR,Mumbai,Maharashtra,Mumbai,Maharashtra,400076,FC-CHE-01,Standard,2026-04-13,2026-04-13,3,8,5651.57,565.16,548.27,0.00,5634.68,LOYALTY10,Y,,2026-04-16 05:07:40
500930,ORD500930,100756,2026-04-08,2026-04-08 06:21:15,Store Assisted,Delivered,Credit Card,Paid,INR,Mumbai,Maharashtra,Mumbai,Maharashtra,400076,FC-MUM-01,Express,2026-04-11,2026-04-13,4,11,114926.54,0.00,4476.45,0.00,119402.99,,N,,2026-04-13 11:40:15
501426,ORD501426,100429,2026-04-08,2026-04-08 06:43:45,Website,Delivered,Debit Card,Paid,INR,Pune,Maharashtra,Pune,Maharashtra,411014,FC-DEL-01,Express,2026-04-11,2026-04-11,5,13,23224.62,2322.46,3885.34,0.00,24787.50,LOYALTY10,Y,,2026-04-11 10:40:45
502111,ORD502111,100747,2026-04-08,2026-04-08 15:59:27,Mobile App,Delivered,Net Banking,Paid,INR,Visakhapatnam,Andhra Pradesh,Visakhapatnam,Andhra Pradesh,530017,FC-HYD-01,Standard,2026-04-13,2026-04-12,5,12,47869.97,0.00,1826.74,0.00,49696.71,,N,,2026-04-11 22:30:27
501198,ORD501198,100380,2026-04-09,2026-04-09 10:32:57,Mobile App,Delivered,UPI,Paid,INR,Vijayawada,Andhra Pradesh,Vijayawada,Andhra Pradesh,520010,FC-CHE-01,Standard,2026-04-14,2026-04-15,1,3,1702.95,170.29,0.00,0.00,1532.66,WELCOME10,N,,2026-04-11 19:18:57
500481,ORD500481,101328,2026-04-09,2026-04-09 14:36:10,Marketplace,Delivered,Debit Card,Paid,INR,Secunderabad,Telangana,Secunderabad,Telangana,500003,FC-HYD-01,Express,2026-04-12,2026-04-14,5,12,15730.69,0.00,2081.31,0.00,17812.00,,N,,2026-04-10 17:31:10
501728,ORD501728,100561,2026-04-09,2026-04-09 18:47:29,Marketplace,Delivered,Cash on Delivery,Paid,INR,Hyderabad,Telangana,Hyderabad,Telangana,500081,FC-CHE-01,Express,2026-04-12,2026-04-13,2,3,15390.98,1539.10,872.12,0.00,14724.00,LOYALTY10,Y,,2026-04-14 22:00:29
501515,ORD501515,102094,2026-04-09,2026-04-09 23:16:26,Store Assisted,Delivered,Cash on Delivery,Paid,INR,Pune,Maharashtra,Pune,Maharashtra,411014,FC-HYD-01,Standard,2026-04-14,2026-04-14,2,6,9110.19,1366.53,1133.31,0.00,8876.97,FESTIVE15,Y,,2026-04-12 00:14:26
501755,ORD501755,101899,2026-04-10,2026-04-10 00:34:53,Marketplace,Delivered,UPI,Pending,INR,Pune,Maharashtra,Pune,Maharashtra,411014,FC-DEL-01,Same Day,2026-04-10,2026-04-11,5,9,114261.41,11426.14,4313.88,0.00,107149.15,WELCOME10,N,,2026-04-10 09:10:53
500167,ORD500167,102036,2026-04-10,2026-04-10 01:38:58,Store Assisted,Returned,UPI,Refunded,INR,Pune,Maharashtra,Secunderabad,Telangana,500003,FC-BLR-01,Standard,2026-04-15,2026-04-14,1,4,87151.36,17430.27,12549.80,0.00,82270.89,APP20,Y,,2026-04-14 02:20:58
501769,ORD501769,100813,2026-04-10,2026-04-10 03:48:55,Mobile App,Delivered,Debit Card,Paid,INR,Delhi,Delhi,Delhi,Delhi,110017,FC-CHE-01,Standard,2026-04-15,2026-04-15,4,10,10509.09,1050.91,76.18,0.00,9534.36,WELCOME10,N,,2026-04-17 10:38:55
501338,ORD501338,101239,2026-04-10,2026-04-10 13:23:03,Website,Delivered,Credit Card,Paid,INR,Bengaluru,Karnataka,Bengaluru,Karnataka,560037,FC-CHE-01,Standard,2026-04-15,2026-04-15,3,9,11335.47,1133.55,597.66,0.00,10799.58,LOYALTY10,Y,,2026-04-18 19:19:03
500817,ORD500817,102185,2026-04-10,2026-04-10 19:42:40,Website,Cancelled,Net Banking,Refunded,INR,Warangal,Telangana,Warangal,Telangana,506002,FC-CHE-01,Standard,2026-04-15,,4,9,22670.39,0.00,5722.76,0.00,28393.15,,N,Duplicate Order,2026-04-16 00:51:40
500741,ORD500741,100773,2026-04-11,2026-04-11 09:05:04,Store Assisted,Delivered,Net Banking,Paid,INR,Chennai,Tamil Nadu,Chennai,Tamil Nadu,600042,FC-MUM-01,Standard,2026-04-16,2026-04-17,4,9,13770.60,1377.06,2494.47,0.00,14888.01,WELCOME10,N,,2026-04-17 11:21:04
501723,ORD501723,101911,2026-04-11,2026-04-11 09:12:36,Marketplace,Delivered,Debit Card,Paid,INR,Visakhapatnam,Andhra Pradesh,Visakhapatnam,Andhra Pradesh,530017,FC-MUM-01,Standard,2026-04-16,2026-04-15,3,11,16837.64,0.00,2617.70,0.00,19455.34,,Y,,2026-04-19 13:36:36
501543,ORD501543,101180,2026-04-11,2026-04-11 14:06:56,Marketplace,Delivered,Credit Card,Paid,INR,Pune,Maharashtra,Pune,Maharashtra,411014,FC-MUM-01,Standard,2026-04-16,2026-04-18,3,9,64558.07,0.00,3797.58,0.00,68355.65,,N,,2026-04-14 18:27:56
500296,ORD500296,101101,2026-04-12,2026-04-12 09:56:11,Store Assisted,Cancelled,Cash on Delivery,Refunded,INR,Bengaluru,Karnataka,Bengaluru,Karnataka,560037,FC-HYD-01,Standard,2026-04-17,,5,15,32368.72,0.00,1233.33,0.00,33602.05,,N,Customer Request,2026-04-18 09:59:11
502193,ORD502193,101532,2026-04-12,2026-04-12 12:26:49,Marketplace,Delivered,Cash on Delivery,Paid,INR,Vijayawada,Andhra Pradesh,Vijayawada,Andhra Pradesh,520010,FC-BLR-01,Standard,2026-04-17,2026-04-17,3,8,12973.70,648.68,843.57,0.00,13168.59,SAVE5,Y,,2026-04-20 15:49:49
502036,ORD502036,100282,2026-04-12,2026-04-12 17:51:54,Store Assisted,Shipped,Credit Card,Paid,INR,Bengaluru,Karnataka,Bengaluru,Karnataka,560037,FC-DEL-01,Standard,2026-04-17,,5,10,31496.43,3149.64,3115.19,0.00,31461.98,WELCOME10,Y,,2026-04-16 02:24:54
500366,ORD500366,101413,2026-04-12,2026-04-12 19:10:07,Store Assisted,Returned,UPI,Partially Refunded,INR,Vijayawada,Andhra Pradesh,Vijayawada,Andhra Pradesh,520010,FC-HYD-01,Standard,2026-04-17,2026-04-18,5,12,161809.43,16180.94,9988.90,0.00,155617.39,WELCOME10,N,,2026-04-19 21:55:07
501291,ORD501291,101010,2026-04-12,2026-04-12 21:23:21,Store Assisted,Shipped,Credit Card,Paid,INR,Pune,Maharashtra,Secunderabad,Telangana,500003,FC-CHE-01,Standard,2026-04-17,,5,10,69540.48,0.00,6106.50,0.00,75646.98,,Y,,2026-04-15 23:36:21
500318,ORD500318,100161,2026-04-13,2026-04-13 21:38:47,Marketplace,Cancelled,Debit Card,Refunded,INR,Secunderabad,Telangana,Secunderabad,Telangana,500003,FC-CHE-01,Express,2026-04-16,,3,9,55892.78,0.00,98.68,0.00,55991.46,,N,Customer Request,2026-04-16 05:11:47
501007,ORD501007,101778,2026-04-14,2026-04-14 08:34:31,Store Assisted,Delivered,Net Banking,Paid,INR,Secunderabad,Telangana,Secunderabad,Telangana,500003,FC-DEL-01,Standard,2026-04-19,2026-04-19,4,7,49857.25,0.00,12535.54,0.00,62392.79,,N,,2026-04-15 12:30:31
501781,ORD501781,101131,2026-04-14,2026-04-14 23:13:46,Store Assisted,Returned,Credit Card,Refunded,INR,Warangal,Telangana,Warangal,Telangana,506002,FC-HYD-01,Express,2026-04-17,2026-04-17,5,14,164832.11,32966.42,14507.56,0.00,146373.25,APP20,Y,,2026-04-20 07:08:46
502007,ORD502007,100900,2026-04-15,2026-04-15 03:33:44,Store Assisted,Delivered,Cash on Delivery,Paid,INR,Bengaluru,Karnataka,Bengaluru,Karnataka,560037,FC-HYD-01,Express,2026-04-18,2026-04-18,5,15,74511.58,7451.16,6912.53,0.00,73972.95,WELCOME10,Y,,2026-04-20 09:30:44
501649,ORD501649,100483,2026-04-15,2026-04-15 06:10:00,Mobile App,Delivered,Wallet,Paid,INR,Bengaluru,Karnataka,Bengaluru,Karnataka,560037,FC-DEL-01,Standard,2026-04-20,2026-04-19,3,7,30459.66,4568.95,6049.65,0.00,31940.36,FESTIVE15,Y,,2026-04-22 13:30:00
502017,ORD502017,100773,2026-04-15,2026-04-15 07:32:30,Mobile App,Delivered,Net Banking,Paid,INR,Chennai,Tamil Nadu,Chennai,Tamil Nadu,600042,FC-HYD-01,Standard,2026-04-20,2026-04-21,3,8,22957.11,1147.86,2171.49,0.00,23980.74,SAVE5,N,,2026-04-21 07:32:30
501430,ORD501430,101496,2026-04-16,2026-04-16 01:17:53,Website,Cancelled,Cash on Delivery,Refunded,INR,Vijayawada,Andhra Pradesh,Vijayawada,Andhra Pradesh,520010,FC-CHE-01,Express,2026-04-19,,5,14,69130.39,0.00,1530.46,0.00,70660.85,,N,Inventory Unavailable,2026-04-24 09:54:53
501497,ORD501497,100769,2026-04-16,2026-04-16 01:52:02,Marketplace,Delivered,Credit Card,Paid,INR,Hyderabad,Telangana,Hyderabad,Telangana,500081,FC-CHE-01,Standard,2026-04-21,2026-04-22,4,12,23189.52,2318.95,3363.87,0.00,24234.44,LOYALTY10,N,,2026-04-16 06:07:02
500702,ORD500702,101170,2026-04-16,2026-04-16 11:40:29,Marketplace,Delivered,UPI,Paid,INR,Delhi,Delhi,Delhi,Delhi,110017,FC-CHE-01,Standard,2026-04-21,2026-04-23,4,11,159201.95,0.00,1751.88,0.00,160953.83,,N,,2026-04-22 14:51:29
502039,ORD502039,101320,2026-04-16,2026-04-16 15:20:58,Website,Delivered,Wallet,Paid,INR,Pune,Maharashtra,Pune,Maharashtra,411014,FC-BLR-01,Standard,2026-04-21,2026-04-20,5,15,257711.01,0.00,36084.22,0.00,293795.23,,N,,2026-04-20 22:55:58
501326,ORD501326,100374,2026-04-16,2026-04-16 18:52:48,Website,Delivered,UPI,Paid,INR,Secunderabad,Telangana,Secunderabad,Telangana,500003,FC-CHE-01,Standard,2026-04-21,2026-04-21,1,1,1976.74,0.00,237.21,0.00,2213.95,,N,,2026-04-21 19:29:48
500510,ORD500510,101132,2026-04-17,2026-04-17 07:23:16,Mobile App,Cancelled,UPI,Refunded,INR,Bengaluru,Karnataka,Bengaluru,Karnataka,560037,FC-MUM-01,Standard,2026-04-22,,2,6,22438.80,2243.88,1543.56,0.00,21738.48,WELCOME10,N,Payment Failure,2026-04-24 13:45:16
500651,ORD500651,102195,2026-04-17,2026-04-17 07:44:50,Website,Delivered,UPI,Paid,INR,Delhi,Delhi,Warangal,Telangana,506002,FC-DEL-01,Express,2026-04-20,2026-04-21,3,5,93090.22,0.00,14057.12,0.00,107147.34,,N,,2026-04-18 08:17:50
500970,ORD500970,101019,2026-04-17,2026-04-17 10:37:12,Website,Delivered,Credit Card,Paid,INR,Pune,Maharashtra,Pune,Maharashtra,411014,FC-MUM-01,Express,2026-04-20,2026-04-22,2,6,16033.44,0.00,3272.76,0.00,19306.20,,N,,2026-04-24 13:01:12
500041,ORD500041,102094,2026-04-17,2026-04-17 23:40:26,Website,Delivered,Debit Card,Paid,INR,Pune,Maharashtra,Pune,Maharashtra,411014,FC-HYD-01,Standard,2026-04-22,2026-04-22,1,1,17747.60,1774.76,0.00,0.00,15972.84,WELCOME10,N,,2026-04-22 04:50:26
501462,ORD501462,100329,2026-04-18,2026-04-18 13:29:06,Store Assisted,Delivered,UPI,Paid,INR,Delhi,Delhi,Delhi,Delhi,110017,FC-DEL-01,Express,2026-04-21,2026-04-22,1,2,16498.46,3299.69,2375.78,0.00,15574.55,APP20,Y,,2026-04-24 15:21:06
500747,ORD500747,100460,2026-04-18,2026-04-18 13:38:40,Mobile App,Returned,UPI,Refunded,INR,Secunderabad,Telangana,Secunderabad,Telangana,500003,FC-CHE-01,Standard,2026-04-23,2026-04-25,3,6,26181.83,2618.18,4373.35,0.00,27937.00,WELCOME10,N,,2026-04-24 14:05:40
501466,ORD501466,101969,2026-04-19,2026-04-19 07:23:23,Marketplace,Delivered,UPI,Paid,INR,Mumbai,Maharashtra,Mumbai,Maharashtra,400076,FC-HYD-01,Standard,2026-04-24,2026-04-24,2,5,21339.12,3200.87,3264.88,0.00,21403.13,FESTIVE15,N,,2026-04-24 13:02:23
500184,ORD500184,101772,2026-04-19,2026-04-19 18:27:45,Mobile App,Delivered,Net Banking,Paid,INR,Mumbai,Maharashtra,Mumbai,Maharashtra,400076,FC-BLR-01,Standard,2026-04-24,2026-04-26,2,4,1519.36,227.90,216.66,50.00,1558.12,FESTIVE15,N,,2026-04-21 01:46:45
502374,ORD502374,101733,2026-04-19,2026-04-19 23:18:41,Mobile App,Cancelled,Credit Card,Failed,INR,Delhi,Delhi,Delhi,Delhi,110017,FC-HYD-01,Express,2026-04-22,,4,9,72625.50,3631.28,7787.21,0.00,76781.43,SAVE5,N,Inventory Unavailable,2026-04-24 04:28:41
502049,ORD502049,100875,2026-04-20,2026-04-20 00:43:27,Store Assisted,Delivered,Cash on Delivery,Paid,INR,Vijayawada,Andhra Pradesh,Vijayawada,Andhra Pradesh,520010,FC-CHE-01,Standard,2026-04-25,2026-04-25,4,12,143537.40,14353.74,14500.50,0.00,143684.16,WELCOME10,N,,2026-04-28 09:12:27
501660,ORD501660,101600,2026-04-20,2026-04-20 03:57:16,Website,Delivered,Net Banking,Paid,INR,Warangal,Telangana,Warangal,Telangana,506002,FC-MUM-01,Standard,2026-04-25,2026-04-25,4,11,76242.86,0.00,6109.22,0.00,82352.08,,Y,,2026-04-24 11:37:16
502342,ORD502342,102086,2026-04-20,2026-04-20 11:00:09,Mobile App,Delivered,Debit Card,Paid,INR,Visakhapatnam,Andhra Pradesh,Visakhapatnam,Andhra Pradesh,530017,FC-DEL-01,Standard,2026-04-25,2026-04-25,4,10,57356.64,11471.33,6359.57,0.00,52244.88,APP20,N,,2026-04-26 14:44:09
500691,ORD500691,100606,2026-04-20,2026-04-20 13:04:05,Store Assisted,Delivered,Debit Card,Paid,INR,Mumbai,Maharashtra,Mumbai,Maharashtra,400076,FC-CHE-01,Standard,2026-04-25,2026-04-25,3,8,159054.62,31810.92,18586.38,0.00,145830.08,APP20,Y,,2026-04-28 19:47:05
501665,ORD501665,100859,2026-04-20,2026-04-20 23:41:20,Mobile App,Cancelled,Wallet,Voided,INR,Warangal,Telangana,Vijayawada,Andhra Pradesh,520010,FC-CHE-01,Standard,2026-04-25,,3,10,76855.28,7685.53,12602.58,0.00,81772.33,LOYALTY10,N,Inventory Unavailable,2026-04-28 02:39:20
501166,ORD501166,100219,2026-04-21,2026-04-21 00:30:24,Mobile App,Delivered,Credit Card,Pending,INR,Warangal,Telangana,Warangal,Telangana,506002,FC-DEL-01,Standard,2026-04-26,2026-04-27,1,1,22365.72,4473.14,3220.66,0.00,21113.24,APP20,N,,2026-04-23 07:08:24
500592,ORD500592,101212,2026-04-21,2026-04-21 03:24:54,Website,Delivered,UPI,Paid,INR,Warangal,Telangana,Warangal,Telangana,506002,FC-HYD-01,Standard,2026-04-26,2026-04-26,3,10,177310.04,35462.01,16944.42,0.00,158792.45,APP20,N,,2026-04-22 03:56:54
500985,ORD500985,100196,2026-04-21,2026-04-21 04:57:08,Website,Shipped,UPI,Paid,INR,Hyderabad,Telangana,Hyderabad,Telangana,500081,FC-MUM-01,Standard,2026-04-26,,1,3,67097.16,0.00,12077.49,0.00,79174.65,,Y,,2026-04-23 08:30:08
501014,ORD501014,101337,2026-04-21,2026-04-21 08:03:08,Website,Delivered,Wallet,Paid,INR,Chennai,Tamil Nadu,Chennai,Tamil Nadu,600042,FC-CHE-01,Standard,2026-04-26,2026-04-26,5,13,158589.26,23788.39,29597.02,0.00,164397.89,FESTIVE15,Y,,2026-04-24 09:08:08
501177,ORD501177,101889,2026-04-21,2026-04-21 08:45:20,Mobile App,Delivered,Wallet,Paid,INR,Vijayawada,Andhra Pradesh,Vijayawada,Andhra Pradesh,520010,FC-CHE-01,Standard,2026-04-26,2026-04-28,5,14,101449.40,15217.41,15276.93,0.00,101508.92,FESTIVE15,N,,2026-04-22 10:26:20
500700,ORD500700,101648,2026-04-21,2026-04-21 17:16:36,Mobile App,Delivered,Wallet,Paid,INR,Chennai,Tamil Nadu,Chennai,Tamil Nadu,600042,FC-BLR-01,Standard,2026-04-26,2026-04-27,2,3,6832.89,341.64,1717.21,0.00,8208.46,SAVE5,Y,,2026-04-28 01:18:36
501569,ORD501569,100039,2026-04-22,2026-04-22 19:53:23,Store Assisted,Delivered,Debit Card,Paid,INR,Bengaluru,Karnataka,Bengaluru,Karnataka,560037,FC-MUM-01,Express,2026-04-25,2026-04-27,2,4,36773.76,0.00,2312.67,0.00,39086.43,,N,,2026-04-26 01:47:23
501501,ORD501501,100712,2026-04-22,2026-04-22 22:24:17,Store Assisted,Delivered,Net Banking,Paid,INR,Chennai,Tamil Nadu,Chennai,Tamil Nadu,600042,FC-BLR-01,Standard,2026-04-27,2026-04-28,2,6,74214.14,3710.71,3324.04,0.00,73827.47,SAVE5,N,,2026-04-30 04:47:17
500389,ORD500389,101046,2026-04-23,2026-04-23 02:53:42,Store Assisted,Delivered,Cash on Delivery,Paid,INR,Hyderabad,Telangana,Hyderabad,Telangana,500081,FC-DEL-01,Standard,2026-04-28,2026-04-28,1,4,22527.96,1126.40,5992.44,0.00,27394.00,SAVE5,N,,2026-05-01 07:54:42
500996,ORD500996,101545,2026-04-23,2026-04-23 10:22:11,Marketplace,Delivered,Cash on Delivery,Paid,INR,Hyderabad,Telangana,Hyderabad,Telangana,500081,FC-DEL-01,Standard,2026-04-28,2026-04-28,2,5,54872.74,5487.27,2469.27,0.00,51854.74,LOYALTY10,N,,2026-04-24 11:53:11
501508,ORD501508,100796,2026-04-23,2026-04-23 13:02:39,Website,Delivered,UPI,Paid,INR,Visakhapatnam,Andhra Pradesh,Visakhapatnam,Andhra Pradesh,530017,FC-BLR-01,Standard,2026-04-28,2026-04-27,4,10,64048.34,3202.42,8055.12,0.00,68901.04,SAVE5,N,,2026-04-24 18:40:39
500417,ORD500417,100058,2026-04-23,2026-04-23 13:40:59,Mobile App,Returned,Wallet,Partially Refunded,INR,Hyderabad,Telangana,Hyderabad,Telangana,500081,FC-BLR-01,Standard,2026-04-28,2026-04-27,1,3,15771.90,0.00,4416.13,0.00,20188.03,,N,,2026-04-30 16:42:59
501414,ORD501414,100356,2026-04-23,2026-04-23 15:41:48,Website,Delivered,Wallet,Paid,INR,Vijayawada,Andhra Pradesh,Vijayawada,Andhra Pradesh,520010,FC-MUM-01,Standard,2026-04-28,2026-04-27,2,4,50256.28,10051.26,6406.69,0.00,46611.71,APP20,Y,,2026-04-24 20:45:48
500667,ORD500667,100766,2026-04-24,2026-04-24 02:26:02,Mobile App,Delivered,Net Banking,Paid,INR,Mumbai,Maharashtra,Delhi,Delhi,110017,FC-CHE-01,Express,2026-04-27,2026-04-27,2,5,4325.33,648.80,266.85,0.00,3943.38,FESTIVE15,N,,2026-05-01 09:19:02
501057,ORD501057,100008,2026-04-24,2026-04-24 03:54:54,Mobile App,Delivered,Credit Card,Paid,INR,Delhi,Delhi,Delhi,Delhi,110017,FC-DEL-01,Express,2026-04-27,2026-04-26,1,3,14257.53,0.00,0.00,0.00,14257.53,,N,,2026-04-30 07:04:54
500595,ORD500595,100111,2026-04-24,2026-04-24 03:59:21,Store Assisted,Delivered,UPI,Paid,INR,Chennai,Tamil Nadu,Secunderabad,Telangana,500003,FC-CHE-01,Standard,2026-04-29,2026-04-29,1,4,8166.96,1225.04,1943.74,0.00,8885.66,FESTIVE15,N,,2026-04-30 08:28:21
501336,ORD501336,101480,2026-04-24,2026-04-24 23:18:07,Marketplace,Delivered,Credit Card,Paid,INR,Hyderabad,Telangana,Hyderabad,Telangana,500081,FC-BLR-01,Express,2026-04-27,2026-04-26,4,9,57274.40,2863.72,6480.03,0.00,60890.71,SAVE5,N,,2026-05-02 06:57:07
502262,ORD502262,102223,2026-04-25,2026-04-25 05:41:16,Mobile App,Cancelled,Cash on Delivery,Refunded,INR,Hyderabad,Telangana,Hyderabad,Telangana,500081,FC-BLR-01,Standard,2026-04-30,,5,11,26087.79,3913.17,4847.99,0.00,27022.61,FESTIVE15,N,Address Issue,2026-05-01 07:24:16
500931,ORD500931,101257,2026-04-25,2026-04-25 10:38:18,Marketplace,Delivered,UPI,Paid,INR,Bengaluru,Karnataka,Bengaluru,Karnataka,560037,FC-HYD-01,Standard,2026-04-30,2026-05-01,2,4,66193.71,0.00,11914.87,0.00,78108.58,,Y,,2026-04-27 18:09:18
501772,ORD501772,101082,2026-04-25,2026-04-25 13:31:55,Store Assisted,Delivered,Cash on Delivery,Paid,INR,Visakhapatnam,Andhra Pradesh,Visakhapatnam,Andhra Pradesh,530017,FC-DEL-01,Standard,2026-04-30,2026-05-02,3,8,33637.14,3363.71,6915.78,0.00,37189.21,WELCOME10,N,,2026-05-01 19:44:55
501659,ORD501659,100012,2026-04-25,2026-04-25 14:22:20,Website,Cancelled,Cash on Delivery,Refunded,INR,Visakhapatnam,Andhra Pradesh,Visakhapatnam,Andhra Pradesh,530017,FC-CHE-01,Standard,2026-04-30,,5,11,88054.34,8805.43,265.94,0.00,79514.85,WELCOME10,Y,Payment Failure,2026-04-29 17:12:20
500676,ORD500676,101249,2026-04-25,2026-04-25 18:34:09,Marketplace,Delivered,Credit Card,Paid,INR,Hyderabad,Telangana,Hyderabad,Telangana,500081,FC-BLR-01,Standard,2026-04-30,2026-04-30,1,1,4193.34,838.67,402.56,0.00,3757.23,APP20,N,,2026-04-26 19:23:09
500268,ORD500268,100194,2026-04-26,2026-04-26 03:05:21,Marketplace,Delivered,Cash on Delivery,Paid,INR,Delhi,Delhi,Delhi,Delhi,110017,FC-CHE-01,Express,2026-04-29,2026-04-30,5,13,84148.03,0.00,4695.02,0.00,88843.05,,N,,2026-04-27 11:28:21
501079,ORD501079,100722,2026-04-26,2026-04-26 04:52:38,Website,Delivered,Debit Card,Paid,INR,Mumbai,Maharashtra,Mumbai,Maharashtra,400076,FC-BLR-01,Express,2026-04-29,2026-05-01,2,6,37992.93,3799.29,9574.22,0.00,43767.86,WELCOME10,Y,,2026-05-02 12:24:38
501407,ORD501407,100808,2026-04-26,2026-04-26 10:37:53,Mobile App,Delivered,Net Banking,Paid,INR,Hyderabad,Telangana,Hyderabad,Telangana,500081,FC-MUM-01,Express,2026-04-29,2026-04-30,1,1,1003.04,100.30,0.00,40.00,942.74,WELCOME10,N,,2026-04-26 17:42:53
501945,ORD501945,101201,2026-04-26,2026-04-26 13:15:45,Store Assisted,Delivered,Cash on Delivery,Paid,INR,Hyderabad,Telangana,Hyderabad,Telangana,500081,FC-HYD-01,Standard,2026-05-01,2026-05-02,4,8,10886.18,544.31,1974.60,0.00,12316.47,SAVE5,Y,,2026-05-02 20:50:45
501126,ORD501126,100026,2026-04-26,2026-04-26 23:04:57,Mobile App,Delivered,Net Banking,Paid,INR,Bengaluru,Karnataka,Bengaluru,Karnataka,560037,FC-MUM-01,Standard,2026-05-01,2026-04-30,5,9,126687.93,0.00,4434.24,0.00,131122.17,,N,,2026-05-03 00:41:57
501465,ORD501465,101500,2026-04-26,2026-04-26 23:48:00,Website,Delivered,Wallet,Paid,INR,Hyderabad,Telangana,Hyderabad,Telangana,500081,FC-DEL-01,Express,2026-04-29,2026-04-29,3,9,176920.37,8846.02,20599.23,0.00,188673.58,SAVE5,N,,2026-05-01 03:58:00
501285,ORD501285,100047,2026-04-27,2026-04-27 17:47:47,Store Assisted,Cancelled,Net Banking,Refunded,INR,Secunderabad,Telangana,Secunderabad,Telangana,500003,FC-HYD-01,Standard,2026-05-02,,2,5,5236.91,1047.38,1173.07,0.00,5362.60,APP20,Y,Inventory Unavailable,2026-04-30 22:41:47
501551,ORD501551,100844,2026-04-27,2026-04-27 19:45:05,Mobile App,Delivered,UPI,Paid,INR,Pune,Maharashtra,Pune,Maharashtra,411014,FC-CHE-01,Standard,2026-05-02,2026-05-02,5,14,28034.67,4205.20,1287.50,0.00,25116.97,FESTIVE15,N,,2026-05-02 21:19:05
502398,ORD502398,100338,2026-04-28,2026-04-28 03:08:46,Marketplace,Shipped,Net Banking,Paid,INR,Secunderabad,Telangana,Secunderabad,Telangana,500003,FC-MUM-01,Standard,2026-05-03,,2,6,52111.44,5211.14,1427.50,0.00,48327.80,LOYALTY10,N,,2026-05-06 09:37:46
501528,ORD501528,102243,2026-04-28,2026-04-28 07:33:55,Website,Delivered,Wallet,Paid,INR,Pune,Maharashtra,Secunderabad,Telangana,500003,FC-MUM-01,Express,2026-05-01,2026-05-01,4,10,18943.06,0.00,494.63,0.00,19437.69,,N,,2026-05-02 09:35:55
500742,ORD500742,102280,2026-04-28,2026-04-28 13:25:27,Mobile App,Delivered,Wallet,Paid,INR,Secunderabad,Telangana,Secunderabad,Telangana,500003,FC-DEL-01,Standard,2026-05-03,2026-05-02,5,10,118542.59,17781.39,12125.12,0.00,112886.32,FESTIVE15,N,,2026-05-06 18:24:27
500610,ORD500610,102120,2026-04-28,2026-04-28 18:30:23,Marketplace,Delivered,Debit Card,Paid,INR,Mumbai,Maharashtra,Mumbai,Maharashtra,400076,FC-HYD-01,Standard,2026-05-03,2026-05-05,4,7,57318.44,8597.77,7106.22,0.00,55826.89,FESTIVE15,N,,2026-04-28 21:17:23
500237,ORD500237,101166,2026-04-28,2026-04-28 20:59:22,Website,Delivered,Wallet,Paid,INR,Bengaluru,Karnataka,Bengaluru,Karnataka,560037,FC-BLR-01,Standard,2026-05-03,2026-05-04,4,12,278845.70,27884.57,35616.75,0.00,286577.88,LOYALTY10,N,,2026-05-05 21:17:22
502367,ORD502367,101058,2026-04-30,2026-04-30 00:17:32,Website,Delivered,Wallet,Paid,INR,Chennai,Tamil Nadu,Chennai,Tamil Nadu,600042,FC-BLR-01,Same Day,2026-04-30,2026-04-30,5,11,70716.88,0.00,17330.07,0.00,88046.95,,Y,,2026-05-02 01:57:32
500901,ORD500901,100686,2026-04-30,2026-04-30 14:30:18,Website,Delivered,Credit Card,Paid,INR,Bengaluru,Karnataka,Bengaluru,Karnataka,560037,FC-CHE-01,Standard,2026-05-05,2026-05-06,2,4,79538.22,7953.82,3830.70,0.00,75415.10,LOYALTY10,Y,,2026-05-06 21:26:18
501572,ORD501572,101861,2026-04-30,2026-04-30 14:37:48,Marketplace,Delivered,Cash on Delivery,Paid,INR,Hyderabad,Telangana,Hyderabad,Telangana,500081,FC-CHE-01,Standard,2026-05-05,2026-05-06,2,5,30952.12,0.00,4531.56,0.00,35483.68,,N,,2026-05-08 17:41:48
501807,ORD501807,101445,2026-05-01,2026-05-01 20:25:48,Mobile App,Delivered,UPI,Paid,INR,Chennai,Tamil Nadu,Chennai,Tamil Nadu,600042,FC-HYD-01,Standard,2026-05-06,2026-05-07,5,12,14003.16,0.00,2441.48,0.00,16444.64,,Y,,2026-05-09 04:40:48
500624,ORD500624,101316,2026-05-01,2026-05-01 21:34:18,Store Assisted,Delivered,Credit Card,Paid,INR,Pune,Maharashtra,Pune,Maharashtra,411014,FC-HYD-01,Express,2026-05-04,2026-05-06,1,2,4120.72,0.00,206.04,0.00,4326.76,,Y,,2026-05-04 00:33:18
500231,ORD500231,100420,2026-05-02,2026-05-02 05:35:03,Mobile App,Delivered,Wallet,Paid,INR,Chennai,Tamil Nadu,Chennai,Tamil Nadu,600042,FC-BLR-01,Standard,2026-05-07,2026-05-07,4,14,249194.09,24919.41,47158.43,0.00,271433.11,WELCOME10,N,,2026-05-04 14:23:03
500027,ORD500027,100249,2026-05-02,2026-05-02 11:49:11,Marketplace,Delivered,UPI,Paid,INR,Chennai,Tamil Nadu,Chennai,Tamil Nadu,600042,FC-BLR-01,Express,2026-05-05,2026-05-05,5,14,97760.98,9776.10,19669.89,0.00,107654.77,LOYALTY10,N,,2026-05-02 17:30:11
502172,ORD502172,101417,2026-05-02,2026-05-02 13:18:05,Website,Delivered,Wallet,Paid,INR,Pune,Maharashtra,Pune,Maharashtra,411014,FC-CHE-01,Express,2026-05-05,2026-05-06,5,11,23350.46,0.00,4015.39,0.00,27365.85,,N,,2026-05-03 18:52:05
501335,ORD501335,102087,2026-05-02,2026-05-02 20:19:51,Marketplace,Delivered,Wallet,Paid,INR,Vijayawada,Andhra Pradesh,Vijayawada,Andhra Pradesh,520010,FC-CHE-01,Standard,2026-05-07,2026-05-07,4,9,32263.35,6452.67,4065.87,0.00,29876.55,APP20,N,,2026-05-07 23:51:51
500213,ORD500213,101418,2026-05-02,2026-05-02 20:36:56,Mobile App,Delivered,Wallet,Paid,INR,Pune,Maharashtra,Bengaluru,Karnataka,560037,FC-HYD-01,Standard,2026-05-07,2026-05-08,3,8,4530.77,453.08,172.23,0.00,4249.92,LOYALTY10,N,,2026-05-09 21:20:56
501618,ORD501618,101036,2026-05-03,2026-05-03 02:48:22,Website,Delivered,Wallet,Paid,INR,Secunderabad,Telangana,Secunderabad,Telangana,500003,FC-BLR-01,Standard,2026-05-08,2026-05-08,4,9,74563.60,0.00,12518.11,0.00,87081.71,,N,,2026-05-08 06:07:22
501821,ORD501821,100748,2026-05-03,2026-05-03 03:30:55,Store Assisted,Returned,Net Banking,Refunded,INR,Vijayawada,Andhra Pradesh,Vijayawada,Andhra Pradesh,520010,FC-DEL-01,Express,2026-05-06,2026-05-06,3,6,32433.97,0.00,1089.81,0.00,33523.78,,N,,2026-05-07 07:16:55
500862,ORD500862,101852,2026-05-03,2026-05-03 06:34:17,Website,Delivered,Credit Card,Paid,INR,Chennai,Tamil Nadu,Chennai,Tamil Nadu,600042,FC-HYD-01,Express,2026-05-06,2026-05-07,1,3,52840.20,7926.03,5389.70,0.00,50303.87,FESTIVE15,N,,2026-05-03 07:46:17
501205,ORD501205,101674,2026-05-03,2026-05-03 08:20:00,Website,Delivered,UPI,Paid,INR,Pune,Maharashtra,Pune,Maharashtra,411014,FC-CHE-01,Express,2026-05-06,2026-05-07,1,3,1808.55,180.85,0.00,0.00,1627.70,LOYALTY10,Y,,2026-05-06 12:26:00
501400,ORD501400,102290,2026-05-03,2026-05-03 09:37:25,Mobile App,Cancelled,Wallet,Voided,INR,Hyderabad,Telangana,Hyderabad,Telangana,500081,FC-HYD-01,Standard,2026-05-08,,3,9,35910.40,0.00,5758.18,0.00,41668.58,,Y,Address Issue,2026-05-06 14:28:25
500599,ORD500599,100411,2026-05-03,2026-05-03 14:58:55,Mobile App,Delivered,Net Banking,Paid,INR,Bengaluru,Karnataka,Bengaluru,Karnataka,560037,FC-CHE-01,Standard,2026-05-08,2026-05-09,1,1,1979.78,0.00,554.34,0.00,2534.12,,Y,,2026-05-10 17:49:55
500539,ORD500539,102259,2026-05-04,2026-05-04 04:29:58,Mobile App,Delivered,Net Banking,Paid,INR,Pune,Maharashtra,Pune,Maharashtra,411014,FC-HYD-01,Standard,2026-05-09,2026-05-08,3,12,72416.56,3620.83,3671.92,0.00,72467.65,SAVE5,N,,2026-05-04 05:52:58
501212,ORD501212,100527,2026-05-05,2026-05-05 06:48:23,Marketplace,Delivered,Credit Card,Paid,INR,Hyderabad,Telangana,Hyderabad,Telangana,500081,FC-HYD-01,Same Day,2026-05-05,2026-05-06,5,14,86839.83,8683.98,8140.06,0.00,86295.91,WELCOME10,Y,,2026-05-05 12:59:23
500541,ORD500541,100432,2026-05-05,2026-05-05 08:25:07,Website,Delivered,Wallet,Paid,INR,Mumbai,Maharashtra,Mumbai,Maharashtra,400076,FC-HYD-01,Standard,2026-05-10,2026-05-10,3,7,51828.99,5182.90,3532.36,0.00,50178.45,WELCOME10,N,,2026-05-12 12:57:07
500878,ORD500878,100087,2026-05-05,2026-05-05 10:50:08,Marketplace,Returned,UPI,Partially Refunded,INR,Chennai,Tamil Nadu,Chennai,Tamil Nadu,600042,FC-DEL-01,Express,2026-05-08,2026-05-08,5,9,48393.82,2419.69,6201.12,0.00,52175.25,SAVE5,Y,,2026-05-05 11:40:08
501867,ORD501867,102009,2026-05-05,2026-05-05 13:53:16,Mobile App,Delivered,Wallet,Paid,INR,Hyderabad,Telangana,Hyderabad,Telangana,500081,FC-DEL-01,Standard,2026-05-10,2026-05-11,3,5,3715.47,0.00,244.02,0.00,3959.49,,Y,,2026-05-13 19:34:16
500440,ORD500440,101750,2026-05-06,2026-05-06 07:48:26,Website,Delivered,Debit Card,Pending,INR,Chennai,Tamil Nadu,Chennai,Tamil Nadu,600042,FC-HYD-01,Standard,2026-05-11,2026-05-11,5,12,96957.55,0.00,2369.43,0.00,99326.98,,N,,2026-05-06 08:06:26
501418,ORD501418,100108,2026-05-06,2026-05-06 09:22:04,Store Assisted,Delivered,Wallet,Paid,INR,Visakhapatnam,Andhra Pradesh,Visakhapatnam,Andhra Pradesh,530017,FC-DEL-01,Standard,2026-05-11,2026-05-13,5,12,311509.65,0.00,39944.73,0.00,351454.38,,N,,2026-05-11 16:24:04
502052,ORD502052,101271,2026-05-06,2026-05-06 10:39:38,Store Assisted,Delivered,Cash on Delivery,Paid,INR,Visakhapatnam,Andhra Pradesh,Bengaluru,Karnataka,560037,FC-CHE-01,Standard,2026-05-11,2026-05-11,1,1,981.79,0.00,117.81,90.00,1189.60,,Y,,2026-05-10 18:49:38
502053,ORD502053,100856,2026-05-06,2026-05-06 20:10:43,Store Assisted,Shipped,Wallet,Paid,INR,Hyderabad,Telangana,Visakhapatnam,Andhra Pradesh,530017,FC-BLR-01,Express,2026-05-09,,4,7,55431.00,0.00,7485.97,0.00,62916.97,,N,,2026-05-15 05:05:43
500155,ORD500155,100611,2026-05-07,2026-05-07 01:34:39,Website,Delivered,Credit Card,Paid,INR,Vijayawada,Andhra Pradesh,Vijayawada,Andhra Pradesh,520010,FC-DEL-01,Standard,2026-05-12,2026-05-12,2,5,68474.78,6847.48,158.63,0.00,61785.93,LOYALTY10,Y,,2026-05-14 08:08:39
500148,ORD500148,102027,2026-05-07,2026-05-07 23:19:28,Marketplace,Delivered,Credit Card,Paid,INR,Pune,Maharashtra,Visakhapatnam,Andhra Pradesh,530017,FC-BLR-01,Standard,2026-05-12,2026-05-13,5,12,35779.20,5366.88,3693.62,0.00,34105.94,FESTIVE15,Y,,2026-05-15 03:25:28
501210,ORD501210,102264,2026-05-08,2026-05-08 01:20:19,Marketplace,Returned,Cash on Delivery,Refunded,INR,Chennai,Tamil Nadu,Chennai,Tamil Nadu,600042,FC-DEL-01,Standard,2026-05-13,2026-05-13,1,4,1785.00,178.50,449.82,0.00,2056.32,LOYALTY10,N,,2026-05-16 02:05:19
500065,ORD500065,100521,2026-05-08,2026-05-08 01:47:14,Marketplace,Delivered,UPI,Paid,INR,Vijayawada,Andhra Pradesh,Vijayawada,Andhra Pradesh,520010,FC-CHE-01,Standard,2026-05-13,2026-05-13,2,3,82504.82,0.00,10615.28,0.00,93120.10,,N,,2026-05-16 07:36:14
501358,ORD501358,100524,2026-05-08,2026-05-08 02:27:23,Mobile App,Delivered,Credit Card,Paid,INR,Visakhapatnam,Andhra Pradesh,Visakhapatnam,Andhra Pradesh,530017,FC-CHE-01,Standard,2026-05-13,2026-05-13,4,13,148937.03,29787.41,27659.89,0.00,146809.51,APP20,N,,2026-05-16 04:43:23
502161,ORD502161,101657,2026-05-08,2026-05-08 03:32:36,Mobile App,Delivered,Net Banking,Paid,INR,Pune,Maharashtra,Pune,Maharashtra,411014,FC-HYD-01,Standard,2026-05-13,2026-05-13,1,1,44490.94,4449.09,7207.53,0.00,47249.38,LOYALTY10,N,,2026-05-14 04:06:36
501616,ORD501616,102003,2026-05-08,2026-05-08 05:30:29,Store Assisted,Delivered,Credit Card,Paid,INR,Bengaluru,Karnataka,Bengaluru,Karnataka,560037,FC-MUM-01,Express,2026-05-11,2026-05-10,3,8,79924.41,11988.66,6049.22,0.00,73984.97,FESTIVE15,N,,2026-05-13 09:26:29
500829,ORD500829,100269,2026-05-08,2026-05-08 21:45:48,Website,Delivered,Credit Card,Paid,INR,Secunderabad,Telangana,Secunderabad,Telangana,500003,FC-DEL-01,Standard,2026-05-13,2026-05-14,2,3,19360.89,0.00,5421.05,0.00,24781.94,,N,,2026-05-15 04:39:48
501713,ORD501713,101204,2026-05-09,2026-05-09 01:29:52,Marketplace,Cancelled,Credit Card,Failed,INR,Bengaluru,Karnataka,Bengaluru,Karnataka,560037,FC-HYD-01,Standard,2026-05-14,,2,5,44202.67,2210.13,2323.21,0.00,44315.75,SAVE5,N,Customer Request,2026-05-13 08:31:52
501776,ORD501776,101098,2026-05-09,2026-05-09 06:21:56,Marketplace,Delivered,Cash on Delivery,Paid,INR,Hyderabad,Telangana,Hyderabad,Telangana,500081,FC-HYD-01,Standard,2026-05-14,2026-05-14,5,11,159377.47,23906.62,19039.33,0.00,154510.18,FESTIVE15,Y,,2026-05-17 09:42:56
501312,ORD501312,101397,2026-05-09,2026-05-09 12:33:56,Store Assisted,Cancelled,Debit Card,Voided,INR,Pune,Maharashtra,Vijayawada,Andhra Pradesh,520010,FC-DEL-01,Standard,2026-05-14,,5,11,19463.47,1946.35,2034.27,0.00,19551.39,WELCOME10,N,Customer Request,2026-05-11 14:40:56
501409,ORD501409,101637,2026-05-09,2026-05-09 13:05:24,Marketplace,Delivered,Cash on Delivery,Paid,INR,Chennai,Tamil Nadu,Chennai,Tamil Nadu,600042,FC-DEL-01,Standard,2026-05-14,2026-05-14,1,1,1074.69,0.00,193.44,75.00,1343.13,,N,,2026-05-17 17:20:24
500175,ORD500175,101871,2026-05-09,2026-05-09 13:34:33,Website,Delivered,Credit Card,Paid,INR,Bengaluru,Karnataka,Bengaluru,Karnataka,560037,FC-MUM-01,Standard,2026-05-14,2026-05-16,1,2,2189.76,109.49,582.48,0.00,2662.75,SAVE5,N,,2026-05-12 13:46:33
502028,ORD502028,100895,2026-05-09,2026-05-09 16:40:00,Mobile App,Delivered,Cash on Delivery,Paid,INR,Vijayawada,Andhra Pradesh,Vijayawada,Andhra Pradesh,520010,FC-HYD-01,Standard,2026-05-14,2026-05-14,2,5,45946.82,4594.68,7002.30,0.00,48354.44,WELCOME10,Y,,2026-05-12 19:03:00
501287,ORD501287,101908,2026-05-09,2026-05-09 17:53:56,Marketplace,Delivered,Debit Card,Paid,INR,Delhi,Delhi,Delhi,Delhi,110017,FC-BLR-01,Standard,2026-05-14,2026-05-14,4,8,10207.11,2041.42,495.36,0.00,8661.05,APP20,N,,2026-05-10 21:26:56
501744,ORD501744,101263,2026-05-09,2026-05-09 20:16:02,Marketplace,Delivered,Wallet,Paid,INR,Pune,Maharashtra,Pune,Maharashtra,411014,FC-HYD-01,Express,2026-05-12,2026-05-13,3,9,54709.29,5470.93,6595.31,0.00,55833.67,LOYALTY10,Y,,2026-05-17 20:56:02
500771,ORD500771,100269,2026-05-10,2026-05-10 04:35:26,Website,Delivered,Net Banking,Paid,INR,Secunderabad,Telangana,Chennai,Tamil Nadu,600042,FC-BLR-01,Standard,2026-05-15,2026-05-16,3,9,13291.74,0.00,1186.36,0.00,14478.10,,Y,,2026-05-12 07:47:26
501215,ORD501215,101747,2026-05-10,2026-05-10 14:43:16,Store Assisted,Delivered,Wallet,Paid,INR,Vijayawada,Andhra Pradesh,Vijayawada,Andhra Pradesh,520010,FC-DEL-01,Standard,2026-05-15,2026-05-16,1,1,1438.41,143.84,233.02,50.00,1577.59,LOYALTY10,N,,2026-05-13 18:09:16
501111,ORD501111,100242,2026-05-10,2026-05-10 17:16:17,Mobile App,Shipped,Debit Card,Paid,INR,Secunderabad,Telangana,Secunderabad,Telangana,500003,FC-CHE-01,Express,2026-05-13,,3,9,34976.54,1748.83,5642.47,0.00,38870.18,SAVE5,N,,2026-05-11 00:06:17
500697,ORD500697,100027,2026-05-10,2026-05-10 18:23:43,Marketplace,Delivered,Credit Card,Paid,INR,Pune,Maharashtra,Pune,Maharashtra,411014,FC-BLR-01,Express,2026-05-13,2026-05-15,2,6,5646.02,0.00,738.12,0.00,6384.14,,N,,2026-05-12 02:44:43
500744,ORD500744,101593,2026-05-11,2026-05-11 04:40:48,Mobile App,Delivered,Net Banking,Paid,INR,Vijayawada,Andhra Pradesh,Vijayawada,Andhra Pradesh,520010,FC-CHE-01,Express,2026-05-14,2026-05-14,3,9,87519.77,0.00,10488.69,0.00,98008.46,,N,,2026-05-13 10:35:48
500838,ORD500838,100058,2026-05-11,2026-05-11 05:12:20,Marketplace,Delivered,Wallet,Paid,INR,Hyderabad,Telangana,Hyderabad,Telangana,500081,FC-BLR-01,Standard,2026-05-16,2026-05-15,4,9,39359.39,7871.88,5056.36,0.00,36543.87,APP20,N,,2026-05-13 07:19:20
500681,ORD500681,101542,2026-05-11,2026-05-11 07:03:51,Website,Delivered,Cash on Delivery,Paid,INR,Mumbai,Maharashtra,Mumbai,Maharashtra,400076,FC-DEL-01,Standard,2026-05-16,2026-05-17,5,7,18767.22,0.00,3170.77,0.00,21937.99,,N,,2026-05-18 08:44:51
500035,ORD500035,101367,2026-05-11,2026-05-11 07:52:37,Marketplace,Shipped,Wallet,Paid,INR,Visakhapatnam,Andhra Pradesh,Visakhapatnam,Andhra Pradesh,530017,FC-MUM-01,Standard,2026-05-16,,5,10,11620.85,1743.13,668.03,0.00,10545.75,FESTIVE15,Y,,2026-05-19 15:12:37
500322,ORD500322,101408,2026-05-11,2026-05-11 14:30:23,Website,Delivered,UPI,Paid,INR,Bengaluru,Karnataka,Bengaluru,Karnataka,560037,FC-DEL-01,Standard,2026-05-16,2026-05-16,3,6,8788.27,0.00,796.72,0.00,9584.99,,N,,2026-05-11 21:37:23
500706,ORD500706,100819,2026-05-11,2026-05-11 15:21:20,Website,Delivered,UPI,Paid,INR,Warangal,Telangana,Warangal,Telangana,506002,FC-MUM-01,Standard,2026-05-16,2026-05-18,4,9,120424.47,18063.67,17798.33,0.00,120159.13,FESTIVE15,Y,,2026-05-12 21:00:20
500967,ORD500967,100849,2026-05-11,2026-05-11 16:41:33,Store Assisted,Delivered,Credit Card,Paid,INR,Pune,Maharashtra,Hyderabad,Telangana,500081,FC-CHE-01,Same Day,2026-05-11,2026-05-10,2,6,90597.30,0.00,25190.14,0.00,115787.44,,N,,2026-05-13 19:33:33
500099,ORD500099,101860,2026-05-12,2026-05-12 06:48:31,Website,Returned,Wallet,Refunded,INR,Visakhapatnam,Andhra Pradesh,Visakhapatnam,Andhra Pradesh,530017,FC-HYD-01,Express,2026-05-15,2026-05-17,5,14,38271.31,5740.70,7293.96,0.00,39824.57,FESTIVE15,N,,2026-05-16 12:25:31
500518,ORD500518,101249,2026-05-13,2026-05-13 03:27:46,Website,Delivered,Wallet,Paid,INR,Hyderabad,Telangana,Hyderabad,Telangana,500081,FC-BLR-01,Standard,2026-05-18,2026-05-18,3,5,49855.93,4985.59,12161.30,0.00,57031.64,LOYALTY10,N,,2026-05-19 04:53:46
500895,ORD500895,101509,2026-05-13,2026-05-13 06:15:39,Website,Delivered,Net Banking,Pending,INR,Pune,Maharashtra,Pune,Maharashtra,411014,FC-HYD-01,Standard,2026-05-18,2026-05-18,2,4,3673.36,0.00,440.80,0.00,4114.16,,N,,2026-05-19 13:56:39
501367,ORD501367,101756,2026-05-13,2026-05-13 06:17:59,Marketplace,Cancelled,Cash on Delivery,Failed,INR,Chennai,Tamil Nadu,Chennai,Tamil Nadu,600042,FC-DEL-01,Standard,2026-05-18,,5,10,20773.57,1038.68,3551.23,0.00,23286.12,SAVE5,N,Duplicate Order,2026-05-18 10:47:59
501523,ORD501523,100178,2026-05-13,2026-05-13 13:03:07,Mobile App,Returned,Cash on Delivery,Partially Refunded,INR,Warangal,Telangana,Warangal,Telangana,506002,FC-MUM-01,Standard,2026-05-18,2026-05-18,4,11,65514.40,0.00,1431.49,0.00,66945.89,,N,,2026-05-21 13:37:07
500332,ORD500332,102092,2026-05-14,2026-05-14 07:32:51,Store Assisted,Returned,Credit Card,Refunded,INR,Hyderabad,Telangana,Hyderabad,Telangana,500081,FC-HYD-01,Standard,2026-05-19,2026-05-21,2,6,33183.02,0.00,1430.20,0.00,34613.22,,N,,2026-05-19 12:02:51
500799,ORD500799,100769,2026-05-14,2026-05-14 14:47:15,Marketplace,Delivered,UPI,Paid,INR,Hyderabad,Telangana,Vijayawada,Andhra Pradesh,520010,FC-CHE-01,Standard,2026-05-19,2026-05-21,4,11,74470.40,3723.52,12682.53,0.00,83429.41,SAVE5,Y,,2026-05-15 22:22:15
502231,ORD502231,101740,2026-05-14,2026-05-14 17:29:39,Store Assisted,Delivered,Credit Card,Paid,INR,Warangal,Telangana,Hyderabad,Telangana,500081,FC-CHE-01,Standard,2026-05-19,2026-05-19,1,2,377.22,0.00,0.00,75.00,452.22,,N,,2026-05-20 23:36:39
501114,ORD501114,102067,2026-05-14,2026-05-14 19:11:21,Marketplace,Shipped,Credit Card,Paid,INR,Delhi,Delhi,Delhi,Delhi,110017,FC-CHE-01,Express,2026-05-17,,5,12,95354.49,0.00,20199.24,0.00,115553.73,,Y,,2026-05-20 21:59:21
500844,ORD500844,102294,2026-05-15,2026-05-15 01:25:14,Website,Delivered,Wallet,Paid,INR,Pune,Maharashtra,Chennai,Tamil Nadu,600042,FC-CHE-01,Standard,2026-05-20,2026-05-20,3,5,111889.54,0.00,13899.07,0.00,125788.61,,N,,2026-05-15 08:52:14
501146,ORD501146,100692,2026-05-15,2026-05-15 09:49:09,Store Assisted,Delivered,Wallet,Paid,INR,Warangal,Telangana,Warangal,Telangana,506002,FC-DEL-01,Standard,2026-05-20,2026-05-20,5,11,126883.62,0.00,20697.03,0.00,147580.65,,N,,2026-05-18 14:28:09
501012,ORD501012,100827,2026-05-15,2026-05-15 16:13:41,Website,Delivered,Debit Card,Paid,INR,Visakhapatnam,Andhra Pradesh,Visakhapatnam,Andhra Pradesh,530017,FC-HYD-01,Express,2026-05-18,2026-05-19,2,4,24793.88,0.00,4407.09,0.00,29200.97,,N,,2026-05-18 00:59:41
502151,ORD502151,100477,2026-05-15,2026-05-15 21:48:03,Website,Delivered,Cash on Delivery,Pending,INR,Chennai,Tamil Nadu,Chennai,Tamil Nadu,600042,FC-HYD-01,Standard,2026-05-20,2026-05-21,2,7,48163.69,2408.18,8235.99,0.00,53991.50,SAVE5,N,,2026-05-19 21:59:03
501817,ORD501817,100303,2026-05-15,2026-05-15 23:18:34,Mobile App,Delivered,Net Banking,Paid,INR,Hyderabad,Telangana,Hyderabad,Telangana,500081,FC-HYD-01,Standard,2026-05-20,2026-05-20,2,7,26024.21,1301.21,2614.26,0.00,27337.26,SAVE5,N,,2026-05-19 04:14:34
501138,ORD501138,101311,2026-05-16,2026-05-16 07:20:13,Marketplace,Shipped,Debit Card,Pending,INR,Mumbai,Maharashtra,Mumbai,Maharashtra,400076,FC-CHE-01,Standard,2026-05-21,,4,11,21111.15,1055.56,3485.54,0.00,23541.13,SAVE5,N,,2026-05-21 11:23:13
500160,ORD500160,100279,2026-05-16,2026-05-16 11:29:03,Marketplace,Cancelled,Wallet,Voided,INR,Pune,Maharashtra,Pune,Maharashtra,411014,FC-HYD-01,Standard,2026-05-21,,4,10,155257.29,15525.73,808.47,0.00,140540.03,WELCOME10,N,Inventory Unavailable,2026-05-17 11:32:03
500824,ORD500824,102031,2026-05-16,2026-05-16 15:07:26,Store Assisted,Delivered,Wallet,Paid,INR,Warangal,Telangana,Warangal,Telangana,506002,FC-DEL-01,Standard,2026-05-21,2026-05-22,3,5,72595.27,3629.76,4770.09,0.00,73735.60,SAVE5,Y,,2026-05-24 21:18:26
500960,ORD500960,101219,2026-05-16,2026-05-16 22:54:46,Marketplace,Delivered,UPI,Paid,INR,Vijayawada,Andhra Pradesh,Vijayawada,Andhra Pradesh,520010,FC-MUM-01,Standard,2026-05-21,2026-05-20,4,9,68940.10,6894.01,11205.34,0.00,73251.43,LOYALTY10,N,,2026-05-24 05:52:46
501083,ORD501083,100102,2026-05-17,2026-05-17 01:33:48,Mobile App,Delivered,Debit Card,Paid,INR,Delhi,Delhi,Delhi,Delhi,110017,FC-MUM-01,Standard,2026-05-22,2026-05-22,3,7,5799.22,1159.84,463.66,0.00,5103.04,APP20,N,,2026-05-17 05:41:48
500344,ORD500344,100311,2026-05-17,2026-05-17 02:53:00,Marketplace,Delivered,Debit Card,Paid,INR,Secunderabad,Telangana,Secunderabad,Telangana,500003,FC-MUM-01,Standard,2026-05-22,2026-05-21,2,6,141666.42,21249.96,26530.34,0.00,146946.80,FESTIVE15,N,,2026-05-21 03:00:00
500004,ORD500004,102263,2026-05-17,2026-05-17 06:28:00,Marketplace,Delivered,Cash on Delivery,Paid,INR,Delhi,Delhi,Delhi,Delhi,110017,FC-MUM-01,Standard,2026-05-22,2026-05-22,1,1,13496.16,0.00,2429.31,0.00,15925.47,,N,,2026-05-21 09:24:00
501823,ORD501823,100756,2026-05-17,2026-05-17 07:44:56,Website,Delivered,UPI,Paid,INR,Mumbai,Maharashtra,Mumbai,Maharashtra,400076,FC-BLR-01,Same Day,2026-05-17,2026-05-19,2,3,11035.42,1655.31,1494.52,0.00,10874.63,FESTIVE15,N,,2026-05-24 13:27:56
502087,ORD502087,100195,2026-05-17,2026-05-17 11:08:58,Marketplace,Delivered,UPI,Paid,INR,Pune,Maharashtra,Pune,Maharashtra,411014,FC-BLR-01,Same Day,2026-05-17,2026-05-19,3,8,6884.95,0.00,1189.59,0.00,8074.54,,Y,,2026-05-18 15:23:58
502157,ORD502157,100931,2026-05-17,2026-05-17 14:07:01,Store Assisted,Delivered,Wallet,Paid,INR,Chennai,Tamil Nadu,Chennai,Tamil Nadu,600042,FC-CHE-01,Standard,2026-05-22,2026-05-21,5,14,90487.29,13573.09,2863.01,0.00,79777.21,FESTIVE15,Y,,2026-05-22 17:12:01
500926,ORD500926,100418,2026-05-17,2026-05-17 15:57:40,Mobile App,Delivered,Net Banking,Pending,INR,Secunderabad,Telangana,Secunderabad,Telangana,500003,FC-MUM-01,Standard,2026-05-22,2026-05-22,5,10,19022.07,2853.31,2683.35,0.00,18852.11,FESTIVE15,N,,2026-05-19 00:51:40
501236,ORD501236,100795,2026-05-18,2026-05-18 19:51:08,Store Assisted,Delivered,Credit Card,Paid,INR,Hyderabad,Telangana,Hyderabad,Telangana,500081,FC-DEL-01,Standard,2026-05-23,2026-05-23,1,3,40488.48,0.00,7287.93,0.00,47776.41,,Y,,2026-05-21 04:16:08
501878,ORD501878,102232,2026-05-18,2026-05-18 20:21:18,Store Assisted,Delivered,Credit Card,Paid,INR,Bengaluru,Karnataka,Bengaluru,Karnataka,560037,FC-CHE-01,Express,2026-05-21,2026-05-21,5,18,170673.97,17067.40,23801.42,0.00,177407.99,WELCOME10,Y,,2026-05-19 20:57:18
501214,ORD501214,100556,2026-05-19,2026-05-19 09:31:49,Store Assisted,Delivered,Credit Card,Paid,INR,Vijayawada,Andhra Pradesh,Vijayawada,Andhra Pradesh,520010,FC-CHE-01,Express,2026-05-22,2026-05-22,5,8,28325.14,4248.77,2782.03,0.00,26858.40,FESTIVE15,Y,,2026-05-19 10:27:49
501361,ORD501361,101770,2026-05-19,2026-05-19 14:51:36,Website,Returned,Cash on Delivery,Partially Refunded,INR,Pune,Maharashtra,Pune,Maharashtra,411014,FC-DEL-01,Standard,2026-05-24,2026-05-24,1,2,2149.38,322.41,328.85,0.00,2155.82,FESTIVE15,N,,2026-05-20 23:27:36
501470,ORD501470,100528,2026-05-20,2026-05-20 09:38:50,Mobile App,Delivered,Credit Card,Paid,INR,Delhi,Delhi,Delhi,Delhi,110017,FC-MUM-01,Standard,2026-05-25,2026-05-25,5,11,149024.77,0.00,29244.58,0.00,178269.35,,N,,2026-05-24 17:13:50
502069,ORD502069,100678,2026-05-20,2026-05-20 10:47:57,Website,Delivered,UPI,Paid,INR,Vijayawada,Andhra Pradesh,Bengaluru,Karnataka,560037,FC-DEL-01,Standard,2026-05-25,2026-05-25,4,11,87000.86,8700.09,9576.71,0.00,87877.48,WELCOME10,N,,2026-05-27 13:49:57
500673,ORD500673,101049,2026-05-20,2026-05-20 16:02:59,Store Assisted,Delivered,Debit Card,Paid,INR,Chennai,Tamil Nadu,Chennai,Tamil Nadu,600042,FC-CHE-01,Standard,2026-05-25,2026-05-26,1,3,29038.89,0.00,3484.67,0.00,32523.56,,Y,,2026-05-26 20:51:59
500068,ORD500068,100161,2026-05-21,2026-05-21 02:00:26,Website,Delivered,Cash on Delivery,Paid,INR,Secunderabad,Telangana,Secunderabad,Telangana,500003,FC-DEL-01,Express,2026-05-24,2026-05-24,5,13,24522.50,0.00,1857.67,0.00,26380.17,,N,,2026-05-25 09:49:26
500625,ORD500625,101336,2026-05-21,2026-05-21 03:43:03,Mobile App,Delivered,Wallet,Paid,INR,Warangal,Telangana,Warangal,Telangana,506002,FC-HYD-01,Same Day,2026-05-21,2026-05-22,4,10,46311.99,4631.20,10240.84,0.00,51921.63,LOYALTY10,N,,2026-05-25 11:09:03
500556,ORD500556,101285,2026-05-21,2026-05-21 06:16:29,Mobile App,Delivered,Credit Card,Paid,INR,Secunderabad,Telangana,Secunderabad,Telangana,500003,FC-HYD-01,Standard,2026-05-26,2026-05-28,5,10,50782.17,2539.11,5235.48,0.00,53478.54,SAVE5,N,,2026-05-22 07:44:29
501989,ORD501989,102084,2026-05-21,2026-05-21 07:17:51,Mobile App,Delivered,Credit Card,Paid,INR,Delhi,Delhi,Delhi,Delhi,110017,FC-MUM-01,Express,2026-05-24,2026-05-24,5,13,34310.67,3431.07,2443.90,0.00,33323.50,WELCOME10,N,,2026-05-22 13:30:51
501412,ORD501412,100618,2026-05-21,2026-05-21 17:07:37,Website,Delivered,Wallet,Paid,INR,Vijayawada,Andhra Pradesh,Vijayawada,Andhra Pradesh,520010,FC-BLR-01,Standard,2026-05-26,2026-05-25,4,9,80723.07,8072.31,4902.90,0.00,77553.66,LOYALTY10,N,,2026-05-21 19:29:37
500176,ORD500176,100113,2026-05-22,2026-05-22 00:55:19,Marketplace,Delivered,Cash on Delivery,Paid,INR,Secunderabad,Telangana,Secunderabad,Telangana,500003,FC-CHE-01,Same Day,2026-05-22,2026-05-21,4,14,13470.82,0.00,2326.38,0.00,15797.20,,N,,2026-05-22 09:20:19
501774,ORD501774,101287,2026-05-22,2026-05-22 07:36:44,Marketplace,Delivered,Net Banking,Paid,INR,Warangal,Telangana,Warangal,Telangana,506002,FC-DEL-01,Standard,2026-05-27,2026-05-27,1,1,362.24,36.22,16.30,40.00,382.32,LOYALTY10,N,,2026-05-22 10:10:44
500718,ORD500718,101102,2026-05-22,2026-05-22 10:44:07,Website,Cancelled,Credit Card,Refunded,INR,Pune,Maharashtra,Pune,Maharashtra,411014,FC-CHE-01,Standard,2026-05-27,,5,13,82746.70,0.00,6507.22,0.00,89253.92,,Y,Payment Failure,2026-05-22 14:41:07
500910,ORD500910,100891,2026-05-22,2026-05-22 10:54:09,Marketplace,Delivered,Cash on Delivery,Paid,INR,Pune,Maharashtra,Pune,Maharashtra,411014,FC-HYD-01,Standard,2026-05-27,2026-05-28,1,4,56150.36,0.00,0.00,0.00,56150.36,,Y,,2026-05-27 14:47:09
500325,ORD500325,102032,2026-05-22,2026-05-22 12:14:15,Website,Delivered,Credit Card,Paid,INR,Vijayawada,Andhra Pradesh,Vijayawada,Andhra Pradesh,520010,FC-MUM-01,Same Day,2026-05-22,2026-05-22,5,9,91601.92,0.00,9839.61,0.00,101441.53,,N,,2026-05-24 14:29:15
501511,ORD501511,101823,2026-05-23,2026-05-23 07:53:08,Website,Delivered,Wallet,Paid,INR,Delhi,Delhi,Visakhapatnam,Andhra Pradesh,530017,FC-BLR-01,Standard,2026-05-28,2026-05-29,3,8,5401.36,540.14,524.34,0.00,5385.56,WELCOME10,N,,2026-05-28 14:55:08
501525,ORD501525,101867,2026-05-23,2026-05-23 09:56:33,Marketplace,Delivered,Net Banking,Paid,INR,Chennai,Tamil Nadu,Chennai,Tamil Nadu,600042,FC-BLR-01,Standard,2026-05-28,2026-05-27,5,14,131715.82,0.00,34538.24,0.00,166254.06,,N,,2026-05-24 12:44:33
500646,ORD500646,100625,2026-05-23,2026-05-23 21:28:46,Website,Delivered,UPI,Paid,INR,Vijayawada,Andhra Pradesh,Vijayawada,Andhra Pradesh,520010,FC-MUM-01,Standard,2026-05-28,2026-05-27,1,2,29247.02,0.00,0.00,0.00,29247.02,,N,,2026-05-25 04:21:46
501888,ORD501888,100350,2026-05-24,2026-05-24 04:58:16,Store Assisted,Delivered,Net Banking,Paid,INR,Vijayawada,Andhra Pradesh,Vijayawada,Andhra Pradesh,520010,FC-MUM-01,Standard,2026-05-29,2026-05-30,3,6,3451.88,345.19,297.04,0.00,3403.73,WELCOME10,N,,2026-05-29 12:35:16
502133,ORD502133,100344,2026-05-24,2026-05-24 15:36:22,Website,Delivered,Credit Card,Paid,INR,Chennai,Tamil Nadu,Chennai,Tamil Nadu,600042,FC-MUM-01,Express,2026-05-27,2026-05-29,1,2,1857.82,0.00,92.89,0.00,1950.71,,N,,2026-05-29 19:40:22
501737,ORD501737,100404,2026-05-25,2026-05-25 00:15:26,Mobile App,Delivered,Credit Card,Paid,INR,Delhi,Delhi,Chennai,Tamil Nadu,600042,FC-HYD-01,Standard,2026-05-30,2026-05-30,5,13,289164.55,57832.91,23399.40,0.00,254731.04,APP20,N,,2026-05-28 01:10:26
502384,ORD502384,101170,2026-05-25,2026-05-25 10:13:15,Store Assisted,Delivered,Credit Card,Paid,INR,Delhi,Delhi,Delhi,Delhi,110017,FC-CHE-01,Standard,2026-05-30,2026-05-30,5,10,120125.48,12012.55,6884.79,0.00,114997.72,LOYALTY10,N,,2026-06-02 15:59:15
500320,ORD500320,100637,2026-05-25,2026-05-25 23:05:15,Marketplace,Returned,Cash on Delivery,Refunded,INR,Vijayawada,Andhra Pradesh,Vijayawada,Andhra Pradesh,520010,FC-DEL-01,Standard,2026-05-30,2026-05-30,2,7,56170.21,11234.04,2178.16,0.00,47114.33,APP20,Y,,2026-06-03 01:04:15
500642,ORD500642,100868,2026-05-26,2026-05-26 17:12:47,Mobile App,Delivered,Debit Card,Paid,INR,Chennai,Tamil Nadu,Chennai,Tamil Nadu,600042,FC-DEL-01,Standard,2026-05-31,2026-06-02,1,1,12921.98,1292.20,1395.57,0.00,13025.35,LOYALTY10,N,,2026-06-01 19:48:47
501718,ORD501718,101832,2026-05-26,2026-05-26 19:51:04,Mobile App,Delivered,Net Banking,Paid,INR,Visakhapatnam,Andhra Pradesh,Pune,Maharashtra,411014,FC-MUM-01,Standard,2026-05-31,2026-05-30,3,11,11006.90,2201.38,377.01,0.00,9182.53,APP20,N,,2026-06-02 01:40:04
500106,ORD500106,101788,2026-05-27,2026-05-27 01:02:17,Mobile App,Cancelled,Net Banking,Failed,INR,Visakhapatnam,Andhra Pradesh,Visakhapatnam,Andhra Pradesh,530017,FC-HYD-01,Standard,2026-06-01,,4,8,10562.99,0.00,1842.43,0.00,12405.42,,N,Duplicate Order,2026-06-04 06:48:17
501353,ORD501353,100592,2026-05-27,2026-05-27 06:27:39,Website,Delivered,Cash on Delivery,Paid,INR,Warangal,Telangana,Warangal,Telangana,506002,FC-HYD-01,Standard,2026-06-01,2026-06-01,1,4,32996.92,0.00,5939.45,0.00,38936.37,,N,,2026-05-31 11:51:39
500057,ORD500057,102218,2026-05-27,2026-05-27 12:28:52,Mobile App,Delivered,Credit Card,Paid,INR,Chennai,Tamil Nadu,Chennai,Tamil Nadu,600042,FC-CHE-01,Express,2026-05-30,2026-05-30,3,3,56453.74,8468.06,8534.88,0.00,56520.56,FESTIVE15,N,,2026-06-02 18:58:52
502048,ORD502048,101711,2026-05-27,2026-05-27 19:01:58,Marketplace,Delivered,Net Banking,Paid,INR,Mumbai,Maharashtra,Warangal,Telangana,506002,FC-BLR-01,Standard,2026-06-01,2026-06-01,5,14,108573.62,0.00,18984.11,0.00,127557.73,,N,,2026-06-05 02:14:58
502205,ORD502205,100698,2026-05-28,2026-05-28 00:25:16,Website,Delivered,Wallet,Paid,INR,Hyderabad,Telangana,Hyderabad,Telangana,500081,FC-CHE-01,Express,2026-05-31,2026-05-30,2,6,64315.83,6431.58,7207.87,0.00,65092.12,LOYALTY10,N,,2026-06-04 06:16:16
502307,ORD502307,100842,2026-05-28,2026-05-28 12:46:46,Marketplace,Delivered,UPI,Paid,INR,Pune,Maharashtra,Pune,Maharashtra,411014,FC-BLR-01,Express,2026-05-31,2026-06-02,2,3,2471.26,0.00,337.85,0.00,2809.11,,N,,2026-06-03 16:49:46
502347,ORD502347,100102,2026-05-28,2026-05-28 16:28:08,Marketplace,Delivered,UPI,Paid,INR,Delhi,Delhi,Delhi,Delhi,110017,FC-HYD-01,Standard,2026-06-02,2026-06-04,5,7,150206.39,0.00,21987.84,0.00,172194.23,,N,,2026-06-01 18:12:08
501492,ORD501492,100283,2026-05-29,2026-05-29 05:06:55,Store Assisted,Delivered,Debit Card,Paid,INR,Hyderabad,Telangana,Hyderabad,Telangana,500081,FC-CHE-01,Same Day,2026-05-29,2026-05-31,1,1,2057.68,0.00,370.38,0.00,2428.06,,N,,2026-06-05 06:19:55
501847,ORD501847,100070,2026-05-29,2026-05-29 16:23:36,Store Assisted,Delivered,Debit Card,Paid,INR,Mumbai,Maharashtra,Secunderabad,Telangana,500003,FC-DEL-01,Express,2026-06-01,2026-06-02,5,16,35447.02,1772.35,5959.35,0.00,39634.02,SAVE5,N,,2026-06-04 18:48:36
501980,ORD501980,101836,2026-05-30,2026-05-30 07:09:36,Marketplace,Delivered,Cash on Delivery,Paid,INR,Chennai,Tamil Nadu,Chennai,Tamil Nadu,600042,FC-BLR-01,Standard,2026-06-04,2026-06-03,3,8,7556.18,1511.24,975.28,0.00,7020.22,APP20,N,,2026-05-30 07:20:36
501173,ORD501173,101609,2026-05-30,2026-05-30 10:57:15,Marketplace,Delivered,Net Banking,Paid,INR,Mumbai,Maharashtra,Mumbai,Maharashtra,400076,FC-HYD-01,Standard,2026-06-04,2026-06-04,3,10,97966.56,0.00,15067.63,0.00,113034.19,,N,,2026-06-02 14:44:15
501331,ORD501331,100482,2026-05-30,2026-05-30 10:59:02,Website,Delivered,Credit Card,Paid,INR,Vijayawada,Andhra Pradesh,Delhi,Delhi,110017,FC-MUM-01,Standard,2026-06-04,2026-06-05,5,10,73023.56,10953.53,4777.41,0.00,66847.44,FESTIVE15,Y,,2026-06-06 11:13:02
500759,ORD500759,102194,2026-05-30,2026-05-30 15:56:13,Mobile App,Delivered,Debit Card,Paid,INR,Mumbai,Maharashtra,Mumbai,Maharashtra,400076,FC-DEL-01,Standard,2026-06-04,2026-06-06,1,2,1403.94,0.00,0.00,75.00,1478.94,,N,,2026-06-04 22:22:13
500677,ORD500677,102007,2026-05-30,2026-05-30 18:05:10,Mobile App,Cancelled,Cash on Delivery,Failed,INR,Mumbai,Maharashtra,Mumbai,Maharashtra,400076,FC-MUM-01,Standard,2026-06-04,,1,1,34006.18,0.00,6121.11,0.00,40127.29,,N,Inventory Unavailable,2026-06-06 21:59:10
500407,ORD500407,100910,2026-05-31,2026-05-31 12:30:34,Store Assisted,Returned,Credit Card,Refunded,INR,Pune,Maharashtra,Pune,Maharashtra,411014,FC-HYD-01,Standard,2026-06-05,2026-06-04,5,13,196116.72,19611.67,39974.02,0.00,216479.07,LOYALTY10,N,,2026-06-02 20:48:34
501921,ORD501921,100485,2026-05-31,2026-05-31 17:00:24,Store Assisted,Delivered,Net Banking,Pending,INR,Secunderabad,Telangana,Secunderabad,Telangana,500003,FC-MUM-01,Express,2026-06-03,2026-06-03,1,2,3770.00,754.00,150.80,0.00,3166.80,APP20,Y,,2026-06-09 00:50:24
500591,ORD500591,102213,2026-06-01,2026-06-01 14:56:23,Marketplace,Delivered,Net Banking,Paid,INR,Vijayawada,Andhra Pradesh,Vijayawada,Andhra Pradesh,520010,FC-MUM-01,Standard,2026-06-06,2026-06-06,4,8,54009.57,0.00,6595.56,0.00,60605.13,,Y,,2026-06-02 22:07:23
500849,ORD500849,100872,2026-06-03,2026-06-03 05:51:45,Mobile App,Delivered,Net Banking,Paid,INR,Hyderabad,Telangana,Hyderabad,Telangana,500081,FC-HYD-01,Standard,2026-06-08,2026-06-09,5,12,36839.51,7367.90,3622.10,0.00,33093.71,APP20,N,,2026-06-03 11:54:45
501932,ORD501932,101948,2026-06-03,2026-06-03 23:13:32,Mobile App,Delivered,Cash on Delivery,Paid,INR,Secunderabad,Telangana,Secunderabad,Telangana,500003,FC-DEL-01,Standard,2026-06-08,2026-06-10,4,12,165187.68,0.00,38802.16,0.00,203989.84,,N,,2026-06-08 23:31:32
501875,ORD501875,100082,2026-06-04,2026-06-04 08:43:50,Store Assisted,Delivered,Cash on Delivery,Paid,INR,Chennai,Tamil Nadu,Chennai,Tamil Nadu,600042,FC-BLR-01,Standard,2026-06-09,2026-06-10,4,11,9251.23,925.12,1200.09,0.00,9526.20,LOYALTY10,N,,2026-06-10 15:01:50
501757,ORD501757,101547,2026-06-04,2026-06-04 15:12:33,Store Assisted,Delivered,Net Banking,Paid,INR,Warangal,Telangana,Warangal,Telangana,506002,FC-BLR-01,Standard,2026-06-09,2026-06-11,5,11,72969.75,7296.98,12797.76,0.00,78470.53,LOYALTY10,Y,,2026-06-11 21:16:33
501155,ORD501155,100871,2026-06-04,2026-06-04 19:49:40,Store Assisted,Delivered,Cash on Delivery,Paid,INR,Delhi,Delhi,Hyderabad,Telangana,500081,FC-CHE-01,Standard,2026-06-09,2026-06-11,2,5,100213.64,0.00,81.31,0.00,100294.95,,N,,2026-06-07 21:41:40
501037,ORD501037,100370,2026-06-04,2026-06-04 20:03:45,Marketplace,Delivered,UPI,Paid,INR,Bengaluru,Karnataka,Bengaluru,Karnataka,560037,FC-BLR-01,Standard,2026-06-09,2026-06-10,1,3,49691.67,0.00,2484.58,0.00,52176.25,,N,,2026-06-13 01:17:45
500899,ORD500899,102269,2026-06-05,2026-06-05 07:09:50,Store Assisted,Delivered,Cash on Delivery,Paid,INR,Secunderabad,Telangana,Secunderabad,Telangana,500003,FC-CHE-01,Standard,2026-06-10,2026-06-10,2,4,37282.63,3728.26,5728.46,0.00,39282.83,WELCOME10,N,,2026-06-12 13:43:50
500283,ORD500283,101287,2026-06-05,2026-06-05 07:59:30,Store Assisted,Delivered,Credit Card,Paid,INR,Warangal,Telangana,Warangal,Telangana,506002,FC-HYD-01,Standard,2026-06-10,2026-06-10,4,11,32677.65,0.00,710.24,0.00,33387.89,,Y,,2026-06-05 10:28:30
500394,ORD500394,102273,2026-06-05,2026-06-05 13:58:33,Marketplace,Delivered,Cash on Delivery,Paid,INR,Visakhapatnam,Andhra Pradesh,Visakhapatnam,Andhra Pradesh,530017,FC-MUM-01,Express,2026-06-08,2026-06-09,4,8,89818.17,17963.63,2217.05,0.00,74071.59,APP20,N,,2026-06-13 20:53:33
501244,ORD501244,100570,2026-06-05,2026-06-05 19:09:28,Marketplace,Delivered,Credit Card,Paid,INR,Warangal,Telangana,Warangal,Telangana,506002,FC-HYD-01,Standard,2026-06-10,2026-06-12,1,2,86187.10,8618.71,9308.21,0.00,86876.60,WELCOME10,N,,2026-06-06 20:35:28
500162,ORD500162,101384,2026-06-05,2026-06-05 20:14:52,Store Assisted,Delivered,UPI,Paid,INR,Visakhapatnam,Andhra Pradesh,Visakhapatnam,Andhra Pradesh,530017,FC-BLR-01,Standard,2026-06-10,2026-06-11,3,7,6444.61,644.46,997.91,0.00,6798.06,WELCOME10,N,,2026-06-13 20:30:52
500007,ORD500007,101879,2026-06-05,2026-06-05 20:36:05,Mobile App,Shipped,UPI,Paid,INR,Secunderabad,Telangana,Secunderabad,Telangana,500003,FC-DEL-01,Same Day,2026-06-05,,2,5,92312.32,18462.46,9646.01,0.00,83495.87,APP20,N,,2026-06-07 01:31:05
500183,ORD500183,101151,2026-06-06,2026-06-06 02:51:06,Website,Cancelled,Net Banking,Refunded,INR,Chennai,Tamil Nadu,Chennai,Tamil Nadu,600042,FC-CHE-01,Express,2026-06-09,,3,10,7628.04,0.00,431.65,0.00,8059.69,,N,Customer Request,2026-06-12 03:12:06
500159,ORD500159,102145,2026-06-07,2026-06-07 08:32:55,Store Assisted,Delivered,UPI,Paid,INR,Bengaluru,Karnataka,Bengaluru,Karnataka,560037,FC-BLR-01,Standard,2026-06-12,2026-06-13,3,6,33421.48,0.00,8876.83,0.00,42298.31,,N,,2026-06-13 13:07:55
501135,ORD501135,102173,2026-06-07,2026-06-07 22:01:31,Marketplace,Delivered,Wallet,Paid,INR,Chennai,Tamil Nadu,Chennai,Tamil Nadu,600042,FC-MUM-01,Standard,2026-06-12,2026-06-14,5,11,94395.94,9439.59,16840.99,0.00,101797.34,WELCOME10,N,,2026-06-09 04:05:31
501422,ORD501422,100413,2026-06-07,2026-06-07 22:16:56,Store Assisted,Delivered,Debit Card,Paid,INR,Delhi,Delhi,Delhi,Delhi,110017,FC-HYD-01,Express,2026-06-10,2026-06-10,1,3,84652.74,4232.64,22517.63,0.00,102937.73,SAVE5,Y,,2026-06-14 22:50:56
500731,ORD500731,102043,2026-06-08,2026-06-08 05:54:04,Marketplace,Cancelled,Cash on Delivery,Refunded,INR,Mumbai,Maharashtra,Pune,Maharashtra,411014,FC-MUM-01,Standard,2026-06-13,,4,7,125835.82,0.00,33711.43,0.00,159547.25,,N,Duplicate Order,2026-06-11 14:34:04
501218,ORD501218,100314,2026-06-08,2026-06-08 05:58:27,Website,Shipped,Wallet,Paid,INR,Visakhapatnam,Andhra Pradesh,Visakhapatnam,Andhra Pradesh,530017,FC-CHE-01,Standard,2026-06-13,,5,16,23208.64,2320.86,3273.26,0.00,24161.04,WELCOME10,N,,2026-06-13 13:48:27
502293,ORD502293,100890,2026-06-08,2026-06-08 06:01:56,Website,Delivered,Cash on Delivery,Paid,INR,Secunderabad,Telangana,Secunderabad,Telangana,500003,FC-CHE-01,Standard,2026-06-13,2026-06-13,1,3,3009.12,601.82,0.00,0.00,2407.30,APP20,Y,,2026-06-10 06:37:56
500842,ORD500842,100673,2026-06-08,2026-06-08 08:09:47,Store Assisted,Delivered,Net Banking,Paid,INR,Warangal,Telangana,Warangal,Telangana,506002,FC-MUM-01,Standard,2026-06-13,2026-06-13,2,4,27809.04,1390.45,3170.23,0.00,29588.82,SAVE5,N,,2026-06-16 15:24:47
501491,ORD501491,102280,2026-06-08,2026-06-08 12:09:08,Website,Cancelled,Cash on Delivery,Failed,INR,Secunderabad,Telangana,Secunderabad,Telangana,500003,FC-BLR-01,Express,2026-06-11,,4,9,21322.44,2132.24,3770.22,0.00,22960.42,WELCOME10,Y,Payment Failure,2026-06-13 16:50:08
502079,ORD502079,102067,2026-06-08,2026-06-08 23:46:43,Marketplace,Cancelled,UPI,Voided,INR,Delhi,Delhi,Delhi,Delhi,110017,FC-CHE-01,Standard,2026-06-13,,2,4,8474.58,847.46,1034.21,0.00,8661.33,WELCOME10,N,Duplicate Order,2026-06-12 03:16:43
500586,ORD500586,100568,2026-06-09,2026-06-09 00:02:24,Marketplace,Delivered,Cash on Delivery,Paid,INR,Visakhapatnam,Andhra Pradesh,Visakhapatnam,Andhra Pradesh,530017,FC-MUM-01,Same Day,2026-06-09,2026-06-10,5,12,121108.35,18166.25,7397.54,0.00,110339.64,FESTIVE15,N,,2026-06-14 00:46:24
502150,ORD502150,101557,2026-06-09,2026-06-09 03:19:28,Store Assisted,Delivered,Net Banking,Paid,INR,Bengaluru,Karnataka,Bengaluru,Karnataka,560037,FC-BLR-01,Standard,2026-06-14,2026-06-13,3,5,65495.76,0.00,16216.26,0.00,81712.02,,N,,2026-06-10 04:28:28
502291,ORD502291,101430,2026-06-09,2026-06-09 07:23:47,Website,Delivered,Credit Card,Pending,INR,Pune,Maharashtra,Pune,Maharashtra,411014,FC-MUM-01,Standard,2026-06-14,2026-06-15,1,1,217.82,10.89,0.00,90.00,296.93,SAVE5,Y,,2026-06-10 10:42:47
502021,ORD502021,101696,2026-06-09,2026-06-09 15:47:00,Store Assisted,Delivered,Debit Card,Paid,INR,Warangal,Telangana,Warangal,Telangana,506002,FC-MUM-01,Standard,2026-06-14,2026-06-14,5,11,104546.10,20909.22,13610.48,0.00,97247.36,APP20,Y,,2026-06-12 23:47:00
502140,ORD502140,100751,2026-06-09,2026-06-09 18:29:14,Marketplace,Delivered,Net Banking,Paid,INR,Secunderabad,Telangana,Secunderabad,Telangana,500003,FC-HYD-01,Standard,2026-06-14,2026-06-13,1,1,14623.51,0.00,0.00,0.00,14623.51,,N,,2026-06-15 21:29:14
500422,ORD500422,100495,2026-06-09,2026-06-09 21:45:38,Marketplace,Cancelled,Credit Card,Refunded,INR,Chennai,Tamil Nadu,Chennai,Tamil Nadu,600042,FC-BLR-01,Express,2026-06-12,,5,12,85794.76,8579.48,4242.33,0.00,81457.61,WELCOME10,Y,Duplicate Order,2026-06-17 00:06:38
501265,ORD501265,102296,2026-06-10,2026-06-10 00:51:59,Store Assisted,Delivered,Cash on Delivery,Paid,INR,Chennai,Tamil Nadu,Chennai,Tamil Nadu,600042,FC-DEL-01,Standard,2026-06-15,2026-06-16,5,15,95836.55,0.00,5731.03,0.00,101567.58,,N,,2026-06-17 06:38:59
500740,ORD500740,102146,2026-06-10,2026-06-10 03:04:56,Mobile App,Delivered,Credit Card,Paid,INR,Bengaluru,Karnataka,Bengaluru,Karnataka,560037,FC-HYD-01,Standard,2026-06-15,2026-06-16,5,8,97095.00,19419.00,15695.32,0.00,93371.32,APP20,N,,2026-06-17 05:33:56
502289,ORD502289,101156,2026-06-10,2026-06-10 06:59:05,Mobile App,Delivered,UPI,Paid,INR,Vijayawada,Andhra Pradesh,Vijayawada,Andhra Pradesh,520010,FC-HYD-01,Express,2026-06-13,2026-06-13,3,8,47051.19,4705.12,1470.93,0.00,43817.00,LOYALTY10,Y,,2026-06-17 14:33:05
501153,ORD501153,101788,2026-06-10,2026-06-10 11:15:19,Store Assisted,Delivered,Wallet,Paid,INR,Visakhapatnam,Andhra Pradesh,Visakhapatnam,Andhra Pradesh,530017,FC-DEL-01,Express,2026-06-13,2026-06-13,5,9,129406.61,0.00,891.01,0.00,130297.62,,N,,2026-06-12 14:50:19
500879,ORD500879,102211,2026-06-10,2026-06-10 11:42:29,Marketplace,Delivered,Wallet,Paid,INR,Bengaluru,Karnataka,Bengaluru,Karnataka,560037,FC-BLR-01,Standard,2026-06-15,2026-06-16,3,11,69355.60,13871.12,7311.98,0.00,62796.46,APP20,N,,2026-06-15 18:22:29
501620,ORD501620,100009,2026-06-10,2026-06-10 15:02:23,Store Assisted,Delivered,Credit Card,Paid,INR,Vijayawada,Andhra Pradesh,Bengaluru,Karnataka,560037,FC-DEL-01,Standard,2026-06-15,2026-06-14,1,2,1736.24,86.81,461.84,0.00,2111.27,SAVE5,N,,2026-06-13 15:13:23
500790,ORD500790,101270,2026-06-11,2026-06-11 08:40:23,Website,Delivered,UPI,Paid,INR,Chennai,Tamil Nadu,Chennai,Tamil Nadu,600042,FC-HYD-01,Express,2026-06-14,2026-06-14,2,5,4367.06,436.71,319.28,0.00,4249.63,WELCOME10,Y,,2026-06-17 15:19:23
500921,ORD500921,100126,2026-06-11,2026-06-11 18:25:29,Store Assisted,Delivered,UPI,Paid,INR,Chennai,Tamil Nadu,Chennai,Tamil Nadu,600042,FC-DEL-01,Express,2026-06-14,2026-06-14,2,3,11840.51,1184.05,2709.35,0.00,13365.81,LOYALTY10,Y,,2026-06-13 01:15:29
501907,ORD501907,101072,2026-06-12,2026-06-12 07:17:47,Website,Cancelled,Net Banking,Voided,INR,Warangal,Telangana,Warangal,Telangana,506002,FC-BLR-01,Express,2026-06-15,,3,6,35075.02,0.00,5845.61,0.00,40920.63,,N,Customer Request,2026-06-20 08:08:47
502163,ORD502163,100222,2026-06-12,2026-06-12 07:43:27,Website,Shipped,Net Banking,Paid,INR,Mumbai,Maharashtra,Mumbai,Maharashtra,400076,FC-HYD-01,Same Day,2026-06-12,,3,8,49807.98,4980.80,2448.58,0.00,47275.76,WELCOME10,Y,,2026-06-12 13:09:27
502129,ORD502129,100286,2026-06-12,2026-06-12 09:49:15,Website,Returned,Net Banking,Partially Refunded,INR,Hyderabad,Telangana,Hyderabad,Telangana,500081,FC-MUM-01,Express,2026-06-15,2026-06-16,3,7,84155.08,16831.02,3518.76,0.00,70842.82,APP20,N,,2026-06-19 11:37:15
500056,ORD500056,101781,2026-06-12,2026-06-12 12:13:30,Marketplace,Shipped,UPI,Paid,INR,Visakhapatnam,Andhra Pradesh,Visakhapatnam,Andhra Pradesh,530017,FC-MUM-01,Standard,2026-06-17,,2,6,78474.27,7847.43,14233.47,0.00,84860.31,LOYALTY10,N,,2026-06-12 18:01:30
501029,ORD501029,101419,2026-06-12,2026-06-12 21:14:16,Website,Cancelled,Cash on Delivery,Failed,INR,Vijayawada,Andhra Pradesh,Vijayawada,Andhra Pradesh,520010,FC-CHE-01,Standard,2026-06-17,,4,10,55722.88,5572.29,5987.89,0.00,56138.48,WELCOME10,N,Inventory Unavailable,2026-06-19 01:55:16
500856,ORD500856,100392,2026-06-12,2026-06-12 22:03:34,Website,Delivered,Credit Card,Paid,INR,Mumbai,Maharashtra,Mumbai,Maharashtra,400076,FC-DEL-01,Standard,2026-06-17,2026-06-17,1,2,39645.60,5946.84,4043.85,0.00,37742.61,FESTIVE15,Y,,2026-06-14 00:25:34
501209,ORD501209,102133,2026-06-13,2026-06-13 00:06:54,Website,Delivered,Debit Card,Paid,INR,Mumbai,Maharashtra,Mumbai,Maharashtra,400076,FC-HYD-01,Standard,2026-06-18,2026-06-19,4,10,184342.22,27651.33,18589.82,0.00,175280.71,FESTIVE15,N,,2026-06-21 03:34:54
502040,ORD502040,102121,2026-06-13,2026-06-13 05:23:48,Marketplace,Delivered,UPI,Paid,INR,Mumbai,Maharashtra,Mumbai,Maharashtra,400076,FC-HYD-01,Standard,2026-06-18,2026-06-19,3,8,171409.63,17140.96,20787.21,0.00,175055.88,LOYALTY10,N,,2026-06-14 12:24:48
501158,ORD501158,101711,2026-06-13,2026-06-13 14:40:30,Website,Delivered,Cash on Delivery,Pending,INR,Mumbai,Maharashtra,Mumbai,Maharashtra,400076,FC-CHE-01,Standard,2026-06-18,2026-06-18,2,5,20096.28,4019.26,2160.04,0.00,18237.06,APP20,Y,,2026-06-21 17:05:30
500168,ORD500168,100826,2026-06-14,2026-06-14 00:17:31,Store Assisted,Delivered,UPI,Paid,INR,Visakhapatnam,Andhra Pradesh,Visakhapatnam,Andhra Pradesh,530017,FC-CHE-01,Standard,2026-06-19,2026-06-20,5,13,152116.59,7605.83,39661.70,0.00,184172.46,SAVE5,N,,2026-06-18 05:41:31
501697,ORD501697,101910,2026-06-14,2026-06-14 07:35:38,Marketplace,Cancelled,UPI,Refunded,INR,Vijayawada,Andhra Pradesh,Vijayawada,Andhra Pradesh,520010,FC-BLR-01,Same Day,2026-06-14,,4,12,12688.26,2537.65,1579.30,0.00,11729.91,APP20,Y,Customer Request,2026-06-19 10:47:38
502196,ORD502196,101758,2026-06-14,2026-06-14 09:08:04,Website,Delivered,UPI,Paid,INR,Secunderabad,Telangana,Secunderabad,Telangana,500003,FC-HYD-01,Standard,2026-06-19,2026-06-19,2,5,42406.46,0.00,2120.32,0.00,44526.78,,Y,,2026-06-20 17:20:04
502244,ORD502244,100038,2026-06-14,2026-06-14 09:59:53,Marketplace,Delivered,Debit Card,Paid,INR,Bengaluru,Karnataka,Bengaluru,Karnataka,560037,FC-HYD-01,Standard,2026-06-19,2026-06-21,1,3,6639.36,1327.87,637.38,0.00,5948.87,APP20,N,,2026-06-14 11:31:53
501000,ORD501000,100440,2026-06-14,2026-06-14 10:46:09,Website,Delivered,Net Banking,Paid,INR,Vijayawada,Andhra Pradesh,Vijayawada,Andhra Pradesh,520010,FC-HYD-01,Standard,2026-06-19,2026-06-20,3,9,142014.92,28402.98,6425.19,0.00,120037.13,APP20,N,,2026-06-22 11:23:09
500409,ORD500409,101226,2026-06-14,2026-06-14 12:57:02,Marketplace,Delivered,Net Banking,Paid,INR,Chennai,Tamil Nadu,Chennai,Tamil Nadu,600042,FC-BLR-01,Standard,2026-06-19,2026-06-19,2,5,50017.32,5001.73,7246.49,0.00,52262.08,LOYALTY10,Y,,2026-06-14 19:02:02
502365,ORD502365,100095,2026-06-14,2026-06-14 16:43:41,Marketplace,Delivered,Credit Card,Paid,INR,Warangal,Telangana,Warangal,Telangana,506002,FC-BLR-01,Standard,2026-06-19,2026-06-20,4,11,141018.46,0.00,21928.01,0.00,162946.47,,Y,,2026-06-17 20:35:41
501436,ORD501436,101564,2026-06-15,2026-06-15 02:18:31,Marketplace,Delivered,UPI,Paid,INR,Chennai,Tamil Nadu,Chennai,Tamil Nadu,600042,FC-DEL-01,Express,2026-06-18,2026-06-18,2,6,153108.92,15310.89,16210.99,0.00,154009.02,WELCOME10,N,,2026-06-20 06:04:31
500223,ORD500223,100433,2026-06-15,2026-06-15 08:09:09,Website,Delivered,Cash on Delivery,Paid,INR,Visakhapatnam,Andhra Pradesh,Visakhapatnam,Andhra Pradesh,530017,FC-CHE-01,Standard,2026-06-20,2026-06-20,1,2,2876.82,0.00,517.83,0.00,3394.65,,N,,2026-06-15 12:28:09
500446,ORD500446,102041,2026-06-15,2026-06-15 11:16:05,Marketplace,Delivered,Cash on Delivery,Paid,INR,Mumbai,Maharashtra,Mumbai,Maharashtra,400076,FC-DEL-01,Standard,2026-06-20,2026-06-20,3,7,104268.58,15640.29,4886.16,0.00,93514.45,FESTIVE15,N,,2026-06-21 15:54:05
501640,ORD501640,100667,2026-06-15,2026-06-15 11:51:42,Mobile App,Shipped,Credit Card,Paid,INR,Visakhapatnam,Andhra Pradesh,Visakhapatnam,Andhra Pradesh,530017,FC-CHE-01,Same Day,2026-06-15,,5,13,54630.02,0.00,10317.23,0.00,64947.25,,Y,,2026-06-19 17:39:42
501982,ORD501982,102234,2026-06-15,2026-06-15 19:07:50,Website,Shipped,Net Banking,Paid,INR,Visakhapatnam,Andhra Pradesh,Visakhapatnam,Andhra Pradesh,530017,FC-MUM-01,Standard,2026-06-20,,1,3,82162.95,0.00,0.00,0.00,82162.95,,Y,,2026-06-24 03:57:50
501589,ORD501589,101947,2026-06-15,2026-06-15 19:31:27,Store Assisted,Delivered,UPI,Paid,INR,Hyderabad,Telangana,Hyderabad,Telangana,500081,FC-DEL-01,Standard,2026-06-20,2026-06-20,5,14,202079.11,20207.91,24886.36,0.00,206757.56,LOYALTY10,N,,2026-06-21 00:58:27
501360,ORD501360,101128,2026-06-17,2026-06-17 05:00:51,Store Assisted,Delivered,Wallet,Paid,INR,Delhi,Delhi,Delhi,Delhi,110017,FC-BLR-01,Standard,2026-06-22,2026-06-22,1,1,15921.97,0.00,4458.15,0.00,20380.12,,N,,2026-06-23 07:16:51
500280,ORD500280,100160,2026-06-17,2026-06-17 09:49:11,Website,Delivered,UPI,Paid,INR,Visakhapatnam,Andhra Pradesh,Visakhapatnam,Andhra Pradesh,530017,FC-MUM-01,Express,2026-06-20,2026-06-20,4,7,20894.12,2089.41,3352.18,0.00,22156.89,LOYALTY10,N,,2026-06-21 16:49:11
500358,ORD500358,100277,2026-06-17,2026-06-17 11:43:19,Mobile App,Delivered,Cash on Delivery,Paid,INR,Delhi,Delhi,Delhi,Delhi,110017,FC-CHE-01,Same Day,2026-06-17,2026-06-19,4,10,23381.34,2338.13,2598.88,0.00,23642.09,LOYALTY10,Y,,2026-06-25 13:48:19
501240,ORD501240,102076,2026-06-17,2026-06-17 22:05:55,Website,Delivered,Net Banking,Paid,INR,Visakhapatnam,Andhra Pradesh,Visakhapatnam,Andhra Pradesh,530017,FC-HYD-01,Same Day,2026-06-17,2026-06-18,4,10,9356.47,935.65,1843.77,0.00,10264.59,WELCOME10,N,,2026-06-24 22:14:55
502379,ORD502379,100141,2026-06-17,2026-06-17 22:12:06,Marketplace,Delivered,UPI,Paid,INR,Secunderabad,Telangana,Secunderabad,Telangana,500003,FC-DEL-01,Standard,2026-06-22,2026-06-23,3,11,33074.20,4961.13,7203.38,0.00,35316.45,FESTIVE15,N,,2026-06-19 01:04:06
500520,ORD500520,101534,2026-06-18,2026-06-18 00:12:29,Mobile App,Delivered,Credit Card,Paid,INR,Vijayawada,Andhra Pradesh,Vijayawada,Andhra Pradesh,520010,FC-HYD-01,Express,2026-06-21,2026-06-22,3,8,160056.13,0.00,28810.10,0.00,188866.23,,N,,2026-06-23 00:34:29
500748,ORD500748,100767,2026-06-18,2026-06-18 18:19:42,Store Assisted,Delivered,UPI,Paid,INR,Hyderabad,Telangana,Hyderabad,Telangana,500081,FC-CHE-01,Standard,2026-06-23,2026-06-23,3,6,32164.20,0.00,1251.92,0.00,33416.12,,N,,2026-06-23 02:15:42
501558,ORD501558,100071,2026-06-19,2026-06-19 03:43:28,Website,Delivered,Credit Card,Paid,INR,Hyderabad,Telangana,Hyderabad,Telangana,500081,FC-MUM-01,Standard,2026-06-24,2026-06-26,4,10,148181.35,14818.14,14217.26,0.00,147580.47,WELCOME10,Y,,2026-06-27 12:41:28
500008,ORD500008,101699,2026-06-19,2026-06-19 11:14:57,Store Assisted,Delivered,Net Banking,Paid,INR,Secunderabad,Telangana,Secunderabad,Telangana,500003,FC-MUM-01,Standard,2026-06-24,2026-06-24,3,7,35717.13,0.00,4117.92,0.00,39835.05,,Y,,2026-06-24 18:34:57
502389,ORD502389,101903,2026-06-19,2026-06-19 13:03:46,Website,Delivered,UPI,Paid,INR,Mumbai,Maharashtra,Mumbai,Maharashtra,400076,FC-HYD-01,Standard,2026-06-24,2026-06-23,3,9,187516.86,0.00,33404.50,0.00,220921.36,,Y,,2026-06-26 14:09:46
501046,ORD501046,102004,2026-06-19,2026-06-19 17:56:43,Marketplace,Delivered,UPI,Paid,INR,Warangal,Telangana,Warangal,Telangana,506002,FC-MUM-01,Express,2026-06-22,2026-06-24,1,3,680.37,34.02,180.98,90.00,917.33,SAVE5,N,,2026-06-23 00:59:43
501363,ORD501363,102104,2026-06-19,2026-06-19 18:20:47,Marketplace,Delivered,Net Banking,Paid,INR,Chennai,Tamil Nadu,Chennai,Tamil Nadu,600042,FC-DEL-01,Express,2026-06-22,2026-06-22,3,7,5373.18,537.32,228.47,0.00,5064.33,LOYALTY10,Y,,2026-06-19 23:37:47
500843,ORD500843,100065,2026-06-19,2026-06-19 19:06:35,Mobile App,Cancelled,Cash on Delivery,Failed,INR,Hyderabad,Telangana,Warangal,Telangana,506002,FC-DEL-01,Express,2026-06-22,,3,7,27921.55,0.00,3112.37,0.00,31033.92,,N,Customer Request,2026-06-20 22:20:35
501322,ORD501322,101886,2026-06-19,2026-06-19 23:25:19,Mobile App,Delivered,Cash on Delivery,Paid,INR,Warangal,Telangana,Warangal,Telangana,506002,FC-DEL-01,Same Day,2026-06-19,2026-06-20,5,11,28315.29,1415.76,5778.06,0.00,32677.59,SAVE5,N,,2026-06-21 02:22:19
502106,ORD502106,101180,2026-06-20,2026-06-20 02:59:39,Store Assisted,Delivered,Debit Card,Paid,INR,Pune,Maharashtra,Pune,Maharashtra,411014,FC-CHE-01,Standard,2026-06-25,2026-06-25,3,10,61802.64,0.00,185.78,0.00,61988.42,,N,,2026-06-23 11:50:39
500095,ORD500095,101884,2026-06-20,2026-06-20 03:15:59,Store Assisted,Delivered,Net Banking,Paid,INR,Bengaluru,Karnataka,Bengaluru,Karnataka,560037,FC-HYD-01,Express,2026-06-23,2026-06-23,1,1,29608.74,1480.44,7875.92,0.00,36004.22,SAVE5,N,,2026-06-23 06:43:59
501963,ORD501963,101657,2026-06-20,2026-06-20 06:35:10,Marketplace,Delivered,Debit Card,Paid,INR,Pune,Maharashtra,Pune,Maharashtra,411014,FC-DEL-01,Standard,2026-06-25,2026-06-26,5,9,29672.24,1483.61,1915.47,0.00,30104.10,SAVE5,N,,2026-06-28 15:28:10
502269,ORD502269,100808,2026-06-20,2026-06-20 07:36:00,Marketplace,Delivered,Net Banking,Paid,INR,Hyderabad,Telangana,Hyderabad,Telangana,500081,FC-DEL-01,Express,2026-06-23,2026-06-23,5,17,140108.81,28021.76,6638.85,0.00,118725.90,APP20,Y,,2026-06-25 11:47:00
502198,ORD502198,102049,2026-06-20,2026-06-20 09:26:05,Store Assisted,Delivered,Cash on Delivery,Paid,INR,Hyderabad,Telangana,Hyderabad,Telangana,500081,FC-CHE-01,Standard,2026-06-25,2026-06-26,3,9,169207.70,16920.77,3302.22,0.00,155589.15,WELCOME10,N,,2026-06-23 14:37:05
500053,ORD500053,101098,2026-06-20,2026-06-20 19:32:09,Website,Returned,Cash on Delivery,Partially Refunded,INR,Hyderabad,Telangana,Hyderabad,Telangana,500081,FC-MUM-01,Standard,2026-06-25,2026-06-27,1,4,907.16,0.00,254.00,40.00,1201.16,,N,,2026-06-23 03:29:09
502326,ORD502326,100342,2026-06-20,2026-06-20 21:24:45,Mobile App,Cancelled,Wallet,Failed,INR,Warangal,Telangana,Warangal,Telangana,506002,FC-BLR-01,Standard,2026-06-25,,2,5,55400.60,11080.12,4760.92,0.00,49081.40,APP20,N,Payment Failure,2026-06-27 04:43:45
500939,ORD500939,101128,2026-06-21,2026-06-21 06:46:28,Store Assisted,Delivered,Debit Card,Paid,INR,Delhi,Delhi,Delhi,Delhi,110017,FC-HYD-01,Same Day,2026-06-21,2026-06-20,4,14,132064.58,0.00,14445.84,0.00,146510.42,,N,,2026-06-27 07:15:28
500548,ORD500548,101745,2026-06-22,2026-06-22 05:07:55,Store Assisted,Delivered,Net Banking,Paid,INR,Visakhapatnam,Andhra Pradesh,Visakhapatnam,Andhra Pradesh,530017,FC-MUM-01,Standard,2026-06-27,2026-06-28,2,5,9075.29,453.76,2198.91,0.00,10820.44,SAVE5,N,,2026-06-27 08:45:55
501846,ORD501846,100219,2026-06-22,2026-06-22 18:39:32,Website,Cancelled,Wallet,Voided,INR,Warangal,Telangana,Warangal,Telangana,506002,FC-BLR-01,Standard,2026-06-27,,3,7,64372.19,6437.22,1384.62,0.00,59319.59,WELCOME10,N,Customer Request,2026-06-28 03:09:32
502325,ORD502325,102236,2026-06-23,2026-06-23 00:05:44,Marketplace,Delivered,Net Banking,Paid,INR,Mumbai,Maharashtra,Mumbai,Maharashtra,400076,FC-MUM-01,Standard,2026-06-28,2026-06-28,1,1,406.81,0.00,0.00,60.00,466.81,,Y,,2026-06-25 08:33:44
500463,ORD500463,101083,2026-06-23,2026-06-23 07:03:36,Mobile App,Delivered,Credit Card,Paid,INR,Bengaluru,Karnataka,Bengaluru,Karnataka,560037,FC-DEL-01,Standard,2026-06-28,2026-06-28,5,10,41020.05,2051.00,8468.23,0.00,47437.28,SAVE5,N,,2026-06-24 10:53:36
501435,ORD501435,100354,2026-06-23,2026-06-23 10:54:22,Store Assisted,Cancelled,Cash on Delivery,Failed,INR,Bengaluru,Karnataka,Secunderabad,Telangana,500003,FC-CHE-01,Express,2026-06-26,,1,4,8245.16,1649.03,1846.92,0.00,8443.05,APP20,Y,Customer Request,2026-06-29 11:48:22
500536,ORD500536,101508,2026-06-23,2026-06-23 16:51:14,Mobile App,Delivered,Debit Card,Paid,INR,Visakhapatnam,Andhra Pradesh,Visakhapatnam,Andhra Pradesh,530017,FC-MUM-01,Standard,2026-06-28,2026-06-28,4,7,54906.16,0.00,8475.75,0.00,63381.91,,N,,2026-07-01 18:11:14
501594,ORD501594,101139,2026-06-23,2026-06-23 23:34:00,Website,Delivered,Credit Card,Paid,INR,Secunderabad,Telangana,Secunderabad,Telangana,500003,FC-MUM-01,Express,2026-06-26,2026-06-26,5,15,71365.18,0.00,3885.98,0.00,75251.16,,N,,2026-06-26 05:34:00
502336,ORD502336,101238,2026-06-24,2026-06-24 03:42:55,Mobile App,Cancelled,Credit Card,Refunded,INR,Bengaluru,Karnataka,Bengaluru,Karnataka,560037,FC-DEL-01,Same Day,2026-06-24,,5,13,38004.70,0.00,3897.07,0.00,41901.77,,N,Inventory Unavailable,2026-06-26 11:39:55
500475,ORD500475,102223,2026-06-24,2026-06-24 08:54:25,Mobile App,Delivered,Cash on Delivery,Paid,INR,Hyderabad,Telangana,Hyderabad,Telangana,500081,FC-CHE-01,Express,2026-06-27,2026-06-27,4,8,30198.13,0.00,4585.12,0.00,34783.25,,Y,,2026-06-25 08:59:25
502110,ORD502110,100880,2026-06-24,2026-06-24 13:41:23,Website,Delivered,Credit Card,Paid,INR,Bengaluru,Karnataka,Bengaluru,Karnataka,560037,FC-MUM-01,Same Day,2026-06-24,2026-06-23,3,7,52694.87,0.00,9893.42,0.00,62588.29,,N,,2026-06-27 19:59:23
500370,ORD500370,101766,2026-06-24,2026-06-24 15:19:55,Marketplace,Delivered,Cash on Delivery,Paid,INR,Mumbai,Maharashtra,Mumbai,Maharashtra,400076,FC-MUM-01,Standard,2026-06-29,2026-06-29,1,3,16202.16,3240.43,2333.11,0.00,15294.84,APP20,N,,2026-06-28 23:46:55
501597,ORD501597,102042,2026-06-24,2026-06-24 17:11:06,Mobile App,Delivered,Wallet,Paid,INR,Warangal,Telangana,Warangal,Telangana,506002,FC-CHE-01,Standard,2026-06-29,2026-06-28,3,8,6470.64,323.53,1196.93,0.00,7344.04,SAVE5,N,,2026-06-30 01:02:06
500416,ORD500416,101956,2026-06-24,2026-06-24 20:40:42,Store Assisted,Delivered,Cash on Delivery,Paid,INR,Chennai,Tamil Nadu,Chennai,Tamil Nadu,600042,FC-CHE-01,Standard,2026-06-29,2026-06-30,5,9,93435.84,14015.38,14886.62,0.00,94307.08,FESTIVE15,Y,,2026-06-24 22:41:42
501740,ORD501740,100905,2026-06-24,2026-06-24 21:19:01,Marketplace,Delivered,Cash on Delivery,Paid,INR,Bengaluru,Karnataka,Bengaluru,Karnataka,560037,FC-CHE-01,Standard,2026-06-29,2026-06-30,1,2,2827.50,282.75,458.06,0.00,3002.81,WELCOME10,N,,2026-06-25 22:13:01
500519,ORD500519,100415,2026-06-24,2026-06-24 22:14:20,Website,Delivered,Credit Card,Paid,INR,Warangal,Telangana,Warangal,Telangana,506002,FC-DEL-01,Standard,2026-06-29,2026-06-28,1,1,13526.76,0.00,1623.21,0.00,15149.97,,N,,2026-07-01 01:25:20
502248,ORD502248,101030,2026-06-24,2026-06-24 22:55:30,Store Assisted,Delivered,Net Banking,Paid,INR,Secunderabad,Telangana,Secunderabad,Telangana,500003,FC-HYD-01,Standard,2026-06-29,2026-06-29,2,5,5365.57,0.00,730.17,0.00,6095.74,,N,,2026-06-26 02:31:30
501630,ORD501630,100487,2026-06-25,2026-06-25 02:05:27,Website,Delivered,Debit Card,Paid,INR,Pune,Maharashtra,Pune,Maharashtra,411014,FC-BLR-01,Standard,2026-06-30,2026-06-30,4,14,199132.43,29869.86,28920.28,0.00,198182.85,FESTIVE15,N,,2026-06-27 10:22:27
500234,ORD500234,101969,2026-06-25,2026-06-25 09:07:14,Marketplace,Delivered,UPI,Paid,INR,Mumbai,Maharashtra,Mumbai,Maharashtra,400076,FC-BLR-01,Express,2026-06-28,2026-06-28,5,13,129937.86,19490.68,20539.79,0.00,130986.97,FESTIVE15,Y,,2026-07-03 11:04:14
500457,ORD500457,102193,2026-06-25,2026-06-25 09:50:14,Marketplace,Delivered,UPI,Paid,INR,Mumbai,Maharashtra,Mumbai,Maharashtra,400076,FC-HYD-01,Standard,2026-06-30,2026-06-29,4,8,56966.11,0.00,3017.68,0.00,59983.79,,N,,2026-06-27 17:49:14
501051,ORD501051,100832,2026-06-25,2026-06-25 20:48:09,Website,Delivered,Net Banking,Paid,INR,Delhi,Delhi,Delhi,Delhi,110017,FC-HYD-01,Standard,2026-06-30,2026-07-01,5,20,148035.84,7401.79,19760.73,0.00,160394.78,SAVE5,Y,,2026-06-26 00:14:09
500873,ORD500873,101281,2026-06-26,2026-06-26 01:44:31,Mobile App,Delivered,Cash on Delivery,Paid,INR,Delhi,Delhi,Delhi,Delhi,110017,FC-DEL-01,Standard,2026-07-01,2026-06-30,1,1,2012.47,0.00,362.24,0.00,2374.71,,N,,2026-07-01 06:30:31
501969,ORD501969,101456,2026-06-26,2026-06-26 08:20:56,Website,Delivered,UPI,Paid,INR,Warangal,Telangana,Warangal,Telangana,506002,FC-CHE-01,Standard,2026-07-01,2026-07-02,3,8,69961.84,13992.37,2412.28,0.00,58381.75,APP20,Y,,2026-07-02 09:42:56
500382,ORD500382,101756,2026-06-26,2026-06-26 08:46:13,Mobile App,Delivered,Cash on Delivery,Paid,INR,Chennai,Tamil Nadu,Chennai,Tamil Nadu,600042,FC-DEL-01,Standard,2026-07-01,2026-07-01,4,6,19673.43,1967.34,3693.71,0.00,21399.80,LOYALTY10,Y,,2026-07-03 16:19:13
500554,ORD500554,102094,2026-06-26,2026-06-26 17:47:53,Marketplace,Delivered,Wallet,Paid,INR,Pune,Maharashtra,Pune,Maharashtra,411014,FC-HYD-01,Same Day,2026-06-26,2026-06-28,1,2,1403.94,280.79,0.00,75.00,1198.15,APP20,N,,2026-07-04 22:41:53
500233,ORD500233,100906,2026-06-26,2026-06-26 19:25:35,Marketplace,Delivered,Net Banking,Paid,INR,Warangal,Telangana,Vijayawada,Andhra Pradesh,520010,FC-BLR-01,Standard,2026-07-01,2026-07-03,2,7,13053.38,2610.68,2539.30,0.00,12982.00,APP20,N,,2026-06-28 03:17:35
500983,ORD500983,101988,2026-06-26,2026-06-26 20:59:30,Marketplace,Delivered,UPI,Paid,INR,Chennai,Tamil Nadu,Chennai,Tamil Nadu,600042,FC-MUM-01,Standard,2026-07-01,2026-07-01,1,3,19357.83,967.89,5149.18,0.00,23539.12,SAVE5,Y,,2026-07-03 00:19:30
502014,ORD502014,102030,2026-06-27,2026-06-27 00:40:33,Store Assisted,Delivered,Wallet,Paid,INR,Visakhapatnam,Andhra Pradesh,Visakhapatnam,Andhra Pradesh,530017,FC-BLR-01,Standard,2026-07-02,2026-07-03,3,11,129452.75,0.00,16750.07,0.00,146202.82,,N,,2026-07-03 06:25:33
501625,ORD501625,101400,2026-06-27,2026-06-27 15:21:19,Website,Delivered,Wallet,Paid,INR,Chennai,Tamil Nadu,Chennai,Tamil Nadu,600042,FC-BLR-01,Standard,2026-07-02,2026-07-02,1,4,47727.40,0.00,8590.93,0.00,56318.33,,N,,2026-06-29 16:29:19
502005,ORD502005,101888,2026-06-28,2026-06-28 01:27:05,Mobile App,Delivered,Cash on Delivery,Paid,INR,Vijayawada,Andhra Pradesh,Vijayawada,Andhra Pradesh,520010,FC-BLR-01,Standard,2026-07-03,2026-07-04,2,5,7462.86,373.14,552.42,0.00,7642.14,SAVE5,N,,2026-07-03 08:51:05
502237,ORD502237,100540,2026-06-28,2026-06-28 03:59:00,Website,Delivered,Credit Card,Paid,INR,Bengaluru,Karnataka,Bengaluru,Karnataka,560037,FC-DEL-01,Express,2026-07-01,2026-07-03,5,11,94392.15,9439.22,11039.26,0.00,95992.19,WELCOME10,N,,2026-07-02 06:07:00
500265,ORD500265,102278,2026-06-28,2026-06-28 09:09:44,Marketplace,Delivered,Wallet,Paid,INR,Warangal,Telangana,Pune,Maharashtra,411014,FC-DEL-01,Standard,2026-07-03,2026-07-02,4,11,160705.18,16070.52,17416.12,0.00,162050.78,LOYALTY10,Y,,2026-06-30 15:40:44
500735,ORD500735,101329,2026-06-28,2026-06-28 16:49:55,Store Assisted,Delivered,Cash on Delivery,Paid,INR,Visakhapatnam,Andhra Pradesh,Secunderabad,Telangana,500003,FC-BLR-01,Same Day,2026-06-28,2026-06-28,5,10,34128.38,1706.42,7163.38,0.00,39585.34,SAVE5,Y,,2026-07-04 01:15:55
500669,ORD500669,100372,2026-06-28,2026-06-28 20:29:45,Mobile App,Returned,Credit Card,Refunded,INR,Warangal,Telangana,Warangal,Telangana,506002,FC-CHE-01,Same Day,2026-06-28,2026-06-28,3,11,261199.40,13059.97,12938.06,0.00,261077.49,SAVE5,N,,2026-06-30 02:51:45
500890,ORD500890,100936,2026-06-29,2026-06-29 02:14:56,Mobile App,Delivered,Credit Card,Paid,INR,Chennai,Tamil Nadu,Bengaluru,Karnataka,560037,FC-DEL-01,Express,2026-07-02,2026-07-02,2,4,4010.24,0.00,53.49,0.00,4063.73,,N,,2026-07-03 02:30:56
501812,ORD501812,100320,2026-06-29,2026-06-29 14:06:33,Website,Delivered,Wallet,Paid,INR,Pune,Maharashtra,Pune,Maharashtra,411014,FC-BLR-01,Express,2026-07-02,2026-07-02,4,6,71079.09,0.00,10264.47,0.00,81343.56,,N,,2026-07-04 15:03:33
500088,ORD500088,101655,2026-06-29,2026-06-29 18:49:22,Store Assisted,Shipped,Credit Card,Paid,INR,Visakhapatnam,Andhra Pradesh,Visakhapatnam,Andhra Pradesh,530017,FC-DEL-01,Standard,2026-07-04,,5,14,216836.41,43367.28,15844.86,0.00,189313.99,APP20,Y,,2026-07-07 01:18:22
500934,ORD500934,101903,2026-06-29,2026-06-29 23:31:57,Store Assisted,Delivered,UPI,Paid,INR,Mumbai,Maharashtra,Mumbai,Maharashtra,400076,FC-CHE-01,Same Day,2026-06-29,2026-06-28,4,7,32990.94,6598.19,125.16,0.00,26517.91,APP20,N,,2026-07-07 00:14:57
501831,ORD501831,101731,2026-06-30,2026-06-30 00:32:30,Store Assisted,Delivered,UPI,Paid,INR,Warangal,Telangana,Warangal,Telangana,506002,FC-HYD-01,Standard,2026-07-05,2026-07-05,2,7,48576.22,9715.24,2094.82,0.00,40955.80,APP20,N,,2026-07-05 03:52:30
501246,ORD501246,100160,2026-06-30,2026-06-30 02:50:46,Marketplace,Delivered,Debit Card,Pending,INR,Visakhapatnam,Andhra Pradesh,Delhi,Delhi,110017,FC-DEL-01,Standard,2026-07-05,2026-07-07,2,4,1920.77,0.00,0.00,0.00,1920.77,,N,,2026-07-06 04:06:46
500458,ORD500458,100523,2026-07-01,2026-07-01 01:47:32,Marketplace,Cancelled,Debit Card,Refunded,INR,Hyderabad,Telangana,Hyderabad,Telangana,500081,FC-MUM-01,Standard,2026-07-06,,3,6,104350.31,15652.55,1177.81,0.00,89875.57,FESTIVE15,Y,Inventory Unavailable,2026-07-06 07:32:32
501489,ORD501489,100718,2026-07-01,2026-07-01 03:08:11,Marketplace,Cancelled,Credit Card,Voided,INR,Mumbai,Maharashtra,Mumbai,Maharashtra,400076,FC-DEL-01,Standard,2026-07-06,,2,7,141501.84,0.00,16879.95,0.00,158381.79,,N,Inventory Unavailable,2026-07-01 04:20:11
502317,ORD502317,101251,2026-07-01,2026-07-01 09:34:16,Store Assisted,Delivered,Credit Card,Paid,INR,Secunderabad,Telangana,Secunderabad,Telangana,500003,FC-MUM-01,Express,2026-07-04,2026-07-05,4,5,32845.22,3284.52,4906.42,0.00,34467.12,WELCOME10,N,,2026-07-02 11:24:16
501679,ORD501679,101366,2026-07-01,2026-07-01 14:42:47,Marketplace,Delivered,Debit Card,Paid,INR,Mumbai,Maharashtra,Mumbai,Maharashtra,400076,FC-HYD-01,Standard,2026-07-06,2026-07-08,2,5,8311.27,0.00,376.91,0.00,8688.18,,Y,,2026-07-09 15:24:47
500500,ORD500500,101342,2026-07-01,2026-07-01 20:50:45,Mobile App,Delivered,Wallet,Paid,INR,Pune,Maharashtra,Bengaluru,Karnataka,560037,FC-CHE-01,Express,2026-07-04,2026-07-05,5,19,16956.26,1695.63,1764.96,0.00,17025.59,WELCOME10,N,,2026-07-06 03:35:45
500915,ORD500915,100019,2026-07-02,2026-07-02 01:09:49,Mobile App,Delivered,UPI,Paid,INR,Visakhapatnam,Andhra Pradesh,Visakhapatnam,Andhra Pradesh,530017,FC-MUM-01,Standard,2026-07-07,2026-07-07,3,8,4089.93,204.50,812.44,0.00,4697.87,SAVE5,N,,2026-07-08 02:01:49
502377,ORD502377,101867,2026-07-02,2026-07-02 09:25:52,Marketplace,Delivered,Debit Card,Paid,INR,Chennai,Tamil Nadu,Chennai,Tamil Nadu,600042,FC-HYD-01,Same Day,2026-07-02,2026-07-01,2,3,8314.68,0.00,517.83,0.00,8832.51,,N,,2026-07-08 16:31:52
500076,ORD500076,101841,2026-07-02,2026-07-02 10:32:35,Store Assisted,Cancelled,Wallet,Refunded,INR,Warangal,Telangana,Warangal,Telangana,506002,FC-HYD-01,Same Day,2026-07-02,,3,3,38712.76,0.00,6562.69,0.00,45275.45,,N,Address Issue,2026-07-02 17:19:35
501226,ORD501226,102249,2026-07-02,2026-07-02 16:41:10,Store Assisted,Delivered,UPI,Paid,INR,Pune,Maharashtra,Pune,Maharashtra,411014,FC-BLR-01,Express,2026-07-05,2026-07-05,2,6,9638.38,1927.68,1932.80,0.00,9643.50,APP20,N,,2026-07-10 16:41:10
500385,ORD500385,101253,2026-07-02,2026-07-02 18:59:17,Marketplace,Delivered,Debit Card,Paid,INR,Secunderabad,Telangana,Secunderabad,Telangana,500003,FC-BLR-01,Standard,2026-07-07,2026-07-07,1,1,4752.51,712.88,0.00,0.00,4039.63,FESTIVE15,Y,,2026-07-06 23:46:17
501196,ORD501196,101875,2026-07-03,2026-07-03 07:59:23,Website,Delivered,UPI,Paid,INR,Bengaluru,Karnataka,Bengaluru,Karnataka,560037,FC-BLR-01,Standard,2026-07-08,2026-07-08,2,5,29214.23,5842.85,4104.53,0.00,27475.91,APP20,N,,2026-07-11 16:27:23
502399,ORD502399,100240,2026-07-03,2026-07-03 10:03:31,Store Assisted,Cancelled,UPI,Failed,INR,Mumbai,Maharashtra,Mumbai,Maharashtra,400076,FC-BLR-01,Express,2026-07-06,,2,4,86831.60,8683.16,10268.73,0.00,88417.17,WELCOME10,Y,Duplicate Order,2026-07-11 17:12:31
502356,ORD502356,101650,2026-07-03,2026-07-03 11:32:18,Store Assisted,Delivered,UPI,Paid,INR,Vijayawada,Andhra Pradesh,Vijayawada,Andhra Pradesh,520010,FC-HYD-01,Express,2026-07-06,2026-07-06,5,12,57401.32,2870.07,8864.77,0.00,63396.02,SAVE5,Y,,2026-07-06 15:47:18
502370,ORD502370,100108,2026-07-03,2026-07-03 12:14:08,Store Assisted,Delivered,Cash on Delivery,Paid,INR,Visakhapatnam,Andhra Pradesh,Visakhapatnam,Andhra Pradesh,530017,FC-DEL-01,Standard,2026-07-08,2026-07-08,4,9,15529.02,1552.90,1662.51,0.00,15638.63,WELCOME10,N,,2026-07-03 21:09:08
501232,ORD501232,101391,2026-07-03,2026-07-03 17:42:44,Mobile App,Delivered,Wallet,Paid,INR,Vijayawada,Andhra Pradesh,Vijayawada,Andhra Pradesh,520010,FC-BLR-01,Express,2026-07-06,2026-07-07,3,7,18938.86,0.00,1923.48,0.00,20862.34,,N,,2026-07-11 23:16:44
501992,ORD501992,101875,2026-07-03,2026-07-03 19:18:57,Marketplace,Delivered,UPI,Paid,INR,Bengaluru,Karnataka,Bengaluru,Karnataka,560037,FC-BLR-01,Same Day,2026-07-03,2026-07-03,2,7,6694.77,669.48,171.45,0.00,6196.74,WELCOME10,N,,2026-07-08 01:58:57
500210,ORD500210,101174,2026-07-04,2026-07-04 06:22:07,Mobile App,Delivered,Credit Card,Paid,INR,Hyderabad,Telangana,Hyderabad,Telangana,500081,FC-BLR-01,Standard,2026-07-09,2026-07-10,3,5,14739.17,736.96,3020.34,0.00,17022.55,SAVE5,Y,,2026-07-06 14:59:07
500800,ORD500800,100439,2026-07-04,2026-07-04 11:30:48,Website,Delivered,Debit Card,Paid,INR,Delhi,Delhi,Delhi,Delhi,110017,FC-BLR-01,Standard,2026-07-09,2026-07-09,4,10,169655.11,33931.02,5354.45,0.00,141078.54,APP20,N,,2026-07-07 19:11:48
502339,ORD502339,100670,2026-07-05,2026-07-05 02:35:40,Website,Delivered,Net Banking,Paid,INR,Delhi,Delhi,Delhi,Delhi,110017,FC-CHE-01,Same Day,2026-07-05,2026-07-06,2,4,71021.74,7102.17,11090.65,0.00,75010.22,LOYALTY10,N,,2026-07-07 10:11:40
501761,ORD501761,101027,2026-07-05,2026-07-05 11:48:53,Store Assisted,Delivered,UPI,Paid,INR,Warangal,Telangana,Warangal,Telangana,506002,FC-MUM-01,Standard,2026-07-10,2026-07-11,3,4,52885.70,5288.57,4948.33,0.00,52545.46,WELCOME10,N,,2026-07-08 17:07:53
502171,ORD502171,101749,2026-07-06,2026-07-06 04:39:04,Mobile App,Delivered,Credit Card,Paid,INR,Chennai,Tamil Nadu,Chennai,Tamil Nadu,600042,FC-CHE-01,Standard,2026-07-11,2026-07-13,2,5,22151.23,1107.56,3720.14,0.00,24763.81,SAVE5,Y,,2026-07-09 06:31:04
501631,ORD501631,101061,2026-07-06,2026-07-06 06:39:42,Marketplace,Cancelled,Wallet,Voided,INR,Vijayawada,Andhra Pradesh,Vijayawada,Andhra Pradesh,520010,FC-HYD-01,Standard,2026-07-11,,4,11,127814.69,12781.47,28079.44,0.00,143112.66,LOYALTY10,N,Customer Request,2026-07-12 08:55:42
500102,ORD500102,101244,2026-07-06,2026-07-06 14:41:31,Marketplace,Delivered,Net Banking,Paid,INR,Bengaluru,Karnataka,Bengaluru,Karnataka,560037,FC-HYD-01,Standard,2026-07-11,2026-07-12,4,10,73049.23,14609.85,15427.28,0.00,73866.66,APP20,Y,,2026-07-07 21:42:31
500024,ORD500024,100640,2026-07-06,2026-07-06 19:23:52,Store Assisted,Delivered,Net Banking,Paid,INR,Hyderabad,Telangana,Hyderabad,Telangana,500081,FC-CHE-01,Standard,2026-07-11,2026-07-11,3,8,12954.70,1295.47,2537.48,0.00,14196.71,WELCOME10,N,,2026-07-09 01:42:52
502219,ORD502219,101924,2026-07-07,2026-07-07 05:35:38,Website,Delivered,Cash on Delivery,Paid,INR,Hyderabad,Telangana,Hyderabad,Telangana,500081,FC-MUM-01,Same Day,2026-07-07,2026-07-07,3,9,9879.93,494.00,703.77,0.00,10089.70,SAVE5,N,,2026-07-13 07:52:38
500489,ORD500489,101903,2026-07-07,2026-07-07 14:00:17,Mobile App,Delivered,Credit Card,Paid,INR,Mumbai,Maharashtra,Mumbai,Maharashtra,400076,FC-HYD-01,Standard,2026-07-12,2026-07-13,5,11,89185.81,0.00,23098.19,0.00,112284.00,,N,,2026-07-13 19:39:17
501124,ORD501124,101233,2026-07-08,2026-07-08 04:49:17,Mobile App,Returned,Cash on Delivery,Refunded,INR,Secunderabad,Telangana,Secunderabad,Telangana,500003,FC-DEL-01,Express,2026-07-11,2026-07-12,1,4,59376.44,11875.29,8550.21,0.00,56051.36,APP20,Y,,2026-07-10 10:55:17
500435,ORD500435,101374,2026-07-08,2026-07-08 08:57:32,Website,Delivered,Net Banking,Paid,INR,Warangal,Telangana,Warangal,Telangana,506002,FC-MUM-01,Standard,2026-07-13,2026-07-12,2,3,5042.89,0.00,1221.56,0.00,6264.45,,N,,2026-07-15 17:51:32
501450,ORD501450,101996,2026-07-08,2026-07-08 13:05:12,Marketplace,Delivered,Cash on Delivery,Paid,INR,Pune,Maharashtra,Pune,Maharashtra,411014,FC-MUM-01,Standard,2026-07-13,2026-07-15,3,5,17801.83,0.00,1089.76,0.00,18891.59,,Y,,2026-07-09 17:40:12
500411,ORD500411,101510,2026-07-08,2026-07-08 18:34:55,Store Assisted,Delivered,Net Banking,Paid,INR,Warangal,Telangana,Warangal,Telangana,506002,FC-BLR-01,Standard,2026-07-13,2026-07-14,2,6,10706.02,0.00,2274.33,0.00,12980.35,,Y,,2026-07-16 20:35:55
500292,ORD500292,100360,2026-07-08,2026-07-08 21:10:16,Website,Delivered,Debit Card,Paid,INR,Warangal,Telangana,Warangal,Telangana,506002,FC-BLR-01,Standard,2026-07-13,2026-07-13,3,6,80568.98,0.00,12145.64,0.00,92714.62,,N,,2026-07-12 00:27:16
500171,ORD500171,100280,2026-07-09,2026-07-09 19:24:29,Mobile App,Delivered,Wallet,Paid,INR,Warangal,Telangana,Warangal,Telangana,506002,FC-BLR-01,Express,2026-07-12,2026-07-12,3,8,41531.74,0.00,2400.60,0.00,43932.34,,Y,,2026-07-14 02:02:29
500161,ORD500161,100581,2026-07-09,2026-07-09 19:50:14,Store Assisted,Shipped,Net Banking,Paid,INR,Bengaluru,Karnataka,Bengaluru,Karnataka,560037,FC-MUM-01,Standard,2026-07-14,,5,11,128833.12,0.00,17953.85,0.00,146786.97,,N,,2026-07-10 02:39:14
502067,ORD502067,101481,2026-07-09,2026-07-09 20:19:27,Store Assisted,Delivered,Credit Card,Paid,INR,Hyderabad,Telangana,Hyderabad,Telangana,500081,FC-BLR-01,Standard,2026-07-14,2026-07-14,1,3,3303.57,330.36,832.50,0.00,3805.71,WELCOME10,N,,2026-07-15 23:44:27
501148,ORD501148,100476,2026-07-10,2026-07-10 00:56:18,Store Assisted,Delivered,Wallet,Paid,INR,Visakhapatnam,Andhra Pradesh,Visakhapatnam,Andhra Pradesh,530017,FC-BLR-01,Same Day,2026-07-10,2026-07-10,2,5,2622.30,0.00,578.27,0.00,3200.57,,N,,2026-07-18 08:39:18
501319,ORD501319,100121,2026-07-10,2026-07-10 01:17:03,Store Assisted,Cancelled,Cash on Delivery,Failed,INR,Mumbai,Maharashtra,Mumbai,Maharashtra,400076,FC-HYD-01,Standard,2026-07-15,,5,7,58179.37,0.00,4754.37,0.00,62933.74,,N,Address Issue,2026-07-18 08:33:03
500340,ORD500340,100068,2026-07-10,2026-07-10 06:31:53,Store Assisted,Returned,Cash on Delivery,Partially Refunded,INR,Warangal,Telangana,Warangal,Telangana,506002,FC-MUM-01,Express,2026-07-13,2026-07-14,2,4,2367.58,0.00,662.92,0.00,3030.50,,Y,,2026-07-14 15:14:53
500049,ORD500049,102098,2026-07-10,2026-07-10 07:56:26,Mobile App,Cancelled,Debit Card,Failed,INR,Visakhapatnam,Andhra Pradesh,Visakhapatnam,Andhra Pradesh,530017,FC-HYD-01,Standard,2026-07-15,,1,4,7047.84,0.00,0.00,0.00,7047.84,,N,Duplicate Order,2026-07-12 15:07:26
502167,ORD502167,102242,2026-07-10,2026-07-10 12:03:29,Mobile App,Delivered,Credit Card,Paid,INR,Hyderabad,Telangana,Hyderabad,Telangana,500081,FC-CHE-01,Express,2026-07-13,2026-07-15,4,11,87486.47,0.00,17328.22,0.00,104814.69,,N,,2026-07-17 13:43:29
501169,ORD501169,102086,2026-07-10,2026-07-10 15:52:20,Website,Delivered,Credit Card,Paid,INR,Visakhapatnam,Andhra Pradesh,Visakhapatnam,Andhra Pradesh,530017,FC-MUM-01,Same Day,2026-07-10,2026-07-11,4,8,34392.27,0.00,276.20,0.00,34668.47,,N,,2026-07-14 22:24:20
501028,ORD501028,101206,2026-07-10,2026-07-10 19:27:42,Marketplace,Delivered,Cash on Delivery,Paid,INR,Warangal,Telangana,Warangal,Telangana,506002,FC-DEL-01,Standard,2026-07-15,2026-07-15,4,9,31314.83,6262.97,6943.65,0.00,31995.51,APP20,N,,2026-07-18 22:41:42
501513,ORD501513,101764,2026-07-11,2026-07-11 13:41:47,Store Assisted,Delivered,Credit Card,Paid,INR,Visakhapatnam,Andhra Pradesh,Visakhapatnam,Andhra Pradesh,530017,FC-MUM-01,Standard,2026-07-16,2026-07-17,3,5,48464.38,9692.88,7137.25,0.00,45908.75,APP20,N,,2026-07-12 21:48:47
500743,ORD500743,101493,2026-07-11,2026-07-11 18:18:46,Store Assisted,Delivered,Credit Card,Paid,INR,Vijayawada,Andhra Pradesh,Vijayawada,Andhra Pradesh,520010,FC-HYD-01,Express,2026-07-14,2026-07-14,5,12,46841.45,0.00,11479.64,0.00,58321.09,,N,,2026-07-17 21:00:46
501484,ORD501484,100142,2026-07-12,2026-07-12 04:22:25,Store Assisted,Delivered,Debit Card,Paid,INR,Vijayawada,Andhra Pradesh,Vijayawada,Andhra Pradesh,520010,FC-BLR-01,Standard,2026-07-17,2026-07-19,4,13,177278.71,0.00,17925.50,0.00,195204.21,,N,,2026-07-15 06:50:25
501099,ORD501099,101753,2026-07-12,2026-07-12 10:45:44,Website,Shipped,UPI,Paid,INR,Warangal,Telangana,Warangal,Telangana,506002,FC-CHE-01,Standard,2026-07-17,,1,4,871.28,43.56,0.00,75.00,902.72,SAVE5,Y,,2026-07-14 14:35:44
500631,ORD500631,101610,2026-07-12,2026-07-12 22:00:26,Store Assisted,Delivered,UPI,Paid,INR,Bengaluru,Karnataka,Bengaluru,Karnataka,560037,FC-BLR-01,Express,2026-07-15,2026-07-15,4,7,62596.21,6259.62,14453.37,0.00,70789.96,WELCOME10,Y,,2026-07-14 02:24:26
501908,ORD501908,100170,2026-07-13,2026-07-13 03:34:53,Marketplace,Delivered,Cash on Delivery,Paid,INR,Chennai,Tamil Nadu,Warangal,Telangana,506002,FC-BLR-01,Standard,2026-07-18,2026-07-20,5,12,74639.00,3731.95,5749.33,0.00,76656.38,SAVE5,N,,2026-07-17 08:53:53
501725,ORD501725,100937,2026-07-13,2026-07-13 06:01:33,Website,Delivered,Wallet,Paid,INR,Pune,Maharashtra,Pune,Maharashtra,411014,FC-DEL-01,Standard,2026-07-18,2026-07-18,3,8,46908.06,0.00,5266.42,0.00,52174.48,,N,,2026-07-21 09:08:33
501566,ORD501566,100265,2026-07-13,2026-07-13 11:44:32,Mobile App,Delivered,Credit Card,Paid,INR,Vijayawada,Andhra Pradesh,Vijayawada,Andhra Pradesh,520010,FC-HYD-01,Express,2026-07-16,2026-07-16,4,12,113754.49,17063.17,13004.14,0.00,109695.46,FESTIVE15,N,,2026-07-21 17:21:32
500946,ORD500946,101174,2026-07-13,2026-07-13 14:36:03,Mobile App,Delivered,UPI,Paid,INR,Hyderabad,Telangana,Hyderabad,Telangana,500081,FC-CHE-01,Standard,2026-07-18,2026-07-18,4,12,240018.26,12000.91,13416.26,0.00,241433.61,SAVE5,N,,2026-07-17 16:19:03
501369,ORD501369,102187,2026-07-13,2026-07-13 16:50:34,Mobile App,Delivered,UPI,Paid,INR,Secunderabad,Telangana,Secunderabad,Telangana,500003,FC-BLR-01,Standard,2026-07-18,2026-07-18,3,9,78306.28,11745.94,8852.46,0.00,75412.80,FESTIVE15,N,,2026-07-15 18:21:34
500588,ORD500588,101928,2026-07-13,2026-07-13 18:55:48,Store Assisted,Delivered,Net Banking,Paid,INR,Vijayawada,Andhra Pradesh,Delhi,Delhi,110017,FC-MUM-01,Standard,2026-07-18,2026-07-18,3,10,116012.39,5800.62,19400.26,0.00,129612.03,SAVE5,N,,2026-07-19 21:47:48
501550,ORD501550,101938,2026-07-13,2026-07-13 21:01:39,Store Assisted,Delivered,UPI,Paid,INR,Warangal,Telangana,Warangal,Telangana,506002,FC-HYD-01,Standard,2026-07-18,2026-07-18,1,3,2786.73,278.67,125.40,0.00,2633.46,LOYALTY10,N,,2026-07-16 22:17:39
500885,ORD500885,100180,2026-07-13,2026-07-13 23:59:18,Website,Delivered,Wallet,Paid,INR,Chennai,Tamil Nadu,Chennai,Tamil Nadu,600042,FC-MUM-01,Standard,2026-07-18,2026-07-20,1,3,88863.54,4443.18,0.00,0.00,84420.36,SAVE5,N,,2026-07-18 01:05:18
500194,ORD500194,100395,2026-07-14,2026-07-14 18:21:18,Marketplace,Returned,Cash on Delivery,Refunded,INR,Pune,Maharashtra,Pune,Maharashtra,411014,FC-CHE-01,Standard,2026-07-19,2026-07-20,5,14,125466.83,0.00,17084.23,0.00,142551.06,,Y,,2026-07-20 23:01:18
501573,ORD501573,101461,2026-07-15,2026-07-15 04:03:24,Marketplace,Returned,Cash on Delivery,Partially Refunded,INR,Vijayawada,Andhra Pradesh,Vijayawada,Andhra Pradesh,520010,FC-BLR-01,Standard,2026-07-20,2026-07-20,2,6,5419.30,541.93,65.20,0.00,4942.57,WELCOME10,N,,2026-07-15 12:29:24
501619,ORD501619,101596,2026-07-15,2026-07-15 05:26:02,Marketplace,Delivered,Net Banking,Pending,INR,Mumbai,Maharashtra,Mumbai,Maharashtra,400076,FC-DEL-01,Standard,2026-07-20,2026-07-19,5,12,22495.68,4499.14,4196.03,0.00,22192.57,APP20,N,,2026-07-15 06:03:02
501965,ORD501965,100370,2026-07-15,2026-07-15 11:40:52,Website,Returned,Credit Card,Partially Refunded,INR,Bengaluru,Karnataka,Bengaluru,Karnataka,560037,FC-BLR-01,Standard,2026-07-20,2026-07-20,2,6,188839.48,0.00,32033.48,0.00,220872.96,,Y,,2026-07-21 18:05:52
500202,ORD500202,101495,2026-07-16,2026-07-16 06:47:50,Store Assisted,Delivered,Credit Card,Paid,INR,Vijayawada,Andhra Pradesh,Vijayawada,Andhra Pradesh,520010,FC-DEL-01,Standard,2026-07-21,2026-07-21,2,7,42385.95,6357.89,6485.05,0.00,42513.11,FESTIVE15,N,,2026-07-21 14:43:50
501617,ORD501617,100366,2026-07-16,2026-07-16 07:22:54,Marketplace,Cancelled,Cash on Delivery,Refunded,INR,Hyderabad,Telangana,Hyderabad,Telangana,500081,FC-BLR-01,Standard,2026-07-21,,2,4,4843.18,0.00,746.17,0.00,5589.35,,Y,Inventory Unavailable,2026-07-20 09:53:54
501843,ORD501843,102156,2026-07-16,2026-07-16 09:51:14,Store Assisted,Delivered,Credit Card,Paid,INR,Bengaluru,Karnataka,Bengaluru,Karnataka,560037,FC-CHE-01,Express,2026-07-19,2026-07-21,1,3,61578.30,12315.66,8867.28,0.00,58129.92,APP20,N,,2026-07-24 14:21:14
501234,ORD501234,100132,2026-07-16,2026-07-16 23:27:03,Website,Cancelled,Credit Card,Voided,INR,Visakhapatnam,Andhra Pradesh,Visakhapatnam,Andhra Pradesh,530017,FC-DEL-01,Standard,2026-07-21,,4,12,60906.98,9136.05,6452.97,0.00,58223.90,FESTIVE15,N,Address Issue,2026-07-25 06:21:03
501698,ORD501698,100720,2026-07-17,2026-07-17 00:00:48,Mobile App,Delivered,UPI,Pending,INR,Vijayawada,Andhra Pradesh,Vijayawada,Andhra Pradesh,520010,FC-HYD-01,Same Day,2026-07-17,2026-07-17,1,2,1857.82,92.89,88.25,0.00,1853.18,SAVE5,Y,,2026-07-24 03:50:48
501059,ORD501059,100175,2026-07-17,2026-07-17 09:45:19,Mobile App,Delivered,Credit Card,Paid,INR,Vijayawada,Andhra Pradesh,Delhi,Delhi,110017,FC-CHE-01,Standard,2026-07-22,2026-07-21,1,4,59770.56,0.00,16735.76,0.00,76506.32,,N,,2026-07-19 11:36:19
501865,ORD501865,102125,2026-07-17,2026-07-17 10:24:00,Website,Delivered,Cash on Delivery,Paid,INR,Chennai,Tamil Nadu,Chennai,Tamil Nadu,600042,FC-BLR-01,Standard,2026-07-22,2026-07-22,3,5,6187.78,0.00,330.59,0.00,6518.37,,Y,,2026-07-17 14:23:00
502212,ORD502212,100252,2026-07-17,2026-07-17 13:19:04,Mobile App,Delivered,Credit Card,Pending,INR,Warangal,Telangana,Warangal,Telangana,506002,FC-DEL-01,Standard,2026-07-22,2026-07-22,2,4,34840.98,5226.15,4791.51,0.00,34406.34,FESTIVE15,N,,2026-07-25 14:27:04
502097,ORD502097,100966,2026-07-17,2026-07-17 15:46:18,Store Assisted,Delivered,Credit Card,Paid,INR,Delhi,Delhi,Delhi,Delhi,110017,FC-HYD-01,Standard,2026-07-22,2026-07-24,4,15,48887.85,9777.57,7074.18,0.00,46184.46,APP20,Y,,2026-07-24 23:04:18
501602,ORD501602,101438,2026-07-17,2026-07-17 21:11:13,Website,Delivered,Credit Card,Paid,INR,Bengaluru,Karnataka,Bengaluru,Karnataka,560037,FC-DEL-01,Standard,2026-07-22,2026-07-22,2,5,11170.31,2234.06,2418.22,0.00,11354.47,APP20,Y,,2026-07-25 23:27:13
501097,ORD501097,102189,2026-07-18,2026-07-18 02:10:03,Website,Delivered,Credit Card,Paid,INR,Pune,Maharashtra,Pune,Maharashtra,411014,FC-MUM-01,Express,2026-07-21,2026-07-23,1,1,27143.62,1357.18,1289.32,0.00,27075.76,SAVE5,N,,2026-07-18 06:07:03
502185,ORD502185,101439,2026-07-18,2026-07-18 04:12:55,Website,Cancelled,Cash on Delivery,Failed,INR,Vijayawada,Andhra Pradesh,Vijayawada,Andhra Pradesh,520010,FC-HYD-01,Standard,2026-07-23,,2,2,16770.59,0.00,2201.07,0.00,18971.66,,Y,Payment Failure,2026-07-26 09:11:55
502213,ORD502213,100876,2026-07-18,2026-07-18 07:20:49,Store Assisted,Delivered,Net Banking,Paid,INR,Delhi,Delhi,Delhi,Delhi,110017,FC-DEL-01,Standard,2026-07-23,2026-07-22,2,5,2861.37,0.00,124.21,0.00,2985.58,,N,,2026-07-26 13:19:49
501593,ORD501593,101489,2026-07-18,2026-07-18 10:27:38,Mobile App,Delivered,Cash on Delivery,Paid,INR,Visakhapatnam,Andhra Pradesh,Visakhapatnam,Andhra Pradesh,530017,FC-DEL-01,Express,2026-07-21,2026-07-22,2,4,5842.33,0.00,1380.07,0.00,7222.40,,N,,2026-07-22 18:34:38
501889,ORD501889,100038,2026-07-18,2026-07-18 15:04:52,Mobile App,Delivered,Credit Card,Paid,INR,Bengaluru,Karnataka,Bengaluru,Karnataka,560037,FC-MUM-01,Standard,2026-07-23,2026-07-24,5,13,206813.77,0.00,26214.01,0.00,233027.78,,N,,2026-07-21 22:17:52
500941,ORD500941,101263,2026-07-18,2026-07-18 17:59:39,Website,Delivered,Cash on Delivery,Paid,INR,Pune,Maharashtra,Pune,Maharashtra,411014,FC-HYD-01,Standard,2026-07-23,2026-07-25,2,6,41832.00,4183.20,4517.86,0.00,42166.66,WELCOME10,N,,2026-07-20 00:05:39
502247,ORD502247,100814,2026-07-19,2026-07-19 08:09:40,Website,Cancelled,UPI,Failed,INR,Vijayawada,Andhra Pradesh,Vijayawada,Andhra Pradesh,520010,FC-HYD-01,Standard,2026-07-24,,2,6,44114.70,6617.20,8395.75,0.00,45893.25,FESTIVE15,Y,Duplicate Order,2026-07-24 13:48:40
501832,ORD501832,100951,2026-07-19,2026-07-19 11:56:06,Marketplace,Returned,Credit Card,Partially Refunded,INR,Visakhapatnam,Andhra Pradesh,Visakhapatnam,Andhra Pradesh,530017,FC-BLR-01,Standard,2026-07-24,2026-07-24,1,2,4115.36,411.54,666.69,0.00,4370.51,LOYALTY10,Y,,2026-07-23 14:15:06
501844,ORD501844,100476,2026-07-19,2026-07-19 14:51:58,Store Assisted,Delivered,Cash on Delivery,Paid,INR,Visakhapatnam,Andhra Pradesh,Visakhapatnam,Andhra Pradesh,530017,FC-BLR-01,Standard,2026-07-24,2026-07-24,5,14,135169.51,0.00,12135.11,0.00,147304.62,,Y,,2026-07-20 18:18:58
500516,ORD500516,101139,2026-07-19,2026-07-19 18:17:05,Website,Delivered,Wallet,Paid,INR,Secunderabad,Telangana,Warangal,Telangana,506002,FC-CHE-01,Standard,2026-07-24,2026-07-24,4,9,28037.69,0.00,1807.59,0.00,29845.28,,Y,,2026-07-24 23:04:05
501372,ORD501372,101538,2026-07-20,2026-07-20 02:30:48,Marketplace,Delivered,UPI,Paid,INR,Delhi,Delhi,Delhi,Delhi,110017,FC-BLR-01,Standard,2026-07-25,2026-07-25,3,6,68008.73,0.00,2395.98,0.00,70404.71,,N,,2026-07-24 10:05:48
500093,ORD500093,102168,2026-07-20,2026-07-20 12:59:15,Mobile App,Delivered,UPI,Paid,INR,Pune,Maharashtra,Pune,Maharashtra,411014,FC-BLR-01,Same Day,2026-07-20,2026-07-20,1,1,1822.99,0.00,328.14,0.00,2151.13,,Y,,2026-07-28 18:02:15
501881,ORD501881,100051,2026-07-21,2026-07-21 08:38:30,Mobile App,Delivered,UPI,Paid,INR,Chennai,Tamil Nadu,Pune,Maharashtra,411014,FC-DEL-01,Express,2026-07-24,2026-07-24,2,5,52923.29,5292.33,2759.65,0.00,50390.61,LOYALTY10,N,,2026-07-21 10:47:30
501675,ORD501675,101002,2026-07-21,2026-07-21 10:18:19,Mobile App,Delivered,Cash on Delivery,Paid,INR,Warangal,Telangana,Warangal,Telangana,506002,FC-HYD-01,Standard,2026-07-26,2026-07-28,1,2,6542.30,1308.46,628.06,0.00,5861.90,APP20,N,,2026-07-21 18:57:19
500477,ORD500477,101634,2026-07-21,2026-07-21 15:31:13,Store Assisted,Delivered,Wallet,Pending,INR,Visakhapatnam,Andhra Pradesh,Visakhapatnam,Andhra Pradesh,530017,FC-BLR-01,Same Day,2026-07-21,2026-07-20,2,2,4585.47,0.00,550.26,0.00,5135.73,,Y,,2026-07-22 18:31:13
500222,ORD500222,101908,2026-07-21,2026-07-21 22:26:09,Mobile App,Shipped,Net Banking,Pending,INR,Delhi,Delhi,Delhi,Delhi,110017,FC-DEL-01,Standard,2026-07-26,,1,3,133472.82,6673.64,22823.85,0.00,149623.03,SAVE5,N,,2026-07-27 01:25:09
500699,ORD500699,102202,2026-07-22,2026-07-22 10:58:25,Store Assisted,Delivered,UPI,Paid,INR,Mumbai,Maharashtra,Mumbai,Maharashtra,400076,FC-HYD-01,Standard,2026-07-27,2026-07-26,5,10,82322.64,8232.26,12642.80,0.00,86733.18,WELCOME10,N,,2026-07-23 15:01:25
500445,ORD500445,101461,2026-07-22,2026-07-22 21:14:23,Mobile App,Delivered,Debit Card,Paid,INR,Vijayawada,Andhra Pradesh,Vijayawada,Andhra Pradesh,520010,FC-HYD-01,Standard,2026-07-27,2026-07-26,5,11,98203.08,9820.31,12208.28,0.00,100591.05,LOYALTY10,Y,,2026-07-28 23:59:23
500006,ORD500006,100268,2026-07-23,2026-07-23 15:37:19,Mobile App,Delivered,Wallet,Paid,INR,Vijayawada,Andhra Pradesh,Vijayawada,Andhra Pradesh,520010,FC-CHE-01,Standard,2026-07-28,2026-07-27,4,9,39209.23,3920.92,4239.63,0.00,39527.94,LOYALTY10,Y,,2026-07-26 00:03:19
501354,ORD501354,101208,2026-07-23,2026-07-23 19:09:19,Website,Delivered,Cash on Delivery,Paid,INR,Bengaluru,Karnataka,Bengaluru,Karnataka,560037,FC-CHE-01,Standard,2026-07-28,2026-07-29,4,8,8561.83,0.00,883.45,0.00,9445.28,,N,,2026-07-30 19:41:19
501742,ORD501742,100059,2026-07-23,2026-07-23 20:50:37,Website,Delivered,Cash on Delivery,Paid,INR,Chennai,Tamil Nadu,Chennai,Tamil Nadu,600042,FC-CHE-01,Standard,2026-07-28,2026-07-30,5,13,131703.97,26340.79,16482.94,0.00,121846.12,APP20,Y,,2026-07-27 03:32:37
501100,ORD501100,101831,2026-07-24,2026-07-24 05:26:59,Marketplace,Delivered,UPI,Paid,INR,Chennai,Tamil Nadu,Chennai,Tamil Nadu,600042,FC-DEL-01,Standard,2026-07-29,2026-07-29,2,6,226917.48,0.00,32569.01,0.00,259486.49,,Y,,2026-07-31 13:36:59
500390,ORD500390,100660,2026-07-24,2026-07-24 11:39:32,Marketplace,Delivered,Wallet,Paid,INR,Delhi,Delhi,Delhi,Delhi,110017,FC-DEL-01,Standard,2026-07-29,2026-07-30,3,8,254545.35,12727.27,31148.94,0.00,272967.02,SAVE5,Y,,2026-07-28 18:28:32
502253,ORD502253,102064,2026-07-24,2026-07-24 20:53:30,Store Assisted,Delivered,Wallet,Paid,INR,Secunderabad,Telangana,Secunderabad,Telangana,500003,FC-HYD-01,Standard,2026-07-29,2026-07-29,4,11,181519.24,0.00,18699.06,0.00,200218.30,,N,,2026-07-26 00:17:30
500461,ORD500461,100038,2026-07-24,2026-07-24 23:01:25,Marketplace,Delivered,Debit Card,Paid,INR,Bengaluru,Karnataka,Bengaluru,Karnataka,560037,FC-CHE-01,Express,2026-07-27,2026-07-27,1,2,3780.80,0.00,1058.62,0.00,4839.42,,N,,2026-07-26 04:42:25
501857,ORD501857,101798,2026-07-25,2026-07-25 00:58:54,Website,Delivered,Net Banking,Paid,INR,Pune,Maharashtra,Pune,Maharashtra,411014,FC-CHE-01,Express,2026-07-28,2026-07-28,3,12,201885.00,20188.50,21000.30,0.00,202696.80,LOYALTY10,Y,,2026-08-02 00:59:54
502108,ORD502108,102103,2026-07-25,2026-07-25 11:55:16,Website,Delivered,Net Banking,Paid,INR,Visakhapatnam,Andhra Pradesh,Visakhapatnam,Andhra Pradesh,530017,FC-HYD-01,Standard,2026-07-30,2026-07-30,4,9,174986.04,17498.60,41424.54,0.00,198911.98,LOYALTY10,N,,2026-07-25 18:59:16
502045,ORD502045,100732,2026-07-25,2026-07-25 16:34:11,Website,Delivered,Credit Card,Paid,INR,Chennai,Tamil Nadu,Chennai,Tamil Nadu,600042,FC-CHE-01,Standard,2026-07-30,2026-07-30,4,10,104550.06,0.00,12572.30,0.00,117122.36,,N,,2026-08-01 20:34:11
501805,ORD501805,100679,2026-07-25,2026-07-25 19:06:54,Store Assisted,Delivered,Cash on Delivery,Pending,INR,Bengaluru,Karnataka,Bengaluru,Karnataka,560037,FC-CHE-01,Express,2026-07-28,2026-07-28,2,5,114804.08,11480.41,84.81,0.00,103408.48,LOYALTY10,N,,2026-07-26 02:08:54
501715,ORD501715,101432,2026-07-25,2026-07-25 21:41:03,Store Assisted,Delivered,Net Banking,Paid,INR,Visakhapatnam,Andhra Pradesh,Visakhapatnam,Andhra Pradesh,530017,FC-HYD-01,Standard,2026-07-30,2026-08-01,3,8,70382.48,0.00,18735.15,0.00,89117.63,,N,,2026-07-29 02:06:03
500295,ORD500295,101173,2026-07-25,2026-07-25 23:59:39,Mobile App,Delivered,UPI,Paid,INR,Mumbai,Maharashtra,Mumbai,Maharashtra,400076,FC-CHE-01,Standard,2026-07-30,2026-07-29,1,4,1785.00,178.50,449.82,0.00,2056.32,WELCOME10,N,,2026-07-28 00:30:39
500154,ORD500154,101499,2026-07-26,2026-07-26 23:59:13,Website,Delivered,Credit Card,Paid,INR,Pune,Maharashtra,Visakhapatnam,Andhra Pradesh,530017,FC-DEL-01,Standard,2026-07-31,2026-07-31,1,1,21787.84,4357.57,3137.45,0.00,20567.72,APP20,N,,2026-07-28 08:01:13
500453,ORD500453,101728,2026-07-27,2026-07-27 02:08:36,Marketplace,Cancelled,UPI,Voided,INR,Hyderabad,Telangana,Hyderabad,Telangana,500081,FC-MUM-01,Standard,2026-08-01,,2,5,45619.24,9123.85,10018.75,0.00,46514.14,APP20,Y,Address Issue,2026-08-01 09:09:36
501845,ORD501845,101415,2026-07-27,2026-07-27 07:40:56,Mobile App,Delivered,Debit Card,Paid,INR,Pune,Maharashtra,Pune,Maharashtra,411014,FC-CHE-01,Express,2026-07-30,2026-08-01,4,14,39926.48,1996.32,9827.74,0.00,47757.90,SAVE5,N,,2026-07-27 15:59:56
501894,ORD501894,101673,2026-07-27,2026-07-27 08:03:37,Store Assisted,Returned,Net Banking,Refunded,INR,Chennai,Tamil Nadu,Chennai,Tamil Nadu,600042,FC-DEL-01,Express,2026-07-30,2026-07-31,4,13,42007.79,2100.39,7800.49,0.00,47707.89,SAVE5,N,,2026-07-30 15:34:37
502065,ORD502065,102032,2026-07-27,2026-07-27 13:49:48,Mobile App,Delivered,Wallet,Paid,INR,Vijayawada,Andhra Pradesh,Bengaluru,Karnataka,560037,FC-DEL-01,Same Day,2026-07-27,2026-07-27,3,6,41777.96,0.00,5196.92,0.00,46974.88,,Y,,2026-07-31 18:46:48
502074,ORD502074,100387,2026-07-27,2026-07-27 14:48:00,Store Assisted,Delivered,Debit Card,Paid,INR,Warangal,Telangana,Warangal,Telangana,506002,FC-HYD-01,Express,2026-07-30,2026-07-31,4,13,24162.55,2416.26,1568.99,0.00,23315.28,LOYALTY10,N,,2026-07-27 15:25:00
501603,ORD501603,102286,2026-07-27,2026-07-27 19:28:12,Marketplace,Delivered,UPI,Paid,INR,Visakhapatnam,Andhra Pradesh,Visakhapatnam,Andhra Pradesh,530017,FC-BLR-01,Standard,2026-08-01,2026-08-01,1,4,136024.72,20403.71,20811.78,0.00,136432.79,FESTIVE15,N,,2026-07-30 23:24:12
502397,ORD502397,100560,2026-07-27,2026-07-27 22:10:06,Marketplace,Delivered,Net Banking,Paid,INR,Delhi,Delhi,Delhi,Delhi,110017,FC-DEL-01,Express,2026-07-30,2026-07-30,1,1,1069.85,106.98,48.14,50.00,1061.01,WELCOME10,N,,2026-07-31 23:19:06
501192,ORD501192,100630,2026-07-28,2026-07-28 06:03:35,Website,Delivered,Credit Card,Paid,INR,Vijayawada,Andhra Pradesh,Vijayawada,Andhra Pradesh,520010,FC-MUM-01,Standard,2026-08-02,2026-08-04,2,4,3795.25,569.29,150.57,0.00,3376.53,FESTIVE15,Y,,2026-08-04 07:26:35
501545,ORD501545,100611,2026-07-28,2026-07-28 10:34:47,Marketplace,Delivered,Debit Card,Paid,INR,Vijayawada,Andhra Pradesh,Vijayawada,Andhra Pradesh,520010,FC-HYD-01,Standard,2026-08-02,2026-08-02,5,11,87912.73,13186.91,6731.43,0.00,81457.25,FESTIVE15,Y,,2026-08-03 13:36:47
501472,ORD501472,100341,2026-07-28,2026-07-28 11:45:19,Website,Delivered,Cash on Delivery,Paid,INR,Visakhapatnam,Andhra Pradesh,Delhi,Delhi,110017,FC-CHE-01,Standard,2026-08-02,2026-08-03,3,11,14126.29,0.00,2499.65,0.00,16625.94,,N,,2026-08-03 20:15:19
501078,ORD501078,100122,2026-07-28,2026-07-28 12:45:24,Marketplace,Delivered,Wallet,Paid,INR,Secunderabad,Telangana,Secunderabad,Telangana,500003,FC-CHE-01,Standard,2026-08-02,2026-08-04,5,14,163215.82,16321.58,3483.66,0.00,150377.90,LOYALTY10,Y,,2026-07-31 16:25:24
501716,ORD501716,101524,2026-07-28,2026-07-28 18:35:16,Mobile App,Delivered,Wallet,Pending,INR,Bengaluru,Karnataka,Bengaluru,Karnataka,560037,FC-DEL-01,Standard,2026-08-02,2026-08-02,1,2,176.22,0.00,49.34,60.00,285.56,,N,,2026-08-01 19:21:16
501696,ORD501696,101302,2026-07-28,2026-07-28 18:48:31,Mobile App,Cancelled,Wallet,Refunded,INR,Visakhapatnam,Andhra Pradesh,Visakhapatnam,Andhra Pradesh,530017,FC-CHE-01,Standard,2026-08-02,,3,7,6219.04,0.00,1535.76,0.00,7754.80,,Y,Inventory Unavailable,2026-07-28 21:54:31
500703,ORD500703,102206,2026-07-28,2026-07-28 22:03:06,Website,Delivered,Wallet,Paid,INR,Delhi,Delhi,Delhi,Delhi,110017,FC-HYD-01,Express,2026-07-31,2026-07-31,3,10,211732.60,0.00,8171.40,0.00,219904.00,,N,,2026-08-02 06:42:06
501224,ORD501224,102286,2026-07-29,2026-07-29 09:32:51,Mobile App,Delivered,Debit Card,Paid,INR,Visakhapatnam,Andhra Pradesh,Visakhapatnam,Andhra Pradesh,530017,FC-CHE-01,Express,2026-08-01,2026-08-01,5,13,23083.85,1154.19,2327.22,0.00,24256.88,SAVE5,N,,2026-07-31 18:17:51
501340,ORD501340,101831,2026-07-29,2026-07-29 21:30:49,Website,Delivered,Wallet,Paid,INR,Chennai,Tamil Nadu,Chennai,Tamil Nadu,600042,FC-DEL-01,Standard,2026-08-03,2026-08-02,2,6,6289.68,0.00,1485.77,0.00,7775.45,,N,,2026-07-30 03:40:49
500122,ORD500122,101627,2026-07-30,2026-07-30 13:50:28,Store Assisted,Delivered,Credit Card,Paid,INR,Warangal,Telangana,Warangal,Telangana,506002,FC-DEL-01,Standard,2026-08-04,2026-08-04,4,10,46413.39,6962.01,6258.55,0.00,45709.93,FESTIVE15,N,,2026-08-07 14:36:28
501022,ORD501022,101994,2026-07-31,2026-07-31 01:10:04,Marketplace,Delivered,Credit Card,Paid,INR,Visakhapatnam,Andhra Pradesh,Visakhapatnam,Andhra Pradesh,530017,FC-HYD-01,Standard,2026-08-05,2026-08-05,3,8,11678.40,1167.84,1750.65,0.00,12261.21,WELCOME10,N,,2026-07-31 04:14:04
500757,ORD500757,102044,2026-07-31,2026-07-31 04:41:12,Marketplace,Cancelled,Debit Card,Failed,INR,Bengaluru,Karnataka,Bengaluru,Karnataka,560037,FC-CHE-01,Standard,2026-08-05,,1,3,6322.26,948.34,1504.70,0.00,6878.62,FESTIVE15,N,Address Issue,2026-08-04 11:09:12
501552,ORD501552,101102,2026-08-01,2026-08-01 00:18:48,Website,Delivered,Debit Card,Paid,INR,Pune,Maharashtra,Pune,Maharashtra,411014,FC-BLR-01,Standard,2026-08-06,2026-08-06,1,1,20526.10,4105.22,2955.76,0.00,19376.64,APP20,N,,2026-08-05 01:59:48
501759,ORD501759,100797,2026-08-01,2026-08-01 02:04:15,Store Assisted,Delivered,Credit Card,Pending,INR,Warangal,Telangana,Warangal,Telangana,506002,FC-HYD-01,Standard,2026-08-06,2026-08-07,1,3,4315.23,0.00,776.74,0.00,5091.97,,N,,2026-08-06 07:17:15
502114,ORD502114,101670,2026-08-01,2026-08-01 02:32:18,Store Assisted,Delivered,Credit Card,Paid,INR,Visakhapatnam,Andhra Pradesh,Visakhapatnam,Andhra Pradesh,530017,FC-CHE-01,Standard,2026-08-06,2026-08-06,3,6,6002.24,900.34,220.52,0.00,5322.42,FESTIVE15,N,,2026-08-02 07:38:18
501343,ORD501343,102016,2026-08-01,2026-08-01 08:47:13,Mobile App,Delivered,Debit Card,Paid,INR,Warangal,Telangana,Warangal,Telangana,506002,FC-CHE-01,Express,2026-08-04,2026-08-05,4,12,266509.15,26650.92,21883.04,0.00,261741.27,WELCOME10,Y,,2026-08-08 11:06:13
501913,ORD501913,100846,2026-08-01,2026-08-01 08:59:41,Website,Delivered,Wallet,Paid,INR,Chennai,Tamil Nadu,Chennai,Tamil Nadu,600042,FC-CHE-01,Express,2026-08-04,2026-08-05,3,8,103337.97,0.00,15985.42,0.00,119323.39,,Y,,2026-08-04 10:43:41
502353,ORD502353,101200,2026-08-01,2026-08-01 16:41:04,Store Assisted,Cancelled,Net Banking,Voided,INR,Pune,Maharashtra,Pune,Maharashtra,411014,FC-CHE-01,Standard,2026-08-06,,5,9,102311.57,0.00,13334.70,0.00,115646.27,,N,Inventory Unavailable,2026-08-01 18:01:04
501092,ORD501092,102123,2026-08-01,2026-08-01 16:52:53,Website,Cancelled,Credit Card,Voided,INR,Secunderabad,Telangana,Secunderabad,Telangana,500003,FC-BLR-01,Standard,2026-08-06,,3,5,38816.01,0.00,3835.70,0.00,42651.71,,N,Duplicate Order,2026-08-08 19:45:53
501055,ORD501055,101702,2026-08-01,2026-08-01 19:25:37,Mobile App,Delivered,Cash on Delivery,Paid,INR,Delhi,Delhi,Delhi,Delhi,110017,FC-DEL-01,Same Day,2026-08-01,2026-08-02,4,7,98628.70,9862.87,11542.82,0.00,100308.65,WELCOME10,Y,,2026-08-08 02:49:37
502158,ORD502158,100837,2026-08-01,2026-08-01 21:14:45,Marketplace,Delivered,Credit Card,Paid,INR,Delhi,Delhi,Delhi,Delhi,110017,FC-CHE-01,Standard,2026-08-06,2026-08-08,5,12,163202.28,0.00,8537.39,0.00,171739.67,,N,,2026-08-07 04:19:45
500264,ORD500264,101654,2026-08-01,2026-08-01 22:29:19,Website,Delivered,Credit Card,Paid,INR,Hyderabad,Telangana,Hyderabad,Telangana,500081,FC-MUM-01,Express,2026-08-04,2026-08-06,2,4,20010.20,4002.04,662.56,0.00,16670.72,APP20,N,,2026-08-02 05:39:19
502369,ORD502369,100350,2026-08-02,2026-08-02 06:30:09,Marketplace,Delivered,Debit Card,Pending,INR,Vijayawada,Andhra Pradesh,Secunderabad,Telangana,500003,FC-HYD-01,Standard,2026-08-07,2026-08-07,5,9,19852.41,0.00,4835.28,0.00,24687.69,,N,,2026-08-07 14:03:09
501452,ORD501452,102206,2026-08-02,2026-08-02 08:02:28,Store Assisted,Delivered,Cash on Delivery,Paid,INR,Delhi,Delhi,Delhi,Delhi,110017,FC-DEL-01,Express,2026-08-05,2026-08-07,3,10,126214.28,0.00,9432.69,0.00,135646.97,,N,,2026-08-06 11:51:28
501397,ORD501397,101300,2026-08-02,2026-08-02 13:57:30,Marketplace,Delivered,UPI,Pending,INR,Pune,Maharashtra,Pune,Maharashtra,411014,FC-HYD-01,Express,2026-08-05,2026-08-04,5,12,74218.01,0.00,11688.38,0.00,85906.39,,Y,,2026-08-10 14:24:30
501648,ORD501648,100594,2026-08-02,2026-08-02 21:40:13,Website,Delivered,UPI,Paid,INR,Secunderabad,Telangana,Secunderabad,Telangana,500003,FC-CHE-01,Standard,2026-08-07,2026-08-08,2,3,38843.98,5826.60,9244.87,0.00,42262.25,FESTIVE15,Y,,2026-08-07 04:24:13
501520,ORD501520,100849,2026-08-03,2026-08-03 01:52:57,Website,Delivered,UPI,Paid,INR,Pune,Maharashtra,Delhi,Delhi,110017,FC-DEL-01,Standard,2026-08-08,2026-08-08,4,9,89143.31,0.00,12743.90,0.00,101887.21,,Y,,2026-08-04 07:38:57
501902,ORD501902,101743,2026-08-03,2026-08-03 04:16:09,Mobile App,Delivered,Cash on Delivery,Paid,INR,Visakhapatnam,Andhra Pradesh,Visakhapatnam,Andhra Pradesh,530017,FC-HYD-01,Express,2026-08-06,2026-08-06,1,4,51687.92,7753.19,5272.17,0.00,49206.90,FESTIVE15,Y,,2026-08-08 10:36:09
502215,ORD502215,101460,2026-08-03,2026-08-03 05:50:38,Marketplace,Delivered,Debit Card,Paid,INR,Visakhapatnam,Andhra Pradesh,Visakhapatnam,Andhra Pradesh,530017,FC-MUM-01,Express,2026-08-06,2026-08-06,1,3,2488.35,0.00,124.42,0.00,2612.77,,Y,,2026-08-06 10:56:38
500173,ORD500173,100114,2026-08-03,2026-08-03 10:59:56,Mobile App,Delivered,Cash on Delivery,Paid,INR,Bengaluru,Karnataka,Bengaluru,Karnataka,560037,FC-BLR-01,Standard,2026-08-08,2026-08-08,3,6,123689.64,0.00,2437.38,0.00,126127.02,,N,,2026-08-10 17:10:56
501062,ORD501062,100890,2026-08-03,2026-08-03 17:57:45,Mobile App,Delivered,Credit Card,Paid,INR,Secunderabad,Telangana,Secunderabad,Telangana,500003,FC-BLR-01,Express,2026-08-06,2026-08-05,4,11,50777.41,2538.87,8606.28,0.00,56844.82,SAVE5,Y,,2026-08-04 23:33:45
502075,ORD502075,101891,2026-08-03,2026-08-03 20:49:46,Mobile App,Delivered,Credit Card,Paid,INR,Hyderabad,Telangana,Hyderabad,Telangana,500081,FC-BLR-01,Express,2026-08-06,2026-08-06,2,5,67740.11,0.00,12219.65,0.00,79959.76,,N,,2026-08-08 00:05:46
500196,ORD500196,101248,2026-08-04,2026-08-04 20:56:53,Website,Delivered,Net Banking,Paid,INR,Warangal,Telangana,Warangal,Telangana,506002,FC-MUM-01,Standard,2026-08-09,2026-08-09,3,4,875.03,87.50,104.57,60.00,952.10,WELCOME10,N,,2026-08-11 22:12:53
502202,ORD502202,100241,2026-08-04,2026-08-04 23:46:20,Store Assisted,Delivered,Net Banking,Paid,INR,Delhi,Delhi,Bengaluru,Karnataka,560037,FC-CHE-01,Express,2026-08-07,2026-08-07,3,7,59776.03,2988.80,735.09,0.00,57522.32,SAVE5,N,,2026-08-06 05:49:20
501753,ORD501753,102280,2026-08-05,2026-08-05 04:31:30,Marketplace,Cancelled,Cash on Delivery,Failed,INR,Secunderabad,Telangana,Secunderabad,Telangana,500003,FC-MUM-01,Standard,2026-08-10,,3,8,55022.96,11004.59,5419.49,0.00,49437.86,APP20,Y,Duplicate Order,2026-08-11 12:57:30
502346,ORD502346,100137,2026-08-05,2026-08-05 07:28:26,Website,Delivered,Wallet,Paid,INR,Hyderabad,Telangana,Hyderabad,Telangana,500081,FC-HYD-01,Standard,2026-08-10,2026-08-11,2,6,38976.66,1948.83,10178.09,0.00,47205.92,SAVE5,N,,2026-08-07 14:47:26
501013,ORD501013,100785,2026-08-05,2026-08-05 12:50:00,Mobile App,Delivered,Cash on Delivery,Paid,INR,Hyderabad,Telangana,Hyderabad,Telangana,500081,FC-BLR-01,Express,2026-08-08,2026-08-08,2,6,113793.69,22758.74,15782.45,0.00,106817.40,APP20,N,,2026-08-08 20:48:00
502131,ORD502131,102120,2026-08-05,2026-08-05 14:18:15,Website,Delivered,Cash on Delivery,Paid,INR,Mumbai,Maharashtra,Mumbai,Maharashtra,400076,FC-DEL-01,Standard,2026-08-10,2026-08-09,4,10,114369.92,0.00,30474.84,0.00,144844.76,,N,,2026-08-08 15:22:15
500110,ORD500110,101530,2026-08-06,2026-08-06 00:36:48,Mobile App,Delivered,Debit Card,Paid,INR,Secunderabad,Telangana,Secunderabad,Telangana,500003,FC-HYD-01,Express,2026-08-09,2026-08-09,1,2,4938.16,740.72,755.54,0.00,4952.98,FESTIVE15,N,,2026-08-12 08:24:48
500276,ORD500276,102023,2026-08-06,2026-08-06 04:56:27,Marketplace,Delivered,Credit Card,Paid,INR,Vijayawada,Andhra Pradesh,Vijayawada,Andhra Pradesh,520010,FC-DEL-01,Standard,2026-08-11,2026-08-13,1,2,2098.52,0.00,377.73,0.00,2476.25,,N,,2026-08-11 13:31:27
501955,ORD501955,101138,2026-08-06,2026-08-06 07:14:40,Website,Delivered,UPI,Pending,INR,Pune,Maharashtra,Pune,Maharashtra,411014,FC-MUM-01,Standard,2026-08-11,2026-08-13,2,5,110071.80,11007.18,551.82,0.00,99616.44,LOYALTY10,Y,,2026-08-09 11:43:40
500785,ORD500785,101220,2026-08-06,2026-08-06 18:21:02,Website,Delivered,Cash on Delivery,Paid,INR,Delhi,Delhi,Delhi,Delhi,110017,FC-MUM-01,Same Day,2026-08-06,2026-08-07,3,4,50725.33,0.00,36.14,0.00,50761.47,,N,,2026-08-14 18:50:02
500313,ORD500313,101579,2026-08-06,2026-08-06 19:27:36,Website,Delivered,Cash on Delivery,Paid,INR,Chennai,Tamil Nadu,Vijayawada,Andhra Pradesh,520010,FC-HYD-01,Express,2026-08-09,2026-08-09,5,15,51948.12,5194.81,7452.02,0.00,54205.33,LOYALTY10,N,,2026-08-12 20:23:36
500657,ORD500657,101559,2026-08-06,2026-08-06 19:33:00,Website,Delivered,Credit Card,Paid,INR,Chennai,Tamil Nadu,Chennai,Tamil Nadu,600042,FC-BLR-01,Standard,2026-08-11,2026-08-11,5,13,13948.24,0.00,1714.14,0.00,15662.38,,Y,,2026-08-12 04:02:00
502275,ORD502275,100863,2026-08-07,2026-08-07 00:50:02,Marketplace,Delivered,Cash on Delivery,Paid,INR,Pune,Maharashtra,Pune,Maharashtra,411014,FC-DEL-01,Standard,2026-08-12,2026-08-12,4,11,124351.69,18652.75,28901.88,0.00,134600.82,FESTIVE15,N,,2026-08-13 04:57:02
500282,ORD500282,100836,2026-08-07,2026-08-07 02:10:14,Marketplace,Delivered,Credit Card,Paid,INR,Secunderabad,Telangana,Secunderabad,Telangana,500003,FC-DEL-01,Standard,2026-08-12,2026-08-11,1,4,3712.04,185.60,176.32,0.00,3702.76,SAVE5,Y,,2026-08-15 10:58:14
501313,ORD501313,100513,2026-08-07,2026-08-07 06:20:20,Mobile App,Cancelled,Net Banking,Failed,INR,Chennai,Tamil Nadu,Chennai,Tamil Nadu,600042,FC-BLR-01,Standard,2026-08-12,,5,13,94136.11,4706.81,16461.73,0.00,105891.03,SAVE5,N,Customer Request,2026-08-14 10:19:20
501250,ORD501250,100151,2026-08-07,2026-08-07 07:24:23,Store Assisted,Delivered,Net Banking,Paid,INR,Visakhapatnam,Andhra Pradesh,Visakhapatnam,Andhra Pradesh,530017,FC-MUM-01,Standard,2026-08-12,2026-08-13,5,13,129565.02,25913.00,19376.08,0.00,123028.10,APP20,Y,,2026-08-15 11:59:23
500542,ORD500542,100537,2026-08-07,2026-08-07 11:53:46,Mobile App,Shipped,Cash on Delivery,Pending,INR,Pune,Maharashtra,Hyderabad,Telangana,500081,FC-BLR-01,Express,2026-08-10,,1,1,218.57,0.00,26.23,40.00,284.80,,N,,2026-08-10 20:34:46
501449,ORD501449,100972,2026-08-07,2026-08-07 13:11:19,Store Assisted,Delivered,Cash on Delivery,Paid,INR,Secunderabad,Telangana,Warangal,Telangana,506002,FC-BLR-01,Standard,2026-08-12,2026-08-13,5,13,197229.43,19722.94,31842.67,0.00,209349.16,WELCOME10,N,,2026-08-09 21:39:19
501768,ORD501768,101880,2026-08-07,2026-08-07 16:27:40,Marketplace,Delivered,Credit Card,Paid,INR,Secunderabad,Telangana,Chennai,Tamil Nadu,600042,FC-MUM-01,Express,2026-08-10,2026-08-11,1,4,2257.20,0.00,112.86,0.00,2370.06,,Y,,2026-08-13 21:42:40
500986,ORD500986,101510,2026-08-07,2026-08-07 19:10:46,Store Assisted,Shipped,UPI,Paid,INR,Warangal,Telangana,Pune,Maharashtra,411014,FC-BLR-01,Standard,2026-08-12,,1,4,63834.48,0.00,17873.65,0.00,81708.13,,N,,2026-08-10 21:30:46
500780,ORD500780,101128,2026-08-08,2026-08-08 02:06:43,Store Assisted,Delivered,Credit Card,Paid,INR,Delhi,Delhi,Delhi,Delhi,110017,FC-DEL-01,Same Day,2026-08-08,2026-08-08,3,7,9931.29,993.13,1608.69,0.00,10546.85,WELCOME10,N,,2026-08-14 10:29:43
501793,ORD501793,100783,2026-08-08,2026-08-08 04:25:14,Marketplace,Delivered,Debit Card,Paid,INR,Chennai,Tamil Nadu,Delhi,Delhi,110017,FC-DEL-01,Standard,2026-08-13,2026-08-12,4,9,10085.72,1512.86,1603.79,0.00,10176.65,FESTIVE15,N,,2026-08-14 06:02:14
500787,ORD500787,100169,2026-08-08,2026-08-08 07:10:39,Store Assisted,Cancelled,Wallet,Refunded,INR,Chennai,Tamil Nadu,Chennai,Tamil Nadu,600042,FC-BLR-01,Same Day,2026-08-08,,5,15,203894.44,30584.17,20389.75,0.00,193700.02,FESTIVE15,N,Customer Request,2026-08-16 09:47:39
501859,ORD501859,100358,2026-08-08,2026-08-08 08:34:41,Marketplace,Returned,Debit Card,Refunded,INR,Bengaluru,Karnataka,Bengaluru,Karnataka,560037,FC-MUM-01,Standard,2026-08-13,2026-08-13,2,2,2538.82,126.94,63.12,0.00,2475.00,SAVE5,Y,,2026-08-12 17:05:41
500460,ORD500460,100826,2026-08-08,2026-08-08 22:47:46,Store Assisted,Delivered,Debit Card,Paid,INR,Visakhapatnam,Andhra Pradesh,Hyderabad,Telangana,500081,FC-BLR-01,Standard,2026-08-13,2026-08-15,1,1,218.57,21.86,23.61,40.00,260.32,WELCOME10,N,,2026-08-09 04:18:46
501281,ORD501281,101975,2026-08-08,2026-08-08 23:18:46,Store Assisted,Delivered,Net Banking,Paid,INR,Delhi,Delhi,Delhi,Delhi,110017,FC-BLR-01,Standard,2026-08-13,2026-08-14,4,11,124241.31,12424.13,15105.79,0.00,126922.97,WELCOME10,N,,2026-08-10 23:40:46
500400,ORD500400,101923,2026-08-09,2026-08-09 03:25:30,Mobile App,Delivered,UPI,Paid,INR,Bengaluru,Karnataka,Bengaluru,Karnataka,560037,FC-MUM-01,Standard,2026-08-14,2026-08-15,5,15,140973.61,21146.04,3209.62,0.00,123037.19,FESTIVE15,Y,,2026-08-10 05:48:30
501751,ORD501751,101273,2026-08-09,2026-08-09 14:08:33,Website,Delivered,Net Banking,Paid,INR,Secunderabad,Telangana,Chennai,Tamil Nadu,600042,FC-HYD-01,Express,2026-08-12,2026-08-11,1,3,6271.65,0.00,752.60,0.00,7024.25,,N,,2026-08-17 17:50:33
501077,ORD501077,101352,2026-08-09,2026-08-09 15:13:41,Website,Returned,Wallet,Refunded,INR,Vijayawada,Andhra Pradesh,Vijayawada,Andhra Pradesh,520010,FC-CHE-01,Express,2026-08-12,2026-08-14,1,2,1096.70,54.84,52.09,40.00,1133.95,SAVE5,N,,2026-08-13 15:38:41
500820,ORD500820,101949,2026-08-09,2026-08-09 17:58:49,Mobile App,Delivered,Wallet,Paid,INR,Vijayawada,Andhra Pradesh,Vijayawada,Andhra Pradesh,520010,FC-HYD-01,Standard,2026-08-14,2026-08-14,5,12,159583.40,15958.34,12055.45,0.00,155680.51,WELCOME10,N,,2026-08-18 00:40:49
501651,ORD501651,100595,2026-08-10,2026-08-10 14:09:02,Store Assisted,Delivered,Debit Card,Paid,INR,Hyderabad,Telangana,Hyderabad,Telangana,500081,FC-HYD-01,Standard,2026-08-15,2026-08-16,1,1,727.47,0.00,0.00,40.00,767.47,,N,,2026-08-13 18:29:02
500082,ORD500082,101564,2026-08-10,2026-08-10 20:13:09,Marketplace,Delivered,Wallet,Paid,INR,Chennai,Tamil Nadu,Chennai,Tamil Nadu,600042,FC-HYD-01,Standard,2026-08-15,2026-08-16,5,13,64516.95,12903.39,7789.75,0.00,59403.31,APP20,N,,2026-08-12 22:49:09
500253,ORD500253,101669,2026-08-10,2026-08-10 21:08:44,Marketplace,Delivered,Credit Card,Paid,INR,Mumbai,Maharashtra,Mumbai,Maharashtra,400076,FC-CHE-01,Standard,2026-08-15,2026-08-15,2,4,106648.48,5332.42,12026.97,0.00,113343.03,SAVE5,Y,,2026-08-18 22:46:44
501043,ORD501043,100376,2026-08-10,2026-08-10 22:29:55,Mobile App,Delivered,Cash on Delivery,Pending,INR,Bengaluru,Karnataka,Bengaluru,Karnataka,560037,FC-CHE-01,Standard,2026-08-15,2026-08-16,4,10,178719.37,17871.94,17076.57,0.00,177924.00,LOYALTY10,N,,2026-08-15 01:02:55
501113,ORD501113,100635,2026-08-10,2026-08-10 23:23:02,Mobile App,Delivered,Cash on Delivery,Paid,INR,Chennai,Tamil Nadu,Chennai,Tamil Nadu,600042,FC-BLR-01,Express,2026-08-13,2026-08-12,4,15,30007.20,4501.08,914.70,0.00,26420.82,FESTIVE15,Y,,2026-08-13 04:15:02
500870,ORD500870,100671,2026-08-12,2026-08-12 00:44:17,Website,Cancelled,Debit Card,Refunded,INR,Visakhapatnam,Andhra Pradesh,Visakhapatnam,Andhra Pradesh,530017,FC-HYD-01,Same Day,2026-08-12,,2,7,19244.38,1924.44,4849.58,0.00,22169.52,WELCOME10,N,Inventory Unavailable,2026-08-20 08:58:17
501914,ORD501914,101865,2026-08-12,2026-08-12 00:54:25,Website,Delivered,Debit Card,Pending,INR,Warangal,Telangana,Warangal,Telangana,506002,FC-DEL-01,Express,2026-08-15,2026-08-14,2,3,35131.06,7026.21,528.95,0.00,28633.80,APP20,N,,2026-08-15 04:34:25
500927,ORD500927,101392,2026-08-12,2026-08-12 02:42:29,Website,Delivered,Credit Card,Paid,INR,Mumbai,Maharashtra,Warangal,Telangana,506002,FC-MUM-01,Express,2026-08-15,2026-08-15,2,8,23547.96,0.00,2604.07,0.00,26152.03,,N,,2026-08-14 11:08:29
502032,ORD502032,100301,2026-08-12,2026-08-12 16:21:20,Store Assisted,Delivered,Debit Card,Paid,INR,Delhi,Delhi,Delhi,Delhi,110017,FC-HYD-01,Standard,2026-08-17,2026-08-18,1,2,88981.88,0.00,16016.74,0.00,104998.62,,N,,2026-08-15 17:08:20
500893,ORD500893,100489,2026-08-12,2026-08-12 21:11:41,Mobile App,Delivered,Cash on Delivery,Paid,INR,Delhi,Delhi,Delhi,Delhi,110017,FC-DEL-01,Standard,2026-08-17,2026-08-18,3,9,164832.06,0.00,24083.28,0.00,188915.34,,Y,,2026-08-14 01:38:41
501102,ORD501102,100178,2026-08-12,2026-08-12 23:00:19,Website,Delivered,Wallet,Paid,INR,Warangal,Telangana,Warangal,Telangana,506002,FC-HYD-01,Express,2026-08-15,2026-08-16,5,13,89199.95,0.00,11381.05,0.00,100581.00,,N,,2026-08-20 06:28:19
501971,ORD501971,101152,2026-08-13,2026-08-13 02:06:47,Store Assisted,Delivered,Credit Card,Paid,INR,Vijayawada,Andhra Pradesh,Vijayawada,Andhra Pradesh,520010,FC-CHE-01,Standard,2026-08-18,2026-08-18,3,7,48866.51,0.00,8643.39,0.00,57509.90,,N,,2026-08-17 03:00:47
502112,ORD502112,100721,2026-08-13,2026-08-13 04:01:16,Mobile App,Delivered,Net Banking,Paid,INR,Pune,Maharashtra,Pune,Maharashtra,411014,FC-CHE-01,Standard,2026-08-18,2026-08-18,5,14,110289.83,0.00,27337.34,0.00,137627.17,,N,,2026-08-16 10:52:16
501609,ORD501609,100205,2026-08-13,2026-08-13 05:20:57,Website,Delivered,Cash on Delivery,Paid,INR,Chennai,Tamil Nadu,Chennai,Tamil Nadu,600042,FC-HYD-01,Standard,2026-08-18,2026-08-20,4,6,91302.40,13695.36,7027.20,0.00,84634.24,FESTIVE15,Y,,2026-08-14 08:21:57
500351,ORD500351,100140,2026-08-13,2026-08-13 09:42:08,Marketplace,Delivered,Debit Card,Paid,INR,Warangal,Telangana,Warangal,Telangana,506002,FC-BLR-01,Express,2026-08-16,2026-08-17,1,1,829.45,0.00,41.47,50.00,920.92,,Y,,2026-08-17 15:30:08
500125,ORD500125,100512,2026-08-13,2026-08-13 16:30:42,Marketplace,Delivered,Cash on Delivery,Paid,INR,Delhi,Delhi,Delhi,Delhi,110017,FC-BLR-01,Standard,2026-08-18,2026-08-19,2,3,15320.57,0.00,4114.44,0.00,19435.01,,N,,2026-08-17 17:01:42
500137,ORD500137,100184,2026-08-13,2026-08-13 18:20:38,Store Assisted,Delivered,Cash on Delivery,Paid,INR,Hyderabad,Telangana,Hyderabad,Telangana,500081,FC-BLR-01,Same Day,2026-08-13,2026-08-13,5,12,12591.62,0.00,1093.98,0.00,13685.60,,Y,,2026-08-16 23:28:38
500410,ORD500410,102105,2026-08-14,2026-08-14 06:39:20,Marketplace,Delivered,Debit Card,Paid,INR,Hyderabad,Telangana,Mumbai,Maharashtra,400076,FC-HYD-01,Standard,2026-08-19,2026-08-19,4,8,126069.40,12606.94,12099.64,0.00,125562.10,WELCOME10,N,,2026-08-21 14:38:20
501069,ORD501069,100705,2026-08-15,2026-08-15 15:45:40,Store Assisted,Delivered,Debit Card,Paid,INR,Mumbai,Maharashtra,Mumbai,Maharashtra,400076,FC-MUM-01,Express,2026-08-18,2026-08-18,3,8,9897.31,494.87,1218.74,0.00,10621.18,SAVE5,N,,2026-08-15 16:52:40
501237,ORD501237,101888,2026-08-16,2026-08-16 03:52:04,Store Assisted,Delivered,Credit Card,Paid,INR,Vijayawada,Andhra Pradesh,Vijayawada,Andhra Pradesh,520010,FC-DEL-01,Same Day,2026-08-16,2026-08-16,5,12,41854.88,0.00,7445.74,0.00,49300.62,,Y,,2026-08-22 09:14:04
500271,ORD500271,100802,2026-08-16,2026-08-16 04:37:41,Website,Delivered,Net Banking,Paid,INR,Visakhapatnam,Andhra Pradesh,Visakhapatnam,Andhra Pradesh,530017,FC-MUM-01,Express,2026-08-19,2026-08-20,4,6,109418.67,21883.73,14588.48,0.00,102123.42,APP20,Y,,2026-08-20 04:49:41
500092,ORD500092,101263,2026-08-16,2026-08-16 10:18:31,Website,Delivered,Net Banking,Paid,INR,Pune,Maharashtra,Pune,Maharashtra,411014,FC-HYD-01,Standard,2026-08-21,2026-08-21,1,4,109550.60,16432.59,0.00,0.00,93118.01,FESTIVE15,N,,2026-08-23 15:38:31
502394,ORD502394,101913,2026-08-16,2026-08-16 13:36:34,Marketplace,Delivered,Wallet,Paid,INR,Chennai,Tamil Nadu,Pune,Maharashtra,411014,FC-CHE-01,Standard,2026-08-21,2026-08-21,2,6,7246.52,0.00,1907.05,0.00,9153.57,,N,,2026-08-17 21:55:34
502120,ORD502120,100739,2026-08-16,2026-08-16 22:41:09,Store Assisted,Delivered,Credit Card,Paid,INR,Mumbai,Maharashtra,Mumbai,Maharashtra,400076,FC-DEL-01,Standard,2026-08-21,2026-08-22,5,15,91261.94,9126.19,16802.61,0.00,98938.36,LOYALTY10,N,,2026-08-22 05:12:09
500851,ORD500851,100532,2026-08-17,2026-08-17 03:39:08,Website,Delivered,Cash on Delivery,Paid,INR,Pune,Maharashtra,Pune,Maharashtra,411014,FC-CHE-01,Standard,2026-08-22,2026-08-22,1,3,3977.73,198.89,188.94,0.00,3967.78,SAVE5,Y,,2026-08-24 04:09:08
500622,ORD500622,100640,2026-08-17,2026-08-17 17:29:11,Marketplace,Delivered,Wallet,Paid,INR,Hyderabad,Telangana,Hyderabad,Telangana,500081,FC-MUM-01,Standard,2026-08-22,2026-08-21,2,7,11072.58,1107.26,1171.44,0.00,11136.76,WELCOME10,N,,2026-08-22 22:08:11
500789,ORD500789,102142,2026-08-17,2026-08-17 19:04:06,Store Assisted,Delivered,Credit Card,Paid,INR,Mumbai,Maharashtra,Mumbai,Maharashtra,400076,FC-BLR-01,Standard,2026-08-22,2026-08-23,5,16,115183.74,11518.37,9860.91,0.00,113526.28,WELCOME10,N,,2026-08-21 21:09:06
502218,ORD502218,101852,2026-08-17,2026-08-17 22:04:27,Website,Returned,UPI,Partially Refunded,INR,Chennai,Tamil Nadu,Chennai,Tamil Nadu,600042,FC-CHE-01,Standard,2026-08-22,2026-08-23,5,14,101707.07,10170.71,11340.06,0.00,102876.42,LOYALTY10,N,,2026-08-20 02:49:27
500568,ORD500568,101544,2026-08-17,2026-08-17 22:53:55,Marketplace,Delivered,Net Banking,Paid,INR,Bengaluru,Karnataka,Bengaluru,Karnataka,560037,FC-BLR-01,Standard,2026-08-22,2026-08-23,4,14,168329.90,16832.99,19964.95,0.00,171461.86,LOYALTY10,Y,,2026-08-18 22:55:55
500428,ORD500428,100386,2026-08-18,2026-08-18 17:32:22,Website,Delivered,UPI,Paid,INR,Delhi,Delhi,Delhi,Delhi,110017,FC-MUM-01,Standard,2026-08-23,2026-08-23,4,7,19427.30,971.37,2848.91,0.00,21304.84,SAVE5,Y,,2026-08-21 19:42:22
501974,ORD501974,102085,2026-08-18,2026-08-18 17:55:09,Mobile App,Delivered,Wallet,Paid,INR,Secunderabad,Telangana,Secunderabad,Telangana,500003,FC-DEL-01,Standard,2026-08-23,2026-08-23,3,8,74717.76,3735.89,4111.83,0.00,75093.70,SAVE5,N,,2026-08-22 20:54:09
500163,ORD500163,101612,2026-08-19,2026-08-19 06:18:25,Website,Delivered,Credit Card,Paid,INR,Secunderabad,Telangana,Secunderabad,Telangana,500003,FC-BLR-01,Standard,2026-08-24,2026-08-25,3,9,89462.55,8946.25,13300.09,0.00,93816.39,LOYALTY10,N,,2026-08-25 06:56:25
500701,ORD500701,102035,2026-08-19,2026-08-19 07:12:35,Marketplace,Delivered,UPI,Paid,INR,Mumbai,Maharashtra,Mumbai,Maharashtra,400076,FC-DEL-01,Standard,2026-08-24,2026-08-26,3,8,43526.04,8705.21,2017.08,0.00,36837.91,APP20,N,,2026-08-23 12:46:35
500133,ORD500133,101500,2026-08-19,2026-08-19 10:20:12,Store Assisted,Delivered,Cash on Delivery,Paid,INR,Hyderabad,Telangana,Secunderabad,Telangana,500003,FC-MUM-01,Standard,2026-08-24,2026-08-26,1,4,53243.96,5324.40,8625.52,0.00,56545.08,LOYALTY10,N,,2026-08-22 16:49:12
501794,ORD501794,101016,2026-08-19,2026-08-19 11:31:45,Mobile App,Cancelled,Debit Card,Refunded,INR,Visakhapatnam,Andhra Pradesh,Visakhapatnam,Andhra Pradesh,530017,FC-MUM-01,Standard,2026-08-24,,4,14,54577.63,5457.76,8762.50,0.00,57882.37,WELCOME10,N,Duplicate Order,2026-08-24 16:13:45
501379,ORD501379,100299,2026-08-19,2026-08-19 12:54:03,Mobile App,Shipped,Net Banking,Paid,INR,Secunderabad,Telangana,Secunderabad,Telangana,500003,FC-BLR-01,Same Day,2026-08-19,,3,11,60817.96,9122.69,8146.33,0.00,59841.60,FESTIVE15,Y,,2026-08-21 17:50:03
501997,ORD501997,101334,2026-08-19,2026-08-19 15:32:51,Store Assisted,Delivered,Net Banking,Paid,INR,Bengaluru,Karnataka,Bengaluru,Karnataka,560037,FC-HYD-01,Standard,2026-08-24,2026-08-24,4,8,63260.13,6326.01,11317.05,0.00,68251.17,LOYALTY10,N,,2026-08-23 21:42:51
500818,ORD500818,101529,2026-08-19,2026-08-19 17:38:59,Website,Delivered,Wallet,Paid,INR,Vijayawada,Andhra Pradesh,Vijayawada,Andhra Pradesh,520010,FC-CHE-01,Standard,2026-08-24,2026-08-25,1,1,29621.18,5924.24,0.00,0.00,23696.94,APP20,N,,2026-08-22 00:22:59
500502,ORD500502,100709,2026-08-19,2026-08-19 22:40:43,Mobile App,Delivered,Credit Card,Paid,INR,Delhi,Delhi,Delhi,Delhi,110017,FC-DEL-01,Standard,2026-08-24,2026-08-24,5,11,145782.02,0.00,17324.74,0.00,163106.76,,N,,2026-08-19 22:41:43
500841,ORD500841,100210,2026-08-20,2026-08-20 20:50:25,Marketplace,Delivered,UPI,Paid,INR,Hyderabad,Telangana,Hyderabad,Telangana,500081,FC-HYD-01,Standard,2026-08-25,2026-08-26,3,7,43557.18,8711.44,6517.73,0.00,41363.47,APP20,N,,2026-08-20 23:23:25
502099,ORD502099,101154,2026-08-21,2026-08-21 01:41:41,Website,Delivered,UPI,Paid,INR,Bengaluru,Karnataka,Visakhapatnam,Andhra Pradesh,530017,FC-HYD-01,Express,2026-08-24,2026-08-24,4,12,132714.87,13271.49,15226.77,0.00,134670.15,LOYALTY10,N,,2026-08-27 02:42:41
501887,ORD501887,102179,2026-08-21,2026-08-21 12:03:54,Mobile App,Delivered,Net Banking,Paid,INR,Pune,Maharashtra,Mumbai,Maharashtra,400076,FC-DEL-01,Standard,2026-08-26,2026-08-26,2,4,6256.53,312.83,268.55,0.00,6212.25,SAVE5,N,,2026-08-28 12:47:54
501806,ORD501806,101045,2026-08-21,2026-08-21 12:18:01,Store Assisted,Delivered,Cash on Delivery,Paid,INR,Bengaluru,Karnataka,Bengaluru,Karnataka,560037,FC-MUM-01,Standard,2026-08-26,2026-08-26,4,14,51332.55,5133.26,6996.18,0.00,53195.47,WELCOME10,N,,2026-08-28 18:18:01
501534,ORD501534,100322,2026-08-21,2026-08-21 13:47:01,Marketplace,Delivered,Debit Card,Paid,INR,Secunderabad,Telangana,Secunderabad,Telangana,500003,FC-DEL-01,Standard,2026-08-26,2026-08-25,1,4,1860.36,279.05,189.76,0.00,1771.07,FESTIVE15,N,,2026-08-22 17:52:01
501160,ORD501160,101805,2026-08-22,2026-08-22 00:53:45,Mobile App,Delivered,Credit Card,Paid,INR,Secunderabad,Telangana,Secunderabad,Telangana,500003,FC-MUM-01,Standard,2026-08-27,2026-08-27,5,12,43385.46,0.00,6730.00,0.00,50115.46,,N,,2026-08-25 07:23:45
501829,ORD501829,101660,2026-08-22,2026-08-22 01:38:25,Marketplace,Delivered,Net Banking,Paid,INR,Visakhapatnam,Andhra Pradesh,Visakhapatnam,Andhra Pradesh,530017,FC-HYD-01,Standard,2026-08-27,2026-08-28,1,4,143842.72,0.00,0.00,0.00,143842.72,,N,,2026-08-27 06:55:25
500918,ORD500918,100026,2026-08-22,2026-08-22 09:30:25,Mobile App,Delivered,UPI,Paid,INR,Bengaluru,Karnataka,Bengaluru,Karnataka,560037,FC-BLR-01,Same Day,2026-08-22,2026-08-23,1,4,3330.72,0.00,932.60,0.00,4263.32,,Y,,2026-08-27 10:10:25
500362,ORD500362,100526,2026-08-22,2026-08-22 21:02:37,Store Assisted,Delivered,Wallet,Paid,INR,Secunderabad,Telangana,Secunderabad,Telangana,500003,FC-MUM-01,Standard,2026-08-27,2026-08-28,4,11,125862.26,18879.34,18601.81,0.00,125584.73,FESTIVE15,Y,,2026-08-29 05:06:37
501994,ORD501994,100504,2026-08-23,2026-08-23 01:34:21,Website,Delivered,Cash on Delivery,Paid,INR,Pune,Maharashtra,Pune,Maharashtra,411014,FC-BLR-01,Same Day,2026-08-23,2026-08-23,1,3,103451.70,5172.59,11793.49,0.00,110072.60,SAVE5,N,,2026-08-26 04:07:21
501727,ORD501727,102022,2026-08-23,2026-08-23 03:05:35,Marketplace,Delivered,Wallet,Paid,INR,Mumbai,Maharashtra,Mumbai,Maharashtra,400076,FC-CHE-01,Express,2026-08-26,2026-08-25,5,10,42484.75,6372.71,3408.31,0.00,39520.35,FESTIVE15,Y,,2026-08-24 07:56:35
502233,ORD502233,102035,2026-08-23,2026-08-23 03:25:19,Store Assisted,Delivered,Cash on Delivery,Paid,INR,Mumbai,Maharashtra,Chennai,Tamil Nadu,600042,FC-HYD-01,Standard,2026-08-28,2026-08-27,5,13,77849.09,0.00,18540.69,0.00,96389.78,,Y,,2026-08-28 03:47:19
500761,ORD500761,100278,2026-08-23,2026-08-23 06:04:42,Website,Returned,Debit Card,Partially Refunded,INR,Pune,Maharashtra,Pune,Maharashtra,411014,FC-MUM-01,Express,2026-08-26,2026-08-27,3,8,108656.29,21731.26,15664.65,0.00,102589.68,APP20,N,,2026-08-26 14:45:42
500633,ORD500633,101914,2026-08-23,2026-08-23 21:00:12,Mobile App,Delivered,Net Banking,Paid,INR,Chennai,Tamil Nadu,Chennai,Tamil Nadu,600042,FC-BLR-01,Standard,2026-08-28,2026-08-28,5,10,119019.67,5950.98,21412.67,0.00,134481.36,SAVE5,N,,2026-08-28 05:45:12
501164,ORD501164,100541,2026-08-24,2026-08-24 01:43:05,Website,Delivered,UPI,Paid,INR,Vijayawada,Andhra Pradesh,Vijayawada,Andhra Pradesh,520010,FC-MUM-01,Standard,2026-08-29,2026-08-29,3,3,43643.05,8728.61,4596.60,0.00,39511.04,APP20,N,,2026-08-24 02:56:05
501976,ORD501976,100436,2026-08-24,2026-08-24 09:33:05,Mobile App,Delivered,Cash on Delivery,Paid,INR,Delhi,Delhi,Delhi,Delhi,110017,FC-MUM-01,Express,2026-08-27,2026-08-29,1,2,88981.88,0.00,16016.74,0.00,104998.62,,N,,2026-08-30 14:16:05
500770,ORD500770,102128,2026-08-24,2026-08-24 22:22:49,Mobile App,Delivered,Wallet,Paid,INR,Hyderabad,Telangana,Hyderabad,Telangana,500081,FC-BLR-01,Express,2026-08-27,2026-08-27,3,7,9600.59,0.00,622.32,0.00,10222.91,,Y,,2026-08-28 04:52:49
501517,ORD501517,101134,2026-08-24,2026-08-24 23:04:38,Marketplace,Delivered,Wallet,Paid,INR,Mumbai,Maharashtra,Mumbai,Maharashtra,400076,FC-BLR-01,Same Day,2026-08-24,2026-08-23,3,7,26803.80,2680.38,6001.26,0.00,30124.68,LOYALTY10,N,,2026-08-28 00:41:38
500641,ORD500641,100431,2026-08-25,2026-08-25 03:29:55,Store Assisted,Delivered,Wallet,Paid,INR,Chennai,Tamil Nadu,Chennai,Tamil Nadu,600042,FC-HYD-01,Standard,2026-08-30,2026-08-31,5,11,75298.95,3764.95,18426.14,0.00,89960.14,SAVE5,N,,2026-08-28 04:58:55
501747,ORD501747,100760,2026-08-25,2026-08-25 04:31:35,Website,Delivered,Cash on Delivery,Paid,INR,Chennai,Tamil Nadu,Chennai,Tamil Nadu,600042,FC-BLR-01,Standard,2026-08-30,2026-08-29,2,7,15468.45,3093.69,1756.41,0.00,14131.17,APP20,N,,2026-08-28 06:37:35
500848,ORD500848,100151,2026-08-25,2026-08-25 04:47:14,Marketplace,Delivered,UPI,Paid,INR,Visakhapatnam,Andhra Pradesh,Visakhapatnam,Andhra Pradesh,530017,FC-BLR-01,Standard,2026-08-30,2026-08-31,5,9,50724.82,5072.48,6300.68,0.00,51953.02,LOYALTY10,Y,,2026-09-01 10:31:14
500478,ORD500478,102098,2026-08-25,2026-08-25 14:54:29,Mobile App,Cancelled,Net Banking,Voided,INR,Visakhapatnam,Andhra Pradesh,Visakhapatnam,Andhra Pradesh,530017,FC-DEL-01,Express,2026-08-28,,3,5,62397.06,0.00,16931.10,0.00,79328.16,,N,Inventory Unavailable,2026-09-02 20:35:29
500637,ORD500637,102067,2026-08-25,2026-08-25 15:27:51,Store Assisted,Delivered,Credit Card,Paid,INR,Delhi,Delhi,Delhi,Delhi,110017,FC-BLR-01,Standard,2026-08-30,2026-09-01,4,8,41319.61,4131.96,8377.60,0.00,45565.25,LOYALTY10,N,,2026-08-30 17:12:51
500221,ORD500221,101453,2026-08-26,2026-08-26 01:50:53,Website,Delivered,Wallet,Paid,INR,Secunderabad,Telangana,Secunderabad,Telangana,500003,FC-BLR-01,Express,2026-08-29,2026-08-30,3,8,38496.57,3849.66,6069.47,0.00,40716.38,LOYALTY10,N,,2026-08-30 05:03:53
500898,ORD500898,101281,2026-08-26,2026-08-26 04:39:31,Mobile App,Delivered,Debit Card,Paid,INR,Delhi,Delhi,Visakhapatnam,Andhra Pradesh,530017,FC-HYD-01,Standard,2026-08-31,2026-08-31,5,18,79658.18,0.00,14655.93,0.00,94314.11,,N,,2026-08-28 07:55:31
500077,ORD500077,100144,2026-08-26,2026-08-26 07:24:28,Store Assisted,Delivered,Cash on Delivery,Paid,INR,Pune,Maharashtra,Pune,Maharashtra,411014,FC-CHE-01,Standard,2026-08-31,2026-08-30,2,3,6485.06,1297.01,944.12,0.00,6132.17,APP20,N,,2026-09-01 13:15:28
500768,ORD500768,100856,2026-08-26,2026-08-26 08:09:29,Website,Delivered,Wallet,Paid,INR,Hyderabad,Telangana,Hyderabad,Telangana,500081,FC-MUM-01,Standard,2026-08-31,2026-08-30,4,9,12281.65,1228.16,1725.38,0.00,12778.87,WELCOME10,N,,2026-08-29 08:43:29
501502,ORD501502,102255,2026-08-26,2026-08-26 16:34:05,Marketplace,Delivered,Cash on Delivery,Paid,INR,Delhi,Delhi,Delhi,Delhi,110017,FC-CHE-01,Standard,2026-08-31,2026-09-01,4,8,25444.28,0.00,5937.47,0.00,31381.75,,Y,,2026-08-30 23:40:05
500114,ORD500114,102214,2026-08-27,2026-08-27 15:57:23,Store Assisted,Delivered,UPI,Paid,INR,Warangal,Telangana,Bengaluru,Karnataka,560037,FC-MUM-01,Express,2026-08-30,2026-08-31,3,8,82723.76,12408.56,7749.53,0.00,78064.73,FESTIVE15,Y,,2026-09-03 18:22:23
501262,ORD501262,101484,2026-08-27,2026-08-27 21:46:38,Marketplace,Delivered,Cash on Delivery,Paid,INR,Pune,Maharashtra,Pune,Maharashtra,411014,FC-DEL-01,Standard,2026-09-01,2026-09-03,4,8,50940.77,5094.08,9182.68,0.00,55029.37,LOYALTY10,Y,,2026-08-31 23:20:38
501610,ORD501610,101646,2026-08-27,2026-08-27 22:12:50,Marketplace,Returned,Debit Card,Partially Refunded,INR,Vijayawada,Andhra Pradesh,Pune,Maharashtra,411014,FC-DEL-01,Express,2026-08-30,2026-08-29,1,2,4024.94,402.49,652.04,0.00,4274.49,LOYALTY10,N,,2026-08-28 02:26:50
501223,ORD501223,101061,2026-08-28,2026-08-28 14:23:07,Mobile App,Delivered,UPI,Pending,INR,Vijayawada,Andhra Pradesh,Vijayawada,Andhra Pradesh,520010,FC-DEL-01,Express,2026-08-31,2026-09-01,2,4,4315.52,431.55,481.96,0.00,4365.93,WELCOME10,N,,2026-08-31 19:06:07
500912,ORD500912,100508,2026-08-28,2026-08-28 14:37:29,Store Assisted,Delivered,Credit Card,Paid,INR,Hyderabad,Telangana,Hyderabad,Telangana,500081,FC-CHE-01,Same Day,2026-08-28,2026-08-28,2,5,36333.56,5450.03,57.05,0.00,30940.58,FESTIVE15,Y,,2026-09-03 19:39:29
500623,ORD500623,101946,2026-08-28,2026-08-28 15:27:43,Store Assisted,Delivered,Credit Card,Paid,INR,Warangal,Telangana,Warangal,Telangana,506002,FC-HYD-01,Standard,2026-09-02,2026-09-02,1,2,3770.00,0.00,188.50,0.00,3958.50,,N,,2026-08-31 16:15:43
501950,ORD501950,101371,2026-08-28,2026-08-28 17:01:13,Marketplace,Delivered,Cash on Delivery,Paid,INR,Warangal,Telangana,Warangal,Telangana,506002,FC-DEL-01,Same Day,2026-08-28,2026-08-28,1,4,21602.88,0.00,3888.52,0.00,25491.40,,N,,2026-08-29 21:07:13
501248,ORD501248,100633,2026-08-28,2026-08-28 22:43:37,Mobile App,Delivered,Credit Card,Paid,INR,Bengaluru,Karnataka,Bengaluru,Karnataka,560037,FC-CHE-01,Standard,2026-09-02,2026-09-02,3,10,73855.04,7385.50,130.10,0.00,66599.64,WELCOME10,Y,,2026-08-30 05:55:37
502118,ORD502118,101716,2026-08-29,2026-08-29 03:25:41,Store Assisted,Cancelled,Wallet,Voided,INR,Bengaluru,Karnataka,Bengaluru,Karnataka,560037,FC-BLR-01,Standard,2026-09-03,,3,6,55851.55,0.00,2743.57,0.00,58595.12,,N,Customer Request,2026-09-04 05:28:41
501920,ORD501920,101475,2026-08-29,2026-08-29 09:39:23,Mobile App,Delivered,Wallet,Paid,INR,Bengaluru,Karnataka,Bengaluru,Karnataka,560037,FC-BLR-01,Standard,2026-09-03,2026-09-03,3,10,70711.22,14142.24,6525.71,0.00,63094.69,APP20,Y,,2026-09-02 14:37:23
500543,ORD500543,101351,2026-08-29,2026-08-29 10:29:03,Marketplace,Delivered,Net Banking,Paid,INR,Delhi,Delhi,Delhi,Delhi,110017,FC-DEL-01,Standard,2026-09-03,2026-09-04,2,8,8117.56,0.00,755.47,0.00,8873.03,,N,,2026-09-04 15:00:03
500084,ORD500084,102068,2026-08-29,2026-08-29 14:04:56,Mobile App,Delivered,Net Banking,Paid,INR,Warangal,Telangana,Warangal,Telangana,506002,FC-BLR-01,Standard,2026-09-03,2026-09-03,4,10,54413.09,0.00,9717.27,0.00,64130.36,,N,,2026-08-31 22:23:56
500965,ORD500965,100550,2026-08-29,2026-08-29 16:04:28,Mobile App,Delivered,Net Banking,Paid,INR,Secunderabad,Telangana,Pune,Maharashtra,411014,FC-BLR-01,Standard,2026-09-03,2026-09-04,1,2,2098.52,104.93,358.85,0.00,2352.44,SAVE5,Y,,2026-09-03 20:55:28
501532,ORD501532,101580,2026-08-30,2026-08-30 01:23:52,Mobile App,Delivered,Net Banking,Paid,INR,Vijayawada,Andhra Pradesh,Secunderabad,Telangana,500003,FC-HYD-01,Standard,2026-09-04,2026-09-04,5,13,156814.30,7840.72,16261.92,0.00,165235.50,SAVE5,N,,2026-09-02 01:49:52
502092,ORD502092,100837,2026-08-30,2026-08-30 01:28:17,Mobile App,Delivered,Debit Card,Paid,INR,Delhi,Delhi,Delhi,Delhi,110017,FC-CHE-01,Standard,2026-09-04,2026-09-05,5,9,73020.77,7302.08,11370.44,0.00,77089.13,WELCOME10,N,,2026-08-30 02:16:17
501490,ORD501490,100104,2026-08-30,2026-08-30 03:38:06,Mobile App,Cancelled,Cash on Delivery,Refunded,INR,Delhi,Delhi,Delhi,Delhi,110017,FC-MUM-01,Standard,2026-09-04,,5,17,86921.08,13038.16,18117.20,0.00,92000.12,FESTIVE15,N,Duplicate Order,2026-09-02 04:21:06
501680,ORD501680,100144,2026-08-30,2026-08-30 15:53:09,Store Assisted,Delivered,Wallet,Paid,INR,Pune,Maharashtra,Pune,Maharashtra,411014,FC-MUM-01,Standard,2026-09-04,2026-09-05,3,7,67173.60,6717.36,7254.75,0.00,67710.99,WELCOME10,N,,2026-09-06 00:12:09
502376,ORD502376,101467,2026-08-31,2026-08-31 01:28:22,Marketplace,Delivered,Cash on Delivery,Paid,INR,Vijayawada,Andhra Pradesh,Vijayawada,Andhra Pradesh,520010,FC-BLR-01,Standard,2026-09-05,2026-09-06,4,11,78887.57,7888.76,7559.68,0.00,78558.49,LOYALTY10,N,,2026-09-03 08:01:22
500383,ORD500383,102031,2026-08-31,2026-08-31 08:34:59,Mobile App,Cancelled,Debit Card,Failed,INR,Warangal,Telangana,Warangal,Telangana,506002,FC-CHE-01,Express,2026-09-03,,1,3,66798.78,0.00,18703.66,0.00,85502.44,,N,Inventory Unavailable,2026-09-02 10:10:59
502361,ORD502361,100373,2026-08-31,2026-08-31 14:16:22,Website,Delivered,Credit Card,Paid,INR,Vijayawada,Andhra Pradesh,Vijayawada,Andhra Pradesh,520010,FC-BLR-01,Standard,2026-09-05,2026-09-06,3,9,177617.91,17761.79,16934.56,0.00,176790.68,LOYALTY10,N,,2026-09-06 20:47:22
501582,ORD501582,101736,2026-08-31,2026-08-31 18:13:13,Store Assisted,Delivered,Credit Card,Paid,INR,Delhi,Delhi,Delhi,Delhi,110017,FC-MUM-01,Express,2026-09-03,2026-09-04,2,3,5277.42,527.74,0.00,0.00,4749.68,LOYALTY10,N,,2026-09-05 20:23:13
502257,ORD502257,101182,2026-09-01,2026-09-01 00:12:58,Marketplace,Delivered,Net Banking,Paid,INR,Mumbai,Maharashtra,Mumbai,Maharashtra,400076,FC-DEL-01,Express,2026-09-04,2026-09-05,3,6,15915.19,1591.52,2091.09,0.00,16414.76,LOYALTY10,N,,2026-09-08 01:06:58
501419,ORD501419,101409,2026-09-01,2026-09-01 13:00:41,Mobile App,Delivered,Net Banking,Paid,INR,Mumbai,Maharashtra,Mumbai,Maharashtra,400076,FC-MUM-01,Express,2026-09-04,2026-09-05,2,3,5977.44,597.74,1141.46,0.00,6521.16,LOYALTY10,N,,2026-09-02 13:00:41
500431,ORD500431,100429,2026-09-01,2026-09-01 22:36:29,Mobile App,Cancelled,UPI,Voided,INR,Pune,Maharashtra,Chennai,Tamil Nadu,600042,FC-HYD-01,Standard,2026-09-06,,2,6,64936.96,9740.54,6623.57,0.00,61819.99,FESTIVE15,N,Address Issue,2026-09-03 07:34:29
501705,ORD501705,100406,2026-09-02,2026-09-02 02:38:52,Mobile App,Returned,Cash on Delivery,Refunded,INR,Bengaluru,Karnataka,Bengaluru,Karnataka,560037,FC-CHE-01,Standard,2026-09-07,2026-09-09,1,1,23577.16,2357.72,0.00,0.00,21219.44,WELCOME10,N,,2026-09-09 08:08:52
501479,ORD501479,100438,2026-09-02,2026-09-02 14:57:54,Website,Delivered,Wallet,Paid,INR,Mumbai,Maharashtra,Mumbai,Maharashtra,400076,FC-HYD-01,Standard,2026-09-07,2026-09-09,3,4,22205.21,0.00,2729.11,0.00,24934.32,,Y,,2026-09-10 15:31:54
501075,ORD501075,101829,2026-09-02,2026-09-02 16:07:09,Store Assisted,Delivered,Cash on Delivery,Paid,INR,Visakhapatnam,Andhra Pradesh,Visakhapatnam,Andhra Pradesh,530017,FC-HYD-01,Express,2026-09-05,2026-09-07,5,15,150134.19,22520.13,21854.47,0.00,149468.53,FESTIVE15,N,,2026-09-11 00:58:09
500911,ORD500911,102130,2026-09-02,2026-09-02 21:11:12,Mobile App,Delivered,Debit Card,Paid,INR,Delhi,Delhi,Delhi,Delhi,110017,FC-MUM-01,Express,2026-09-05,2026-09-06,3,6,33345.07,1667.25,2179.79,0.00,33857.61,SAVE5,Y,,2026-09-08 23:34:12
502216,ORD502216,101645,2026-09-03,2026-09-03 04:48:18,Marketplace,Delivered,Debit Card,Paid,INR,Chennai,Tamil Nadu,Chennai,Tamil Nadu,600042,FC-MUM-01,Express,2026-09-06,2026-09-08,4,10,25344.56,3801.68,1204.81,0.00,22747.69,FESTIVE15,N,,2026-09-11 08:13:18
501230,ORD501230,101658,2026-09-03,2026-09-03 12:56:44,Website,Delivered,Wallet,Paid,INR,Vijayawada,Andhra Pradesh,Vijayawada,Andhra Pradesh,520010,FC-CHE-01,Standard,2026-09-08,2026-09-08,4,12,122382.24,12238.22,19160.16,0.00,129304.18,LOYALTY10,N,,2026-09-08 17:18:44
500350,ORD500350,102206,2026-09-03,2026-09-03 15:37:37,Website,Delivered,Cash on Delivery,Paid,INR,Delhi,Delhi,Delhi,Delhi,110017,FC-DEL-01,Standard,2026-09-08,2026-09-10,1,1,2754.94,275.49,297.53,0.00,2776.98,WELCOME10,N,,2026-09-04 16:01:37
501544,ORD501544,100848,2026-09-03,2026-09-03 16:24:16,Website,Delivered,Net Banking,Paid,INR,Hyderabad,Telangana,Hyderabad,Telangana,500081,FC-CHE-01,Standard,2026-09-08,2026-09-09,2,4,7320.84,366.04,1251.86,0.00,8206.66,SAVE5,N,,2026-09-08 20:00:16
500396,ORD500396,101225,2026-09-03,2026-09-03 18:14:02,Marketplace,Delivered,Debit Card,Paid,INR,Chennai,Tamil Nadu,Chennai,Tamil Nadu,600042,FC-BLR-01,Standard,2026-09-08,2026-09-09,2,6,12219.82,1832.97,1573.38,0.00,11960.23,FESTIVE15,N,,2026-09-05 00:45:02
502351,ORD502351,100522,2026-09-03,2026-09-03 21:47:29,Marketplace,Delivered,Wallet,Paid,INR,Vijayawada,Andhra Pradesh,Bengaluru,Karnataka,560037,FC-MUM-01,Standard,2026-09-08,2026-09-08,4,9,19429.56,971.48,2124.47,0.00,20582.55,SAVE5,N,,2026-09-05 04:16:29
501194,ORD501194,101513,2026-09-04,2026-09-04 00:13:59,Marketplace,Delivered,Debit Card,Pending,INR,Bengaluru,Karnataka,Bengaluru,Karnataka,560037,FC-CHE-01,Standard,2026-09-09,2026-09-11,1,1,2940.56,294.06,317.58,0.00,2964.08,LOYALTY10,Y,,2026-09-04 04:15:59
500692,ORD500692,100862,2026-09-04,2026-09-04 03:19:35,Marketplace,Delivered,Net Banking,Paid,INR,Pune,Maharashtra,Pune,Maharashtra,411014,FC-HYD-01,Standard,2026-09-09,2026-09-11,1,2,708.70,141.74,0.00,60.00,626.96,APP20,N,,2026-09-09 06:45:35
501257,ORD501257,100614,2026-09-04,2026-09-04 05:25:21,Mobile App,Delivered,Credit Card,Paid,INR,Visakhapatnam,Andhra Pradesh,Visakhapatnam,Andhra Pradesh,530017,FC-MUM-01,Standard,2026-09-09,2026-09-09,5,17,139062.35,0.00,8019.04,0.00,147081.39,,Y,,2026-09-12 05:53:21
500533,ORD500533,100355,2026-09-04,2026-09-04 19:36:06,Mobile App,Delivered,UPI,Paid,INR,Warangal,Telangana,Warangal,Telangana,506002,FC-DEL-01,Standard,2026-09-09,2026-09-09,3,8,41076.07,2053.80,7217.97,0.00,46240.24,SAVE5,N,,2026-09-05 23:37:06
501897,ORD501897,101096,2026-09-05,2026-09-05 09:57:06,Marketplace,Cancelled,Credit Card,Failed,INR,Delhi,Delhi,Delhi,Delhi,110017,FC-HYD-01,Express,2026-09-08,,1,1,29621.18,5924.24,0.00,0.00,23696.94,APP20,N,Customer Request,2026-09-08 11:25:06
501270,ORD501270,102071,2026-09-05,2026-09-05 11:58:35,Website,Delivered,UPI,Paid,INR,Chennai,Tamil Nadu,Chennai,Tamil Nadu,600042,FC-CHE-01,Standard,2026-09-10,2026-09-10,5,11,164967.10,16496.71,25891.02,0.00,174361.41,LOYALTY10,N,,2026-09-05 18:15:35
500066,ORD500066,100453,2026-09-06,2026-09-06 02:33:05,Marketplace,Returned,Cash on Delivery,Refunded,INR,Vijayawada,Andhra Pradesh,Vijayawada,Andhra Pradesh,520010,FC-CHE-01,Same Day,2026-09-06,2026-09-06,5,17,80622.88,0.00,1361.17,0.00,81984.05,,N,,2026-09-06 04:31:05
500689,ORD500689,101051,2026-09-06,2026-09-06 08:24:42,Store Assisted,Cancelled,UPI,Refunded,INR,Pune,Maharashtra,Vijayawada,Andhra Pradesh,520010,FC-HYD-01,Standard,2026-09-11,,2,5,9679.94,1451.99,856.15,0.00,9084.10,FESTIVE15,N,Inventory Unavailable,2026-09-07 08:51:42
500038,ORD500038,100877,2026-09-06,2026-09-06 09:03:10,Marketplace,Delivered,Debit Card,Paid,INR,Chennai,Tamil Nadu,Chennai,Tamil Nadu,600042,FC-CHE-01,Standard,2026-09-11,2026-09-12,2,5,3942.87,394.29,508.25,0.00,4056.83,WELCOME10,Y,,2026-09-09 13:55:10
501668,ORD501668,102231,2026-09-06,2026-09-06 12:02:57,Mobile App,Delivered,Net Banking,Paid,INR,Vijayawada,Andhra Pradesh,Vijayawada,Andhra Pradesh,520010,FC-CHE-01,Standard,2026-09-11,2026-09-10,4,6,28600.42,0.00,4939.42,0.00,33539.84,,N,,2026-09-09 16:26:57
500319,ORD500319,100782,2026-09-06,2026-09-06 12:24:12,Marketplace,Shipped,Wallet,Paid,INR,Mumbai,Maharashtra,Mumbai,Maharashtra,400076,FC-HYD-01,Same Day,2026-09-06,,5,11,15317.10,2297.57,1739.60,0.00,14759.13,FESTIVE15,N,,2026-09-12 17:30:12
501241,ORD501241,100997,2026-09-06,2026-09-06 18:58:36,Website,Cancelled,Net Banking,Voided,INR,Vijayawada,Andhra Pradesh,Pune,Maharashtra,411014,FC-HYD-01,Same Day,2026-09-06,,3,6,123488.56,0.00,22806.23,0.00,146294.79,,N,Address Issue,2026-09-09 03:20:36
500113,ORD500113,101268,2026-09-06,2026-09-06 19:26:23,Website,Delivered,Net Banking,Paid,INR,Vijayawada,Andhra Pradesh,Mumbai,Maharashtra,400076,FC-CHE-01,Standard,2026-09-11,2026-09-11,5,13,14084.69,704.23,1427.45,0.00,14807.91,SAVE5,N,,2026-09-13 21:56:23
501796,ORD501796,101919,2026-09-07,2026-09-07 01:43:51,Marketplace,Processing,UPI,Paid,INR,Pune,Maharashtra,Pune,Maharashtra,411014,FC-CHE-01,Standard,2026-09-12,,1,2,1454.94,72.75,0.00,40.00,1422.19,SAVE5,Y,,2026-09-11 08:51:51
500482,ORD500482,101153,2026-09-07,2026-09-07 04:58:55,Website,Delivered,Wallet,Paid,INR,Chennai,Tamil Nadu,Chennai,Tamil Nadu,600042,FC-DEL-01,Standard,2026-09-12,2026-09-11,5,11,34783.16,5217.47,2667.82,0.00,32233.51,FESTIVE15,N,,2026-09-13 10:36:55
501711,ORD501711,100141,2026-09-07,2026-09-07 07:17:27,Website,Delivered,Net Banking,Paid,INR,Secunderabad,Telangana,Secunderabad,Telangana,500003,FC-DEL-01,Express,2026-09-10,2026-09-12,1,1,1075.08,0.00,0.00,60.00,1135.08,,N,,2026-09-13 13:59:27
500186,ORD500186,100785,2026-09-07,2026-09-07 10:14:20,Store Assisted,Delivered,Credit Card,Paid,INR,Hyderabad,Telangana,Hyderabad,Telangana,500081,FC-DEL-01,Standard,2026-09-12,2026-09-13,3,7,157082.15,15708.22,19317.96,0.00,160691.89,LOYALTY10,N,,2026-09-13 12:10:20
501290,ORD501290,101445,2026-09-07,2026-09-07 14:09:03,Mobile App,Shipped,UPI,Paid,INR,Chennai,Tamil Nadu,Chennai,Tamil Nadu,600042,FC-HYD-01,Standard,2026-09-12,,5,19,74598.94,14919.79,3642.93,0.00,63322.08,APP20,N,,2026-09-09 14:50:03
502352,ORD502352,100943,2026-09-07,2026-09-07 17:32:49,Store Assisted,Cancelled,UPI,Voided,INR,Mumbai,Maharashtra,Mumbai,Maharashtra,400076,FC-MUM-01,Express,2026-09-10,,3,8,48356.48,2417.82,4574.66,0.00,50513.32,SAVE5,N,Customer Request,2026-09-13 02:01:49
502222,ORD502222,100859,2026-09-07,2026-09-07 18:40:56,Website,Delivered,Debit Card,Paid,INR,Warangal,Telangana,Pune,Maharashtra,411014,FC-DEL-01,Standard,2026-09-12,2026-09-12,3,6,43459.56,6518.93,2714.69,0.00,39655.32,FESTIVE15,N,,2026-09-08 21:11:56
502145,ORD502145,101131,2026-09-08,2026-09-08 01:19:24,Website,Shipped,Net Banking,Paid,INR,Warangal,Telangana,Warangal,Telangana,506002,FC-MUM-01,Express,2026-09-11,,5,13,117327.25,23465.45,2956.89,0.00,96818.69,APP20,N,,2026-09-10 01:22:24
500715,ORD500715,100794,2026-09-08,2026-09-08 04:03:23,Store Assisted,Delivered,Net Banking,Paid,INR,Bengaluru,Karnataka,Bengaluru,Karnataka,560037,FC-HYD-01,Standard,2026-09-13,2026-09-14,1,2,1963.58,294.54,200.28,0.00,1869.32,FESTIVE15,Y,,2026-09-08 12:29:23
501540,ORD501540,101004,2026-09-08,2026-09-08 05:39:22,Website,Cancelled,Wallet,Voided,INR,Visakhapatnam,Andhra Pradesh,Visakhapatnam,Andhra Pradesh,530017,FC-MUM-01,Standard,2026-09-13,,3,9,33954.39,3395.44,5728.79,0.00,36287.74,WELCOME10,N,Duplicate Order,2026-09-10 13:51:22
500943,ORD500943,100077,2026-09-08,2026-09-08 10:55:41,Website,Cancelled,Credit Card,Voided,INR,Pune,Maharashtra,Secunderabad,Telangana,500003,FC-CHE-01,Same Day,2026-09-08,,1,2,1135.30,170.29,0.00,90.00,1055.01,FESTIVE15,N,Duplicate Order,2026-09-10 18:45:41
500505,ORD500505,101525,2026-09-08,2026-09-08 17:10:40,Mobile App,Cancelled,Net Banking,Failed,INR,Secunderabad,Telangana,Secunderabad,Telangana,500003,FC-DEL-01,Express,2026-09-11,,1,3,2784.03,417.60,118.32,0.00,2484.75,FESTIVE15,N,Duplicate Order,2026-09-13 01:16:40
500690,ORD500690,101643,2026-09-08,2026-09-08 20:59:59,Website,Shipped,UPI,Paid,INR,Pune,Maharashtra,Pune,Maharashtra,411014,FC-MUM-01,Standard,2026-09-13,,3,8,129259.77,6462.99,16342.58,0.00,139139.36,SAVE5,N,,2026-09-10 03:53:59
501784,ORD501784,100723,2026-09-09,2026-09-09 03:19:15,Mobile App,Processing,Cash on Delivery,Pending,INR,Visakhapatnam,Andhra Pradesh,Visakhapatnam,Andhra Pradesh,530017,FC-HYD-01,Standard,2026-09-14,,2,3,38665.64,0.00,2124.80,0.00,40790.44,,N,,2026-09-14 09:08:15
501388,ORD501388,101128,2026-09-09,2026-09-09 11:05:52,Website,Shipped,UPI,Paid,INR,Delhi,Delhi,Delhi,Delhi,110017,FC-DEL-01,Standard,2026-09-14,,4,13,221745.85,44349.17,5269.86,0.00,182666.54,APP20,Y,,2026-09-14 18:14:52
501931,ORD501931,101670,2026-09-09,2026-09-09 19:31:52,Marketplace,Delivered,Net Banking,Paid,INR,Visakhapatnam,Andhra Pradesh,Visakhapatnam,Andhra Pradesh,530017,FC-MUM-01,Standard,2026-09-14,2026-09-14,2,5,9591.28,959.13,1484.41,0.00,10116.56,WELCOME10,N,,2026-09-14 23:31:52
502358,ORD502358,100787,2026-09-09,2026-09-09 22:47:35,Mobile App,Delivered,Cash on Delivery,Paid,INR,Mumbai,Maharashtra,Pune,Maharashtra,411014,FC-CHE-01,Express,2026-09-12,2026-09-14,1,3,1395.27,0.00,167.43,90.00,1652.70,,N,,2026-09-13 04:45:35
501324,ORD501324,101072,2026-09-10,2026-09-10 03:47:55,Store Assisted,Delivered,Net Banking,Paid,INR,Warangal,Telangana,Delhi,Delhi,110017,FC-BLR-01,Standard,2026-09-15,2026-09-14,5,13,156624.96,15662.50,11336.04,0.00,152298.50,LOYALTY10,N,,2026-09-13 10:26:55
500528,ORD500528,100404,2026-09-10,2026-09-10 10:46:49,Store Assisted,Delivered,Debit Card,Paid,INR,Delhi,Delhi,Delhi,Delhi,110017,FC-BLR-01,Standard,2026-09-15,2026-09-14,1,2,2080.74,416.15,466.09,0.00,2130.68,APP20,N,,2026-09-13 18:09:49
501570,ORD501570,102090,2026-09-11,2026-09-11 13:37:31,Marketplace,Delivered,Cash on Delivery,Paid,INR,Secunderabad,Telangana,Secunderabad,Telangana,500003,FC-HYD-01,Standard,2026-09-16,2026-09-14,1,3,6183.87,0.00,1731.48,0.00,7915.35,,N,,2026-09-14 22:09:31
500668,ORD500668,100174,2026-09-11,2026-09-11 20:25:58,Mobile App,Cancelled,Credit Card,Voided,INR,Bengaluru,Karnataka,Warangal,Telangana,506002,FC-MUM-01,Express,2026-09-14,,4,11,36853.36,1842.67,6291.08,0.00,41301.77,SAVE5,N,Duplicate Order,2026-09-14 21:10:58
500401,ORD500401,102163,2026-09-12,2026-09-12 06:32:34,Mobile App,Processing,Net Banking,Paid,INR,Mumbai,Maharashtra,Mumbai,Maharashtra,400076,FC-CHE-01,Standard,2026-09-17,,2,6,5675.30,1135.06,660.79,0.00,5201.03,APP20,N,,2026-09-14 11:00:34
501383,ORD501383,101333,2026-09-12,2026-09-12 11:40:46,Marketplace,Processing,Credit Card,Paid,INR,Secunderabad,Telangana,Secunderabad,Telangana,500003,FC-DEL-01,Standard,2026-09-17,,5,10,45250.71,0.00,10446.77,0.00,55697.48,,N,,2026-09-12 18:42:46
500883,ORD500883,101791,2026-09-12,2026-09-12 13:15:15,Store Assisted,Processing,UPI,Paid,INR,Mumbai,Maharashtra,Mumbai,Maharashtra,400076,FC-CHE-01,Standard,2026-09-17,,5,12,64972.80,6497.28,12908.63,0.00,71384.15,LOYALTY10,N,,2026-09-14 14:43:15
500948,ORD500948,100567,2026-09-12,2026-09-12 18:28:11,Mobile App,Processing,UPI,Paid,INR,Secunderabad,Telangana,Secunderabad,Telangana,500003,FC-BLR-01,Standard,2026-09-17,,2,4,49396.41,4939.64,5453.77,0.00,49910.54,WELCOME10,N,,2026-09-14 19:16:11
500307,ORD500307,100453,2026-09-12,2026-09-12 20:58:16,Website,Processing,Net Banking,Paid,INR,Vijayawada,Andhra Pradesh,Vijayawada,Andhra Pradesh,520010,FC-BLR-01,Same Day,2026-09-12,,3,5,19306.81,965.34,2067.15,0.00,20408.62,SAVE5,N,,2026-09-14 21:56:16
501303,ORD501303,100405,2026-09-13,2026-09-13 06:26:50,Mobile App,Shipped,UPI,Paid,INR,Visakhapatnam,Andhra Pradesh,Visakhapatnam,Andhra Pradesh,530017,FC-CHE-01,Standard,2026-09-18,,1,4,4715.00,707.25,1122.17,0.00,5129.92,FESTIVE15,N,,2026-09-14 14:58:50
501954,ORD501954,101027,2026-09-13,2026-09-13 13:54:18,Marketplace,Processing,Cash on Delivery,Pending,INR,Warangal,Telangana,Warangal,Telangana,506002,FC-MUM-01,Express,2026-09-16,,3,9,132463.57,0.00,5600.06,0.00,138063.63,,N,,2026-09-14 20:31:18
501672,ORD501672,100105,2026-09-14,2026-09-14 00:06:49,Store Assisted,Processing,Cash on Delivery,Pending,INR,Visakhapatnam,Andhra Pradesh,Visakhapatnam,Andhra Pradesh,530017,FC-BLR-01,Express,2026-09-17,,1,2,27713.08,0.00,1385.65,0.00,29098.73,,N,,2026-09-14 02:46:49
500349,ORD500349,100766,2026-09-14,2026-09-14 07:52:49,Store Assisted,Pending,Wallet,Pending,INR,Mumbai,Maharashtra,Warangal,Telangana,506002,FC-DEL-01,Standard,2026-09-19,,1,4,8852.48,0.00,1062.30,0.00,9914.78,,N,,2026-09-14 12:00:49
500945,ORD500945,101998,2026-09-14,2026-09-14 08:45:01,Website,Processing,Net Banking,Paid,INR,Bengaluru,Karnataka,Bengaluru,Karnataka,560037,FC-DEL-01,Standard,2026-09-19,,4,12,128221.40,12822.14,9145.97,0.00,124545.23,WELCOME10,Y,,2026-09-14 11:11:01
500468,ORD500468,100399,2026-09-14,2026-09-14 09:11:07,Mobile App,Shipped,Credit Card,Paid,INR,Visakhapatnam,Andhra Pradesh,Visakhapatnam,Andhra Pradesh,530017,FC-HYD-01,Standard,2026-09-19,,3,7,5280.85,1056.17,559.06,0.00,4783.74,APP20,N,,2026-09-14 16:41:07
501159,ORD501159,101072,2026-09-14,2026-09-14 11:20:18,Marketplace,Shipped,Debit Card,Paid,INR,Warangal,Telangana,Warangal,Telangana,506002,FC-MUM-01,Standard,2026-09-19,,4,15,141538.54,14153.85,10377.01,0.00,137761.70,WELCOME10,N,,2026-09-14 15:57:18
500218,ORD500218,100809,2026-09-14,2026-09-14 14:46:01,Website,Processing,Debit Card,Paid,INR,Visakhapatnam,Andhra Pradesh,Visakhapatnam,Andhra Pradesh,530017,FC-HYD-01,Standard,2026-09-19,,2,5,63296.43,9494.46,6434.11,0.00,60236.08,FESTIVE15,Y,,2026-09-14 16:31:01
501329,ORD501329,101764,2026-09-14,2026-09-14 17:35:41,Mobile App,Processing,Credit Card,Paid,INR,Visakhapatnam,Andhra Pradesh,Warangal,Telangana,506002,FC-MUM-01,Standard,2026-09-19,,2,4,24197.26,0.00,6291.29,0.00,30488.55,,N,,2026-09-14 23:34:59
500634,ORD500634,101206,2026-09-14,2026-09-14 19:59:31,Marketplace,Shipped,Debit Card,Paid,INR,Warangal,Telangana,Secunderabad,Telangana,500003,FC-MUM-01,Express,2026-09-17,,4,14,216038.54,0.00,21859.82,0.00,237898.36,,Y,,2026-09-14 23:16:31
