student_id,admission_number,first_name,last_name,initial_name,gender,date_of_birth,current_class_standard,class_joined_into,section_allotted,date_of_admission,first_language,second_language,mother_name,father_name,primary_contact_number,alternate_contact_number,parent_email,previous_school,residential_address,mode_of_transport,transport_route,blood_group,student_status,last_updated_timestamp
60001,ADM60001,Nandini,Reddy,Q,Male,2015-09-03,6,3,E,2023-04-03,Telugu,Hindi,Vaishnavi Reddy,Sanjay Reddy,9332008117,8263419048,nandini.reddy60001@parentmail.com,New Horizon School,"535, Miyapur, Hyderabad",Private Van,Route-01,B-,Active,2026-09-13 18:23:06
60002,ADM60002,Bhavya,Naidu,H,Female,2015-11-12,6,6,A,2026-04-04,Telugu,Hindi,Bhavya Naidu,Sai Naidu,9907142120,8436059806,bhavya.naidu60002@parentmail.com,Little Flower School,"653, Kukatpally, Hyderabad",School Bus,Route-04,B+,Active,2026-08-19 11:19:06
60003,ADM60003,Nikhil,Patel,A,Male,2015-03-28,6,1,C,2021-05-05,Telugu,Hindi,Harini Patel,Vijay Patel,9204989879,8687814553,nikhil.patel60003@parentmail.com,No Previous School,"486, Secunderabad, Hyderabad",Private Van,Route-04,AB-,Active,2026-09-08 19:34:54
60004,ADM60004,Sai,Menon,X,Female,2015-02-27,6,5,B,2025-05-26,Hindi,Telugu,Vaishnavi Menon,Vijay Menon,9735058588,8930546773,sai.menon60004@parentmail.com,New Horizon School,"976, Manikonda, Hyderabad",Private Van,Route-01,B-,Active,2026-08-22 17:33:21
60005,ADM60005,Sneha,Sharma,B,Female,2015-01-19,6,6,C,2026-04-20,Telugu,Hindi,Priya Sharma,Vijay Sharma,9712020749,8214687426,sneha.sharma60005@parentmail.com,Green Valley School,"767, Nizampet, Hyderabad",Parent Drop,,B+,Active,2026-08-11 15:16:13
60006,ADM60006,Pooja,Sharma,C,Female,2015-11-18,6,4,A,2024-04-17,Telugu,Hindi,Deepika Sharma,Aditya Sharma,9828692422,8211638083,pooja.sharma60006@parentmail.com,Sri Chaitanya School,"776, Nizampet, Hyderabad",School Bus,Route-08,O-,Active,2026-08-22 12:20:02
60007,ADM60007,Divya,Shetty,S,Female,2015-06-02,6,5,E,2025-07-27,Hindi,Telugu,Sneha Shetty,Sanjay Shetty,9585497743,8564791895,divya.shetty60007@parentmail.com,Oxford Public School,"442, LB Nagar, Hyderabad",Parent Drop,,AB+,Active,2026-09-10 08:53:50
60008,ADM60008,Aadhya,Iyer,S,Male,2015-01-08,6,1,E,2021-04-18,Hindi,Telugu,Lakshmi Iyer,Krishna Iyer,9936702336,8120286842,aadhya.iyer60008@parentmail.com,No Previous School,"390, Ameerpet, Hyderabad",School Bus,Route-04,B-,Active,2026-08-23 14:58:45
60009,ADM60009,Neha,Gupta,W,Female,2015-07-05,6,1,E,2021-07-10,Hindi,Telugu,Sahithi Gupta,Nikhil Gupta,9575504600,8623037767,neha.gupta60009@parentmail.com,No Previous School,"263, Madhapur, Hyderabad",Parent Drop,,O-,Active,2026-08-08 13:51:44
60010,ADM60010,Ishita,Mishra,N,Female,2015-12-12,6,1,D,2021-05-22,Hindi,Telugu,Sahithi Mishra,Manish Mishra,9470032226,8825348270,ishita.mishra60010@parentmail.com,No Previous School,"611, Manikonda, Hyderabad",Parent Drop,,AB+,Active,2026-08-07 13:10:23
60011,ADM60011,Manish,Goud,Z,Female,2015-06-10,6,5,B,2025-05-15,Telugu,Hindi,Deepika Goud,Tarun Goud,9524418897,8969428088,manish.goud60011@parentmail.com,Sri Vidya High School,"455, Kondapur, Hyderabad",Bicycle,,B+,Active,2026-08-24 18:24:17
60012,ADM60012,Vijay,Singh,H,Male,2015-05-16,6,1,C,2021-07-01,Telugu,Hindi,Pooja Singh,Rohan Singh,9409387047,8437773970,vijay.singh60012@parentmail.com,No Previous School,"909, Kondapur, Hyderabad",Walk,,AB-,Active,2026-09-04 13:47:18
60013,ADM60013,Manish,Mishra,B,Female,2015-04-06,6,6,B,2026-05-10,Telugu,Hindi,Aishwarya Mishra,Nikhil Mishra,9584119863,8787381594,manish.mishra60013@parentmail.com,Oxford Public School,"229, Uppal, Hyderabad",Parent Drop,,B-,Active,2026-09-13 18:07:30
60014,ADM60014,Keerthi,Gupta,J,Male,2015-07-15,6,2,E,2022-06-14,Telugu,Hindi,Harini Gupta,Sanjay Gupta,9200578449,8387279592,keerthi.gupta60014@parentmail.com,Sunrise Model School,"698, Manikonda, Hyderabad",Private Van,Route-08,B+,Inactive,2026-09-12 20:21:54
60015,ADM60015,Sneha,Shetty,S,Female,2015-12-05,6,4,E,2024-04-14,Telugu,Hindi,Sneha Shetty,Vishal Shetty,9662213514,8821644414,sneha.shetty60015@parentmail.com,Green Valley School,"873, Nizampet, Hyderabad",Public Transport,,B+,Transferred,2026-08-01 10:28:18
60016,ADM60016,Aarav,Patel,T,Female,2015-01-01,6,6,B,2026-06-28,Telugu,Hindi,Lakshmi Patel,Surya Patel,9830845616,8107916444,aarav.patel60016@parentmail.com,St. Mary's School,"98, Dilsukhnagar, Hyderabad",Public Transport,,A-,Active,2026-08-22 17:25:49
60017,ADM60017,Aadhya,Chowdary,N,Female,2015-09-15,6,4,C,2024-04-21,Hindi,Telugu,Ishita Chowdary,Aarav Chowdary,9441757732,8635738517,aadhya.chowdary60017@parentmail.com,Little Flower School,"493, Kondapur, Hyderabad",Private Van,Route-06,O+,Active,2026-08-01 20:39:01
60018,ADM60018,Sneha,Kumar,S,Female,2015-04-26,6,5,E,2025-06-02,Telugu,Hindi,Lakshmi Kumar,Manish Kumar,9288754994,8362337867,sneha.kumar60018@parentmail.com,Oxford Public School,"312, Dilsukhnagar, Hyderabad",School Bus,Route-09,O+,Active,2026-09-12 13:39:16
60019,ADM60019,Keerthi,Goud,Y,Female,2015-05-24,6,1,D,2021-05-05,Hindi,Telugu,Priya Goud,Sai Goud,9637962650,8810679022,keerthi.goud60019@parentmail.com,No Previous School,"374, Bachupally, Hyderabad",Private Van,Route-02,A-,Active,2026-08-07 18:38:27
60020,ADM60020,Krishna,Das,S,Female,2015-05-04,6,1,A,2021-06-26,Hindi,Telugu,Deepika Das,Nikhil Das,9229480401,8471570637,krishna.das60020@parentmail.com,No Previous School,"642, Secunderabad, Hyderabad",Private Van,Route-06,A-,Active,2026-08-30 20:12:01
60021,ADM60021,Keerthi,Sharma,D,Male,2015-04-09,6,4,D,2024-06-05,Hindi,Telugu,Meghana Sharma,Sanjay Sharma,9309300928,8695368439,keerthi.sharma60021@parentmail.com,Green Valley School,"789, Bachupally, Hyderabad",Private Van,Route-05,B+,Active,2026-08-06 11:20:08
60022,ADM60022,Lakshmi,Nair,S,Male,2015-02-21,6,1,C,2021-05-23,Hindi,Telugu,Priya Nair,Manish Nair,9182453646,8405417735,lakshmi.nair60022@parentmail.com,No Previous School,"637, Secunderabad, Hyderabad",Walk,,B+,Inactive,2026-08-31 13:03:27
60023,ADM60023,Rahul,Mishra,W,Female,2015-06-23,6,4,C,2024-06-15,Hindi,Telugu,Meghana Mishra,Surya Mishra,9474405673,8288607702,rahul.mishra60023@parentmail.com,Vikas High School,"340, Secunderabad, Hyderabad",Walk,,O-,Active,2026-08-13 10:19:56
60024,ADM60024,Tarun,Patel,L,Female,2015-08-14,6,3,E,2023-06-01,Telugu,Hindi,Meghana Patel,Krishna Patel,9722267096,8751769381,tarun.patel60024@parentmail.com,Sunrise Model School,"794, Ameerpet, Hyderabad",Parent Drop,,B+,Active,2026-08-17 19:18:04
60025,ADM60025,Arjun,Menon,K,Female,2015-01-15,6,1,D,2021-07-05,Telugu,Hindi,Nandini Menon,Varun Menon,9197702594,8870011928,arjun.menon60025@parentmail.com,No Previous School,"988, Kukatpally, Hyderabad",Private Van,Route-02,B-,Active,2026-08-12 14:32:12
60026,ADM60026,Pooja,Rao,B,Female,2015-03-01,6,2,C,2022-04-04,Hindi,Telugu,Keerthi Rao,Charan Rao,9103137736,8449144193,pooja.rao60026@parentmail.com,Little Flower School,"557, Kukatpally, Hyderabad",Parent Drop,,O-,Active,2026-09-02 13:55:12
60027,ADM60027,Sanjay,Rao,N,Female,2015-01-03,6,1,D,2021-06-16,Telugu,Hindi,Nandini Rao,Tarun Rao,9850771185,8885550951,sanjay.rao60027@parentmail.com,No Previous School,"485, Dilsukhnagar, Hyderabad",Bicycle,,B-,Active,2026-08-14 19:51:20
60028,ADM60028,Arjun,Verma,Y,Male,2015-05-24,6,3,E,2023-05-12,Hindi,Telugu,Ananya Verma,Karthik Verma,9741548805,8730535694,arjun.verma60028@parentmail.com,Sunrise Model School,"239, Uppal, Hyderabad",Walk,,A-,Active,2026-08-11 19:15:01
60029,ADM60029,Charan,Goud,D,Male,2015-04-24,6,1,D,2021-07-15,Hindi,Telugu,Meghana Goud,Arjun Goud,9362800067,8590009421,charan.goud60029@parentmail.com,No Previous School,"190, Miyapur, Hyderabad",School Bus,Route-05,AB+,Active,2026-08-09 09:42:53
60030,ADM60030,Sai,Singh,T,Female,2015-05-21,6,4,B,2024-05-20,Hindi,Telugu,Keerthi Singh,Pranav Singh,9947664843,8266788766,sai.singh60030@parentmail.com,Brilliant Grammar School,"730, Nizampet, Hyderabad",School Bus,Route-01,B-,Active,2026-08-19 15:24:47
60031,ADM60031,Kavya,Sharma,F,Female,2015-07-22,6,1,A,2021-07-21,Hindi,Telugu,Neha Sharma,Vijay Sharma,9486226559,8198113832,kavya.sharma60031@parentmail.com,No Previous School,"380, Manikonda, Hyderabad",Bicycle,,B-,Active,2026-09-10 18:57:53
60032,ADM60032,Aishwarya,Iyer,I,Female,2015-02-20,6,4,D,2024-06-10,Hindi,Telugu,Sahithi Iyer,Rohan Iyer,9452212152,8119139428,aishwarya.iyer60032@parentmail.com,Little Flower School,"605, Uppal, Hyderabad",Walk,,O-,Active,2026-08-24 14:38:32
60033,ADM60033,Akash,Naidu,E,Female,2015-03-18,6,1,E,2021-06-08,Hindi,Telugu,Kavya Naidu,Aarav Naidu,9513642932,8319198970,akash.naidu60033@parentmail.com,No Previous School,"963, Nizampet, Hyderabad",Public Transport,,B+,Active,2026-09-06 13:24:06
60034,ADM60034,Manish,Gupta,W,Male,2015-02-12,6,2,B,2022-05-11,Hindi,Telugu,Bhavya Gupta,Vijay Gupta,9721981884,8172515371,manish.gupta60034@parentmail.com,Brilliant Grammar School,"460, Manikonda, Hyderabad",School Bus,Route-01,O+,Active,2026-09-13 15:50:59
60035,ADM60035,Keerthi,Rao,X,Male,2015-05-14,6,6,C,2026-07-03,Telugu,Hindi,Meghana Rao,Rahul Rao,9969834757,8492768194,keerthi.rao60035@parentmail.com,New Horizon School,"936, Kondapur, Hyderabad",Parent Drop,,AB-,Active,2026-08-23 13:43:57
60036,ADM60036,Ishita,Chowdary,J,Male,2015-03-15,6,6,D,2026-04-15,Hindi,Telugu,Priya Chowdary,Rohan Chowdary,9606023652,8611438531,ishita.chowdary60036@parentmail.com,Green Valley School,"162, Uppal, Hyderabad",School Bus,Route-07,AB-,Transferred,2026-08-28 18:37:29
60037,ADM60037,Aditya,Shetty,H,Female,2015-12-16,6,5,C,2025-05-10,Hindi,Telugu,Bhavya Shetty,Varun Shetty,9759110764,8803482940,aditya.shetty60037@parentmail.com,St. Mary's School,"751, Kondapur, Hyderabad",School Bus,Route-03,AB-,Active,2026-08-17 20:11:58
60038,ADM60038,Keerthi,Singh,Y,Female,2015-02-21,6,4,E,2024-06-03,Telugu,Hindi,Aadhya Singh,Varun Singh,9955621671,8510929076,keerthi.singh60038@parentmail.com,Vikas High School,"468, Secunderabad, Hyderabad",Parent Drop,,B-,Active,2026-08-15 20:01:35
60039,ADM60039,Bhavya,Yadav,Y,Female,2015-05-08,6,4,C,2024-04-18,Telugu,Hindi,Keerthi Yadav,Vijay Yadav,9865076725,8551890197,bhavya.yadav60039@parentmail.com,Sri Vidya High School,"380, Uppal, Hyderabad",Bicycle,,O+,Active,2026-08-31 12:47:53
60040,ADM60040,Krishna,Das,P,Male,2015-10-17,6,6,E,2026-05-24,Hindi,Telugu,Deepika Das,Sai Das,9229637208,8825170222,krishna.das60040@parentmail.com,Narayana School,"453, Bachupally, Hyderabad",School Bus,Route-05,B-,Active,2026-08-15 16:30:44
60041,ADM60041,Arjun,Sharma,O,Male,2015-02-25,6,4,A,2024-04-06,Hindi,Telugu,Meghana Sharma,Arjun Sharma,9976206615,8944251329,arjun.sharma60041@parentmail.com,Green Valley School,"829, Ameerpet, Hyderabad",Public Transport,,B-,Active,2026-09-02 10:05:08
60042,ADM60042,Pranav,Kumar,B,Female,2015-08-28,6,1,A,2021-05-09,Hindi,Telugu,Neha Kumar,Pranav Kumar,9828570404,8177703692,pranav.kumar60042@parentmail.com,No Previous School,"276, Bachupally, Hyderabad",Walk,,B+,Active,2026-08-22 18:56:16
60043,ADM60043,Arjun,Kulkarni,N,Female,2015-06-03,6,1,C,2021-05-08,Telugu,Hindi,Sneha Kulkarni,Krishna Kulkarni,9552980023,8890395469,arjun.kulkarni60043@parentmail.com,No Previous School,"935, Miyapur, Hyderabad",Private Van,Route-06,B+,Inactive,2026-08-23 18:31:43
60044,ADM60044,Ananya,Yadav,G,Male,2015-10-18,6,4,E,2024-06-19,Hindi,Telugu,Vaishnavi Yadav,Vishal Yadav,9109937402,8887450968,ananya.yadav60044@parentmail.com,Sri Vidya High School,"388, Ameerpet, Hyderabad",Walk,,AB-,Active,2026-08-14 09:48:50
60045,ADM60045,Sneha,Yadav,S,Female,2015-08-04,6,5,B,2025-04-01,Telugu,Hindi,Divya Yadav,Akash Yadav,9677408918,8160921648,sneha.yadav60045@parentmail.com,Oxford Public School,"29, Manikonda, Hyderabad",Parent Drop,,A+,Active,2026-09-05 12:28:22
60046,ADM60046,Krishna,Rao,P,Male,2015-01-05,6,4,B,2024-06-26,Telugu,Hindi,Sneha Rao,Manish Rao,9525786516,8287580562,krishna.rao60046@parentmail.com,Sri Vidya High School,"974, Nizampet, Hyderabad",Walk,,A-,Active,2026-09-02 19:37:27
60047,ADM60047,Aarav,Kulkarni,A,Female,2015-03-24,6,6,A,2026-07-01,Telugu,Hindi,Lakshmi Kulkarni,Karthik Kulkarni,9324403242,8299657614,aarav.kulkarni60047@parentmail.com,Brilliant Grammar School,"1, Manikonda, Hyderabad",Public Transport,,B-,Active,2026-09-04 14:45:12
60048,ADM60048,Lakshmi,Das,L,Female,2015-06-20,6,1,B,2021-06-04,Hindi,Telugu,Lakshmi Das,Aarav Das,9610353241,8988794271,lakshmi.das60048@parentmail.com,No Previous School,"383, Uppal, Hyderabad",School Bus,Route-08,O+,Active,2026-08-16 11:20:45
60049,ADM60049,Sahithi,Gupta,D,Male,2015-03-01,6,5,C,2025-05-09,Telugu,Hindi,Swathi Gupta,Manish Gupta,9880266015,8748120636,sahithi.gupta60049@parentmail.com,Sri Chaitanya School,"348, Manikonda, Hyderabad",Parent Drop,,AB+,Active,2026-09-08 18:43:56
60050,ADM60050,Aarav,Singh,C,Male,2015-09-03,6,1,A,2021-06-03,Telugu,Hindi,Pooja Singh,Akash Singh,9953100948,8856601335,aarav.singh60050@parentmail.com,No Previous School,"391, Kukatpally, Hyderabad",School Bus,Route-01,B-,Active,2026-09-14 12:43:05
60051,ADM60051,Aishwarya,Joshi,C,Female,2015-02-26,6,6,D,2026-06-04,Hindi,Telugu,Kavya Joshi,Manish Joshi,9192777496,8692067860,aishwarya.joshi60051@parentmail.com,Brilliant Grammar School,"172, Secunderabad, Hyderabad",School Bus,Route-09,A-,Active,2026-08-22 19:56:06
60052,ADM60052,Sai,Joshi,Q,Female,2015-03-07,6,1,A,2021-07-04,Hindi,Telugu,Neha Joshi,Vijay Joshi,9261055336,8333147194,sai.joshi60052@parentmail.com,No Previous School,"929, Kondapur, Hyderabad",Parent Drop,,AB-,Active,2026-08-22 19:25:25
60053,ADM60053,Sai,Das,B,Male,2015-07-20,6,1,D,2021-07-05,Telugu,Hindi,Aadhya Das,Akash Das,9307560594,8862827470,sai.das60053@parentmail.com,No Previous School,"85, Miyapur, Hyderabad",Walk,,B+,Active,2026-08-30 09:03:32
60054,ADM60054,Tarun,Chowdary,V,Female,2015-04-27,6,1,B,2021-05-12,Hindi,Telugu,Nandini Chowdary,Aditya Chowdary,9179139536,8755536009,tarun.chowdary60054@parentmail.com,No Previous School,"473, Kukatpally, Hyderabad",School Bus,Route-05,O-,Active,2026-08-08 07:35:23
60055,ADM60055,Aditya,Chowdary,M,Male,2015-04-17,6,1,C,2021-06-27,Telugu,Hindi,Priya Chowdary,Varun Chowdary,9313722450,8683798950,aditya.chowdary60055@parentmail.com,No Previous School,"46, Manikonda, Hyderabad",School Bus,Route-02,O-,Active,2026-08-23 14:54:14
60056,ADM60056,Tarun,Sharma,U,Male,2015-01-16,6,4,E,2024-04-17,Telugu,Hindi,Sneha Sharma,Nikhil Sharma,9162290272,8350142066,tarun.sharma60056@parentmail.com,Sri Vidya High School,"795, Kukatpally, Hyderabad",Parent Drop,,AB-,Inactive,2026-08-30 12:34:08
60057,ADM60057,Akash,Iyer,Y,Female,2015-02-21,6,1,D,2021-05-28,Hindi,Telugu,Nandini Iyer,Manish Iyer,9436468665,8607556933,akash.iyer60057@parentmail.com,No Previous School,"319, Secunderabad, Hyderabad",School Bus,Route-01,B+,Active,2026-08-13 15:07:08
60058,ADM60058,Keerthi,Mishra,N,Female,2015-04-25,6,4,B,2024-04-08,Hindi,Telugu,Priya Mishra,Arjun Mishra,9176953345,8967865609,keerthi.mishra60058@parentmail.com,Oxford Public School,"36, LB Nagar, Hyderabad",School Bus,Route-05,B-,Active,2026-09-01 15:55:17
60059,ADM60059,Nikhil,Patel,N,Male,2015-08-25,6,4,A,2024-06-21,Hindi,Telugu,Ishita Patel,Aarav Patel,9174376685,8996373224,nikhil.patel60059@parentmail.com,Narayana School,"114, LB Nagar, Hyderabad",School Bus,Route-02,O+,Active,2026-08-30 19:28:21
60060,ADM60060,Karthik,Verma,C,Female,2015-03-01,6,4,E,2024-07-20,Telugu,Hindi,Sahithi Verma,Aditya Verma,9727773987,8212725216,karthik.verma60060@parentmail.com,No Previous School,"217, Nizampet, Hyderabad",Parent Drop,,A+,Active,2026-08-10 14:53:49
60061,ADM60061,Pooja,Menon,T,Male,2015-12-15,6,3,B,2023-05-01,Telugu,Hindi,Harini Menon,Aditya Menon,9116829664,8573231871,pooja.menon60061@parentmail.com,Sunrise Model School,"725, LB Nagar, Hyderabad",Public Transport,,AB+,Active,2026-08-08 14:12:09
60062,ADM60062,Keerthi,Reddy,C,Male,2015-09-13,6,1,B,2021-07-01,Telugu,Hindi,Ananya Reddy,Sanjay Reddy,9854967828,8793123842,keerthi.reddy60062@parentmail.com,No Previous School,"143, Manikonda, Hyderabad",Bicycle,,O+,Active,2026-08-30 08:43:24
60063,ADM60063,Rahul,Yadav,S,Male,2015-02-23,6,1,D,2021-05-14,Telugu,Hindi,Aadhya Yadav,Pranav Yadav,9251913345,8427185476,rahul.yadav60063@parentmail.com,No Previous School,"633, Manikonda, Hyderabad",School Bus,Route-06,O-,Active,2026-08-06 15:11:39
60064,ADM60064,Sahithi,Das,D,Male,2015-01-13,6,4,D,2024-06-10,Hindi,Telugu,Ishita Das,Arjun Das,9184098628,8758766190,sahithi.das60064@parentmail.com,Sunrise Model School,"732, Miyapur, Hyderabad",School Bus,Route-06,AB+,Active,2026-09-06 20:29:07
60065,ADM60065,Sneha,Joshi,U,Male,2015-11-16,6,3,A,2023-06-05,Telugu,Hindi,Meghana Joshi,Charan Joshi,9264551392,8677123729,sneha.joshi60065@parentmail.com,No Previous School,"891, Nizampet, Hyderabad",Private Van,Route-01,O+,Active,2026-09-07 13:50:09
60066,ADM60066,Divya,Menon,B,Female,2015-06-24,6,3,D,2023-05-07,Hindi,Telugu,Bhavya Menon,Harsha Menon,9168446270,8850829061,divya.menon60066@parentmail.com,Sri Chaitanya School,"408, Kukatpally, Hyderabad",Public Transport,,A-,Active,2026-08-19 16:43:45
60067,ADM60067,Deepika,Naidu,O,Male,2015-10-07,6,5,D,2025-07-13,Hindi,Telugu,Swathi Naidu,Rahul Naidu,9235388152,8160814768,deepika.naidu60067@parentmail.com,Narayana School,"314, Manikonda, Hyderabad",School Bus,Route-04,A+,Active,2026-08-10 14:37:44
60068,ADM60068,Arjun,Singh,V,Female,2015-05-10,6,1,C,2021-07-11,Hindi,Telugu,Divya Singh,Pranav Singh,9412477848,8966372649,arjun.singh60068@parentmail.com,No Previous School,"665, Bachupally, Hyderabad",Parent Drop,,O-,Inactive,2026-09-05 09:16:13
60069,ADM60069,Kavya,Reddy,S,Female,2015-12-25,6,5,E,2025-05-12,Telugu,Hindi,Bhavya Reddy,Manish Reddy,9825476751,8302461236,kavya.reddy60069@parentmail.com,Sunrise Model School,"570, Manikonda, Hyderabad",School Bus,Route-10,AB-,Active,2026-08-02 09:52:14
60070,ADM60070,Vaishnavi,Kulkarni,A,Male,2015-05-21,6,3,E,2023-04-19,Hindi,Telugu,Bhavya Kulkarni,Vishal Kulkarni,9453353051,8717954363,vaishnavi.kulkarni60070@parentmail.com,No Previous School,"651, Kukatpally, Hyderabad",School Bus,Route-06,B+,Active,2026-08-25 20:56:40
60071,ADM60071,Aishwarya,Kulkarni,R,Male,2015-06-28,6,1,E,2021-05-09,Telugu,Hindi,Priya Kulkarni,Krishna Kulkarni,9811010783,8269066632,aishwarya.kulkarni60071@parentmail.com,No Previous School,"574, Miyapur, Hyderabad",Walk,,B-,Active,2026-08-01 07:50:37
60072,ADM60072,Priya,Naidu,Y,Male,2015-08-06,6,4,C,2024-04-26,Telugu,Hindi,Neha Naidu,Charan Naidu,9277997720,8657678334,priya.naidu60072@parentmail.com,Green Valley School,"652, Miyapur, Hyderabad",Public Transport,,AB+,Active,2026-09-04 09:48:25
60073,ADM60073,Meghana,Shetty,E,Female,2015-06-28,6,6,B,2026-06-18,Hindi,Telugu,Priya Shetty,Arjun Shetty,9395436308,8994012731,meghana.shetty60073@parentmail.com,Narayana School,"317, Uppal, Hyderabad",School Bus,Route-10,O+,Active,2026-09-05 15:18:57
60074,ADM60074,Krishna,Sharma,Y,Female,2015-09-19,6,5,E,2025-04-25,Hindi,Telugu,Harini Sharma,Sai Sharma,9795827117,8661367114,krishna.sharma60074@parentmail.com,Brilliant Grammar School,"968, Bachupally, Hyderabad",Walk,,AB+,Active,2026-08-07 16:19:47
60075,ADM60075,Krishna,Shetty,U,Male,2015-04-08,6,3,A,2023-06-11,Hindi,Telugu,Pooja Shetty,Nikhil Shetty,9859139975,8616690708,krishna.shetty60075@parentmail.com,Oxford Public School,"251, Madhapur, Hyderabad",School Bus,Route-04,B+,Active,2026-09-05 12:34:18
60076,ADM60076,Nikhil,Shetty,D,Male,2015-05-13,6,1,E,2021-04-16,Telugu,Hindi,Swathi Shetty,Aarav Shetty,9978201051,8799971747,nikhil.shetty60076@parentmail.com,No Previous School,"202, Dilsukhnagar, Hyderabad",School Bus,Route-05,O+,Active,2026-08-10 15:05:30
60077,ADM60077,Meghana,Mishra,O,Male,2015-05-28,6,3,A,2023-06-25,Telugu,Hindi,Deepika Mishra,Vijay Mishra,9935842656,8956795053,meghana.mishra60077@parentmail.com,Narayana School,"904, Ameerpet, Hyderabad",Parent Drop,,B+,Active,2026-08-06 15:31:29
60078,ADM60078,Vaishnavi,Rao,D,Male,2015-01-23,6,3,A,2023-06-13,Telugu,Hindi,Ananya Rao,Pranav Rao,9607782055,8459888720,vaishnavi.rao60078@parentmail.com,Oxford Public School,"265, Kukatpally, Hyderabad",School Bus,Route-07,AB-,Active,2026-09-01 17:31:29
60079,ADM60079,Rahul,Das,R,Female,2015-02-20,6,1,A,2021-04-25,Hindi,Telugu,Divya Das,Aarav Das,9125758974,8153287890,rahul.das60079@parentmail.com,No Previous School,"120, Kondapur, Hyderabad",Private Van,Route-10,A+,Active,2026-08-12 12:17:00
60080,ADM60080,Charan,Reddy,D,Male,2015-05-24,6,1,B,2021-05-06,Telugu,Hindi,Keerthi Reddy,Nikhil Reddy,9113860416,8365535232,charan.reddy60080@parentmail.com,No Previous School,"567, Ameerpet, Hyderabad",School Bus,Route-03,O+,Active,2026-09-12 15:24:08
60081,ADM60081,Vijay,Sharma,F,Male,2015-06-12,6,4,C,2024-07-15,Telugu,Hindi,Bhavya Sharma,Aarav Sharma,9669275734,8316758938,vijay.sharma60081@parentmail.com,Narayana School,"321, Bachupally, Hyderabad",School Bus,Route-07,B-,Active,2026-09-10 14:03:27
60082,ADM60082,Aditya,Naidu,Z,Male,2015-01-11,6,1,A,2021-05-14,Telugu,Hindi,Meghana Naidu,Surya Naidu,9690554668,8146979813,aditya.naidu60082@parentmail.com,No Previous School,"737, Secunderabad, Hyderabad",School Bus,Route-07,B+,Active,2026-09-08 07:24:16
60083,ADM60083,Nikhil,Yadav,J,Male,2015-12-12,6,2,B,2022-06-09,Hindi,Telugu,Bhavya Yadav,Rahul Yadav,9109071038,8774544125,nikhil.yadav60083@parentmail.com,Brilliant Grammar School,"761, Bachupally, Hyderabad",School Bus,Route-09,AB-,Active,2026-08-06 08:23:30
60084,ADM60084,Aishwarya,Nair,D,Male,2015-10-06,6,1,D,2021-06-27,Telugu,Hindi,Meghana Nair,Charan Nair,9166345913,8592771006,aishwarya.nair60084@parentmail.com,No Previous School,"29, Madhapur, Hyderabad",Parent Drop,,O+,Active,2026-09-12 20:53:24
60085,ADM60085,Pranav,Menon,A,Male,2015-07-03,6,6,E,2026-05-25,Telugu,Hindi,Aadhya Menon,Pranav Menon,9917046917,8565627512,pranav.menon60085@parentmail.com,Narayana School,"661, Ameerpet, Hyderabad",School Bus,Route-08,AB+,Active,2026-08-11 20:13:41
60086,ADM60086,Neha,Sharma,F,Male,2015-07-01,6,1,B,2021-07-04,Hindi,Telugu,Lakshmi Sharma,Sai Sharma,9738574005,8429278657,neha.sharma60086@parentmail.com,No Previous School,"632, Bachupally, Hyderabad",School Bus,Route-07,A-,Transferred,2026-08-25 10:46:50
60087,ADM60087,Tarun,Reddy,P,Male,2015-07-08,6,2,C,2022-04-12,Hindi,Telugu,Priya Reddy,Vijay Reddy,9878866873,8181482385,tarun.reddy60087@parentmail.com,Sri Chaitanya School,"674, Kukatpally, Hyderabad",School Bus,Route-06,A-,Active,2026-09-01 12:51:29
60088,ADM60088,Pranav,Kumar,K,Female,2015-06-21,6,4,A,2024-07-19,Hindi,Telugu,Ananya Kumar,Varun Kumar,9490965575,8220226856,pranav.kumar60088@parentmail.com,Sri Chaitanya School,"524, LB Nagar, Hyderabad",School Bus,Route-05,O+,Active,2026-09-13 11:46:44
60089,ADM60089,Charan,Sharma,N,Male,2015-05-21,6,1,D,2021-05-09,Hindi,Telugu,Ishita Sharma,Akash Sharma,9547963943,8954785043,charan.sharma60089@parentmail.com,No Previous School,"890, Madhapur, Hyderabad",Bicycle,,O-,Active,2026-08-24 07:07:23
60090,ADM60090,Nandini,Shetty,R,Male,2015-12-08,6,3,D,2023-07-02,Hindi,Telugu,Nandini Shetty,Akash Shetty,9240251671,8725196996,nandini.shetty60090@parentmail.com,Sri Vidya High School,"56, Secunderabad, Hyderabad",Private Van,Route-05,AB+,Inactive,2026-08-14 17:53:10
60091,ADM60091,Sahithi,Verma,Y,Male,2015-08-10,6,2,E,2022-07-16,Telugu,Hindi,Priya Verma,Karthik Verma,9634269347,8984638020,sahithi.verma60091@parentmail.com,Brilliant Grammar School,"986, LB Nagar, Hyderabad",School Bus,Route-06,A+,Active,2026-08-18 07:49:34
60092,ADM60092,Varun,Reddy,T,Male,2015-02-07,6,1,C,2021-07-28,Telugu,Hindi,Sahithi Reddy,Varun Reddy,9985279950,8645637344,varun.reddy60092@parentmail.com,No Previous School,"786, Nizampet, Hyderabad",Parent Drop,,AB-,Transferred,2026-08-24 14:45:09
60093,ADM60093,Meghana,Das,I,Female,2015-05-13,6,2,B,2022-04-27,Hindi,Telugu,Sneha Das,Aarav Das,9565839475,8746996348,meghana.das60093@parentmail.com,Oxford Public School,"465, Ameerpet, Hyderabad",School Bus,Route-09,A+,Active,2026-08-05 07:06:43
60094,ADM60094,Arjun,Sharma,C,Male,2015-12-11,6,3,E,2023-05-28,Hindi,Telugu,Pooja Sharma,Karthik Sharma,9967396288,8507840974,arjun.sharma60094@parentmail.com,No Previous School,"55, LB Nagar, Hyderabad",School Bus,Route-02,A+,Active,2026-08-12 19:12:41
60095,ADM60095,Divya,Kumar,V,Male,2015-09-09,6,2,A,2022-07-07,Telugu,Hindi,Sahithi Kumar,Nikhil Kumar,9263484407,8449636173,divya.kumar60095@parentmail.com,Green Valley School,"965, Kondapur, Hyderabad",Private Van,Route-06,A-,Active,2026-09-01 18:08:11
60096,ADM60096,Varun,Joshi,Z,Male,2015-09-03,6,4,B,2024-07-02,Hindi,Telugu,Swathi Joshi,Tarun Joshi,9351591641,8284359659,varun.joshi60096@parentmail.com,St. Mary's School,"89, Miyapur, Hyderabad",School Bus,Route-09,AB+,Active,2026-08-10 09:27:17
60097,ADM60097,Varun,Patel,D,Male,2015-12-02,6,6,A,2026-04-06,Telugu,Hindi,Sneha Patel,Rohan Patel,9130314713,8547498623,varun.patel60097@parentmail.com,New Horizon School,"683, Manikonda, Hyderabad",School Bus,Route-01,O+,Active,2026-08-30 14:44:11
60098,ADM60098,Meghana,Kumar,G,Female,2015-02-02,6,4,A,2024-07-19,Telugu,Hindi,Sneha Kumar,Akash Kumar,9527932046,8607998232,meghana.kumar60098@parentmail.com,New Horizon School,"428, Secunderabad, Hyderabad",Parent Drop,,AB+,Active,2026-08-16 07:39:53
60099,ADM60099,Charan,Rao,Y,Male,2015-05-15,6,5,D,2025-06-04,Hindi,Telugu,Aishwarya Rao,Akash Rao,9942349269,8185063065,charan.rao60099@parentmail.com,Sri Chaitanya School,"766, Bachupally, Hyderabad",Parent Drop,,AB-,Active,2026-08-04 12:59:09
60100,ADM60100,Kavya,Menon,O,Female,2015-06-21,6,3,C,2023-07-01,Hindi,Telugu,Sneha Menon,Karthik Menon,9120795182,8501874108,kavya.menon60100@parentmail.com,Sri Vidya High School,"226, LB Nagar, Hyderabad",School Bus,Route-10,A+,Active,2026-08-12 20:55:54
60101,ADM60101,Vaishnavi,Nair,R,Male,2015-09-17,6,4,A,2024-07-12,Hindi,Telugu,Bhavya Nair,Karthik Nair,9469969145,8559518602,vaishnavi.nair60101@parentmail.com,No Previous School,"458, Bachupally, Hyderabad",School Bus,Route-06,AB+,Active,2026-08-20 18:04:26
60102,ADM60102,Pooja,Verma,A,Male,2015-03-06,6,1,C,2021-05-08,Hindi,Telugu,Harini Verma,Aditya Verma,9396227884,8713419900,pooja.verma60102@parentmail.com,No Previous School,"606, Uppal, Hyderabad",Parent Drop,,B+,Active,2026-09-07 07:48:41
60103,ADM60103,Pranav,Iyer,C,Female,2015-08-01,6,1,B,2021-05-12,Telugu,Hindi,Meghana Iyer,Tarun Iyer,9212972819,8845902887,pranav.iyer60103@parentmail.com,No Previous School,"527, Ameerpet, Hyderabad",Private Van,Route-01,O-,Active,2026-08-16 07:09:48
60104,ADM60104,Varun,Chowdary,L,Female,2015-01-27,6,3,A,2023-05-24,Telugu,Hindi,Bhavya Chowdary,Nikhil Chowdary,9442824469,8769794768,varun.chowdary60104@parentmail.com,Sri Chaitanya School,"158, Manikonda, Hyderabad",Walk,,O+,Active,2026-08-22 16:19:45
60105,ADM60105,Vijay,Chowdary,O,Female,2015-03-18,6,5,A,2025-06-21,Hindi,Telugu,Lakshmi Chowdary,Manish Chowdary,9174175415,8758552049,vijay.chowdary60105@parentmail.com,Sri Chaitanya School,"286, Dilsukhnagar, Hyderabad",School Bus,Route-04,A+,Active,2026-09-05 15:11:26
60106,ADM60106,Aishwarya,Nair,H,Female,2015-12-04,6,4,D,2024-06-25,Hindi,Telugu,Divya Nair,Charan Nair,9825947513,8399050386,aishwarya.nair60106@parentmail.com,Narayana School,"218, Nizampet, Hyderabad",School Bus,Route-02,O-,Active,2026-09-07 20:10:41
60107,ADM60107,Nandini,Singh,S,Female,2015-08-25,6,2,E,2022-04-07,Telugu,Hindi,Harini Singh,Sai Singh,9241818342,8929078163,nandini.singh60107@parentmail.com,Sri Chaitanya School,"82, Kukatpally, Hyderabad",Walk,,B+,Active,2026-08-20 12:26:43
60108,ADM60108,Kavya,Mishra,E,Female,2015-06-03,6,2,A,2022-07-27,Telugu,Hindi,Nandini Mishra,Aditya Mishra,9205088190,8760640518,kavya.mishra60108@parentmail.com,Vikas High School,"627, Uppal, Hyderabad",School Bus,Route-03,O+,Active,2026-09-14 17:05:19
60109,ADM60109,Harsha,Naidu,G,Male,2015-07-21,6,1,E,2021-05-09,Hindi,Telugu,Swathi Naidu,Charan Naidu,9314785885,8259329107,harsha.naidu60109@parentmail.com,No Previous School,"405, Secunderabad, Hyderabad",School Bus,Route-09,A-,Active,2026-09-09 13:24:37
60110,ADM60110,Keerthi,Menon,L,Male,2015-08-05,6,4,A,2024-05-26,Hindi,Telugu,Meghana Menon,Akash Menon,9740198046,8397420670,keerthi.menon60110@parentmail.com,New Horizon School,"760, Miyapur, Hyderabad",School Bus,Route-04,O+,Active,2026-08-16 20:32:09
60111,ADM60111,Pooja,Verma,K,Female,2015-01-06,6,1,E,2021-04-14,Telugu,Hindi,Bhavya Verma,Nikhil Verma,9179421720,8267848426,pooja.verma60111@parentmail.com,No Previous School,"692, LB Nagar, Hyderabad",Walk,,AB+,Active,2026-08-14 18:44:39
60112,ADM60112,Harsha,Rao,V,Male,2015-11-26,6,6,D,2026-07-21,Hindi,Telugu,Deepika Rao,Charan Rao,9195574811,8440256745,harsha.rao60112@parentmail.com,Green Valley School,"771, LB Nagar, Hyderabad",School Bus,Route-02,O-,Active,2026-09-10 16:00:31
60113,ADM60113,Harsha,Yadav,M,Female,2015-06-18,6,4,E,2024-06-17,Telugu,Hindi,Harini Yadav,Karthik Yadav,9285875291,8386068693,harsha.yadav60113@parentmail.com,Narayana School,"723, Nizampet, Hyderabad",Private Van,Route-08,O-,Active,2026-09-06 18:16:49
60114,ADM60114,Manish,Patel,Z,Male,2015-11-25,6,2,C,2022-04-08,Telugu,Hindi,Lakshmi Patel,Harsha Patel,9722374675,8289529807,manish.patel60114@parentmail.com,Oxford Public School,"840, Madhapur, Hyderabad",Private Van,Route-04,B+,Active,2026-09-01 20:03:55
60115,ADM60115,Pranav,Mishra,O,Female,2015-03-25,6,2,B,2022-04-25,Hindi,Telugu,Swathi Mishra,Karthik Mishra,9114019874,8516560362,pranav.mishra60115@parentmail.com,Little Flower School,"107, Miyapur, Hyderabad",School Bus,Route-10,O+,Active,2026-08-03 18:55:29
60116,ADM60116,Sanjay,Singh,R,Male,2015-01-17,6,1,A,2021-05-12,Telugu,Hindi,Vaishnavi Singh,Manish Singh,9255183641,8892237992,sanjay.singh60116@parentmail.com,No Previous School,"290, Miyapur, Hyderabad",School Bus,Route-04,O+,Active,2026-08-10 19:23:35
60117,ADM60117,Akash,Kulkarni,Q,Female,2015-02-01,6,1,A,2021-07-07,Telugu,Hindi,Vaishnavi Kulkarni,Vijay Kulkarni,9221121111,8387391562,akash.kulkarni60117@parentmail.com,No Previous School,"399, Madhapur, Hyderabad",Bicycle,,A+,Active,2026-08-26 15:50:03
60118,ADM60118,Bhavya,Menon,O,Female,2015-11-05,6,1,D,2021-07-21,Hindi,Telugu,Neha Menon,Aditya Menon,9782093380,8214957025,bhavya.menon60118@parentmail.com,No Previous School,"298, Kukatpally, Hyderabad",School Bus,Route-06,A+,Transferred,2026-08-28 20:08:32
60119,ADM60119,Aishwarya,Kulkarni,M,Male,2015-03-11,6,1,B,2021-05-19,Hindi,Telugu,Keerthi Kulkarni,Akash Kulkarni,9435841665,8511797385,aishwarya.kulkarni60119@parentmail.com,No Previous School,"403, LB Nagar, Hyderabad",School Bus,Route-04,A+,Active,2026-08-16 16:37:01
60120,ADM60120,Lakshmi,Yadav,I,Male,2015-05-05,6,3,C,2023-05-05,Telugu,Hindi,Meghana Yadav,Sai Yadav,9703345526,8427847768,lakshmi.yadav60120@parentmail.com,Narayana School,"694, LB Nagar, Hyderabad",Public Transport,,B+,Active,2026-09-11 10:07:55
60121,ADM60121,Krishna,Patel,X,Male,2015-01-14,6,1,E,2021-05-02,Hindi,Telugu,Vaishnavi Patel,Sanjay Patel,9665670726,8882141631,krishna.patel60121@parentmail.com,No Previous School,"31, Bachupally, Hyderabad",Parent Drop,,B-,Active,2026-08-23 19:21:40
60122,ADM60122,Varun,Patel,T,Female,2015-05-26,6,4,A,2024-05-28,Telugu,Hindi,Nandini Patel,Akash Patel,9402076134,8889255896,varun.patel60122@parentmail.com,Narayana School,"179, Dilsukhnagar, Hyderabad",Bicycle,,AB-,Active,2026-08-30 14:44:16
60123,ADM60123,Aditya,Yadav,J,Female,2015-01-11,6,3,D,2023-06-20,Telugu,Hindi,Aadhya Yadav,Krishna Yadav,9894275999,8469630678,aditya.yadav60123@parentmail.com,Narayana School,"76, LB Nagar, Hyderabad",School Bus,Route-06,O-,Active,2026-09-12 14:56:24
60124,ADM60124,Harsha,Menon,Z,Male,2015-09-20,6,1,A,2021-04-04,Telugu,Hindi,Ananya Menon,Karthik Menon,9209610501,8500615993,harsha.menon60124@parentmail.com,No Previous School,"369, Madhapur, Hyderabad",School Bus,Route-05,AB+,Active,2026-08-20 15:52:28
60125,ADM60125,Vishal,Menon,S,Male,2015-03-21,6,1,E,2021-06-26,Hindi,Telugu,Neha Menon,Varun Menon,9838797554,8820821540,vishal.menon60125@parentmail.com,No Previous School,"231, Kukatpally, Hyderabad",Walk,,B+,Active,2026-08-27 12:00:17
60126,ADM60126,Surya,Gupta,K,Female,2015-10-18,6,6,A,2026-06-02,Telugu,Hindi,Deepika Gupta,Karthik Gupta,9412664742,8799188817,surya.gupta60126@parentmail.com,Narayana School,"972, Manikonda, Hyderabad",School Bus,Route-06,B+,Active,2026-09-04 13:40:38
60127,ADM60127,Priya,Kulkarni,Y,Male,2015-08-14,6,1,A,2021-06-09,Telugu,Hindi,Lakshmi Kulkarni,Sanjay Kulkarni,9717565577,8817420220,priya.kulkarni60127@parentmail.com,No Previous School,"786, Madhapur, Hyderabad",School Bus,Route-04,A+,Active,2026-08-31 07:05:50
60128,ADM60128,Aadhya,Kulkarni,O,Male,2015-11-24,6,1,B,2021-06-03,Telugu,Hindi,Divya Kulkarni,Krishna Kulkarni,9313240438,8440755951,aadhya.kulkarni60128@parentmail.com,No Previous School,"763, Miyapur, Hyderabad",School Bus,Route-04,A+,Active,2026-08-29 10:45:00
60129,ADM60129,Keerthi,Gupta,O,Female,2015-07-13,6,2,D,2022-04-01,Telugu,Hindi,Aishwarya Gupta,Rahul Gupta,9781816391,8263549448,keerthi.gupta60129@parentmail.com,Green Valley School,"235, Dilsukhnagar, Hyderabad",School Bus,Route-07,B+,Active,2026-09-10 18:20:16
60130,ADM60130,Tarun,Goud,V,Female,2015-05-20,6,3,E,2023-06-14,Telugu,Hindi,Ishita Goud,Aarav Goud,9105628728,8141805951,tarun.goud60130@parentmail.com,Oxford Public School,"848, Miyapur, Hyderabad",Private Van,Route-10,B-,Active,2026-08-27 11:05:39
60131,ADM60131,Pooja,Sharma,L,Male,2015-10-04,6,1,E,2021-04-28,Telugu,Hindi,Sahithi Sharma,Tarun Sharma,9629271137,8456935386,pooja.sharma60131@parentmail.com,No Previous School,"451, Ameerpet, Hyderabad",Walk,,A-,Active,2026-08-22 09:03:20
60132,ADM60132,Harini,Gupta,S,Female,2015-11-15,6,1,A,2021-07-17,Telugu,Hindi,Pooja Gupta,Nikhil Gupta,9465218297,8452220850,harini.gupta60132@parentmail.com,No Previous School,"156, Madhapur, Hyderabad",School Bus,Route-07,AB+,Active,2026-08-02 12:34:05
60133,ADM60133,Surya,Nair,R,Female,2015-09-11,6,1,E,2021-05-25,Hindi,Telugu,Priya Nair,Surya Nair,9651213956,8768033563,surya.nair60133@parentmail.com,No Previous School,"985, Nizampet, Hyderabad",Parent Drop,,O+,Active,2026-08-25 07:28:10
60134,ADM60134,Aditya,Singh,T,Male,2015-04-06,6,1,C,2021-04-24,Telugu,Hindi,Lakshmi Singh,Krishna Singh,9716362700,8486397037,aditya.singh60134@parentmail.com,No Previous School,"383, Secunderabad, Hyderabad",School Bus,Route-02,O-,Active,2026-08-31 17:15:00
60135,ADM60135,Vishal,Joshi,F,Female,2015-03-21,6,6,C,2026-04-03,Telugu,Hindi,Ananya Joshi,Varun Joshi,9308926211,8715475786,vishal.joshi60135@parentmail.com,St. Mary's School,"187, Ameerpet, Hyderabad",Parent Drop,,AB+,Active,2026-08-27 07:33:30
60136,ADM60136,Charan,Chowdary,C,Male,2015-07-21,6,1,D,2021-06-19,Telugu,Hindi,Divya Chowdary,Surya Chowdary,9135696488,8831434918,charan.chowdary60136@parentmail.com,No Previous School,"131, Dilsukhnagar, Hyderabad",School Bus,Route-03,B+,Active,2026-08-13 08:06:50
60137,ADM60137,Sahithi,Das,X,Male,2015-11-22,6,4,C,2024-07-19,Hindi,Telugu,Sahithi Das,Rahul Das,9114267917,8462561523,sahithi.das60137@parentmail.com,Vikas High School,"737, Bachupally, Hyderabad",Bicycle,,B-,Active,2026-09-14 07:49:35
60138,ADM60138,Harsha,Shetty,O,Female,2015-03-28,6,3,B,2023-05-17,Hindi,Telugu,Vaishnavi Shetty,Aarav Shetty,9139566479,8897652499,harsha.shetty60138@parentmail.com,Sri Vidya High School,"871, Madhapur, Hyderabad",School Bus,Route-01,B-,Active,2026-08-23 19:15:06
60139,ADM60139,Harini,Patel,T,Male,2015-08-21,6,1,D,2021-07-20,Telugu,Hindi,Neha Patel,Karthik Patel,9171005836,8803759351,harini.patel60139@parentmail.com,No Previous School,"771, Ameerpet, Hyderabad",School Bus,Route-09,A+,Active,2026-09-13 15:31:10
60140,ADM60140,Rohan,Menon,U,Male,2015-08-09,6,1,C,2021-04-21,Hindi,Telugu,Ananya Menon,Vijay Menon,9736194593,8441696842,rohan.menon60140@parentmail.com,No Previous School,"560, Manikonda, Hyderabad",Parent Drop,,B-,Active,2026-09-13 14:37:13
60141,ADM60141,Akash,Rao,S,Female,2015-04-17,6,5,E,2025-06-02,Telugu,Hindi,Swathi Rao,Vijay Rao,9842174371,8230598529,akash.rao60141@parentmail.com,Sunrise Model School,"784, Dilsukhnagar, Hyderabad",Parent Drop,,B+,Active,2026-08-31 12:14:37
60142,ADM60142,Varun,Reddy,L,Female,2015-05-20,6,4,B,2024-05-26,Telugu,Hindi,Deepika Reddy,Manish Reddy,9607267886,8908262099,varun.reddy60142@parentmail.com,Oxford Public School,"90, Uppal, Hyderabad",School Bus,Route-01,B-,Active,2026-09-09 11:33:24
60143,ADM60143,Krishna,Chowdary,O,Female,2015-10-12,6,1,C,2021-07-01,Hindi,Telugu,Pooja Chowdary,Akash Chowdary,9349968678,8253860052,krishna.chowdary60143@parentmail.com,No Previous School,"164, Ameerpet, Hyderabad",Bicycle,,AB+,Active,2026-08-13 12:22:05
60144,ADM60144,Vaishnavi,Patel,Z,Male,2015-09-28,6,4,B,2024-05-19,Telugu,Hindi,Aadhya Patel,Vishal Patel,9662808168,8800386052,vaishnavi.patel60144@parentmail.com,Vikas High School,"639, Secunderabad, Hyderabad",Walk,,B-,Active,2026-08-05 16:04:45
60145,ADM60145,Lakshmi,Iyer,R,Male,2015-12-04,6,2,D,2022-07-03,Telugu,Hindi,Divya Iyer,Pranav Iyer,9939705495,8985265762,lakshmi.iyer60145@parentmail.com,St. Mary's School,"851, Madhapur, Hyderabad",School Bus,Route-07,O-,Active,2026-09-01 09:37:21
60146,ADM60146,Keerthi,Gupta,O,Male,2015-04-19,6,3,E,2023-07-10,Telugu,Hindi,Bhavya Gupta,Karthik Gupta,9280533114,8590691281,keerthi.gupta60146@parentmail.com,St. Mary's School,"254, Bachupally, Hyderabad",Parent Drop,,AB-,Active,2026-08-09 16:39:59
60147,ADM60147,Pranav,Goud,K,Female,2015-10-17,6,1,E,2021-07-23,Hindi,Telugu,Vaishnavi Goud,Tarun Goud,9381900027,8672630811,pranav.goud60147@parentmail.com,No Previous School,"360, Bachupally, Hyderabad",School Bus,Route-01,O+,Active,2026-09-14 13:52:58
60148,ADM60148,Pranav,Patel,C,Male,2015-04-28,6,3,A,2023-07-25,Hindi,Telugu,Sahithi Patel,Surya Patel,9693297568,8584092501,pranav.patel60148@parentmail.com,Oxford Public School,"501, Nizampet, Hyderabad",School Bus,Route-08,A-,Active,2026-08-26 12:05:32
60149,ADM60149,Pranav,Mishra,M,Male,2015-11-27,6,4,A,2024-06-16,Telugu,Hindi,Pooja Mishra,Sanjay Mishra,9466759602,8849684478,pranav.mishra60149@parentmail.com,St. Mary's School,"884, LB Nagar, Hyderabad",Walk,,B-,Active,2026-08-17 17:24:46
60150,ADM60150,Tarun,Shetty,U,Male,2015-12-19,6,5,B,2025-07-18,Hindi,Telugu,Keerthi Shetty,Vijay Shetty,9175333021,8610037687,tarun.shetty60150@parentmail.com,Sunrise Model School,"86, Kukatpally, Hyderabad",Bicycle,,AB+,Transferred,2026-09-03 08:29:58
60151,ADM60151,Kavya,Naidu,A,Male,2015-11-16,6,6,B,2026-07-05,Telugu,Hindi,Neha Naidu,Vijay Naidu,9193870979,8985530530,kavya.naidu60151@parentmail.com,Sunrise Model School,"1, Madhapur, Hyderabad",Private Van,Route-04,B+,Active,2026-08-28 16:34:07
60152,ADM60152,Deepika,Naidu,A,Male,2015-03-07,6,1,D,2021-06-01,Hindi,Telugu,Sahithi Naidu,Sanjay Naidu,9736231640,8103072946,deepika.naidu60152@parentmail.com,No Previous School,"632, Dilsukhnagar, Hyderabad",Parent Drop,,A-,Active,2026-09-08 08:32:09
60153,ADM60153,Pranav,Naidu,Z,Male,2015-03-07,6,3,D,2023-06-28,Hindi,Telugu,Neha Naidu,Sanjay Naidu,9498787617,8892063047,pranav.naidu60153@parentmail.com,Brilliant Grammar School,"192, Secunderabad, Hyderabad",Parent Drop,,AB+,Active,2026-08-04 14:22:04
60154,ADM60154,Sahithi,Reddy,I,Male,2015-12-02,6,1,C,2021-06-28,Telugu,Hindi,Divya Reddy,Pranav Reddy,9676656273,8457536225,sahithi.reddy60154@parentmail.com,No Previous School,"64, Uppal, Hyderabad",Private Van,Route-03,A-,Active,2026-08-06 12:06:11
60155,ADM60155,Aditya,Mishra,H,Female,2015-01-01,6,6,A,2026-06-15,Telugu,Hindi,Bhavya Mishra,Harsha Mishra,9278108455,8378076959,aditya.mishra60155@parentmail.com,Sunrise Model School,"489, Madhapur, Hyderabad",School Bus,Route-10,AB-,Active,2026-09-02 13:06:53
60156,ADM60156,Ishita,Das,R,Male,2015-03-05,6,1,A,2021-05-08,Telugu,Hindi,Lakshmi Das,Karthik Das,9941573322,8876384246,ishita.das60156@parentmail.com,No Previous School,"386, Kukatpally, Hyderabad",Parent Drop,,A+,Active,2026-09-08 14:43:11
60157,ADM60157,Aishwarya,Shetty,X,Male,2015-01-26,6,1,A,2021-06-21,Hindi,Telugu,Aishwarya Shetty,Rahul Shetty,9503416256,8580055521,aishwarya.shetty60157@parentmail.com,No Previous School,"674, Manikonda, Hyderabad",School Bus,Route-06,AB-,Active,2026-08-28 08:32:00
60158,ADM60158,Karthik,Kumar,E,Male,2015-08-27,6,3,D,2023-07-20,Telugu,Hindi,Sneha Kumar,Sai Kumar,9927774974,8247020397,karthik.kumar60158@parentmail.com,Sunrise Model School,"811, Bachupally, Hyderabad",School Bus,Route-09,A+,Active,2026-08-06 11:59:15
60159,ADM60159,Vaishnavi,Iyer,D,Male,2015-04-17,6,1,B,2021-06-06,Telugu,Hindi,Neha Iyer,Harsha Iyer,9402390378,8359982249,vaishnavi.iyer60159@parentmail.com,No Previous School,"827, LB Nagar, Hyderabad",Parent Drop,,B-,Active,2026-08-27 17:23:02
60160,ADM60160,Harsha,Goud,A,Male,2015-06-10,6,4,A,2024-07-11,Telugu,Hindi,Swathi Goud,Harsha Goud,9384069361,8472128047,harsha.goud60160@parentmail.com,Sri Chaitanya School,"713, Ameerpet, Hyderabad",Public Transport,,AB+,Active,2026-09-14 10:26:00
60161,ADM60161,Sneha,Das,I,Female,2015-10-16,6,1,E,2021-04-07,Hindi,Telugu,Harini Das,Vijay Das,9369051532,8860539738,sneha.das60161@parentmail.com,No Previous School,"501, Dilsukhnagar, Hyderabad",Bicycle,,B-,Active,2026-09-05 09:49:55
60162,ADM60162,Meghana,Patel,L,Female,2015-06-17,6,2,C,2022-05-20,Telugu,Hindi,Vaishnavi Patel,Sanjay Patel,9762488245,8516064238,meghana.patel60162@parentmail.com,Narayana School,"776, Secunderabad, Hyderabad",School Bus,Route-06,B-,Active,2026-08-02 15:52:12
60163,ADM60163,Sanjay,Iyer,X,Female,2015-05-16,6,2,C,2022-05-16,Hindi,Telugu,Sneha Iyer,Vijay Iyer,9747840423,8804303169,sanjay.iyer60163@parentmail.com,Sri Chaitanya School,"361, Kondapur, Hyderabad",Walk,,B+,Active,2026-09-11 11:40:37
60164,ADM60164,Vishal,Gupta,S,Female,2015-01-12,6,3,D,2023-05-28,Hindi,Telugu,Ishita Gupta,Pranav Gupta,9396766184,8613578208,vishal.gupta60164@parentmail.com,Little Flower School,"877, Nizampet, Hyderabad",School Bus,Route-05,B-,Active,2026-08-12 19:59:27
60165,ADM60165,Vaishnavi,Nair,G,Female,2015-03-13,6,6,A,2026-05-21,Hindi,Telugu,Lakshmi Nair,Tarun Nair,9390347391,8236779709,vaishnavi.nair60165@parentmail.com,Vikas High School,"588, Kondapur, Hyderabad",Parent Drop,,B+,Active,2026-08-16 19:20:30
60166,ADM60166,Ananya,Nair,M,Male,2015-04-27,6,1,B,2021-05-01,Hindi,Telugu,Ishita Nair,Akash Nair,9144529783,8554981470,ananya.nair60166@parentmail.com,No Previous School,"855, Secunderabad, Hyderabad",Private Van,Route-03,B-,Active,2026-09-14 11:49:22
60167,ADM60167,Varun,Menon,E,Female,2015-03-21,6,4,B,2024-05-21,Hindi,Telugu,Harini Menon,Charan Menon,9243460459,8783826220,varun.menon60167@parentmail.com,Sunrise Model School,"746, Uppal, Hyderabad",Private Van,Route-02,O-,Active,2026-09-11 07:13:27
60168,ADM60168,Sneha,Joshi,K,Male,2015-07-14,6,6,D,2026-05-24,Hindi,Telugu,Harini Joshi,Manish Joshi,9120912244,8917751459,sneha.joshi60168@parentmail.com,New Horizon School,"341, Ameerpet, Hyderabad",School Bus,Route-02,O+,Active,2026-08-25 11:25:49
60169,ADM60169,Manish,Chowdary,X,Male,2015-04-12,6,1,A,2021-05-22,Telugu,Hindi,Sahithi Chowdary,Arjun Chowdary,9991758055,8842962765,manish.chowdary60169@parentmail.com,No Previous School,"768, Kukatpally, Hyderabad",Private Van,Route-06,O+,Active,2026-09-09 16:27:24
60170,ADM60170,Ishita,Das,L,Female,2015-01-24,6,4,B,2024-06-03,Telugu,Hindi,Swathi Das,Varun Das,9571185432,8887563746,ishita.das60170@parentmail.com,Little Flower School,"211, Miyapur, Hyderabad",School Bus,Route-06,A-,Active,2026-09-07 08:01:49
60171,ADM60171,Harsha,Patel,D,Female,2015-08-02,6,1,A,2021-06-15,Telugu,Hindi,Priya Patel,Harsha Patel,9790843350,8538190792,harsha.patel60171@parentmail.com,No Previous School,"484, Nizampet, Hyderabad",School Bus,Route-09,B+,Active,2026-08-11 11:31:18
60172,ADM60172,Sai,Naidu,A,Male,2015-11-03,6,1,E,2021-07-27,Hindi,Telugu,Sneha Naidu,Sanjay Naidu,9500275329,8339456378,sai.naidu60172@parentmail.com,No Previous School,"463, Nizampet, Hyderabad",School Bus,Route-10,B-,Active,2026-08-02 15:16:07
60173,ADM60173,Arjun,Reddy,E,Male,2015-09-25,6,1,B,2021-04-24,Hindi,Telugu,Sneha Reddy,Nikhil Reddy,9482456947,8538506563,arjun.reddy60173@parentmail.com,No Previous School,"885, Bachupally, Hyderabad",School Bus,Route-07,AB-,Active,2026-09-05 08:51:30
60174,ADM60174,Sai,Naidu,X,Female,2015-05-05,6,2,C,2022-04-12,Telugu,Hindi,Meghana Naidu,Nikhil Naidu,9622722334,8578979468,sai.naidu60174@parentmail.com,St. Mary's School,"478, Madhapur, Hyderabad",Parent Drop,,AB-,Active,2026-08-18 08:36:17
60175,ADM60175,Varun,Singh,U,Male,2015-08-11,6,1,D,2021-05-24,Telugu,Hindi,Pooja Singh,Arjun Singh,9610139449,8108433708,varun.singh60175@parentmail.com,No Previous School,"588, Secunderabad, Hyderabad",School Bus,Route-10,AB-,Active,2026-09-13 07:45:01
60176,ADM60176,Divya,Shetty,A,Female,2015-08-08,6,1,A,2021-07-05,Hindi,Telugu,Keerthi Shetty,Manish Shetty,9677959757,8192231792,divya.shetty60176@parentmail.com,No Previous School,"214, Manikonda, Hyderabad",School Bus,Route-04,O+,Active,2026-08-08 17:53:27
60177,ADM60177,Vishal,Singh,K,Male,2015-07-28,6,6,D,2026-07-20,Telugu,Hindi,Aadhya Singh,Krishna Singh,9962104207,8478206871,vishal.singh60177@parentmail.com,Green Valley School,"444, Manikonda, Hyderabad",School Bus,Route-01,O+,Active,2026-08-31 17:51:46
60178,ADM60178,Manish,Chowdary,H,Female,2015-07-03,6,1,D,2021-06-20,Telugu,Hindi,Sahithi Chowdary,Rohan Chowdary,9154605307,8459267306,manish.chowdary60178@parentmail.com,No Previous School,"797, Dilsukhnagar, Hyderabad",School Bus,Route-01,AB+,Active,2026-08-25 16:03:30
60179,ADM60179,Kavya,Singh,Q,Female,2015-05-24,6,5,D,2025-07-11,Telugu,Hindi,Deepika Singh,Karthik Singh,9245572522,8523992026,kavya.singh60179@parentmail.com,Sri Chaitanya School,"231, Dilsukhnagar, Hyderabad",School Bus,Route-03,A+,Active,2026-08-22 16:11:25
60180,ADM60180,Ishita,Chowdary,F,Male,2015-08-20,6,1,B,2021-06-23,Hindi,Telugu,Ishita Chowdary,Harsha Chowdary,9416663559,8646562423,ishita.chowdary60180@parentmail.com,No Previous School,"784, Miyapur, Hyderabad",School Bus,Route-02,A-,Active,2026-08-06 18:11:07
60181,ADM60181,Lakshmi,Patel,V,Male,2015-03-15,6,4,C,2024-05-26,Hindi,Telugu,Sahithi Patel,Varun Patel,9642795783,8571919705,lakshmi.patel60181@parentmail.com,Green Valley School,"899, Madhapur, Hyderabad",Bicycle,,AB-,Active,2026-08-17 10:38:07
60182,ADM60182,Vaishnavi,Rao,D,Male,2015-02-17,6,4,D,2024-07-06,Hindi,Telugu,Divya Rao,Sanjay Rao,9142788273,8960996774,vaishnavi.rao60182@parentmail.com,St. Mary's School,"370, Secunderabad, Hyderabad",Private Van,Route-07,AB-,Active,2026-08-16 10:56:08
60183,ADM60183,Divya,Nair,T,Male,2015-12-10,6,1,D,2021-06-07,Hindi,Telugu,Pooja Nair,Rohan Nair,9345286730,8202611937,divya.nair60183@parentmail.com,No Previous School,"227, Madhapur, Hyderabad",School Bus,Route-04,B-,Active,2026-08-21 14:32:55
60184,ADM60184,Krishna,Reddy,J,Female,2015-12-04,6,3,C,2023-06-18,Hindi,Telugu,Harini Reddy,Vishal Reddy,9317904896,8246003757,krishna.reddy60184@parentmail.com,Sri Chaitanya School,"692, Madhapur, Hyderabad",School Bus,Route-10,B+,Active,2026-09-02 12:53:30
60185,ADM60185,Tarun,Iyer,I,Male,2015-06-15,6,3,A,2023-05-21,Telugu,Hindi,Neha Iyer,Pranav Iyer,9187151307,8963221314,tarun.iyer60185@parentmail.com,Green Valley School,"776, Dilsukhnagar, Hyderabad",Walk,,AB-,Active,2026-08-15 10:40:25
60186,ADM60186,Krishna,Sharma,P,Female,2015-03-11,6,6,C,2026-06-12,Telugu,Hindi,Keerthi Sharma,Pranav Sharma,9291739965,8888461630,krishna.sharma60186@parentmail.com,Oxford Public School,"83, Bachupally, Hyderabad",Parent Drop,,A+,Active,2026-09-01 10:04:38
60187,ADM60187,Nandini,Kulkarni,L,Female,2015-06-04,6,1,A,2021-05-21,Hindi,Telugu,Kavya Kulkarni,Rohan Kulkarni,9358905660,8440724559,nandini.kulkarni60187@parentmail.com,No Previous School,"882, Secunderabad, Hyderabad",School Bus,Route-06,O+,Active,2026-08-27 17:55:13
60188,ADM60188,Sneha,Menon,A,Male,2015-03-26,6,1,C,2021-05-02,Hindi,Telugu,Priya Menon,Akash Menon,9277607154,8984891100,sneha.menon60188@parentmail.com,No Previous School,"665, Nizampet, Hyderabad",School Bus,Route-10,O-,Active,2026-09-02 10:06:36
60189,ADM60189,Sai,Yadav,E,Female,2015-04-05,6,3,B,2023-06-04,Hindi,Telugu,Pooja Yadav,Karthik Yadav,9776881279,8702499690,sai.yadav60189@parentmail.com,St. Mary's School,"517, Nizampet, Hyderabad",Parent Drop,,B-,Active,2026-08-16 18:56:33
60190,ADM60190,Neha,Nair,U,Female,2015-06-12,6,6,C,2026-05-11,Hindi,Telugu,Lakshmi Nair,Sai Nair,9121928207,8760080238,neha.nair60190@parentmail.com,Sri Chaitanya School,"991, LB Nagar, Hyderabad",Private Van,Route-01,A+,Active,2026-08-30 15:09:28
60191,ADM60191,Krishna,Verma,K,Female,2015-07-28,6,6,B,2026-05-08,Hindi,Telugu,Neha Verma,Aditya Verma,9877356456,8575536796,krishna.verma60191@parentmail.com,Sri Chaitanya School,"890, Ameerpet, Hyderabad",Private Van,Route-02,AB+,Active,2026-08-13 09:13:49
60192,ADM60192,Surya,Kumar,C,Male,2015-01-18,6,6,B,2026-05-10,Hindi,Telugu,Keerthi Kumar,Manish Kumar,9845441336,8295670228,surya.kumar60192@parentmail.com,Sunrise Model School,"181, Madhapur, Hyderabad",School Bus,Route-09,A-,Active,2026-08-14 14:23:36
60193,ADM60193,Aishwarya,Iyer,O,Male,2015-09-07,6,1,B,2021-05-06,Telugu,Hindi,Divya Iyer,Surya Iyer,9209595830,8993983102,aishwarya.iyer60193@parentmail.com,No Previous School,"271, LB Nagar, Hyderabad",Parent Drop,,O-,Active,2026-09-03 20:56:17
60194,ADM60194,Ananya,Das,U,Female,2015-03-23,6,1,C,2021-07-26,Telugu,Hindi,Sahithi Das,Krishna Das,9105378977,8320600951,ananya.das60194@parentmail.com,No Previous School,"168, Secunderabad, Hyderabad",School Bus,Route-02,AB-,Active,2026-08-10 12:43:16
60195,ADM60195,Charan,Singh,J,Male,2015-04-06,6,4,C,2024-07-10,Telugu,Hindi,Priya Singh,Aarav Singh,9949791425,8591462536,charan.singh60195@parentmail.com,Vikas High School,"746, Manikonda, Hyderabad",School Bus,Route-05,B-,Active,2026-09-13 10:27:54
60196,ADM60196,Vijay,Nair,E,Male,2015-07-22,6,1,E,2021-06-05,Telugu,Hindi,Kavya Nair,Manish Nair,9657998291,8147509968,vijay.nair60196@parentmail.com,No Previous School,"589, Kondapur, Hyderabad",Public Transport,,B-,Active,2026-08-18 14:37:03
60197,ADM60197,Rohan,Kumar,E,Male,2015-07-26,6,4,A,2024-07-06,Telugu,Hindi,Aishwarya Kumar,Aarav Kumar,9263519477,8687711400,rohan.kumar60197@parentmail.com,No Previous School,"87, Madhapur, Hyderabad",School Bus,Route-01,O-,Active,2026-08-05 20:47:17
60198,ADM60198,Divya,Goud,D,Male,2015-03-24,6,1,E,2021-04-01,Telugu,Hindi,Lakshmi Goud,Vijay Goud,9344364684,8997336403,divya.goud60198@parentmail.com,No Previous School,"290, Madhapur, Hyderabad",School Bus,Route-02,AB+,Active,2026-08-14 13:45:22
60199,ADM60199,Aarav,Nair,D,Male,2015-05-12,6,4,C,2024-07-18,Hindi,Telugu,Aadhya Nair,Aarav Nair,9465213066,8612111603,aarav.nair60199@parentmail.com,No Previous School,"243, Ameerpet, Hyderabad",School Bus,Route-05,AB-,Transferred,2026-08-31 13:09:01
60200,ADM60200,Tarun,Nair,F,Male,2015-11-14,6,4,E,2024-06-15,Hindi,Telugu,Sahithi Nair,Krishna Nair,9163058424,8902700491,tarun.nair60200@parentmail.com,Oxford Public School,"274, LB Nagar, Hyderabad",School Bus,Route-06,B+,Active,2026-08-02 15:50:18
60201,ADM60201,Aarav,Verma,B,Male,2015-08-15,6,5,B,2025-07-06,Telugu,Hindi,Neha Verma,Surya Verma,9878253589,8575756601,aarav.verma60201@parentmail.com,St. Mary's School,"781, Secunderabad, Hyderabad",School Bus,Route-09,O+,Active,2026-09-12 17:18:14
60202,ADM60202,Krishna,Menon,H,Male,2015-01-04,6,3,C,2023-05-26,Telugu,Hindi,Pooja Menon,Karthik Menon,9605003542,8321871731,krishna.menon60202@parentmail.com,Oxford Public School,"977, Uppal, Hyderabad",School Bus,Route-05,A+,Active,2026-08-17 14:48:30
60203,ADM60203,Krishna,Singh,I,Female,2015-06-16,6,5,B,2025-06-04,Hindi,Telugu,Vaishnavi Singh,Karthik Singh,9850411854,8995781144,krishna.singh60203@parentmail.com,Sunrise Model School,"85, Manikonda, Hyderabad",Parent Drop,,O+,Active,2026-08-05 09:27:41
60204,ADM60204,Krishna,Singh,M,Female,2015-01-12,6,2,B,2022-04-27,Telugu,Hindi,Ishita Singh,Aarav Singh,9879682890,8933389732,krishna.singh60204@parentmail.com,Brilliant Grammar School,"258, Bachupally, Hyderabad",Private Van,Route-08,A-,Active,2026-08-11 08:24:30
60205,ADM60205,Arjun,Verma,J,Male,2015-05-19,6,3,C,2023-07-08,Hindi,Telugu,Divya Verma,Pranav Verma,9940050854,8544368624,arjun.verma60205@parentmail.com,Little Flower School,"624, Dilsukhnagar, Hyderabad",Walk,,O-,Active,2026-08-09 11:15:20
60206,ADM60206,Tarun,Iyer,O,Male,2015-03-01,6,1,A,2021-06-21,Hindi,Telugu,Vaishnavi Iyer,Tarun Iyer,9912480792,8490692306,tarun.iyer60206@parentmail.com,No Previous School,"910, Uppal, Hyderabad",Walk,,B-,Active,2026-08-08 19:05:23
60207,ADM60207,Swathi,Naidu,C,Female,2015-06-03,6,3,A,2023-05-26,Hindi,Telugu,Harini Naidu,Manish Naidu,9916783661,8984340906,swathi.naidu60207@parentmail.com,St. Mary's School,"398, Kukatpally, Hyderabad",Bicycle,,B+,Active,2026-08-17 16:32:19
60208,ADM60208,Rohan,Nair,M,Male,2015-07-22,6,1,A,2021-06-27,Telugu,Hindi,Sneha Nair,Vijay Nair,9318278631,8899121643,rohan.nair60208@parentmail.com,No Previous School,"735, Kondapur, Hyderabad",Walk,,AB-,Active,2026-09-07 12:34:46
60209,ADM60209,Swathi,Yadav,E,Female,2015-02-12,6,4,A,2024-06-12,Hindi,Telugu,Vaishnavi Yadav,Karthik Yadav,9483218791,8706910427,swathi.yadav60209@parentmail.com,Brilliant Grammar School,"837, Kukatpally, Hyderabad",Private Van,Route-07,B-,Active,2026-08-23 16:18:43
60210,ADM60210,Keerthi,Verma,O,Female,2015-10-09,6,1,E,2021-07-09,Hindi,Telugu,Neha Verma,Karthik Verma,9750460662,8881969841,keerthi.verma60210@parentmail.com,No Previous School,"424, Kukatpally, Hyderabad",School Bus,Route-01,B-,Active,2026-08-02 08:18:09
60211,ADM60211,Sneha,Das,H,Female,2015-01-12,6,1,B,2021-04-08,Telugu,Hindi,Kavya Das,Surya Das,9735379537,8338099219,sneha.das60211@parentmail.com,No Previous School,"471, Ameerpet, Hyderabad",Parent Drop,,A-,Active,2026-09-12 15:32:18
60212,ADM60212,Tarun,Naidu,P,Male,2015-07-04,6,2,E,2022-07-03,Hindi,Telugu,Aadhya Naidu,Pranav Naidu,9843275910,8189512546,tarun.naidu60212@parentmail.com,No Previous School,"762, Bachupally, Hyderabad",Parent Drop,,O+,Active,2026-08-23 08:52:46
60213,ADM60213,Vijay,Patel,O,Male,2015-02-23,6,3,C,2023-04-03,Hindi,Telugu,Lakshmi Patel,Karthik Patel,9286774855,8424385203,vijay.patel60213@parentmail.com,No Previous School,"144, Uppal, Hyderabad",School Bus,Route-06,O+,Active,2026-09-01 13:54:51
60214,ADM60214,Aadhya,Rao,B,Female,2015-08-21,6,1,A,2021-06-27,Hindi,Telugu,Harini Rao,Sanjay Rao,9808276618,8550567959,aadhya.rao60214@parentmail.com,No Previous School,"999, Miyapur, Hyderabad",School Bus,Route-07,A+,Active,2026-09-10 20:10:45
60215,ADM60215,Harsha,Reddy,G,Female,2015-12-14,6,6,D,2026-07-03,Hindi,Telugu,Deepika Reddy,Rohan Reddy,9512787196,8246253459,harsha.reddy60215@parentmail.com,Vikas High School,"94, Nizampet, Hyderabad",Private Van,Route-03,AB+,Active,2026-08-16 09:50:14
60216,ADM60216,Harini,Gupta,S,Male,2015-11-16,6,1,D,2021-05-11,Hindi,Telugu,Ananya Gupta,Vishal Gupta,9418049227,8539994503,harini.gupta60216@parentmail.com,No Previous School,"823, LB Nagar, Hyderabad",School Bus,Route-03,O+,Active,2026-08-13 11:56:09
60217,ADM60217,Aditya,Patel,B,Female,2015-12-15,6,6,A,2026-07-02,Hindi,Telugu,Deepika Patel,Surya Patel,9194176565,8406474352,aditya.patel60217@parentmail.com,Brilliant Grammar School,"665, Bachupally, Hyderabad",School Bus,Route-03,AB-,Active,2026-08-25 11:22:49
60218,ADM60218,Harini,Naidu,S,Male,2015-02-03,6,2,A,2022-07-14,Telugu,Hindi,Vaishnavi Naidu,Rohan Naidu,9683436238,8601359526,harini.naidu60218@parentmail.com,Sri Vidya High School,"107, Nizampet, Hyderabad",School Bus,Route-08,B+,Active,2026-08-06 20:16:08
60219,ADM60219,Meghana,Naidu,E,Female,2015-05-22,6,2,E,2022-05-09,Hindi,Telugu,Deepika Naidu,Tarun Naidu,9607468331,8986721555,meghana.naidu60219@parentmail.com,New Horizon School,"264, Kukatpally, Hyderabad",Parent Drop,,O-,Active,2026-08-06 16:03:45
60220,ADM60220,Akash,Patel,S,Male,2015-10-03,6,4,E,2024-07-25,Hindi,Telugu,Pooja Patel,Sai Patel,9578871918,8784947595,akash.patel60220@parentmail.com,New Horizon School,"839, Uppal, Hyderabad",Walk,,B+,Active,2026-09-10 19:47:03
60221,ADM60221,Akash,Shetty,C,Male,2014-04-25,7,6,B,2025-05-28,Hindi,Telugu,Aishwarya Shetty,Akash Shetty,9975643102,8604411695,akash.shetty60221@parentmail.com,New Horizon School,"407, LB Nagar, Hyderabad",School Bus,Route-06,B+,Active,2026-08-05 17:02:36
60222,ADM60222,Neha,Menon,Z,Male,2014-01-06,7,1,C,2020-05-02,Telugu,Hindi,Ananya Menon,Surya Menon,9595124373,8834796260,neha.menon60222@parentmail.com,No Previous School,"561, Madhapur, Hyderabad",Parent Drop,,B+,Active,2026-08-27 17:35:12
60223,ADM60223,Harini,Mishra,Y,Male,2014-12-01,7,2,D,2021-06-23,Hindi,Telugu,Ananya Mishra,Surya Mishra,9954755910,8534066024,harini.mishra60223@parentmail.com,Sri Chaitanya School,"929, Miyapur, Hyderabad",Parent Drop,,A-,Active,2026-09-12 07:54:24
60224,ADM60224,Priya,Verma,X,Male,2014-04-10,7,1,B,2020-05-19,Telugu,Hindi,Pooja Verma,Pranav Verma,9992639434,8195519265,priya.verma60224@parentmail.com,No Previous School,"595, Secunderabad, Hyderabad",School Bus,Route-04,A-,Active,2026-08-20 20:59:33
60225,ADM60225,Nikhil,Reddy,R,Female,2014-08-15,7,3,C,2022-07-15,Telugu,Hindi,Kavya Reddy,Varun Reddy,9813769151,8655580804,nikhil.reddy60225@parentmail.com,Sunrise Model School,"633, Kondapur, Hyderabad",School Bus,Route-03,A+,Active,2026-09-10 11:36:35
60226,ADM60226,Nikhil,Reddy,A,Male,2014-07-20,7,7,E,2026-06-19,Hindi,Telugu,Swathi Reddy,Charan Reddy,9990652564,8931695283,nikhil.reddy60226@parentmail.com,Vikas High School,"910, Madhapur, Hyderabad",School Bus,Route-05,O+,Active,2026-09-12 09:55:31
60227,ADM60227,Charan,Reddy,Y,Male,2014-02-04,7,1,C,2020-06-23,Hindi,Telugu,Ishita Reddy,Rohan Reddy,9911395276,8262092557,charan.reddy60227@parentmail.com,No Previous School,"948, Secunderabad, Hyderabad",Parent Drop,,B+,Active,2026-08-18 18:50:13
60228,ADM60228,Surya,Gupta,H,Male,2014-11-11,7,2,D,2021-04-13,Hindi,Telugu,Divya Gupta,Vijay Gupta,9765291241,8868054309,surya.gupta60228@parentmail.com,Brilliant Grammar School,"572, Bachupally, Hyderabad",Parent Drop,,A+,Active,2026-09-07 16:37:23
60229,ADM60229,Nikhil,Chowdary,A,Female,2014-07-16,7,2,D,2021-05-16,Telugu,Hindi,Divya Chowdary,Tarun Chowdary,9882611930,8912555281,nikhil.chowdary60229@parentmail.com,Sri Chaitanya School,"782, Kukatpally, Hyderabad",School Bus,Route-03,O-,Active,2026-08-29 07:37:46
60230,ADM60230,Sai,Patel,I,Male,2014-12-07,7,7,C,2026-06-10,Telugu,Hindi,Ishita Patel,Karthik Patel,9355988210,8506667155,sai.patel60230@parentmail.com,Green Valley School,"86, Secunderabad, Hyderabad",Parent Drop,,B-,Active,2026-09-11 14:37:49
60231,ADM60231,Aarav,Singh,E,Male,2014-03-15,7,1,A,2020-06-14,Hindi,Telugu,Sneha Singh,Vishal Singh,9968903612,8699539506,aarav.singh60231@parentmail.com,No Previous School,"40, LB Nagar, Hyderabad",Walk,,AB+,Active,2026-08-12 17:47:30
60232,ADM60232,Vishal,Joshi,Z,Female,2014-09-05,7,1,A,2020-06-17,Hindi,Telugu,Ananya Joshi,Harsha Joshi,9442192124,8427133272,vishal.joshi60232@parentmail.com,No Previous School,"489, Kukatpally, Hyderabad",School Bus,Route-05,AB+,Active,2026-08-06 20:11:43
60233,ADM60233,Krishna,Verma,H,Male,2014-10-12,7,6,C,2025-05-01,Telugu,Hindi,Ananya Verma,Sai Verma,9275933566,8507834602,krishna.verma60233@parentmail.com,St. Mary's School,"27, Ameerpet, Hyderabad",Walk,,AB+,Active,2026-08-16 15:45:43
60234,ADM60234,Aditya,Gupta,X,Male,2014-11-11,7,2,E,2021-04-21,Hindi,Telugu,Kavya Gupta,Akash Gupta,9770398106,8667322678,aditya.gupta60234@parentmail.com,Narayana School,"296, Kondapur, Hyderabad",Parent Drop,,A-,Active,2026-08-29 19:42:57
60235,ADM60235,Vijay,Nair,O,Male,2014-10-24,7,4,C,2023-05-12,Telugu,Hindi,Priya Nair,Krishna Nair,9983497017,8995165991,vijay.nair60235@parentmail.com,Oxford Public School,"964, LB Nagar, Hyderabad",School Bus,Route-06,B-,Active,2026-08-23 13:39:44
60236,ADM60236,Nandini,Kumar,W,Male,2014-08-09,7,1,B,2020-07-20,Telugu,Hindi,Pooja Kumar,Sai Kumar,9910088034,8813415901,nandini.kumar60236@parentmail.com,No Previous School,"81, Ameerpet, Hyderabad",Walk,,AB+,Active,2026-08-06 07:44:19
60237,ADM60237,Kavya,Patel,V,Male,2014-11-20,7,1,E,2020-06-09,Hindi,Telugu,Vaishnavi Patel,Vijay Patel,9513568481,8798644636,kavya.patel60237@parentmail.com,No Previous School,"271, Dilsukhnagar, Hyderabad",Private Van,Route-03,AB+,Active,2026-09-08 11:29:46
60238,ADM60238,Vaishnavi,Menon,K,Female,2014-06-03,7,3,C,2022-06-08,Telugu,Hindi,Bhavya Menon,Krishna Menon,9528156575,8595411090,vaishnavi.menon60238@parentmail.com,Oxford Public School,"393, Manikonda, Hyderabad",Walk,,B-,Active,2026-09-06 09:44:42
60239,ADM60239,Rohan,Goud,A,Male,2014-07-01,7,1,E,2020-07-05,Telugu,Hindi,Vaishnavi Goud,Sai Goud,9792640250,8936643274,rohan.goud60239@parentmail.com,No Previous School,"399, Kondapur, Hyderabad",Parent Drop,,AB+,Active,2026-08-25 09:07:25
60240,ADM60240,Vishal,Mishra,S,Male,2014-03-28,7,2,A,2021-04-02,Telugu,Hindi,Kavya Mishra,Aditya Mishra,9517924019,8116855967,vishal.mishra60240@parentmail.com,Little Flower School,"336, LB Nagar, Hyderabad",School Bus,Route-03,A+,Transferred,2026-09-03 08:26:26
60241,ADM60241,Nikhil,Kulkarni,Y,Female,2014-05-06,7,5,B,2024-05-05,Hindi,Telugu,Swathi Kulkarni,Surya Kulkarni,9512339807,8550821916,nikhil.kulkarni60241@parentmail.com,Sri Vidya High School,"864, Nizampet, Hyderabad",School Bus,Route-09,O+,Active,2026-08-17 09:53:27
60242,ADM60242,Deepika,Patel,E,Female,2014-08-26,7,1,D,2020-07-20,Telugu,Hindi,Harini Patel,Rohan Patel,9207683971,8677539066,deepika.patel60242@parentmail.com,No Previous School,"308, Kukatpally, Hyderabad",Walk,,O+,Active,2026-09-05 15:08:23
60243,ADM60243,Neha,Naidu,H,Female,2014-08-11,7,1,A,2020-07-04,Hindi,Telugu,Sneha Naidu,Aarav Naidu,9606196778,8442775678,neha.naidu60243@parentmail.com,No Previous School,"231, Ameerpet, Hyderabad",Public Transport,,O+,Active,2026-09-03 15:37:19
60244,ADM60244,Akash,Chowdary,V,Male,2014-04-08,7,1,A,2020-04-28,Hindi,Telugu,Bhavya Chowdary,Vishal Chowdary,9232107195,8408455025,akash.chowdary60244@parentmail.com,No Previous School,"368, Madhapur, Hyderabad",School Bus,Route-04,A+,Active,2026-08-14 18:15:24
60245,ADM60245,Deepika,Nair,Q,Male,2014-03-08,7,1,B,2020-04-16,Hindi,Telugu,Aadhya Nair,Krishna Nair,9788655892,8310857939,deepika.nair60245@parentmail.com,No Previous School,"190, Dilsukhnagar, Hyderabad",Public Transport,,AB-,Active,2026-08-14 10:24:30
60246,ADM60246,Nikhil,Yadav,C,Female,2014-03-16,7,2,A,2021-05-09,Telugu,Hindi,Ananya Yadav,Harsha Yadav,9465522468,8826345558,nikhil.yadav60246@parentmail.com,New Horizon School,"311, Madhapur, Hyderabad",School Bus,Route-07,A+,Active,2026-09-10 14:23:57
60247,ADM60247,Aadhya,Iyer,J,Female,2014-03-20,7,5,B,2024-05-06,Hindi,Telugu,Divya Iyer,Aditya Iyer,9860952087,8625609918,aadhya.iyer60247@parentmail.com,St. Mary's School,"13, Madhapur, Hyderabad",School Bus,Route-03,B+,Active,2026-08-26 15:06:50
60248,ADM60248,Aditya,Sharma,U,Female,2014-01-06,7,2,D,2021-06-28,Hindi,Telugu,Sneha Sharma,Nikhil Sharma,9406108086,8668327085,aditya.sharma60248@parentmail.com,Oxford Public School,"719, Secunderabad, Hyderabad",School Bus,Route-02,O+,Active,2026-08-12 17:40:46
60249,ADM60249,Sanjay,Das,E,Male,2014-03-20,7,4,A,2023-04-28,Telugu,Hindi,Bhavya Das,Karthik Das,9568258160,8210305642,sanjay.das60249@parentmail.com,Little Flower School,"490, Miyapur, Hyderabad",Private Van,Route-03,A-,Active,2026-09-08 19:31:41
60250,ADM60250,Rahul,Singh,Q,Male,2014-10-07,7,7,B,2026-06-13,Telugu,Hindi,Deepika Singh,Rohan Singh,9263263901,8934375657,rahul.singh60250@parentmail.com,Sunrise Model School,"524, Miyapur, Hyderabad",Private Van,Route-01,O-,Active,2026-08-26 07:59:21
60251,ADM60251,Surya,Kumar,K,Female,2014-05-06,7,1,C,2020-04-25,Hindi,Telugu,Pooja Kumar,Vishal Kumar,9596859653,8164607016,surya.kumar60251@parentmail.com,No Previous School,"807, Ameerpet, Hyderabad",School Bus,Route-02,AB-,Active,2026-08-03 12:00:24
60252,ADM60252,Priya,Gupta,N,Male,2014-01-19,7,6,D,2025-05-23,Telugu,Hindi,Kavya Gupta,Rohan Gupta,9107773332,8114328118,priya.gupta60252@parentmail.com,Sri Chaitanya School,"623, Madhapur, Hyderabad",School Bus,Route-09,O-,Active,2026-08-07 07:56:03
60253,ADM60253,Pranav,Menon,W,Female,2014-08-02,7,1,D,2020-07-03,Telugu,Hindi,Priya Menon,Sai Menon,9740728649,8311910885,pranav.menon60253@parentmail.com,No Previous School,"797, Dilsukhnagar, Hyderabad",Parent Drop,,A-,Active,2026-09-11 09:32:22
60254,ADM60254,Arjun,Joshi,Z,Female,2014-11-04,7,4,D,2023-07-09,Telugu,Hindi,Keerthi Joshi,Karthik Joshi,9765866378,8124079056,arjun.joshi60254@parentmail.com,St. Mary's School,"982, Bachupally, Hyderabad",Walk,,AB-,Active,2026-09-03 10:10:20
60255,ADM60255,Meghana,Rao,F,Female,2014-03-01,7,1,D,2020-05-12,Hindi,Telugu,Pooja Rao,Nikhil Rao,9780342472,8879211063,meghana.rao60255@parentmail.com,No Previous School,"263, Kondapur, Hyderabad",School Bus,Route-08,O+,Active,2026-08-19 13:03:43
60256,ADM60256,Keerthi,Rao,X,Female,2014-01-18,7,5,C,2024-07-25,Hindi,Telugu,Priya Rao,Sanjay Rao,9399616560,8975342516,keerthi.rao60256@parentmail.com,Narayana School,"186, Nizampet, Hyderabad",School Bus,Route-05,AB-,Active,2026-09-13 09:03:22
60257,ADM60257,Divya,Nair,D,Female,2014-06-23,7,1,D,2020-07-15,Hindi,Telugu,Pooja Nair,Manish Nair,9478873385,8374736322,divya.nair60257@parentmail.com,No Previous School,"958, Secunderabad, Hyderabad",School Bus,Route-03,AB+,Active,2026-08-24 09:02:09
60258,ADM60258,Harini,Goud,S,Female,2014-05-03,7,5,D,2024-06-10,Telugu,Hindi,Harini Goud,Krishna Goud,9169691484,8414742227,harini.goud60258@parentmail.com,Brilliant Grammar School,"350, Kukatpally, Hyderabad",Bicycle,,O-,Active,2026-08-08 19:02:38
60259,ADM60259,Divya,Menon,P,Male,2014-01-18,7,7,D,2026-04-28,Telugu,Hindi,Kavya Menon,Nikhil Menon,9948903267,8358348776,divya.menon60259@parentmail.com,Green Valley School,"111, Miyapur, Hyderabad",School Bus,Route-07,AB-,Active,2026-09-09 14:19:55
60260,ADM60260,Ishita,Nair,R,Male,2014-05-11,7,7,A,2026-07-13,Telugu,Hindi,Bhavya Nair,Krishna Nair,9159403687,8907688767,ishita.nair60260@parentmail.com,Green Valley School,"923, Miyapur, Hyderabad",School Bus,Route-04,B-,Active,2026-08-05 07:20:56
60261,ADM60261,Vijay,Singh,A,Female,2014-09-24,7,1,C,2020-07-15,Hindi,Telugu,Sneha Singh,Sanjay Singh,9492321949,8694786098,vijay.singh60261@parentmail.com,No Previous School,"529, Kondapur, Hyderabad",Parent Drop,,AB-,Transferred,2026-09-12 17:13:21
60262,ADM60262,Divya,Das,M,Female,2014-02-03,7,3,E,2022-06-05,Hindi,Telugu,Bhavya Das,Aarav Das,9319198950,8717677614,divya.das60262@parentmail.com,Green Valley School,"597, Uppal, Hyderabad",School Bus,Route-09,B+,Active,2026-08-02 11:58:28
60263,ADM60263,Charan,Gupta,E,Male,2014-07-27,7,1,B,2020-06-27,Hindi,Telugu,Kavya Gupta,Rahul Gupta,9446207233,8938608768,charan.gupta60263@parentmail.com,No Previous School,"189, Bachupally, Hyderabad",School Bus,Route-04,O+,Active,2026-08-28 13:57:56
60264,ADM60264,Tarun,Gupta,J,Female,2014-02-07,7,4,B,2023-04-14,Hindi,Telugu,Nandini Gupta,Krishna Gupta,9215578219,8828705709,tarun.gupta60264@parentmail.com,Vikas High School,"277, Bachupally, Hyderabad",Public Transport,,A+,Active,2026-08-08 13:45:23
60265,ADM60265,Meghana,Joshi,W,Female,2014-07-27,7,1,A,2020-07-14,Telugu,Hindi,Pooja Joshi,Tarun Joshi,9372936125,8421789279,meghana.joshi60265@parentmail.com,No Previous School,"30, LB Nagar, Hyderabad",Private Van,Route-09,A-,Active,2026-09-13 13:56:55
60266,ADM60266,Nandini,Yadav,Z,Male,2014-12-03,7,5,B,2024-07-17,Hindi,Telugu,Divya Yadav,Rohan Yadav,9376406954,8467710391,nandini.yadav60266@parentmail.com,St. Mary's School,"743, Dilsukhnagar, Hyderabad",Walk,,AB-,Active,2026-08-24 17:26:48
60267,ADM60267,Neha,Joshi,W,Female,2014-01-14,7,3,D,2022-05-13,Telugu,Hindi,Pooja Joshi,Sai Joshi,9949974280,8871269345,neha.joshi60267@parentmail.com,Vikas High School,"8, Madhapur, Hyderabad",School Bus,Route-02,B-,Active,2026-08-31 07:55:19
60268,ADM60268,Bhavya,Goud,T,Female,2014-07-09,7,7,C,2026-06-16,Hindi,Telugu,Swathi Goud,Sanjay Goud,9489793327,8721140956,bhavya.goud60268@parentmail.com,New Horizon School,"392, Uppal, Hyderabad",School Bus,Route-05,AB+,Active,2026-08-11 10:04:24
60269,ADM60269,Vijay,Joshi,M,Female,2014-03-26,7,1,E,2020-04-17,Telugu,Hindi,Nandini Joshi,Sai Joshi,9140682827,8182246123,vijay.joshi60269@parentmail.com,No Previous School,"703, Manikonda, Hyderabad",Bicycle,,A-,Active,2026-08-15 08:46:04
60270,ADM60270,Nandini,Menon,B,Male,2014-09-26,7,4,B,2023-05-18,Hindi,Telugu,Divya Menon,Rahul Menon,9958680074,8176623894,nandini.menon60270@parentmail.com,Brilliant Grammar School,"411, Nizampet, Hyderabad",Private Van,Route-04,O+,Active,2026-08-19 19:12:06
60271,ADM60271,Harini,Verma,G,Male,2014-11-14,7,5,B,2024-04-13,Telugu,Hindi,Kavya Verma,Aarav Verma,9623711593,8628078730,harini.verma60271@parentmail.com,Sri Chaitanya School,"134, Madhapur, Hyderabad",School Bus,Route-04,A+,Active,2026-08-10 17:48:49
60272,ADM60272,Vijay,Shetty,D,Female,2014-10-15,7,7,A,2026-05-24,Telugu,Hindi,Pooja Shetty,Harsha Shetty,9337754021,8939241921,vijay.shetty60272@parentmail.com,Sri Vidya High School,"9, Secunderabad, Hyderabad",Private Van,Route-08,O-,Active,2026-08-14 19:37:54
60273,ADM60273,Rohan,Sharma,O,Female,2014-07-11,7,4,A,2023-07-21,Telugu,Hindi,Nandini Sharma,Krishna Sharma,9962360082,8226837137,rohan.sharma60273@parentmail.com,Vikas High School,"896, Secunderabad, Hyderabad",School Bus,Route-05,O-,Active,2026-09-03 16:42:08
60274,ADM60274,Nikhil,Kumar,C,Female,2014-06-05,7,7,E,2026-04-25,Hindi,Telugu,Ishita Kumar,Krishna Kumar,9172019280,8931379529,nikhil.kumar60274@parentmail.com,Narayana School,"446, LB Nagar, Hyderabad",Parent Drop,,AB-,Active,2026-08-01 10:03:47
60275,ADM60275,Kavya,Sharma,I,Male,2014-08-23,7,6,E,2025-05-12,Telugu,Hindi,Ishita Sharma,Arjun Sharma,9639312918,8315220599,kavya.sharma60275@parentmail.com,Brilliant Grammar School,"689, Uppal, Hyderabad",School Bus,Route-05,B+,Active,2026-09-05 07:37:23
60276,ADM60276,Manish,Kulkarni,U,Female,2014-05-16,7,1,B,2020-04-08,Hindi,Telugu,Harini Kulkarni,Akash Kulkarni,9822547238,8494234639,manish.kulkarni60276@parentmail.com,No Previous School,"928, Bachupally, Hyderabad",School Bus,Route-01,O+,Active,2026-08-08 16:04:13
60277,ADM60277,Aarav,Iyer,B,Male,2014-01-06,7,1,B,2020-07-21,Telugu,Hindi,Aishwarya Iyer,Arjun Iyer,9375948844,8228885814,aarav.iyer60277@parentmail.com,No Previous School,"480, Madhapur, Hyderabad",School Bus,Route-10,AB+,Transferred,2026-08-06 12:41:50
60278,ADM60278,Priya,Reddy,R,Female,2014-12-17,7,1,E,2020-04-23,Hindi,Telugu,Kavya Reddy,Harsha Reddy,9945005016,8760835667,priya.reddy60278@parentmail.com,No Previous School,"687, Ameerpet, Hyderabad",Parent Drop,,O+,Active,2026-08-22 20:06:01
60279,ADM60279,Vaishnavi,Naidu,R,Male,2014-07-04,7,4,B,2023-06-08,Telugu,Hindi,Nandini Naidu,Sanjay Naidu,9433855395,8309396968,vaishnavi.naidu60279@parentmail.com,Oxford Public School,"712, LB Nagar, Hyderabad",Parent Drop,,AB-,Active,2026-08-13 16:26:53
60280,ADM60280,Harsha,Singh,A,Male,2014-10-13,7,1,C,2020-06-02,Telugu,Hindi,Bhavya Singh,Vijay Singh,9325216886,8405414765,harsha.singh60280@parentmail.com,No Previous School,"727, Manikonda, Hyderabad",School Bus,Route-03,O-,Active,2026-08-02 18:51:06
60281,ADM60281,Neha,Gupta,G,Male,2014-08-09,7,2,C,2021-05-24,Hindi,Telugu,Lakshmi Gupta,Vishal Gupta,9580364267,8775652933,neha.gupta60281@parentmail.com,No Previous School,"954, Kondapur, Hyderabad",Walk,,A-,Active,2026-08-14 08:42:04
60282,ADM60282,Bhavya,Iyer,S,Female,2014-05-14,7,6,B,2025-04-18,Hindi,Telugu,Aishwarya Iyer,Harsha Iyer,9930297727,8868781690,bhavya.iyer60282@parentmail.com,No Previous School,"512, Ameerpet, Hyderabad",School Bus,Route-10,O+,Active,2026-08-17 18:40:01
60283,ADM60283,Aishwarya,Rao,P,Male,2014-08-22,7,2,A,2021-05-16,Telugu,Hindi,Aishwarya Rao,Nikhil Rao,9256645290,8533411660,aishwarya.rao60283@parentmail.com,Sri Chaitanya School,"176, Manikonda, Hyderabad",Parent Drop,,AB-,Active,2026-08-21 12:55:00
60284,ADM60284,Vaishnavi,Verma,G,Male,2014-09-03,7,6,B,2025-04-11,Hindi,Telugu,Priya Verma,Aarav Verma,9409777624,8733810051,vaishnavi.verma60284@parentmail.com,Narayana School,"999, Miyapur, Hyderabad",School Bus,Route-10,A+,Active,2026-08-24 11:21:26
60285,ADM60285,Pranav,Rao,R,Male,2014-02-07,7,1,C,2020-04-08,Hindi,Telugu,Harini Rao,Harsha Rao,9667816094,8892224332,pranav.rao60285@parentmail.com,No Previous School,"930, Madhapur, Hyderabad",Walk,,A+,Active,2026-08-27 11:55:08
60286,ADM60286,Keerthi,Yadav,R,Female,2014-07-21,7,1,D,2020-07-28,Hindi,Telugu,Nandini Yadav,Aditya Yadav,9596939152,8872069829,keerthi.yadav60286@parentmail.com,No Previous School,"826, Manikonda, Hyderabad",Walk,,O+,Active,2026-09-11 12:00:28
60287,ADM60287,Harsha,Yadav,R,Female,2014-11-05,7,1,C,2020-05-24,Telugu,Hindi,Keerthi Yadav,Tarun Yadav,9986658988,8916027489,harsha.yadav60287@parentmail.com,No Previous School,"22, Kondapur, Hyderabad",Walk,,B-,Active,2026-08-13 16:10:44
60288,ADM60288,Krishna,Sharma,V,Female,2014-04-27,7,5,C,2024-07-21,Telugu,Hindi,Divya Sharma,Pranav Sharma,9423097187,8766783345,krishna.sharma60288@parentmail.com,No Previous School,"893, Bachupally, Hyderabad",Parent Drop,,AB+,Active,2026-08-05 13:54:27
60289,ADM60289,Meghana,Yadav,M,Male,2014-12-24,7,5,C,2024-04-04,Telugu,Hindi,Harini Yadav,Tarun Yadav,9372916838,8124956196,meghana.yadav60289@parentmail.com,Narayana School,"242, Secunderabad, Hyderabad",School Bus,Route-07,A+,Active,2026-08-21 12:47:16
60290,ADM60290,Keerthi,Patel,Q,Female,2014-10-04,7,4,D,2023-06-01,Telugu,Hindi,Aishwarya Patel,Varun Patel,9766243252,8752361323,keerthi.patel60290@parentmail.com,Brilliant Grammar School,"478, Bachupally, Hyderabad",School Bus,Route-06,O+,Active,2026-08-05 09:28:49
60291,ADM60291,Harini,Yadav,A,Female,2014-11-01,7,1,D,2020-04-21,Hindi,Telugu,Neha Yadav,Vijay Yadav,9486247565,8422419563,harini.yadav60291@parentmail.com,No Previous School,"819, Dilsukhnagar, Hyderabad",Parent Drop,,O-,Active,2026-08-27 14:22:54
60292,ADM60292,Surya,Chowdary,I,Male,2014-01-21,7,1,B,2020-06-28,Telugu,Hindi,Bhavya Chowdary,Varun Chowdary,9866003697,8874484760,surya.chowdary60292@parentmail.com,No Previous School,"985, Madhapur, Hyderabad",Parent Drop,,O-,Active,2026-08-22 09:34:14
60293,ADM60293,Ishita,Kulkarni,C,Female,2014-05-08,7,3,D,2022-07-15,Telugu,Hindi,Meghana Kulkarni,Pranav Kulkarni,9409110804,8374875305,ishita.kulkarni60293@parentmail.com,No Previous School,"654, Miyapur, Hyderabad",Private Van,Route-06,O-,Active,2026-08-02 07:18:19
60294,ADM60294,Priya,Joshi,Z,Male,2014-02-26,7,1,E,2020-05-13,Telugu,Hindi,Nandini Joshi,Rohan Joshi,9734048806,8587439242,priya.joshi60294@parentmail.com,No Previous School,"376, Madhapur, Hyderabad",Walk,,B-,Active,2026-08-14 19:34:33
60295,ADM60295,Aarav,Verma,Q,Female,2014-10-22,7,1,A,2020-04-19,Hindi,Telugu,Priya Verma,Rahul Verma,9449362074,8803696800,aarav.verma60295@parentmail.com,No Previous School,"749, Secunderabad, Hyderabad",Private Van,Route-06,A-,Active,2026-09-06 10:25:27
60296,ADM60296,Vijay,Nair,J,Male,2014-02-14,7,3,C,2022-05-02,Telugu,Hindi,Pooja Nair,Rohan Nair,9669086873,8553126441,vijay.nair60296@parentmail.com,Sri Vidya High School,"107, Uppal, Hyderabad",Private Van,Route-02,A+,Active,2026-08-25 07:05:46
60297,ADM60297,Neha,Patel,R,Female,2014-03-08,7,1,B,2020-04-26,Telugu,Hindi,Sahithi Patel,Manish Patel,9666045299,8261273376,neha.patel60297@parentmail.com,No Previous School,"901, Madhapur, Hyderabad",Public Transport,,A-,Active,2026-08-17 13:42:32
60298,ADM60298,Divya,Yadav,E,Male,2014-11-18,7,2,B,2021-04-18,Hindi,Telugu,Swathi Yadav,Vijay Yadav,9111166469,8659300199,divya.yadav60298@parentmail.com,Sunrise Model School,"727, Nizampet, Hyderabad",School Bus,Route-05,O+,Active,2026-08-26 11:40:41
60299,ADM60299,Arjun,Naidu,L,Female,2014-12-09,7,6,D,2025-05-04,Hindi,Telugu,Aishwarya Naidu,Aarav Naidu,9558459808,8879695793,arjun.naidu60299@parentmail.com,Green Valley School,"161, Madhapur, Hyderabad",Walk,,B-,Active,2026-08-15 07:58:06
60300,ADM60300,Keerthi,Shetty,W,Female,2014-08-08,7,1,B,2020-05-27,Telugu,Hindi,Pooja Shetty,Rahul Shetty,9817693384,8768403840,keerthi.shetty60300@parentmail.com,No Previous School,"125, Dilsukhnagar, Hyderabad",School Bus,Route-07,AB-,Transferred,2026-08-12 20:46:17
60301,ADM60301,Priya,Kumar,K,Female,2014-03-11,7,1,E,2020-04-09,Telugu,Hindi,Bhavya Kumar,Vishal Kumar,9826464090,8659079289,priya.kumar60301@parentmail.com,No Previous School,"971, Ameerpet, Hyderabad",School Bus,Route-04,AB-,Active,2026-08-28 08:25:47
60302,ADM60302,Surya,Reddy,V,Male,2014-05-12,7,1,E,2020-06-04,Hindi,Telugu,Sneha Reddy,Sanjay Reddy,9288980089,8108339576,surya.reddy60302@parentmail.com,No Previous School,"492, Uppal, Hyderabad",Parent Drop,,A-,Active,2026-09-08 15:36:08
60303,ADM60303,Sai,Mishra,U,Female,2014-12-19,7,6,E,2025-07-08,Telugu,Hindi,Pooja Mishra,Varun Mishra,9407149798,8153161074,sai.mishra60303@parentmail.com,Sri Chaitanya School,"420, Bachupally, Hyderabad",Parent Drop,,B-,Active,2026-08-04 17:49:33
60304,ADM60304,Sanjay,Yadav,E,Female,2014-06-14,7,3,B,2022-04-21,Telugu,Hindi,Neha Yadav,Krishna Yadav,9466018995,8894900095,sanjay.yadav60304@parentmail.com,New Horizon School,"17, Uppal, Hyderabad",Private Van,Route-05,O-,Active,2026-08-31 16:51:06
60305,ADM60305,Manish,Shetty,Q,Female,2014-01-25,7,7,E,2026-06-15,Telugu,Hindi,Ishita Shetty,Sanjay Shetty,9344526902,8663654538,manish.shetty60305@parentmail.com,Green Valley School,"266, Nizampet, Hyderabad",Parent Drop,,B-,Active,2026-08-12 20:29:20
60306,ADM60306,Neha,Joshi,W,Male,2014-01-24,7,4,E,2023-06-04,Hindi,Telugu,Lakshmi Joshi,Sai Joshi,9698246190,8599522683,neha.joshi60306@parentmail.com,Vikas High School,"640, Ameerpet, Hyderabad",School Bus,Route-10,A-,Active,2026-09-11 10:07:09
60307,ADM60307,Pooja,Rao,S,Female,2014-07-03,7,1,B,2020-05-15,Hindi,Telugu,Neha Rao,Aarav Rao,9593717395,8138597141,pooja.rao60307@parentmail.com,No Previous School,"729, Kukatpally, Hyderabad",Walk,,O+,Active,2026-09-07 14:25:43
60308,ADM60308,Kavya,Mishra,L,Female,2014-10-21,7,3,D,2022-06-23,Hindi,Telugu,Aadhya Mishra,Surya Mishra,9312571101,8455473590,kavya.mishra60308@parentmail.com,St. Mary's School,"36, Bachupally, Hyderabad",Walk,,A-,Active,2026-08-28 20:48:23
60309,ADM60309,Tarun,Sharma,A,Female,2014-04-22,7,2,C,2021-06-25,Hindi,Telugu,Priya Sharma,Krishna Sharma,9665931879,8455456507,tarun.sharma60309@parentmail.com,Sri Vidya High School,"815, Miyapur, Hyderabad",Bicycle,,A-,Active,2026-08-12 08:37:08
60310,ADM60310,Kavya,Joshi,Y,Male,2014-12-01,7,3,A,2022-04-07,Telugu,Hindi,Aishwarya Joshi,Sanjay Joshi,9596597276,8591629951,kavya.joshi60310@parentmail.com,Narayana School,"704, Dilsukhnagar, Hyderabad",Walk,,A-,Active,2026-08-11 17:37:04
60311,ADM60311,Ishita,Das,D,Female,2014-11-11,7,5,E,2024-04-20,Hindi,Telugu,Swathi Das,Rohan Das,9845634532,8566374015,ishita.das60311@parentmail.com,Little Flower School,"448, Dilsukhnagar, Hyderabad",Parent Drop,,O+,Transferred,2026-08-23 09:18:41
60312,ADM60312,Rahul,Sharma,F,Female,2014-02-08,7,1,B,2020-04-06,Telugu,Hindi,Sneha Sharma,Sanjay Sharma,9863472249,8277379016,rahul.sharma60312@parentmail.com,No Previous School,"70, Nizampet, Hyderabad",School Bus,Route-08,AB-,Active,2026-08-04 07:10:58
60313,ADM60313,Sneha,Naidu,D,Female,2014-09-09,7,1,A,2020-06-21,Telugu,Hindi,Ishita Naidu,Charan Naidu,9705131223,8441693315,sneha.naidu60313@parentmail.com,No Previous School,"191, Nizampet, Hyderabad",Walk,,A-,Active,2026-09-05 18:39:31
60314,ADM60314,Charan,Mishra,W,Female,2014-10-10,7,5,E,2024-07-10,Hindi,Telugu,Harini Mishra,Vishal Mishra,9219778032,8670585569,charan.mishra60314@parentmail.com,Brilliant Grammar School,"482, Miyapur, Hyderabad",Parent Drop,,A+,Active,2026-08-20 18:15:47
60315,ADM60315,Divya,Singh,H,Male,2014-03-21,7,5,E,2024-06-17,Telugu,Hindi,Lakshmi Singh,Manish Singh,9846746251,8508237348,divya.singh60315@parentmail.com,New Horizon School,"731, Uppal, Hyderabad",School Bus,Route-10,O-,Active,2026-09-06 15:01:38
60316,ADM60316,Pranav,Naidu,D,Female,2014-04-08,7,1,D,2020-07-20,Hindi,Telugu,Divya Naidu,Varun Naidu,9645658584,8527072780,pranav.naidu60316@parentmail.com,No Previous School,"939, Manikonda, Hyderabad",Parent Drop,,O-,Active,2026-09-08 19:28:07
60317,ADM60317,Surya,Shetty,D,Male,2014-01-27,7,3,C,2022-07-15,Hindi,Telugu,Lakshmi Shetty,Aditya Shetty,9724490741,8449147234,surya.shetty60317@parentmail.com,New Horizon School,"344, Uppal, Hyderabad",School Bus,Route-01,O-,Active,2026-08-08 12:54:24
60318,ADM60318,Aditya,Menon,T,Female,2014-02-13,7,7,D,2026-06-12,Telugu,Hindi,Ananya Menon,Tarun Menon,9428230336,8636127934,aditya.menon60318@parentmail.com,Sri Vidya High School,"745, Bachupally, Hyderabad",Bicycle,,O-,Active,2026-09-02 12:11:47
60319,ADM60319,Kavya,Sharma,R,Female,2014-09-08,7,6,D,2025-05-24,Hindi,Telugu,Aadhya Sharma,Vijay Sharma,9777525665,8398449646,kavya.sharma60319@parentmail.com,Brilliant Grammar School,"819, LB Nagar, Hyderabad",School Bus,Route-10,AB-,Active,2026-08-29 10:55:11
60320,ADM60320,Sanjay,Reddy,B,Female,2014-03-18,7,7,A,2026-05-01,Hindi,Telugu,Ananya Reddy,Rahul Reddy,9309098159,8620986939,sanjay.reddy60320@parentmail.com,Sri Chaitanya School,"665, Bachupally, Hyderabad",Parent Drop,,O-,Active,2026-08-16 17:17:46
60321,ADM60321,Harsha,Goud,Q,Male,2014-11-02,7,2,D,2021-04-11,Hindi,Telugu,Priya Goud,Varun Goud,9420291140,8376259086,harsha.goud60321@parentmail.com,No Previous School,"527, Uppal, Hyderabad",School Bus,Route-03,AB+,Active,2026-09-02 08:34:04
60322,ADM60322,Tarun,Kulkarni,S,Female,2014-09-05,7,1,D,2020-06-25,Hindi,Telugu,Lakshmi Kulkarni,Rohan Kulkarni,9886860839,8696696884,tarun.kulkarni60322@parentmail.com,No Previous School,"409, LB Nagar, Hyderabad",School Bus,Route-03,AB-,Active,2026-08-22 11:40:51
60323,ADM60323,Akash,Sharma,L,Male,2014-05-04,7,2,A,2021-07-10,Telugu,Hindi,Lakshmi Sharma,Krishna Sharma,9595655077,8298020560,akash.sharma60323@parentmail.com,St. Mary's School,"795, Miyapur, Hyderabad",Parent Drop,,O+,Active,2026-08-30 10:45:43
60324,ADM60324,Nandini,Chowdary,D,Male,2014-07-13,7,6,A,2025-06-22,Hindi,Telugu,Divya Chowdary,Varun Chowdary,9670480029,8330228116,nandini.chowdary60324@parentmail.com,Sunrise Model School,"7, Bachupally, Hyderabad",School Bus,Route-05,O+,Active,2026-08-05 10:11:35
60325,ADM60325,Vijay,Kumar,D,Female,2014-06-23,7,4,C,2023-07-05,Hindi,Telugu,Vaishnavi Kumar,Aarav Kumar,9537080577,8865862370,vijay.kumar60325@parentmail.com,Sri Vidya High School,"550, Dilsukhnagar, Hyderabad",Parent Drop,,B-,Transferred,2026-08-03 12:51:37
60326,ADM60326,Bhavya,Naidu,H,Female,2014-02-15,7,6,E,2025-05-05,Hindi,Telugu,Sneha Naidu,Charan Naidu,9477630391,8493229849,bhavya.naidu60326@parentmail.com,St. Mary's School,"330, LB Nagar, Hyderabad",Private Van,Route-03,O-,Active,2026-08-29 17:47:26
60327,ADM60327,Pranav,Shetty,V,Female,2014-02-14,7,6,C,2025-07-07,Hindi,Telugu,Neha Shetty,Varun Shetty,9942361367,8234211326,pranav.shetty60327@parentmail.com,Little Flower School,"775, Secunderabad, Hyderabad",School Bus,Route-09,AB-,Active,2026-09-09 16:42:24
60328,ADM60328,Aditya,Goud,O,Female,2014-07-10,7,1,A,2020-05-16,Hindi,Telugu,Kavya Goud,Arjun Goud,9766277673,8821663727,aditya.goud60328@parentmail.com,No Previous School,"626, Ameerpet, Hyderabad",Parent Drop,,A-,Active,2026-09-03 15:23:02
60329,ADM60329,Vijay,Verma,W,Female,2014-10-13,7,5,E,2024-05-27,Telugu,Hindi,Aadhya Verma,Manish Verma,9634103484,8221280193,vijay.verma60329@parentmail.com,Oxford Public School,"9, Kondapur, Hyderabad",School Bus,Route-09,O-,Active,2026-09-04 17:13:30
60330,ADM60330,Deepika,Goud,Z,Female,2014-12-12,7,1,E,2020-06-26,Hindi,Telugu,Kavya Goud,Aditya Goud,9209789976,8544341054,deepika.goud60330@parentmail.com,No Previous School,"960, Nizampet, Hyderabad",School Bus,Route-04,O-,Active,2026-08-04 16:20:00
60331,ADM60331,Krishna,Gupta,K,Female,2014-08-12,7,1,C,2020-04-04,Hindi,Telugu,Vaishnavi Gupta,Sanjay Gupta,9745915901,8983196990,krishna.gupta60331@parentmail.com,No Previous School,"671, Nizampet, Hyderabad",Walk,,AB+,Active,2026-08-16 11:21:36
60332,ADM60332,Kavya,Naidu,X,Male,2014-02-16,7,3,D,2022-06-27,Hindi,Telugu,Swathi Naidu,Karthik Naidu,9642293585,8980635490,kavya.naidu60332@parentmail.com,St. Mary's School,"356, Madhapur, Hyderabad",Walk,,B+,Active,2026-08-14 13:49:49
60333,ADM60333,Priya,Shetty,P,Female,2014-07-02,7,4,C,2023-06-22,Hindi,Telugu,Bhavya Shetty,Aarav Shetty,9177067858,8644529356,priya.shetty60333@parentmail.com,Brilliant Grammar School,"332, Secunderabad, Hyderabad",Parent Drop,,A+,Active,2026-08-04 13:33:05
60334,ADM60334,Priya,Sharma,Y,Male,2014-10-27,7,3,E,2022-07-20,Hindi,Telugu,Sahithi Sharma,Rahul Sharma,9877465667,8380354974,priya.sharma60334@parentmail.com,St. Mary's School,"549, Uppal, Hyderabad",Parent Drop,,A-,Active,2026-08-24 16:23:33
60335,ADM60335,Kavya,Singh,K,Female,2014-02-22,7,5,B,2024-07-22,Hindi,Telugu,Sneha Singh,Surya Singh,9725354849,8372531626,kavya.singh60335@parentmail.com,No Previous School,"863, Madhapur, Hyderabad",School Bus,Route-07,AB-,Active,2026-09-13 11:49:36
60336,ADM60336,Sneha,Verma,J,Male,2014-07-21,7,6,E,2025-07-12,Hindi,Telugu,Neha Verma,Nikhil Verma,9292831010,8858869784,sneha.verma60336@parentmail.com,Oxford Public School,"387, Bachupally, Hyderabad",Private Van,Route-07,O+,Active,2026-08-03 11:19:58
60337,ADM60337,Meghana,Nair,T,Female,2014-05-24,7,4,C,2023-07-08,Telugu,Hindi,Deepika Nair,Karthik Nair,9239740354,8578209659,meghana.nair60337@parentmail.com,St. Mary's School,"996, Madhapur, Hyderabad",School Bus,Route-03,O-,Active,2026-08-18 14:16:48
60338,ADM60338,Keerthi,Menon,Z,Female,2014-03-12,7,4,A,2023-06-09,Hindi,Telugu,Ananya Menon,Karthik Menon,9845920119,8697070511,keerthi.menon60338@parentmail.com,Green Valley School,"377, LB Nagar, Hyderabad",Bicycle,,AB+,Active,2026-08-03 16:52:04
60339,ADM60339,Deepika,Shetty,J,Male,2014-11-02,7,7,D,2026-07-09,Hindi,Telugu,Deepika Shetty,Surya Shetty,9802466730,8908088545,deepika.shetty60339@parentmail.com,No Previous School,"831, Kondapur, Hyderabad",Private Van,Route-08,B+,Active,2026-09-01 13:22:44
60340,ADM60340,Kavya,Das,R,Male,2014-09-06,7,3,B,2022-05-04,Hindi,Telugu,Neha Das,Vishal Das,9570253640,8721915019,kavya.das60340@parentmail.com,Vikas High School,"988, Kukatpally, Hyderabad",School Bus,Route-05,O-,Active,2026-08-10 17:01:32
60341,ADM60341,Pranav,Kumar,S,Male,2014-11-12,7,4,B,2023-05-03,Hindi,Telugu,Priya Kumar,Manish Kumar,9365715161,8172757207,pranav.kumar60341@parentmail.com,Narayana School,"598, Kondapur, Hyderabad",Parent Drop,,B+,Active,2026-08-27 10:36:52
60342,ADM60342,Krishna,Shetty,W,Female,2014-02-28,7,7,D,2026-05-22,Telugu,Hindi,Aadhya Shetty,Pranav Shetty,9826588910,8646349388,krishna.shetty60342@parentmail.com,Little Flower School,"895, Bachupally, Hyderabad",Public Transport,,B+,Active,2026-08-29 11:39:53
60343,ADM60343,Karthik,Mishra,T,Female,2014-09-23,7,1,D,2020-07-09,Hindi,Telugu,Divya Mishra,Varun Mishra,9497853592,8562768273,karthik.mishra60343@parentmail.com,No Previous School,"680, Kondapur, Hyderabad",School Bus,Route-03,AB+,Active,2026-09-07 15:27:17
60344,ADM60344,Sanjay,Sharma,L,Male,2014-03-05,7,2,C,2021-05-02,Hindi,Telugu,Bhavya Sharma,Krishna Sharma,9869812249,8523274264,sanjay.sharma60344@parentmail.com,Narayana School,"894, Dilsukhnagar, Hyderabad",Private Van,Route-06,A+,Active,2026-08-16 07:44:13
60345,ADM60345,Manish,Naidu,I,Female,2014-10-03,7,5,A,2024-07-25,Hindi,Telugu,Bhavya Naidu,Pranav Naidu,9548113573,8927388700,manish.naidu60345@parentmail.com,Narayana School,"844, Madhapur, Hyderabad",School Bus,Route-04,B-,Active,2026-08-13 14:15:39
60346,ADM60346,Surya,Reddy,Z,Male,2014-11-12,7,1,B,2020-06-11,Hindi,Telugu,Aishwarya Reddy,Tarun Reddy,9516937057,8938066192,surya.reddy60346@parentmail.com,No Previous School,"249, Kukatpally, Hyderabad",Public Transport,,A+,Active,2026-09-10 16:57:26
60347,ADM60347,Charan,Goud,Y,Female,2014-09-24,7,1,D,2020-06-13,Hindi,Telugu,Priya Goud,Vishal Goud,9111083114,8149439405,charan.goud60347@parentmail.com,No Previous School,"69, Ameerpet, Hyderabad",School Bus,Route-05,AB-,Active,2026-08-27 17:56:22
60348,ADM60348,Surya,Rao,S,Female,2014-04-12,7,1,A,2020-05-07,Telugu,Hindi,Bhavya Rao,Arjun Rao,9263386696,8781546262,surya.rao60348@parentmail.com,No Previous School,"15, Miyapur, Hyderabad",Private Van,Route-07,B+,Active,2026-08-14 13:15:28
60349,ADM60349,Vaishnavi,Chowdary,C,Male,2014-04-21,7,6,E,2025-07-25,Telugu,Hindi,Vaishnavi Chowdary,Krishna Chowdary,9983884127,8553605527,vaishnavi.chowdary60349@parentmail.com,New Horizon School,"417, Dilsukhnagar, Hyderabad",School Bus,Route-05,O+,Active,2026-08-24 09:20:56
60350,ADM60350,Aishwarya,Singh,X,Female,2014-09-15,7,4,A,2023-04-20,Telugu,Hindi,Vaishnavi Singh,Vishal Singh,9146954990,8829331346,aishwarya.singh60350@parentmail.com,No Previous School,"802, Nizampet, Hyderabad",School Bus,Route-09,A+,Active,2026-08-03 19:28:13
60351,ADM60351,Priya,Menon,E,Male,2014-08-09,7,1,D,2020-07-25,Hindi,Telugu,Pooja Menon,Charan Menon,9462697830,8135172455,priya.menon60351@parentmail.com,No Previous School,"191, Manikonda, Hyderabad",Private Van,Route-04,AB+,Active,2026-08-07 17:30:34
60352,ADM60352,Surya,Das,F,Male,2014-11-19,7,2,C,2021-05-19,Telugu,Hindi,Ananya Das,Arjun Das,9631557240,8808456534,surya.das60352@parentmail.com,Green Valley School,"767, Madhapur, Hyderabad",Parent Drop,,A+,Active,2026-08-31 17:21:24
60353,ADM60353,Rahul,Yadav,S,Female,2014-04-11,7,4,C,2023-07-20,Telugu,Hindi,Priya Yadav,Varun Yadav,9732668432,8531667184,rahul.yadav60353@parentmail.com,No Previous School,"818, Secunderabad, Hyderabad",Parent Drop,,A-,Active,2026-08-09 10:39:45
60354,ADM60354,Ishita,Shetty,C,Female,2014-08-22,7,2,C,2021-04-26,Hindi,Telugu,Divya Shetty,Akash Shetty,9961668981,8176650241,ishita.shetty60354@parentmail.com,Green Valley School,"835, Nizampet, Hyderabad",Walk,,B+,Active,2026-08-22 17:02:58
60355,ADM60355,Arjun,Kulkarni,G,Male,2014-11-19,7,4,B,2023-05-10,Telugu,Hindi,Keerthi Kulkarni,Sanjay Kulkarni,9612024030,8639495981,arjun.kulkarni60355@parentmail.com,Green Valley School,"975, Bachupally, Hyderabad",Bicycle,,A+,Active,2026-09-11 13:27:43
60356,ADM60356,Varun,Chowdary,H,Male,2014-08-17,7,2,C,2021-05-13,Hindi,Telugu,Vaishnavi Chowdary,Harsha Chowdary,9247895821,8263685425,varun.chowdary60356@parentmail.com,Oxford Public School,"759, Manikonda, Hyderabad",School Bus,Route-08,O-,Active,2026-08-11 10:53:19
60357,ADM60357,Pranav,Rao,H,Female,2014-02-23,7,2,B,2021-04-24,Hindi,Telugu,Priya Rao,Krishna Rao,9184203516,8368711446,pranav.rao60357@parentmail.com,New Horizon School,"935, Miyapur, Hyderabad",School Bus,Route-03,B+,Active,2026-08-28 12:36:48
60358,ADM60358,Akash,Das,Q,Female,2014-09-05,7,3,C,2022-07-02,Hindi,Telugu,Nandini Das,Manish Das,9433813230,8517391250,akash.das60358@parentmail.com,Green Valley School,"47, Kondapur, Hyderabad",Parent Drop,,A+,Transferred,2026-08-08 17:19:21
60359,ADM60359,Charan,Kulkarni,B,Male,2014-09-27,7,1,D,2020-07-16,Hindi,Telugu,Kavya Kulkarni,Surya Kulkarni,9214007935,8869852267,charan.kulkarni60359@parentmail.com,No Previous School,"601, Ameerpet, Hyderabad",Parent Drop,,A+,Active,2026-08-29 11:27:09
60360,ADM60360,Neha,Yadav,P,Female,2014-07-10,7,3,C,2022-04-02,Telugu,Hindi,Divya Yadav,Akash Yadav,9119821181,8977321598,neha.yadav60360@parentmail.com,Sunrise Model School,"218, Nizampet, Hyderabad",Parent Drop,,AB-,Active,2026-08-06 18:29:03
60361,ADM60361,Ananya,Sharma,T,Female,2014-08-22,7,4,A,2023-05-13,Hindi,Telugu,Ishita Sharma,Pranav Sharma,9665164355,8472394580,ananya.sharma60361@parentmail.com,St. Mary's School,"113, Dilsukhnagar, Hyderabad",School Bus,Route-08,AB+,Active,2026-08-23 19:39:20
60362,ADM60362,Harini,Goud,R,Female,2014-07-13,7,1,D,2020-06-14,Telugu,Hindi,Priya Goud,Vishal Goud,9147149970,8203536168,harini.goud60362@parentmail.com,No Previous School,"705, Madhapur, Hyderabad",School Bus,Route-09,AB-,Active,2026-08-17 12:59:32
60363,ADM60363,Tarun,Yadav,S,Male,2014-09-26,7,5,B,2024-07-25,Telugu,Hindi,Keerthi Yadav,Varun Yadav,9340722234,8445493309,tarun.yadav60363@parentmail.com,Sri Vidya High School,"611, Kondapur, Hyderabad",Parent Drop,,O-,Active,2026-08-25 12:40:38
60364,ADM60364,Keerthi,Joshi,J,Female,2014-12-02,7,7,E,2026-06-14,Hindi,Telugu,Pooja Joshi,Sanjay Joshi,9660275226,8533431391,keerthi.joshi60364@parentmail.com,Narayana School,"758, Madhapur, Hyderabad",School Bus,Route-07,B-,Active,2026-08-04 18:45:34
60365,ADM60365,Meghana,Chowdary,J,Male,2014-10-06,7,1,C,2020-05-09,Telugu,Hindi,Ishita Chowdary,Krishna Chowdary,9598824265,8788581004,meghana.chowdary60365@parentmail.com,No Previous School,"731, LB Nagar, Hyderabad",Private Van,Route-08,AB+,Active,2026-08-27 17:48:02
60366,ADM60366,Meghana,Nair,N,Female,2014-09-21,7,2,E,2021-05-14,Hindi,Telugu,Ishita Nair,Harsha Nair,9452578559,8495339479,meghana.nair60366@parentmail.com,Narayana School,"123, Miyapur, Hyderabad",School Bus,Route-04,AB+,Active,2026-09-08 08:02:05
60367,ADM60367,Deepika,Gupta,D,Male,2014-03-18,7,7,E,2026-07-26,Telugu,Hindi,Aishwarya Gupta,Surya Gupta,9915766222,8976512812,deepika.gupta60367@parentmail.com,Brilliant Grammar School,"765, Dilsukhnagar, Hyderabad",School Bus,Route-10,O-,Active,2026-09-07 14:42:08
60368,ADM60368,Kavya,Patel,V,Male,2014-02-13,7,1,B,2020-05-10,Hindi,Telugu,Sneha Patel,Krishna Patel,9369130152,8735234847,kavya.patel60368@parentmail.com,No Previous School,"760, Uppal, Hyderabad",Bicycle,,AB-,Active,2026-09-04 13:31:39
60369,ADM60369,Surya,Iyer,L,Female,2014-10-25,7,7,B,2026-04-20,Hindi,Telugu,Bhavya Iyer,Arjun Iyer,9184784506,8982273145,surya.iyer60369@parentmail.com,Narayana School,"367, Kukatpally, Hyderabad",Walk,,B-,Active,2026-09-05 14:38:08
60370,ADM60370,Harini,Iyer,N,Female,2014-10-03,7,3,B,2022-07-02,Telugu,Hindi,Ananya Iyer,Surya Iyer,9779476729,8985204046,harini.iyer60370@parentmail.com,Sunrise Model School,"139, Kukatpally, Hyderabad",School Bus,Route-01,AB-,Active,2026-08-07 18:26:13
60371,ADM60371,Deepika,Rao,X,Male,2014-11-25,7,1,B,2020-04-27,Hindi,Telugu,Bhavya Rao,Manish Rao,9904846659,8963214812,deepika.rao60371@parentmail.com,No Previous School,"688, Dilsukhnagar, Hyderabad",Walk,,A+,Active,2026-08-20 09:53:45
60372,ADM60372,Arjun,Shetty,W,Female,2014-02-25,7,1,B,2020-05-23,Telugu,Hindi,Vaishnavi Shetty,Manish Shetty,9261063989,8264555744,arjun.shetty60372@parentmail.com,No Previous School,"296, Ameerpet, Hyderabad",School Bus,Route-06,O-,Active,2026-08-23 13:42:39
60373,ADM60373,Ishita,Menon,Q,Female,2014-09-25,7,1,D,2020-05-07,Telugu,Hindi,Deepika Menon,Surya Menon,9401525919,8625481097,ishita.menon60373@parentmail.com,No Previous School,"625, Madhapur, Hyderabad",School Bus,Route-02,A+,Active,2026-08-08 08:59:57
60374,ADM60374,Aditya,Yadav,W,Male,2014-01-28,7,4,D,2023-07-06,Telugu,Hindi,Aishwarya Yadav,Arjun Yadav,9455315588,8669145171,aditya.yadav60374@parentmail.com,Green Valley School,"820, Uppal, Hyderabad",Bicycle,,A+,Active,2026-08-12 18:35:30
60375,ADM60375,Vishal,Patel,G,Male,2014-03-03,7,2,B,2021-05-05,Telugu,Hindi,Aadhya Patel,Sai Patel,9302033996,8628902404,vishal.patel60375@parentmail.com,Sunrise Model School,"424, Manikonda, Hyderabad",School Bus,Route-08,AB-,Active,2026-08-15 10:40:12
60376,ADM60376,Vaishnavi,Yadav,H,Male,2014-02-05,7,4,E,2023-05-24,Telugu,Hindi,Nandini Yadav,Harsha Yadav,9259495862,8341997473,vaishnavi.yadav60376@parentmail.com,New Horizon School,"470, Kondapur, Hyderabad",School Bus,Route-02,AB-,Active,2026-08-24 14:11:22
60377,ADM60377,Ishita,Goud,L,Male,2014-03-14,7,2,B,2021-07-27,Hindi,Telugu,Kavya Goud,Vishal Goud,9649960066,8982750399,ishita.goud60377@parentmail.com,Little Flower School,"332, Madhapur, Hyderabad",Bicycle,,AB+,Active,2026-09-11 10:15:02
60378,ADM60378,Arjun,Reddy,C,Male,2014-02-20,7,1,C,2020-05-06,Hindi,Telugu,Vaishnavi Reddy,Charan Reddy,9316628548,8227038071,arjun.reddy60378@parentmail.com,No Previous School,"393, Uppal, Hyderabad",Private Van,Route-04,B+,Active,2026-08-19 07:43:37
60379,ADM60379,Harsha,Das,E,Male,2014-09-09,7,1,E,2020-05-20,Telugu,Hindi,Bhavya Das,Sanjay Das,9441061163,8596722717,harsha.das60379@parentmail.com,No Previous School,"656, Secunderabad, Hyderabad",School Bus,Route-05,B+,Active,2026-08-19 20:30:49
60380,ADM60380,Deepika,Patel,O,Male,2014-02-16,7,4,A,2023-04-09,Hindi,Telugu,Harini Patel,Aarav Patel,9803420728,8561141391,deepika.patel60380@parentmail.com,New Horizon School,"931, Miyapur, Hyderabad",School Bus,Route-09,AB+,Active,2026-08-21 08:59:21
60381,ADM60381,Manish,Kumar,G,Female,2014-02-22,7,4,D,2023-04-01,Hindi,Telugu,Bhavya Kumar,Varun Kumar,9338161735,8781955034,manish.kumar60381@parentmail.com,St. Mary's School,"370, Miyapur, Hyderabad",Public Transport,,O-,Active,2026-08-09 09:44:02
60382,ADM60382,Sanjay,Sharma,T,Male,2014-06-19,7,1,B,2020-07-27,Telugu,Hindi,Bhavya Sharma,Sai Sharma,9334967389,8930878241,sanjay.sharma60382@parentmail.com,No Previous School,"903, Miyapur, Hyderabad",School Bus,Route-05,AB-,Active,2026-09-02 14:58:34
60383,ADM60383,Krishna,Mishra,G,Male,2014-05-22,7,3,B,2022-05-23,Hindi,Telugu,Ananya Mishra,Tarun Mishra,9465632210,8441286916,krishna.mishra60383@parentmail.com,No Previous School,"480, Uppal, Hyderabad",Parent Drop,,B+,Active,2026-08-24 14:02:20
60384,ADM60384,Sai,Reddy,K,Male,2014-06-26,7,3,E,2022-06-13,Telugu,Hindi,Pooja Reddy,Karthik Reddy,9270747440,8292928904,sai.reddy60384@parentmail.com,No Previous School,"952, Manikonda, Hyderabad",Private Van,Route-06,A-,Active,2026-08-02 17:55:06
60385,ADM60385,Karthik,Shetty,B,Male,2014-10-28,7,4,C,2023-05-20,Telugu,Hindi,Priya Shetty,Akash Shetty,9948106664,8922564457,karthik.shetty60385@parentmail.com,Oxford Public School,"125, Uppal, Hyderabad",Private Van,Route-07,A+,Active,2026-09-10 15:49:35
60386,ADM60386,Karthik,Yadav,Q,Male,2014-08-06,7,1,D,2020-04-28,Hindi,Telugu,Priya Yadav,Harsha Yadav,9918131144,8948833129,karthik.yadav60386@parentmail.com,No Previous School,"783, Kukatpally, Hyderabad",Parent Drop,,O+,Active,2026-08-12 09:54:51
60387,ADM60387,Manish,Naidu,T,Female,2014-12-24,7,3,C,2022-05-05,Hindi,Telugu,Bhavya Naidu,Varun Naidu,9425425942,8698337100,manish.naidu60387@parentmail.com,Green Valley School,"124, Manikonda, Hyderabad",Public Transport,,O+,Active,2026-08-26 20:35:08
60388,ADM60388,Aishwarya,Singh,T,Female,2014-06-13,7,4,C,2023-06-26,Telugu,Hindi,Bhavya Singh,Harsha Singh,9867653302,8374847705,aishwarya.singh60388@parentmail.com,Sri Vidya High School,"697, Madhapur, Hyderabad",School Bus,Route-08,A+,Active,2026-09-12 18:17:25
60389,ADM60389,Rohan,Joshi,H,Male,2014-03-05,7,3,E,2022-06-07,Telugu,Hindi,Aishwarya Joshi,Sai Joshi,9824083207,8408903560,rohan.joshi60389@parentmail.com,Oxford Public School,"549, Kondapur, Hyderabad",Parent Drop,,B-,Active,2026-08-22 16:25:28
60390,ADM60390,Karthik,Chowdary,I,Female,2014-06-13,7,5,B,2024-06-20,Telugu,Hindi,Ananya Chowdary,Nikhil Chowdary,9592602831,8392160381,karthik.chowdary60390@parentmail.com,Oxford Public School,"234, Dilsukhnagar, Hyderabad",Walk,,A+,Active,2026-08-18 19:01:05
60391,ADM60391,Priya,Shetty,F,Male,2014-06-09,7,6,C,2025-05-04,Telugu,Hindi,Neha Shetty,Tarun Shetty,9419036548,8771120175,priya.shetty60391@parentmail.com,Little Flower School,"771, Uppal, Hyderabad",Public Transport,,AB+,Active,2026-09-10 14:43:10
60392,ADM60392,Deepika,Naidu,T,Female,2014-09-05,7,4,A,2023-04-09,Hindi,Telugu,Ananya Naidu,Harsha Naidu,9581504525,8586651269,deepika.naidu60392@parentmail.com,Sri Chaitanya School,"307, LB Nagar, Hyderabad",School Bus,Route-02,A+,Active,2026-09-11 15:12:15
60393,ADM60393,Pooja,Reddy,J,Male,2014-01-02,7,5,B,2024-07-18,Telugu,Hindi,Priya Reddy,Karthik Reddy,9893994599,8458922596,pooja.reddy60393@parentmail.com,Vikas High School,"431, Manikonda, Hyderabad",School Bus,Route-07,B-,Active,2026-09-09 15:09:22
60394,ADM60394,Varun,Reddy,X,Female,2014-10-27,7,1,A,2020-05-03,Telugu,Hindi,Ananya Reddy,Krishna Reddy,9633400773,8395359894,varun.reddy60394@parentmail.com,No Previous School,"827, Bachupally, Hyderabad",School Bus,Route-02,A-,Active,2026-08-21 17:11:42
60395,ADM60395,Tarun,Chowdary,C,Female,2014-09-05,7,7,A,2026-04-06,Telugu,Hindi,Kavya Chowdary,Nikhil Chowdary,9601075426,8696326781,tarun.chowdary60395@parentmail.com,Brilliant Grammar School,"171, Manikonda, Hyderabad",Parent Drop,,B+,Active,2026-09-10 11:12:52
60396,ADM60396,Vijay,Goud,X,Female,2014-11-21,7,2,C,2021-04-27,Telugu,Hindi,Neha Goud,Surya Goud,9886506221,8342404411,vijay.goud60396@parentmail.com,St. Mary's School,"507, Miyapur, Hyderabad",Private Van,Route-07,O-,Active,2026-09-11 18:28:50
60397,ADM60397,Akash,Das,L,Female,2014-04-21,7,1,A,2020-07-04,Telugu,Hindi,Harini Das,Rahul Das,9630033839,8523235411,akash.das60397@parentmail.com,No Previous School,"268, Kukatpally, Hyderabad",Parent Drop,,A-,Inactive,2026-09-05 10:43:56
60398,ADM60398,Meghana,Yadav,V,Male,2014-12-10,7,1,A,2020-05-06,Telugu,Hindi,Sneha Yadav,Rahul Yadav,9348625264,8397618945,meghana.yadav60398@parentmail.com,No Previous School,"985, Kukatpally, Hyderabad",School Bus,Route-08,AB+,Active,2026-08-20 15:01:47
60399,ADM60399,Meghana,Nair,J,Female,2014-08-16,7,7,B,2026-07-21,Telugu,Hindi,Deepika Nair,Manish Nair,9347745124,8530858451,meghana.nair60399@parentmail.com,Oxford Public School,"917, Kukatpally, Hyderabad",Parent Drop,,O+,Active,2026-08-08 14:32:11
60400,ADM60400,Vaishnavi,Patel,G,Male,2014-12-02,7,4,E,2023-07-18,Hindi,Telugu,Ananya Patel,Pranav Patel,9107681685,8691343461,vaishnavi.patel60400@parentmail.com,No Previous School,"749, Ameerpet, Hyderabad",School Bus,Route-02,A+,Active,2026-08-07 14:49:23
60401,ADM60401,Priya,Iyer,C,Female,2014-08-11,7,1,D,2020-06-15,Hindi,Telugu,Ishita Iyer,Karthik Iyer,9511710952,8744716418,priya.iyer60401@parentmail.com,No Previous School,"656, Kondapur, Hyderabad",School Bus,Route-06,O+,Active,2026-08-28 18:06:18
60402,ADM60402,Vijay,Naidu,A,Male,2014-02-11,7,7,A,2026-07-14,Telugu,Hindi,Kavya Naidu,Rohan Naidu,9932527503,8572363533,vijay.naidu60402@parentmail.com,Little Flower School,"488, Ameerpet, Hyderabad",Parent Drop,,B-,Active,2026-09-08 13:45:45
60403,ADM60403,Kavya,Patel,H,Female,2014-03-25,7,2,E,2021-06-04,Hindi,Telugu,Sneha Patel,Varun Patel,9556365600,8151851406,kavya.patel60403@parentmail.com,St. Mary's School,"695, Madhapur, Hyderabad",Parent Drop,,A+,Active,2026-09-07 20:51:52
60404,ADM60404,Karthik,Shetty,G,Female,2014-07-10,7,1,E,2020-06-18,Hindi,Telugu,Aadhya Shetty,Harsha Shetty,9559508432,8643151503,karthik.shetty60404@parentmail.com,No Previous School,"114, Nizampet, Hyderabad",Public Transport,,O+,Active,2026-08-17 07:18:44
60405,ADM60405,Aadhya,Iyer,J,Female,2014-11-27,7,1,B,2020-04-11,Hindi,Telugu,Bhavya Iyer,Krishna Iyer,9438524431,8931644979,aadhya.iyer60405@parentmail.com,No Previous School,"254, Dilsukhnagar, Hyderabad",Private Van,Route-06,B-,Active,2026-09-12 16:38:51
60406,ADM60406,Vijay,Yadav,L,Female,2014-04-19,7,7,A,2026-07-11,Hindi,Telugu,Divya Yadav,Rohan Yadav,9176003283,8560068107,vijay.yadav60406@parentmail.com,Sri Chaitanya School,"340, Dilsukhnagar, Hyderabad",Private Van,Route-07,AB+,Active,2026-08-10 13:12:29
60407,ADM60407,Priya,Shetty,I,Female,2014-01-21,7,5,C,2024-07-01,Telugu,Hindi,Keerthi Shetty,Tarun Shetty,9222315226,8795676035,priya.shetty60407@parentmail.com,Narayana School,"124, Madhapur, Hyderabad",Parent Drop,,O-,Active,2026-08-09 19:39:15
60408,ADM60408,Pooja,Reddy,M,Male,2014-08-21,7,7,A,2026-05-01,Telugu,Hindi,Keerthi Reddy,Sanjay Reddy,9208925915,8180923265,pooja.reddy60408@parentmail.com,Sri Vidya High School,"15, Manikonda, Hyderabad",School Bus,Route-02,AB+,Active,2026-09-12 07:03:21
60409,ADM60409,Sahithi,Menon,J,Male,2014-12-05,7,3,C,2022-06-26,Telugu,Hindi,Pooja Menon,Harsha Menon,9810786333,8984591871,sahithi.menon60409@parentmail.com,Oxford Public School,"224, Ameerpet, Hyderabad",Private Van,Route-05,B+,Active,2026-08-09 15:44:43
60410,ADM60410,Rohan,Kulkarni,O,Female,2014-09-26,7,5,E,2024-04-17,Hindi,Telugu,Ananya Kulkarni,Charan Kulkarni,9599010054,8475720573,rohan.kulkarni60410@parentmail.com,Little Flower School,"234, LB Nagar, Hyderabad",School Bus,Route-03,O+,Active,2026-08-19 07:51:50
60411,ADM60411,Vijay,Rao,R,Male,2014-10-28,7,4,B,2023-05-14,Hindi,Telugu,Keerthi Rao,Varun Rao,9720168741,8283518212,vijay.rao60411@parentmail.com,No Previous School,"281, Manikonda, Hyderabad",School Bus,Route-06,AB-,Active,2026-09-14 13:37:09
60412,ADM60412,Aishwarya,Rao,D,Male,2014-03-02,7,5,D,2024-07-04,Hindi,Telugu,Sneha Rao,Aarav Rao,9591366556,8646683409,aishwarya.rao60412@parentmail.com,New Horizon School,"601, LB Nagar, Hyderabad",Bicycle,,A+,Active,2026-08-29 19:47:58
60413,ADM60413,Neha,Kumar,J,Male,2014-05-17,7,7,A,2026-06-10,Telugu,Hindi,Pooja Kumar,Sai Kumar,9749080585,8971996327,neha.kumar60413@parentmail.com,Sri Chaitanya School,"728, Miyapur, Hyderabad",School Bus,Route-05,AB-,Active,2026-08-13 13:38:12
60414,ADM60414,Vijay,Rao,U,Female,2014-06-16,7,6,D,2025-07-12,Hindi,Telugu,Aadhya Rao,Tarun Rao,9404545055,8796807335,vijay.rao60414@parentmail.com,St. Mary's School,"607, Miyapur, Hyderabad",Public Transport,,AB-,Active,2026-08-14 11:36:29
60415,ADM60415,Divya,Kulkarni,Z,Male,2014-08-25,7,1,A,2020-05-25,Telugu,Hindi,Sneha Kulkarni,Vishal Kulkarni,9314527567,8665736596,divya.kulkarni60415@parentmail.com,No Previous School,"158, Dilsukhnagar, Hyderabad",School Bus,Route-10,B+,Active,2026-08-10 07:48:31
60416,ADM60416,Bhavya,Nair,T,Male,2014-08-13,7,1,A,2020-04-07,Hindi,Telugu,Nandini Nair,Aarav Nair,9852915508,8573392728,bhavya.nair60416@parentmail.com,No Previous School,"408, Madhapur, Hyderabad",School Bus,Route-01,AB-,Active,2026-09-14 07:39:10
60417,ADM60417,Harini,Menon,R,Male,2014-11-21,7,3,C,2022-04-27,Telugu,Hindi,Sneha Menon,Pranav Menon,9896475950,8313788740,harini.menon60417@parentmail.com,Narayana School,"481, Manikonda, Hyderabad",Private Van,Route-06,B+,Active,2026-09-02 17:51:59
60418,ADM60418,Lakshmi,Joshi,X,Female,2014-11-01,7,7,E,2026-07-14,Hindi,Telugu,Kavya Joshi,Vijay Joshi,9848871133,8356256470,lakshmi.joshi60418@parentmail.com,Vikas High School,"850, Dilsukhnagar, Hyderabad",School Bus,Route-03,B+,Active,2026-08-06 13:46:18
60419,ADM60419,Aditya,Mishra,W,Male,2014-04-15,7,1,C,2020-05-14,Telugu,Hindi,Harini Mishra,Pranav Mishra,9461131441,8645248074,aditya.mishra60419@parentmail.com,No Previous School,"507, LB Nagar, Hyderabad",Walk,,AB-,Active,2026-08-12 10:08:35
60420,ADM60420,Vaishnavi,Kumar,U,Female,2014-03-11,7,1,B,2020-04-12,Telugu,Hindi,Ananya Kumar,Varun Kumar,9134000879,8514501871,vaishnavi.kumar60420@parentmail.com,No Previous School,"978, LB Nagar, Hyderabad",School Bus,Route-07,A+,Active,2026-08-17 15:16:05
60421,ADM60421,Nandini,Naidu,G,Female,2014-05-16,7,1,A,2020-04-23,Hindi,Telugu,Ananya Naidu,Nikhil Naidu,9436770444,8760911794,nandini.naidu60421@parentmail.com,No Previous School,"913, Kukatpally, Hyderabad",Parent Drop,,A+,Active,2026-08-18 10:05:55
60422,ADM60422,Harsha,Yadav,G,Male,2014-03-03,7,1,A,2020-04-11,Hindi,Telugu,Ishita Yadav,Rahul Yadav,9979822134,8404274793,harsha.yadav60422@parentmail.com,No Previous School,"422, Kondapur, Hyderabad",School Bus,Route-03,B-,Active,2026-09-05 19:17:29
60423,ADM60423,Manish,Shetty,H,Male,2014-12-23,7,6,A,2025-04-16,Telugu,Hindi,Harini Shetty,Vijay Shetty,9379637088,8903775725,manish.shetty60423@parentmail.com,New Horizon School,"86, Ameerpet, Hyderabad",School Bus,Route-10,O+,Active,2026-08-24 19:32:05
60424,ADM60424,Harsha,Kulkarni,H,Male,2014-05-21,7,1,A,2020-05-15,Hindi,Telugu,Kavya Kulkarni,Harsha Kulkarni,9407655226,8801332493,harsha.kulkarni60424@parentmail.com,No Previous School,"430, Kukatpally, Hyderabad",School Bus,Route-03,B+,Active,2026-08-23 11:02:01
60425,ADM60425,Varun,Verma,I,Male,2014-01-27,7,6,D,2025-07-20,Telugu,Hindi,Divya Verma,Sai Verma,9150728530,8403722347,varun.verma60425@parentmail.com,Sri Chaitanya School,"290, Manikonda, Hyderabad",School Bus,Route-01,O+,Active,2026-08-23 11:04:40
60426,ADM60426,Priya,Nair,K,Male,2014-04-22,7,3,E,2022-04-14,Hindi,Telugu,Harini Nair,Tarun Nair,9856318879,8545358144,priya.nair60426@parentmail.com,Little Flower School,"88, Uppal, Hyderabad",Public Transport,,AB-,Active,2026-08-01 11:57:45
60427,ADM60427,Harini,Verma,Z,Male,2014-08-04,7,6,B,2025-05-11,Telugu,Hindi,Divya Verma,Charan Verma,9357846985,8562525076,harini.verma60427@parentmail.com,Brilliant Grammar School,"645, Secunderabad, Hyderabad",Walk,,A+,Active,2026-08-08 20:52:31
60428,ADM60428,Harsha,Gupta,M,Male,2014-12-19,7,3,A,2022-04-28,Hindi,Telugu,Aishwarya Gupta,Pranav Gupta,9368015977,8805674722,harsha.gupta60428@parentmail.com,Brilliant Grammar School,"169, Bachupally, Hyderabad",Walk,,A+,Active,2026-08-09 13:01:11
60429,ADM60429,Arjun,Kumar,E,Female,2014-09-21,7,4,C,2023-05-01,Hindi,Telugu,Sneha Kumar,Nikhil Kumar,9500641285,8213365008,arjun.kumar60429@parentmail.com,Vikas High School,"822, Bachupally, Hyderabad",Public Transport,,O-,Active,2026-09-11 15:55:16
60430,ADM60430,Vaishnavi,Shetty,H,Female,2014-05-15,7,1,B,2020-06-14,Hindi,Telugu,Ishita Shetty,Sai Shetty,9664917930,8205031473,vaishnavi.shetty60430@parentmail.com,No Previous School,"706, Kondapur, Hyderabad",School Bus,Route-08,AB-,Active,2026-08-15 11:35:34
60431,ADM60431,Tarun,Naidu,C,Female,2014-03-28,7,5,D,2024-04-28,Hindi,Telugu,Bhavya Naidu,Karthik Naidu,9664155770,8515603218,tarun.naidu60431@parentmail.com,New Horizon School,"343, Manikonda, Hyderabad",Parent Drop,,O-,Active,2026-08-05 11:24:56
60432,ADM60432,Aadhya,Reddy,S,Female,2014-06-20,7,3,E,2022-07-12,Hindi,Telugu,Ananya Reddy,Tarun Reddy,9633058716,8894365814,aadhya.reddy60432@parentmail.com,Sri Vidya High School,"956, Nizampet, Hyderabad",Bicycle,,AB-,Active,2026-09-02 15:19:29
60433,ADM60433,Aditya,Das,R,Male,2014-03-02,7,1,E,2020-05-16,Hindi,Telugu,Aishwarya Das,Charan Das,9454033588,8794639026,aditya.das60433@parentmail.com,No Previous School,"653, Miyapur, Hyderabad",Parent Drop,,O-,Active,2026-08-04 13:46:22
60434,ADM60434,Vaishnavi,Chowdary,R,Male,2014-10-24,7,1,C,2020-06-04,Telugu,Hindi,Harini Chowdary,Harsha Chowdary,9265298851,8345318717,vaishnavi.chowdary60434@parentmail.com,No Previous School,"499, Kondapur, Hyderabad",Walk,,B+,Active,2026-08-18 14:57:47
60435,ADM60435,Rohan,Goud,P,Female,2014-07-06,7,5,B,2024-07-19,Telugu,Hindi,Swathi Goud,Sai Goud,9665554689,8841207089,rohan.goud60435@parentmail.com,No Previous School,"785, Bachupally, Hyderabad",Walk,,B+,Active,2026-08-10 14:35:20
60436,ADM60436,Neha,Joshi,H,Female,2014-11-13,7,6,C,2025-07-18,Hindi,Telugu,Keerthi Joshi,Vijay Joshi,9267180376,8601898609,neha.joshi60436@parentmail.com,Oxford Public School,"662, Bachupally, Hyderabad",Walk,,A-,Active,2026-08-20 10:02:18
60437,ADM60437,Arjun,Kulkarni,E,Male,2014-05-10,7,5,B,2024-06-05,Hindi,Telugu,Sahithi Kulkarni,Arjun Kulkarni,9120332726,8888439132,arjun.kulkarni60437@parentmail.com,Green Valley School,"637, Manikonda, Hyderabad",School Bus,Route-03,AB-,Active,2026-08-31 16:30:57
60438,ADM60438,Varun,Nair,B,Female,2014-07-05,7,1,D,2020-07-24,Hindi,Telugu,Neha Nair,Aarav Nair,9783640118,8179319500,varun.nair60438@parentmail.com,No Previous School,"141, LB Nagar, Hyderabad",School Bus,Route-08,B+,Inactive,2026-09-09 15:17:39
60439,ADM60439,Kavya,Shetty,I,Female,2014-09-10,7,3,B,2022-07-27,Hindi,Telugu,Nandini Shetty,Arjun Shetty,9107693391,8449293929,kavya.shetty60439@parentmail.com,St. Mary's School,"617, Ameerpet, Hyderabad",Bicycle,,A+,Active,2026-08-15 08:48:34
60440,ADM60440,Vishal,Verma,U,Female,2014-04-06,7,3,C,2022-06-12,Telugu,Hindi,Harini Verma,Varun Verma,9786874332,8821928549,vishal.verma60440@parentmail.com,New Horizon School,"172, Ameerpet, Hyderabad",Private Van,Route-10,O-,Active,2026-09-06 11:34:48
60441,ADM60441,Lakshmi,Kulkarni,E,Male,2013-04-16,8,4,E,2022-06-13,Telugu,Hindi,Pooja Kulkarni,Vishal Kulkarni,9768694615,8898516884,lakshmi.kulkarni60441@parentmail.com,St. Mary's School,"341, Dilsukhnagar, Hyderabad",School Bus,Route-03,AB+,Active,2026-08-25 19:07:27
60442,ADM60442,Priya,Nair,K,Male,2013-01-14,8,1,A,2019-07-08,Hindi,Telugu,Swathi Nair,Surya Nair,9306476145,8772328163,priya.nair60442@parentmail.com,No Previous School,"734, Ameerpet, Hyderabad",School Bus,Route-06,O-,Inactive,2026-09-06 13:57:25
60443,ADM60443,Pooja,Singh,N,Female,2013-06-06,8,1,E,2019-04-05,Hindi,Telugu,Harini Singh,Sanjay Singh,9287858347,8831716555,pooja.singh60443@parentmail.com,No Previous School,"18, Dilsukhnagar, Hyderabad",Bicycle,,O-,Active,2026-08-01 07:23:30
60444,ADM60444,Ananya,Das,F,Female,2013-05-22,8,1,B,2019-07-19,Telugu,Hindi,Pooja Das,Varun Das,9648413651,8942233049,ananya.das60444@parentmail.com,No Previous School,"214, Dilsukhnagar, Hyderabad",School Bus,Route-01,AB+,Active,2026-09-06 13:10:08
60445,ADM60445,Tarun,Joshi,C,Female,2013-10-07,8,2,E,2020-05-22,Hindi,Telugu,Harini Joshi,Pranav Joshi,9116902570,8586642131,tarun.joshi60445@parentmail.com,Narayana School,"543, Manikonda, Hyderabad",Public Transport,,AB+,Active,2026-08-28 15:54:54
60446,ADM60446,Keerthi,Iyer,C,Male,2013-07-03,8,1,B,2019-07-11,Hindi,Telugu,Ishita Iyer,Rohan Iyer,9126503995,8615678768,keerthi.iyer60446@parentmail.com,No Previous School,"911, Kukatpally, Hyderabad",School Bus,Route-10,AB+,Active,2026-08-01 19:02:03
60447,ADM60447,Sneha,Reddy,G,Male,2013-02-09,8,8,D,2026-05-25,Telugu,Hindi,Bhavya Reddy,Vijay Reddy,9313000194,8261009263,sneha.reddy60447@parentmail.com,Oxford Public School,"72, Madhapur, Hyderabad",Private Van,Route-10,O+,Active,2026-09-08 20:47:00
60448,ADM60448,Kavya,Kulkarni,V,Male,2013-04-03,8,5,C,2023-05-28,Hindi,Telugu,Nandini Kulkarni,Vishal Kulkarni,9976030956,8206877721,kavya.kulkarni60448@parentmail.com,Little Flower School,"890, LB Nagar, Hyderabad",Bicycle,,O-,Active,2026-08-01 16:14:47
60449,ADM60449,Manish,Verma,J,Female,2013-09-01,8,4,B,2022-04-03,Hindi,Telugu,Deepika Verma,Manish Verma,9112424154,8782554937,manish.verma60449@parentmail.com,Narayana School,"914, Bachupally, Hyderabad",School Bus,Route-04,AB+,Active,2026-08-23 17:09:17
60450,ADM60450,Charan,Kumar,I,Male,2013-06-13,8,1,C,2019-04-15,Telugu,Hindi,Swathi Kumar,Akash Kumar,9455156097,8309375278,charan.kumar60450@parentmail.com,No Previous School,"549, LB Nagar, Hyderabad",School Bus,Route-10,O-,Active,2026-08-23 10:39:50
60451,ADM60451,Sneha,Kulkarni,U,Female,2013-08-08,8,1,E,2019-05-20,Telugu,Hindi,Priya Kulkarni,Arjun Kulkarni,9447651402,8906158686,sneha.kulkarni60451@parentmail.com,No Previous School,"785, Madhapur, Hyderabad",Private Van,Route-04,O-,Active,2026-08-09 08:16:29
60452,ADM60452,Karthik,Nair,A,Female,2013-09-01,8,8,D,2026-04-27,Hindi,Telugu,Kavya Nair,Charan Nair,9754700920,8897329638,karthik.nair60452@parentmail.com,Green Valley School,"189, Secunderabad, Hyderabad",School Bus,Route-04,A-,Active,2026-08-15 18:08:59
60453,ADM60453,Sai,Menon,Z,Female,2013-07-17,8,1,E,2019-04-19,Telugu,Hindi,Ishita Menon,Arjun Menon,9217127169,8204228733,sai.menon60453@parentmail.com,No Previous School,"136, Uppal, Hyderabad",Bicycle,,B-,Active,2026-08-20 14:53:05
60454,ADM60454,Harsha,Nair,W,Male,2013-07-18,8,1,E,2019-07-19,Hindi,Telugu,Lakshmi Nair,Charan Nair,9670861291,8180164540,harsha.nair60454@parentmail.com,No Previous School,"795, Kukatpally, Hyderabad",Parent Drop,,O-,Active,2026-08-18 18:06:33
60455,ADM60455,Sanjay,Patel,V,Male,2013-07-13,8,2,B,2020-05-19,Hindi,Telugu,Bhavya Patel,Manish Patel,9638757213,8650080913,sanjay.patel60455@parentmail.com,Sunrise Model School,"518, Secunderabad, Hyderabad",Private Van,Route-09,B-,Active,2026-08-21 12:07:03
60456,ADM60456,Priya,Menon,S,Female,2013-05-27,8,1,D,2019-07-12,Telugu,Hindi,Harini Menon,Krishna Menon,9215784743,8132386630,priya.menon60456@parentmail.com,No Previous School,"770, Bachupally, Hyderabad",School Bus,Route-02,A-,Active,2026-08-15 17:44:02
60457,ADM60457,Divya,Kulkarni,Z,Female,2013-03-22,8,1,B,2019-04-15,Hindi,Telugu,Aishwarya Kulkarni,Aarav Kulkarni,9588693581,8276489746,divya.kulkarni60457@parentmail.com,No Previous School,"777, Madhapur, Hyderabad",School Bus,Route-02,A-,Active,2026-08-20 16:23:52
60458,ADM60458,Pooja,Shetty,T,Female,2013-02-25,8,1,A,2019-06-26,Telugu,Hindi,Meghana Shetty,Harsha Shetty,9919887616,8408798694,pooja.shetty60458@parentmail.com,No Previous School,"392, Madhapur, Hyderabad",School Bus,Route-02,O-,Active,2026-08-21 08:18:26
60459,ADM60459,Rohan,Iyer,B,Female,2013-07-11,8,4,B,2022-05-09,Telugu,Hindi,Pooja Iyer,Rahul Iyer,9720170348,8577624605,rohan.iyer60459@parentmail.com,Narayana School,"178, Ameerpet, Hyderabad",Walk,,A-,Transferred,2026-08-02 08:50:54
60460,ADM60460,Akash,Reddy,E,Male,2013-08-11,8,8,E,2026-05-14,Hindi,Telugu,Kavya Reddy,Surya Reddy,9824553256,8978339608,akash.reddy60460@parentmail.com,Sri Chaitanya School,"126, Manikonda, Hyderabad",School Bus,Route-07,AB+,Active,2026-08-06 13:46:03
60461,ADM60461,Bhavya,Kumar,X,Female,2013-01-14,8,6,A,2024-05-18,Telugu,Hindi,Pooja Kumar,Tarun Kumar,9618068916,8959721910,bhavya.kumar60461@parentmail.com,No Previous School,"46, Bachupally, Hyderabad",Parent Drop,,AB-,Active,2026-08-18 09:41:09
60462,ADM60462,Pranav,Kulkarni,J,Male,2013-05-12,8,1,E,2019-07-10,Hindi,Telugu,Sneha Kulkarni,Pranav Kulkarni,9593459759,8477464011,pranav.kulkarni60462@parentmail.com,No Previous School,"546, Ameerpet, Hyderabad",Private Van,Route-04,AB+,Active,2026-09-06 08:01:54
60463,ADM60463,Ishita,Patel,F,Male,2013-11-07,8,1,B,2019-07-04,Hindi,Telugu,Vaishnavi Patel,Vijay Patel,9436943329,8217750327,ishita.patel60463@parentmail.com,No Previous School,"188, Bachupally, Hyderabad",Private Van,Route-08,O+,Active,2026-09-09 14:36:59
60464,ADM60464,Akash,Das,C,Male,2013-11-23,8,1,A,2019-05-05,Telugu,Hindi,Meghana Das,Surya Das,9372848733,8584180039,akash.das60464@parentmail.com,No Previous School,"40, Kukatpally, Hyderabad",School Bus,Route-02,O+,Active,2026-08-11 18:13:59
60465,ADM60465,Kavya,Menon,M,Male,2013-10-16,8,6,D,2024-07-17,Hindi,Telugu,Lakshmi Menon,Aditya Menon,9754391275,8229926826,kavya.menon60465@parentmail.com,Brilliant Grammar School,"185, LB Nagar, Hyderabad",School Bus,Route-02,B-,Active,2026-09-01 11:43:48
60466,ADM60466,Ishita,Patel,D,Male,2013-12-21,8,1,B,2019-04-02,Telugu,Hindi,Ishita Patel,Akash Patel,9591061154,8218955205,ishita.patel60466@parentmail.com,No Previous School,"919, LB Nagar, Hyderabad",School Bus,Route-01,O+,Active,2026-08-31 11:48:26
60467,ADM60467,Aditya,Joshi,Q,Female,2013-01-16,8,1,B,2019-07-06,Telugu,Hindi,Deepika Joshi,Sai Joshi,9911311983,8970731085,aditya.joshi60467@parentmail.com,No Previous School,"98, Bachupally, Hyderabad",School Bus,Route-01,A-,Active,2026-09-07 11:50:17
60468,ADM60468,Nandini,Iyer,K,Male,2013-07-13,8,3,A,2021-05-25,Hindi,Telugu,Bhavya Iyer,Krishna Iyer,9282807027,8145634313,nandini.iyer60468@parentmail.com,Little Flower School,"776, Bachupally, Hyderabad",School Bus,Route-09,B+,Active,2026-09-09 18:35:58
60469,ADM60469,Pranav,Patel,K,Male,2013-07-05,8,6,E,2024-07-23,Hindi,Telugu,Pooja Patel,Nikhil Patel,9630355100,8915782450,pranav.patel60469@parentmail.com,Sri Vidya High School,"604, Secunderabad, Hyderabad",Public Transport,,A+,Active,2026-08-22 17:36:36
60470,ADM60470,Nikhil,Sharma,I,Female,2013-05-09,8,6,B,2024-04-26,Telugu,Hindi,Sneha Sharma,Pranav Sharma,9980484006,8371359817,nikhil.sharma60470@parentmail.com,St. Mary's School,"373, Kukatpally, Hyderabad",School Bus,Route-06,O+,Active,2026-08-17 12:18:37
60471,ADM60471,Deepika,Patel,K,Female,2013-11-09,8,3,E,2021-07-22,Hindi,Telugu,Swathi Patel,Harsha Patel,9153436545,8222643112,deepika.patel60471@parentmail.com,Sri Chaitanya School,"150, Bachupally, Hyderabad",School Bus,Route-02,AB-,Active,2026-08-20 15:12:08
60472,ADM60472,Karthik,Sharma,E,Female,2013-05-28,8,8,A,2026-04-26,Hindi,Telugu,Swathi Sharma,Surya Sharma,9298397211,8762626994,karthik.sharma60472@parentmail.com,No Previous School,"458, Kondapur, Hyderabad",Private Van,Route-07,A+,Active,2026-08-30 19:48:21
60473,ADM60473,Keerthi,Kulkarni,H,Female,2013-04-16,8,1,E,2019-05-25,Telugu,Hindi,Sahithi Kulkarni,Tarun Kulkarni,9394521188,8772802535,keerthi.kulkarni60473@parentmail.com,No Previous School,"27, Ameerpet, Hyderabad",School Bus,Route-03,AB+,Active,2026-08-28 07:41:04
60474,ADM60474,Ishita,Patel,I,Male,2013-06-16,8,8,A,2026-06-16,Telugu,Hindi,Keerthi Patel,Aditya Patel,9592940799,8116187664,ishita.patel60474@parentmail.com,Brilliant Grammar School,"782, LB Nagar, Hyderabad",Parent Drop,,B-,Active,2026-08-12 10:41:35
60475,ADM60475,Manish,Iyer,A,Male,2013-04-16,8,1,D,2019-04-19,Hindi,Telugu,Swathi Iyer,Surya Iyer,9841196813,8190200917,manish.iyer60475@parentmail.com,No Previous School,"37, Manikonda, Hyderabad",School Bus,Route-09,AB-,Active,2026-08-03 12:20:01
60476,ADM60476,Keerthi,Reddy,E,Female,2013-05-06,8,1,D,2019-07-12,Telugu,Hindi,Sahithi Reddy,Aditya Reddy,9483130986,8223376837,keerthi.reddy60476@parentmail.com,No Previous School,"38, Dilsukhnagar, Hyderabad",Public Transport,,B+,Active,2026-09-13 11:10:44
60477,ADM60477,Harsha,Rao,V,Female,2013-11-20,8,1,D,2019-04-04,Hindi,Telugu,Ananya Rao,Vijay Rao,9717428416,8674563188,harsha.rao60477@parentmail.com,No Previous School,"558, Uppal, Hyderabad",Parent Drop,,B+,Active,2026-08-19 12:17:12
60478,ADM60478,Vaishnavi,Gupta,K,Female,2013-12-11,8,2,E,2020-04-10,Hindi,Telugu,Vaishnavi Gupta,Aditya Gupta,9925044606,8445056394,vaishnavi.gupta60478@parentmail.com,New Horizon School,"396, Manikonda, Hyderabad",School Bus,Route-08,O+,Active,2026-08-12 19:42:16
60479,ADM60479,Tarun,Gupta,P,Male,2013-06-07,8,6,D,2024-07-24,Hindi,Telugu,Keerthi Gupta,Rohan Gupta,9833194927,8175028376,tarun.gupta60479@parentmail.com,Little Flower School,"337, Uppal, Hyderabad",School Bus,Route-03,AB-,Active,2026-08-23 10:23:45
60480,ADM60480,Ishita,Gupta,K,Male,2013-11-14,8,2,E,2020-04-15,Hindi,Telugu,Divya Gupta,Pranav Gupta,9427231645,8641041272,ishita.gupta60480@parentmail.com,Sunrise Model School,"756, Uppal, Hyderabad",School Bus,Route-04,A+,Active,2026-08-26 10:43:40
60481,ADM60481,Aadhya,Naidu,K,Male,2013-04-26,8,8,D,2026-05-02,Hindi,Telugu,Vaishnavi Naidu,Tarun Naidu,9567335309,8761941597,aadhya.naidu60481@parentmail.com,Sri Vidya High School,"30, Dilsukhnagar, Hyderabad",Parent Drop,,O+,Active,2026-09-07 15:05:35
60482,ADM60482,Swathi,Goud,H,Female,2013-07-26,8,1,A,2019-05-24,Hindi,Telugu,Deepika Goud,Sai Goud,9696956926,8803038551,swathi.goud60482@parentmail.com,No Previous School,"641, Miyapur, Hyderabad",School Bus,Route-02,AB-,Active,2026-08-19 20:56:26
60483,ADM60483,Ishita,Rao,L,Female,2013-11-16,8,8,E,2026-07-20,Telugu,Hindi,Swathi Rao,Akash Rao,9805652335,8343574920,ishita.rao60483@parentmail.com,Oxford Public School,"296, Madhapur, Hyderabad",Parent Drop,,O+,Active,2026-09-10 14:12:42
60484,ADM60484,Harsha,Kulkarni,Z,Female,2013-10-13,8,1,C,2019-07-26,Hindi,Telugu,Swathi Kulkarni,Pranav Kulkarni,9522804913,8268710273,harsha.kulkarni60484@parentmail.com,No Previous School,"247, Dilsukhnagar, Hyderabad",School Bus,Route-03,AB-,Active,2026-08-14 17:17:45
60485,ADM60485,Arjun,Das,J,Male,2013-09-02,8,1,E,2019-05-09,Telugu,Hindi,Kavya Das,Karthik Das,9173942132,8751370384,arjun.das60485@parentmail.com,No Previous School,"662, Kukatpally, Hyderabad",Bicycle,,B-,Active,2026-09-11 18:07:50
60486,ADM60486,Akash,Iyer,M,Male,2013-12-14,8,8,E,2026-06-16,Hindi,Telugu,Swathi Iyer,Rohan Iyer,9361054570,8954604540,akash.iyer60486@parentmail.com,Green Valley School,"815, Dilsukhnagar, Hyderabad",Bicycle,,A+,Active,2026-08-04 19:53:09
60487,ADM60487,Harsha,Yadav,P,Female,2013-07-25,8,6,E,2024-06-07,Telugu,Hindi,Swathi Yadav,Charan Yadav,9366056075,8386185709,harsha.yadav60487@parentmail.com,Sri Chaitanya School,"963, Miyapur, Hyderabad",Walk,,B-,Active,2026-08-31 11:16:28
60488,ADM60488,Vishal,Rao,T,Female,2013-03-24,8,2,B,2020-07-03,Hindi,Telugu,Neha Rao,Nikhil Rao,9153257360,8735003594,vishal.rao60488@parentmail.com,Little Flower School,"502, Kukatpally, Hyderabad",School Bus,Route-05,O+,Active,2026-08-23 17:06:01
60489,ADM60489,Pooja,Yadav,C,Male,2013-09-27,8,5,B,2023-07-14,Telugu,Hindi,Ishita Yadav,Manish Yadav,9943199235,8211682974,pooja.yadav60489@parentmail.com,St. Mary's School,"82, Madhapur, Hyderabad",School Bus,Route-04,A-,Active,2026-08-21 07:54:20
60490,ADM60490,Aarav,Kumar,M,Male,2013-03-08,8,6,D,2024-07-03,Telugu,Hindi,Vaishnavi Kumar,Krishna Kumar,9418092025,8779918153,aarav.kumar60490@parentmail.com,No Previous School,"748, Dilsukhnagar, Hyderabad",School Bus,Route-03,AB-,Active,2026-08-02 17:05:23
60491,ADM60491,Sai,Gupta,G,Male,2013-05-02,8,1,A,2019-04-06,Telugu,Hindi,Neha Gupta,Sanjay Gupta,9713767829,8292037467,sai.gupta60491@parentmail.com,No Previous School,"980, Kondapur, Hyderabad",Parent Drop,,AB+,Active,2026-08-08 16:07:28
60492,ADM60492,Ishita,Rao,U,Female,2013-01-11,8,5,C,2023-07-26,Hindi,Telugu,Harini Rao,Sanjay Rao,9905014163,8259893476,ishita.rao60492@parentmail.com,Brilliant Grammar School,"231, Dilsukhnagar, Hyderabad",Public Transport,,O+,Transferred,2026-08-15 17:43:48
60493,ADM60493,Tarun,Reddy,D,Male,2013-05-01,8,8,D,2026-07-07,Hindi,Telugu,Priya Reddy,Sai Reddy,9473001932,8159916200,tarun.reddy60493@parentmail.com,Oxford Public School,"334, Uppal, Hyderabad",Public Transport,,O+,Active,2026-08-19 12:12:37
60494,ADM60494,Sneha,Nair,B,Male,2013-09-01,8,6,E,2024-06-08,Telugu,Hindi,Lakshmi Nair,Aarav Nair,9133771656,8206758266,sneha.nair60494@parentmail.com,Narayana School,"670, Kukatpally, Hyderabad",Public Transport,,A-,Active,2026-09-09 14:47:22
60495,ADM60495,Varun,Patel,U,Male,2013-08-15,8,1,E,2019-06-05,Telugu,Hindi,Divya Patel,Aarav Patel,9730892959,8290919866,varun.patel60495@parentmail.com,No Previous School,"265, Secunderabad, Hyderabad",School Bus,Route-05,B+,Active,2026-08-31 09:03:41
60496,ADM60496,Aishwarya,Chowdary,W,Male,2013-08-27,8,2,A,2020-07-01,Telugu,Hindi,Kavya Chowdary,Akash Chowdary,9404568566,8706860995,aishwarya.chowdary60496@parentmail.com,Sri Chaitanya School,"113, Ameerpet, Hyderabad",Walk,,O-,Active,2026-08-18 09:36:55
60497,ADM60497,Keerthi,Kumar,C,Female,2013-02-03,8,4,D,2022-04-11,Hindi,Telugu,Pooja Kumar,Harsha Kumar,9815532937,8770036507,keerthi.kumar60497@parentmail.com,St. Mary's School,"427, Kondapur, Hyderabad",School Bus,Route-08,AB+,Active,2026-08-15 14:40:05
60498,ADM60498,Varun,Chowdary,I,Female,2013-08-25,8,1,A,2019-07-11,Telugu,Hindi,Kavya Chowdary,Surya Chowdary,9106106106,8427347107,varun.chowdary60498@parentmail.com,No Previous School,"30, LB Nagar, Hyderabad",Walk,,O-,Active,2026-09-11 09:13:10
60499,ADM60499,Arjun,Mishra,G,Male,2013-12-26,8,3,E,2021-04-07,Telugu,Hindi,Lakshmi Mishra,Akash Mishra,9925413269,8120816810,arjun.mishra60499@parentmail.com,No Previous School,"23, Kondapur, Hyderabad",School Bus,Route-08,O-,Active,2026-08-15 16:31:52
60500,ADM60500,Divya,Patel,M,Male,2013-01-04,8,2,E,2020-04-08,Telugu,Hindi,Priya Patel,Vishal Patel,9309619617,8309391927,divya.patel60500@parentmail.com,St. Mary's School,"624, Madhapur, Hyderabad",School Bus,Route-05,B+,Active,2026-08-11 10:54:43
60501,ADM60501,Deepika,Iyer,E,Female,2013-04-06,8,1,B,2019-04-06,Telugu,Hindi,Aishwarya Iyer,Aarav Iyer,9126555839,8775441699,deepika.iyer60501@parentmail.com,No Previous School,"153, Secunderabad, Hyderabad",Private Van,Route-10,B-,Active,2026-08-12 14:17:37
60502,ADM60502,Deepika,Verma,L,Female,2013-06-27,8,1,E,2019-07-12,Hindi,Telugu,Deepika Verma,Surya Verma,9233172562,8380258295,deepika.verma60502@parentmail.com,No Previous School,"368, Nizampet, Hyderabad",Walk,,B-,Active,2026-08-13 14:51:14
60503,ADM60503,Sai,Nair,N,Male,2013-04-04,8,4,E,2022-04-22,Hindi,Telugu,Deepika Nair,Rohan Nair,9170707420,8226545304,sai.nair60503@parentmail.com,Oxford Public School,"10, Dilsukhnagar, Hyderabad",Bicycle,,AB-,Active,2026-08-28 08:39:14
60504,ADM60504,Rohan,Iyer,L,Male,2013-04-14,8,1,A,2019-07-27,Hindi,Telugu,Sneha Iyer,Surya Iyer,9372650920,8246211225,rohan.iyer60504@parentmail.com,No Previous School,"58, Secunderabad, Hyderabad",Parent Drop,,O-,Active,2026-08-06 12:00:47
60505,ADM60505,Swathi,Patel,O,Female,2013-08-20,8,1,B,2019-04-28,Hindi,Telugu,Aishwarya Patel,Varun Patel,9692797197,8306093520,swathi.patel60505@parentmail.com,No Previous School,"997, Bachupally, Hyderabad",Private Van,Route-04,O-,Active,2026-09-08 09:48:59
60506,ADM60506,Sneha,Goud,M,Female,2013-11-22,8,4,A,2022-06-04,Hindi,Telugu,Sahithi Goud,Aarav Goud,9842388224,8371016298,sneha.goud60506@parentmail.com,St. Mary's School,"230, LB Nagar, Hyderabad",School Bus,Route-09,O+,Active,2026-08-09 18:18:29
60507,ADM60507,Vijay,Mishra,E,Female,2013-08-08,8,8,A,2026-06-07,Telugu,Hindi,Kavya Mishra,Karthik Mishra,9647398941,8150819036,vijay.mishra60507@parentmail.com,Green Valley School,"911, Nizampet, Hyderabad",Walk,,B-,Active,2026-09-12 09:42:35
60508,ADM60508,Divya,Sharma,D,Male,2013-12-27,8,1,A,2019-06-25,Telugu,Hindi,Sahithi Sharma,Sanjay Sharma,9129122339,8363097223,divya.sharma60508@parentmail.com,No Previous School,"523, LB Nagar, Hyderabad",Walk,,A-,Active,2026-08-12 13:06:12
60509,ADM60509,Karthik,Das,Z,Male,2013-09-08,8,8,B,2026-07-07,Hindi,Telugu,Swathi Das,Pranav Das,9961927276,8276636939,karthik.das60509@parentmail.com,St. Mary's School,"793, Ameerpet, Hyderabad",Public Transport,,A-,Active,2026-08-23 15:53:19
60510,ADM60510,Akash,Rao,G,Female,2013-03-11,8,1,D,2019-07-13,Hindi,Telugu,Kavya Rao,Sanjay Rao,9168695462,8475027191,akash.rao60510@parentmail.com,No Previous School,"537, Ameerpet, Hyderabad",Bicycle,,A+,Active,2026-08-02 19:02:02
60511,ADM60511,Aditya,Sharma,R,Male,2013-02-17,8,1,E,2019-05-25,Hindi,Telugu,Ishita Sharma,Sanjay Sharma,9162257125,8135885718,aditya.sharma60511@parentmail.com,No Previous School,"668, Miyapur, Hyderabad",School Bus,Route-10,A+,Active,2026-08-26 17:46:10
60512,ADM60512,Neha,Menon,T,Male,2013-01-09,8,7,A,2025-07-15,Telugu,Hindi,Sahithi Menon,Manish Menon,9682071399,8960446333,neha.menon60512@parentmail.com,Oxford Public School,"182, Nizampet, Hyderabad",Public Transport,,A-,Active,2026-08-02 14:49:41
60513,ADM60513,Rahul,Goud,O,Female,2013-01-10,8,1,B,2019-06-10,Telugu,Hindi,Divya Goud,Tarun Goud,9297747700,8939046568,rahul.goud60513@parentmail.com,No Previous School,"362, LB Nagar, Hyderabad",Walk,,B-,Active,2026-08-01 11:07:41
60514,ADM60514,Priya,Iyer,L,Male,2013-08-04,8,7,D,2025-07-03,Telugu,Hindi,Kavya Iyer,Charan Iyer,9646397951,8697117044,priya.iyer60514@parentmail.com,Oxford Public School,"88, Nizampet, Hyderabad",Parent Drop,,A+,Active,2026-08-30 15:36:10
60515,ADM60515,Rahul,Das,F,Male,2013-11-11,8,6,C,2024-05-28,Telugu,Hindi,Meghana Das,Arjun Das,9912195117,8194891351,rahul.das60515@parentmail.com,Vikas High School,"516, Secunderabad, Hyderabad",Parent Drop,,AB-,Active,2026-08-23 18:29:14
60516,ADM60516,Aditya,Menon,G,Female,2013-09-18,8,7,E,2025-06-02,Hindi,Telugu,Nandini Menon,Aditya Menon,9749664297,8130089030,aditya.menon60516@parentmail.com,Sunrise Model School,"362, Miyapur, Hyderabad",School Bus,Route-09,O-,Active,2026-08-22 17:13:52
60517,ADM60517,Harsha,Kulkarni,Z,Female,2013-02-01,8,1,E,2019-04-05,Hindi,Telugu,Ananya Kulkarni,Vijay Kulkarni,9383240239,8749314346,harsha.kulkarni60517@parentmail.com,No Previous School,"739, LB Nagar, Hyderabad",Parent Drop,,AB+,Active,2026-09-07 08:32:12
60518,ADM60518,Aditya,Reddy,A,Male,2013-06-21,8,1,A,2019-06-19,Telugu,Hindi,Lakshmi Reddy,Sanjay Reddy,9788550573,8127175552,aditya.reddy60518@parentmail.com,No Previous School,"940, Kukatpally, Hyderabad",Parent Drop,,O+,Active,2026-08-02 19:21:37
60519,ADM60519,Harsha,Rao,R,Male,2013-03-03,8,4,B,2022-05-01,Telugu,Hindi,Ananya Rao,Sanjay Rao,9196215225,8151670290,harsha.rao60519@parentmail.com,Brilliant Grammar School,"246, LB Nagar, Hyderabad",Bicycle,,O-,Active,2026-09-06 19:30:23
60520,ADM60520,Lakshmi,Iyer,Z,Male,2013-09-06,8,5,A,2023-04-16,Hindi,Telugu,Ishita Iyer,Karthik Iyer,9703176912,8445830553,lakshmi.iyer60520@parentmail.com,Brilliant Grammar School,"485, Kondapur, Hyderabad",Parent Drop,,O+,Active,2026-08-14 16:27:22
60521,ADM60521,Lakshmi,Menon,Y,Male,2013-04-09,8,1,B,2019-04-03,Telugu,Hindi,Sahithi Menon,Aarav Menon,9119640950,8816593460,lakshmi.menon60521@parentmail.com,No Previous School,"609, Secunderabad, Hyderabad",School Bus,Route-01,O-,Active,2026-09-09 12:31:38
60522,ADM60522,Charan,Iyer,I,Male,2013-10-22,8,1,A,2019-06-04,Hindi,Telugu,Aadhya Iyer,Rahul Iyer,9169899963,8607104509,charan.iyer60522@parentmail.com,No Previous School,"796, Bachupally, Hyderabad",School Bus,Route-02,A-,Active,2026-08-16 08:35:20
60523,ADM60523,Keerthi,Patel,S,Female,2013-03-16,8,2,E,2020-04-20,Telugu,Hindi,Keerthi Patel,Harsha Patel,9777277017,8209491634,keerthi.patel60523@parentmail.com,Vikas High School,"139, LB Nagar, Hyderabad",Parent Drop,,A+,Active,2026-08-14 13:28:11
60524,ADM60524,Sneha,Kumar,L,Male,2013-03-02,8,6,E,2024-04-10,Telugu,Hindi,Meghana Kumar,Aarav Kumar,9855955484,8981863519,sneha.kumar60524@parentmail.com,New Horizon School,"81, LB Nagar, Hyderabad",School Bus,Route-10,O-,Active,2026-08-27 17:15:55
60525,ADM60525,Aadhya,Das,F,Female,2013-07-12,8,4,C,2022-07-13,Hindi,Telugu,Harini Das,Tarun Das,9998468413,8169797538,aadhya.das60525@parentmail.com,St. Mary's School,"698, LB Nagar, Hyderabad",Walk,,O+,Active,2026-09-07 09:09:32
60526,ADM60526,Manish,Rao,L,Female,2013-06-21,8,4,D,2022-07-02,Hindi,Telugu,Kavya Rao,Sai Rao,9410511340,8596189926,manish.rao60526@parentmail.com,No Previous School,"404, LB Nagar, Hyderabad",Public Transport,,B-,Active,2026-09-14 18:22:59
60527,ADM60527,Sneha,Verma,G,Male,2013-01-15,8,1,A,2019-05-24,Telugu,Hindi,Sneha Verma,Harsha Verma,9922980650,8295398550,sneha.verma60527@parentmail.com,No Previous School,"810, Secunderabad, Hyderabad",Parent Drop,,O-,Active,2026-08-15 18:53:45
60528,ADM60528,Vaishnavi,Chowdary,J,Male,2013-02-24,8,4,D,2022-06-04,Hindi,Telugu,Lakshmi Chowdary,Aarav Chowdary,9132473566,8789608092,vaishnavi.chowdary60528@parentmail.com,Little Flower School,"4, Uppal, Hyderabad",Private Van,Route-04,O+,Active,2026-08-21 19:46:56
60529,ADM60529,Akash,Yadav,Z,Male,2013-12-22,8,1,B,2019-07-20,Telugu,Hindi,Pooja Yadav,Tarun Yadav,9685943909,8554032225,akash.yadav60529@parentmail.com,No Previous School,"509, Manikonda, Hyderabad",Parent Drop,,A+,Active,2026-09-09 08:20:41
60530,ADM60530,Varun,Patel,L,Male,2013-04-09,8,3,C,2021-05-02,Telugu,Hindi,Neha Patel,Aditya Patel,9428004130,8639451686,varun.patel60530@parentmail.com,No Previous School,"386, Manikonda, Hyderabad",Public Transport,,O-,Active,2026-08-31 17:59:48
60531,ADM60531,Kavya,Das,H,Female,2013-11-04,8,5,D,2023-07-19,Hindi,Telugu,Kavya Das,Akash Das,9641599665,8534064937,kavya.das60531@parentmail.com,Little Flower School,"26, Manikonda, Hyderabad",School Bus,Route-03,A-,Active,2026-09-10 18:05:56
60532,ADM60532,Rahul,Goud,L,Female,2013-04-14,8,2,E,2020-07-20,Hindi,Telugu,Swathi Goud,Arjun Goud,9631763184,8216248520,rahul.goud60532@parentmail.com,New Horizon School,"3, Manikonda, Hyderabad",Parent Drop,,A+,Active,2026-08-19 13:00:06
60533,ADM60533,Aadhya,Nair,J,Female,2013-03-21,8,3,A,2021-05-21,Telugu,Hindi,Lakshmi Nair,Rohan Nair,9340324055,8292294989,aadhya.nair60533@parentmail.com,New Horizon School,"484, Bachupally, Hyderabad",Public Transport,,AB+,Transferred,2026-08-31 07:30:59
60534,ADM60534,Surya,Yadav,P,Male,2013-02-08,8,1,C,2019-05-07,Telugu,Hindi,Bhavya Yadav,Manish Yadav,9399483151,8310054086,surya.yadav60534@parentmail.com,No Previous School,"799, Bachupally, Hyderabad",School Bus,Route-04,AB+,Active,2026-09-13 07:21:08
60535,ADM60535,Arjun,Kulkarni,V,Female,2013-06-18,8,2,E,2020-06-07,Hindi,Telugu,Ananya Kulkarni,Nikhil Kulkarni,9815886728,8704232260,arjun.kulkarni60535@parentmail.com,Sri Vidya High School,"825, Uppal, Hyderabad",School Bus,Route-07,AB-,Inactive,2026-09-01 13:12:29
60536,ADM60536,Lakshmi,Kulkarni,K,Female,2013-09-17,8,1,B,2019-05-17,Telugu,Hindi,Kavya Kulkarni,Manish Kulkarni,9544465526,8937332002,lakshmi.kulkarni60536@parentmail.com,No Previous School,"498, Secunderabad, Hyderabad",School Bus,Route-10,B-,Active,2026-08-20 17:07:30
60537,ADM60537,Bhavya,Sharma,Q,Male,2013-06-05,8,1,B,2019-04-17,Hindi,Telugu,Harini Sharma,Charan Sharma,9480630635,8392198180,bhavya.sharma60537@parentmail.com,No Previous School,"531, Miyapur, Hyderabad",School Bus,Route-10,B-,Active,2026-09-08 12:59:54
60538,ADM60538,Divya,Chowdary,M,Male,2013-04-12,8,1,B,2019-07-24,Hindi,Telugu,Meghana Chowdary,Arjun Chowdary,9701535297,8189244824,divya.chowdary60538@parentmail.com,No Previous School,"21, LB Nagar, Hyderabad",Bicycle,,AB-,Active,2026-09-12 14:10:33
60539,ADM60539,Rahul,Reddy,W,Female,2013-12-14,8,1,D,2019-06-22,Telugu,Hindi,Aishwarya Reddy,Arjun Reddy,9629799977,8631645162,rahul.reddy60539@parentmail.com,No Previous School,"353, LB Nagar, Hyderabad",School Bus,Route-06,AB-,Active,2026-08-22 12:28:43
60540,ADM60540,Lakshmi,Singh,C,Female,2013-02-10,8,8,C,2026-04-18,Telugu,Hindi,Vaishnavi Singh,Charan Singh,9948061467,8861092451,lakshmi.singh60540@parentmail.com,No Previous School,"164, Kukatpally, Hyderabad",Private Van,Route-07,AB-,Active,2026-08-17 08:42:14
60541,ADM60541,Charan,Chowdary,S,Male,2013-11-04,8,4,C,2022-05-23,Hindi,Telugu,Keerthi Chowdary,Manish Chowdary,9412162720,8699202934,charan.chowdary60541@parentmail.com,Sri Vidya High School,"390, Kondapur, Hyderabad",Parent Drop,,B-,Active,2026-08-02 07:18:08
60542,ADM60542,Nikhil,Verma,X,Female,2013-06-08,8,7,C,2025-06-01,Hindi,Telugu,Harini Verma,Manish Verma,9560419960,8773908041,nikhil.verma60542@parentmail.com,Little Flower School,"30, LB Nagar, Hyderabad",School Bus,Route-04,A-,Active,2026-08-16 19:28:50
60543,ADM60543,Nandini,Singh,E,Male,2013-10-15,8,6,A,2024-06-28,Hindi,Telugu,Pooja Singh,Surya Singh,9311635167,8371314213,nandini.singh60543@parentmail.com,Green Valley School,"112, Bachupally, Hyderabad",School Bus,Route-08,AB+,Active,2026-08-05 14:34:21
60544,ADM60544,Karthik,Yadav,O,Male,2013-08-22,8,5,B,2023-06-23,Telugu,Hindi,Sahithi Yadav,Charan Yadav,9311556231,8266046276,karthik.yadav60544@parentmail.com,Brilliant Grammar School,"251, Miyapur, Hyderabad",Walk,,A+,Active,2026-09-05 12:27:09
60545,ADM60545,Rohan,Iyer,I,Female,2013-06-09,8,4,C,2022-06-14,Telugu,Hindi,Harini Iyer,Karthik Iyer,9615859256,8113313104,rohan.iyer60545@parentmail.com,Sunrise Model School,"650, Kukatpally, Hyderabad",Bicycle,,AB+,Active,2026-08-19 15:20:54
60546,ADM60546,Kavya,Iyer,T,Male,2013-12-21,8,7,A,2025-06-01,Telugu,Hindi,Pooja Iyer,Sai Iyer,9855902670,8170528617,kavya.iyer60546@parentmail.com,St. Mary's School,"724, Bachupally, Hyderabad",School Bus,Route-08,A+,Active,2026-08-28 11:06:26
60547,ADM60547,Aadhya,Singh,T,Male,2013-01-09,8,3,D,2021-07-18,Telugu,Hindi,Sneha Singh,Rohan Singh,9728289846,8262731540,aadhya.singh60547@parentmail.com,New Horizon School,"977, LB Nagar, Hyderabad",Parent Drop,,A+,Active,2026-08-01 16:12:56
60548,ADM60548,Aarav,Das,N,Male,2013-07-03,8,3,D,2021-05-14,Telugu,Hindi,Kavya Das,Tarun Das,9998142271,8355813092,aarav.das60548@parentmail.com,St. Mary's School,"789, Nizampet, Hyderabad",Parent Drop,,O+,Active,2026-08-21 10:41:47
60549,ADM60549,Charan,Mishra,N,Female,2013-11-13,8,8,E,2026-06-10,Hindi,Telugu,Aadhya Mishra,Manish Mishra,9600237653,8436395490,charan.mishra60549@parentmail.com,Narayana School,"8, Kondapur, Hyderabad",Parent Drop,,O+,Active,2026-08-15 18:37:09
60550,ADM60550,Krishna,Menon,S,Male,2013-11-14,8,2,E,2020-05-23,Hindi,Telugu,Swathi Menon,Aarav Menon,9138425193,8499664407,krishna.menon60550@parentmail.com,Green Valley School,"314, Madhapur, Hyderabad",Public Transport,,AB+,Active,2026-09-11 14:50:45
60551,ADM60551,Krishna,Chowdary,J,Female,2013-01-09,8,1,D,2019-06-27,Telugu,Hindi,Priya Chowdary,Vijay Chowdary,9491004148,8535821674,krishna.chowdary60551@parentmail.com,No Previous School,"387, Manikonda, Hyderabad",Walk,,B+,Active,2026-08-26 18:00:53
60552,ADM60552,Lakshmi,Patel,Q,Male,2013-12-15,8,7,C,2025-07-23,Telugu,Hindi,Aishwarya Patel,Sanjay Patel,9918558126,8422114789,lakshmi.patel60552@parentmail.com,Green Valley School,"251, Dilsukhnagar, Hyderabad",School Bus,Route-10,O+,Active,2026-08-07 08:25:30
60553,ADM60553,Kavya,Kumar,H,Male,2013-07-20,8,8,D,2026-04-20,Telugu,Hindi,Nandini Kumar,Karthik Kumar,9605589817,8210787696,kavya.kumar60553@parentmail.com,Narayana School,"67, Kondapur, Hyderabad",School Bus,Route-08,O-,Active,2026-09-06 13:28:25
60554,ADM60554,Meghana,Goud,Z,Female,2013-06-27,8,8,C,2026-04-16,Hindi,Telugu,Divya Goud,Manish Goud,9176162345,8552889974,meghana.goud60554@parentmail.com,Sri Chaitanya School,"478, Kukatpally, Hyderabad",School Bus,Route-01,AB+,Active,2026-08-21 07:23:57
60555,ADM60555,Lakshmi,Kumar,Z,Female,2013-01-10,8,1,B,2019-07-13,Hindi,Telugu,Keerthi Kumar,Krishna Kumar,9783723710,8108769638,lakshmi.kumar60555@parentmail.com,No Previous School,"867, LB Nagar, Hyderabad",Walk,,AB+,Active,2026-08-23 11:18:57
60556,ADM60556,Divya,Gupta,C,Female,2013-01-18,8,1,D,2019-05-23,Telugu,Hindi,Harini Gupta,Surya Gupta,9580487908,8783207235,divya.gupta60556@parentmail.com,No Previous School,"166, Miyapur, Hyderabad",Parent Drop,,AB+,Active,2026-08-29 07:31:16
60557,ADM60557,Divya,Nair,G,Female,2013-04-02,8,1,E,2019-06-12,Telugu,Hindi,Keerthi Nair,Aarav Nair,9832181682,8118391152,divya.nair60557@parentmail.com,No Previous School,"99, Uppal, Hyderabad",Parent Drop,,O+,Active,2026-08-02 15:22:26
60558,ADM60558,Divya,Nair,J,Male,2013-01-06,8,1,E,2019-07-20,Hindi,Telugu,Pooja Nair,Charan Nair,9148448199,8987629952,divya.nair60558@parentmail.com,No Previous School,"487, Madhapur, Hyderabad",School Bus,Route-03,B+,Active,2026-08-17 14:45:22
60559,ADM60559,Karthik,Joshi,J,Female,2013-02-17,8,8,A,2026-04-19,Hindi,Telugu,Vaishnavi Joshi,Sanjay Joshi,9169218736,8653329889,karthik.joshi60559@parentmail.com,Brilliant Grammar School,"296, Miyapur, Hyderabad",School Bus,Route-07,A-,Active,2026-08-21 08:31:38
60560,ADM60560,Rahul,Verma,W,Female,2013-06-12,8,3,E,2021-06-06,Telugu,Hindi,Divya Verma,Varun Verma,9162680831,8700966969,rahul.verma60560@parentmail.com,Brilliant Grammar School,"97, Nizampet, Hyderabad",Parent Drop,,O-,Active,2026-08-07 16:56:23
60561,ADM60561,Karthik,Das,I,Female,2013-03-09,8,8,D,2026-07-21,Telugu,Hindi,Bhavya Das,Rohan Das,9291863615,8683911261,karthik.das60561@parentmail.com,Green Valley School,"410, Secunderabad, Hyderabad",Walk,,B-,Active,2026-09-03 08:11:41
60562,ADM60562,Meghana,Reddy,Z,Female,2013-01-07,8,2,A,2020-04-03,Hindi,Telugu,Harini Reddy,Krishna Reddy,9529105903,8639685718,meghana.reddy60562@parentmail.com,Narayana School,"647, Nizampet, Hyderabad",Walk,,AB-,Active,2026-09-13 11:54:27
60563,ADM60563,Divya,Shetty,X,Female,2013-09-26,8,1,C,2019-07-16,Telugu,Hindi,Bhavya Shetty,Pranav Shetty,9287112006,8334204886,divya.shetty60563@parentmail.com,No Previous School,"938, Nizampet, Hyderabad",Private Van,Route-05,B+,Active,2026-08-29 08:45:17
60564,ADM60564,Vaishnavi,Singh,R,Male,2013-08-02,8,8,D,2026-05-16,Hindi,Telugu,Aishwarya Singh,Nikhil Singh,9584687533,8363522575,vaishnavi.singh60564@parentmail.com,Brilliant Grammar School,"422, Kukatpally, Hyderabad",Parent Drop,,A-,Active,2026-08-17 11:51:37
60565,ADM60565,Nikhil,Chowdary,R,Female,2013-03-24,8,3,C,2021-06-17,Hindi,Telugu,Nandini Chowdary,Nikhil Chowdary,9532760365,8492680957,nikhil.chowdary60565@parentmail.com,Oxford Public School,"412, Uppal, Hyderabad",Bicycle,,A+,Transferred,2026-08-13 10:19:58
60566,ADM60566,Deepika,Yadav,R,Female,2013-02-26,8,1,E,2019-06-06,Telugu,Hindi,Lakshmi Yadav,Sai Yadav,9155294124,8433270267,deepika.yadav60566@parentmail.com,No Previous School,"968, Secunderabad, Hyderabad",Parent Drop,,B+,Active,2026-08-25 09:32:41
60567,ADM60567,Pooja,Kumar,Z,Male,2013-06-06,8,4,E,2022-06-26,Hindi,Telugu,Bhavya Kumar,Aditya Kumar,9731447403,8913147302,pooja.kumar60567@parentmail.com,Little Flower School,"860, Manikonda, Hyderabad",School Bus,Route-07,B-,Active,2026-08-26 20:35:49
60568,ADM60568,Keerthi,Goud,F,Female,2013-06-14,8,1,A,2019-04-09,Hindi,Telugu,Sahithi Goud,Aarav Goud,9367355266,8956468738,keerthi.goud60568@parentmail.com,No Previous School,"412, LB Nagar, Hyderabad",Private Van,Route-07,O+,Active,2026-08-16 10:25:27
60569,ADM60569,Harsha,Naidu,E,Male,2013-01-13,8,1,A,2019-07-24,Telugu,Hindi,Lakshmi Naidu,Surya Naidu,9736814962,8910245200,harsha.naidu60569@parentmail.com,No Previous School,"20, Kondapur, Hyderabad",Bicycle,,AB-,Active,2026-08-07 18:52:45
60570,ADM60570,Krishna,Gupta,M,Female,2013-02-13,8,4,D,2022-06-24,Telugu,Hindi,Keerthi Gupta,Sai Gupta,9867775619,8821888248,krishna.gupta60570@parentmail.com,Sri Vidya High School,"975, Nizampet, Hyderabad",Walk,,B-,Active,2026-08-21 11:54:48
60571,ADM60571,Deepika,Naidu,V,Female,2013-09-03,8,1,B,2019-04-12,Hindi,Telugu,Keerthi Naidu,Aarav Naidu,9816453504,8778542803,deepika.naidu60571@parentmail.com,No Previous School,"874, Bachupally, Hyderabad",Private Van,Route-10,O+,Active,2026-08-06 10:55:54
60572,ADM60572,Aishwarya,Das,O,Female,2013-11-22,8,6,C,2024-04-19,Telugu,Hindi,Ishita Das,Rohan Das,9728637160,8787209388,aishwarya.das60572@parentmail.com,No Previous School,"406, Dilsukhnagar, Hyderabad",Parent Drop,,B-,Active,2026-09-04 09:31:48
60573,ADM60573,Charan,Patel,F,Female,2013-05-06,8,1,E,2019-04-02,Telugu,Hindi,Vaishnavi Patel,Aditya Patel,9542967901,8211501692,charan.patel60573@parentmail.com,No Previous School,"974, Kukatpally, Hyderabad",Public Transport,,B-,Active,2026-08-12 20:13:29
60574,ADM60574,Deepika,Naidu,E,Male,2013-03-04,8,1,A,2019-04-22,Telugu,Hindi,Harini Naidu,Rohan Naidu,9157112192,8107462673,deepika.naidu60574@parentmail.com,No Previous School,"501, Ameerpet, Hyderabad",Walk,,A+,Active,2026-08-26 18:05:56
60575,ADM60575,Surya,Sharma,M,Male,2013-02-03,8,1,A,2019-05-28,Hindi,Telugu,Kavya Sharma,Arjun Sharma,9463302056,8336727029,surya.sharma60575@parentmail.com,No Previous School,"432, Madhapur, Hyderabad",School Bus,Route-03,AB-,Active,2026-08-25 13:13:15
60576,ADM60576,Vishal,Verma,M,Male,2013-03-24,8,1,A,2019-04-15,Hindi,Telugu,Aishwarya Verma,Karthik Verma,9480487738,8920556234,vishal.verma60576@parentmail.com,No Previous School,"632, Ameerpet, Hyderabad",School Bus,Route-02,A-,Active,2026-08-14 07:50:04
60577,ADM60577,Nandini,Rao,R,Female,2013-12-04,8,1,B,2019-06-01,Hindi,Telugu,Ishita Rao,Aarav Rao,9460705626,8494791417,nandini.rao60577@parentmail.com,No Previous School,"225, Manikonda, Hyderabad",School Bus,Route-10,AB-,Active,2026-08-04 09:38:32
60578,ADM60578,Krishna,Goud,E,Female,2013-01-22,8,5,D,2023-06-15,Telugu,Hindi,Neha Goud,Akash Goud,9974731729,8418639909,krishna.goud60578@parentmail.com,Sri Vidya High School,"827, Bachupally, Hyderabad",School Bus,Route-10,O-,Active,2026-08-01 09:43:17
60579,ADM60579,Lakshmi,Naidu,I,Female,2013-11-10,8,1,C,2019-06-28,Hindi,Telugu,Neha Naidu,Rohan Naidu,9963118401,8288974428,lakshmi.naidu60579@parentmail.com,No Previous School,"695, Uppal, Hyderabad",School Bus,Route-01,AB-,Active,2026-09-09 18:52:26
60580,ADM60580,Kavya,Nair,D,Female,2013-12-02,8,4,C,2022-04-24,Telugu,Hindi,Priya Nair,Rahul Nair,9730030112,8814879008,kavya.nair60580@parentmail.com,No Previous School,"628, Kukatpally, Hyderabad",School Bus,Route-04,O+,Active,2026-08-28 08:06:34
60581,ADM60581,Keerthi,Das,J,Male,2013-05-07,8,7,C,2025-06-28,Hindi,Telugu,Keerthi Das,Vishal Das,9315211493,8805879842,keerthi.das60581@parentmail.com,Little Flower School,"373, Bachupally, Hyderabad",School Bus,Route-01,AB-,Active,2026-09-09 15:43:55
60582,ADM60582,Aishwarya,Menon,T,Male,2013-03-15,8,1,A,2019-04-05,Telugu,Hindi,Aadhya Menon,Harsha Menon,9132295174,8690243319,aishwarya.menon60582@parentmail.com,No Previous School,"824, Nizampet, Hyderabad",School Bus,Route-02,A-,Active,2026-08-02 14:58:11
60583,ADM60583,Pranav,Naidu,H,Male,2013-10-15,8,6,D,2024-06-13,Telugu,Hindi,Swathi Naidu,Harsha Naidu,9252635915,8314969544,pranav.naidu60583@parentmail.com,Brilliant Grammar School,"245, Nizampet, Hyderabad",School Bus,Route-10,A-,Active,2026-09-10 13:25:38
60584,ADM60584,Krishna,Sharma,I,Female,2013-02-22,8,4,A,2022-06-23,Telugu,Hindi,Swathi Sharma,Karthik Sharma,9500621760,8806021167,krishna.sharma60584@parentmail.com,Narayana School,"711, Secunderabad, Hyderabad",Walk,,A+,Active,2026-08-11 20:00:38
60585,ADM60585,Tarun,Chowdary,J,Female,2013-08-03,8,5,E,2023-07-19,Hindi,Telugu,Pooja Chowdary,Vishal Chowdary,9964936911,8312448363,tarun.chowdary60585@parentmail.com,Narayana School,"98, Nizampet, Hyderabad",School Bus,Route-01,AB-,Inactive,2026-08-01 09:04:25
60586,ADM60586,Aishwarya,Menon,F,Female,2013-08-09,8,8,D,2026-05-27,Telugu,Hindi,Divya Menon,Harsha Menon,9287663194,8778441662,aishwarya.menon60586@parentmail.com,Narayana School,"624, Bachupally, Hyderabad",Parent Drop,,AB-,Active,2026-09-08 19:03:54
60587,ADM60587,Harini,Iyer,W,Female,2013-02-01,8,6,A,2024-06-16,Telugu,Hindi,Priya Iyer,Nikhil Iyer,9440957529,8186197531,harini.iyer60587@parentmail.com,Sri Vidya High School,"997, Uppal, Hyderabad",School Bus,Route-08,O-,Active,2026-08-27 17:02:43
60588,ADM60588,Meghana,Reddy,D,Male,2013-11-02,8,3,C,2021-05-03,Hindi,Telugu,Lakshmi Reddy,Pranav Reddy,9437521311,8774101205,meghana.reddy60588@parentmail.com,Vikas High School,"701, Kukatpally, Hyderabad",Parent Drop,,A-,Active,2026-08-17 12:31:31
60589,ADM60589,Priya,Singh,X,Male,2013-01-01,8,1,E,2019-04-05,Hindi,Telugu,Kavya Singh,Manish Singh,9338494693,8866788145,priya.singh60589@parentmail.com,No Previous School,"490, Kukatpally, Hyderabad",School Bus,Route-03,AB-,Active,2026-09-05 09:44:54
60590,ADM60590,Rahul,Shetty,D,Female,2013-10-25,8,8,A,2026-04-13,Telugu,Hindi,Nandini Shetty,Rohan Shetty,9298774716,8949210455,rahul.shetty60590@parentmail.com,Sri Vidya High School,"533, Kondapur, Hyderabad",Private Van,Route-06,A-,Inactive,2026-09-06 19:24:44
60591,ADM60591,Kavya,Joshi,P,Male,2013-08-19,8,6,D,2024-05-07,Hindi,Telugu,Priya Joshi,Rahul Joshi,9798015670,8433636567,kavya.joshi60591@parentmail.com,St. Mary's School,"701, LB Nagar, Hyderabad",School Bus,Route-05,A-,Active,2026-08-17 07:55:16
60592,ADM60592,Ishita,Shetty,H,Male,2013-02-16,8,5,A,2023-06-05,Telugu,Hindi,Lakshmi Shetty,Vishal Shetty,9942401831,8810415419,ishita.shetty60592@parentmail.com,St. Mary's School,"689, Kondapur, Hyderabad",Walk,,A-,Active,2026-08-07 15:28:53
60593,ADM60593,Rahul,Mishra,H,Male,2013-01-05,8,6,E,2024-05-18,Telugu,Hindi,Ananya Mishra,Pranav Mishra,9348101260,8444819060,rahul.mishra60593@parentmail.com,Sri Vidya High School,"404, Dilsukhnagar, Hyderabad",School Bus,Route-02,A+,Active,2026-09-14 11:42:12
60594,ADM60594,Deepika,Joshi,Y,Female,2013-01-26,8,3,E,2021-04-14,Telugu,Hindi,Aishwarya Joshi,Surya Joshi,9809587757,8592707954,deepika.joshi60594@parentmail.com,St. Mary's School,"107, Kukatpally, Hyderabad",Walk,,B-,Active,2026-08-06 08:23:03
60595,ADM60595,Neha,Reddy,T,Female,2013-07-01,8,8,E,2026-05-10,Hindi,Telugu,Harini Reddy,Surya Reddy,9216580927,8920402138,neha.reddy60595@parentmail.com,St. Mary's School,"793, Uppal, Hyderabad",Parent Drop,,B-,Active,2026-08-17 18:10:32
60596,ADM60596,Bhavya,Shetty,E,Female,2013-03-15,8,1,D,2019-05-14,Hindi,Telugu,Swathi Shetty,Aditya Shetty,9838604719,8582197356,bhavya.shetty60596@parentmail.com,No Previous School,"406, Ameerpet, Hyderabad",School Bus,Route-04,A+,Active,2026-08-06 18:44:43
60597,ADM60597,Nandini,Menon,L,Male,2013-01-05,8,3,A,2021-06-02,Hindi,Telugu,Aadhya Menon,Sanjay Menon,9802304464,8989728778,nandini.menon60597@parentmail.com,Sri Chaitanya School,"575, Bachupally, Hyderabad",Private Van,Route-02,A-,Active,2026-09-02 18:52:43
60598,ADM60598,Priya,Naidu,T,Female,2013-11-05,8,6,C,2024-07-08,Hindi,Telugu,Swathi Naidu,Rahul Naidu,9486022310,8890728836,priya.naidu60598@parentmail.com,St. Mary's School,"468, Manikonda, Hyderabad",Bicycle,,B-,Active,2026-08-19 12:08:15
60599,ADM60599,Meghana,Nair,S,Male,2013-03-02,8,1,C,2019-07-05,Telugu,Hindi,Lakshmi Nair,Harsha Nair,9520760657,8457804287,meghana.nair60599@parentmail.com,No Previous School,"412, Manikonda, Hyderabad",Parent Drop,,AB+,Active,2026-09-13 18:01:31
60600,ADM60600,Vaishnavi,Rao,O,Male,2013-10-03,8,2,B,2020-06-07,Hindi,Telugu,Deepika Rao,Varun Rao,9392517653,8132930951,vaishnavi.rao60600@parentmail.com,Vikas High School,"493, Manikonda, Hyderabad",Parent Drop,,B+,Active,2026-08-25 13:07:06
60601,ADM60601,Rohan,Chowdary,U,Male,2013-11-17,8,6,E,2024-06-24,Telugu,Hindi,Ananya Chowdary,Tarun Chowdary,9457211574,8914700655,rohan.chowdary60601@parentmail.com,Vikas High School,"765, Kondapur, Hyderabad",Walk,,AB+,Active,2026-08-15 11:49:33
60602,ADM60602,Aishwarya,Joshi,U,Female,2013-11-02,8,8,E,2026-07-12,Telugu,Hindi,Sneha Joshi,Manish Joshi,9818041271,8957930297,aishwarya.joshi60602@parentmail.com,Little Flower School,"120, Kukatpally, Hyderabad",Bicycle,,B-,Active,2026-08-02 16:30:58
60603,ADM60603,Akash,Kulkarni,Z,Female,2013-01-05,8,6,B,2024-07-23,Telugu,Hindi,Aishwarya Kulkarni,Manish Kulkarni,9215401742,8807538068,akash.kulkarni60603@parentmail.com,Green Valley School,"976, Kukatpally, Hyderabad",Parent Drop,,AB-,Active,2026-09-05 10:23:46
60604,ADM60604,Pooja,Naidu,V,Female,2013-01-27,8,8,A,2026-04-28,Hindi,Telugu,Sneha Naidu,Sanjay Naidu,9901227149,8250967651,pooja.naidu60604@parentmail.com,Brilliant Grammar School,"988, Nizampet, Hyderabad",Parent Drop,,AB-,Active,2026-08-22 19:28:53
60605,ADM60605,Kavya,Singh,L,Male,2013-08-09,8,1,C,2019-06-27,Telugu,Hindi,Bhavya Singh,Rohan Singh,9397864101,8879696153,kavya.singh60605@parentmail.com,No Previous School,"969, Kukatpally, Hyderabad",Walk,,A+,Active,2026-08-18 12:10:58
60606,ADM60606,Sai,Yadav,V,Male,2013-03-05,8,5,A,2023-07-07,Hindi,Telugu,Sneha Yadav,Rahul Yadav,9716878191,8635705541,sai.yadav60606@parentmail.com,Sri Chaitanya School,"502, Uppal, Hyderabad",Parent Drop,,A+,Active,2026-08-27 12:26:41
60607,ADM60607,Vaishnavi,Mishra,I,Female,2013-12-18,8,3,A,2021-07-26,Hindi,Telugu,Deepika Mishra,Pranav Mishra,9128225393,8574276482,vaishnavi.mishra60607@parentmail.com,No Previous School,"201, Miyapur, Hyderabad",Parent Drop,,B-,Active,2026-08-09 13:44:40
60608,ADM60608,Aishwarya,Joshi,L,Female,2013-02-17,8,8,A,2026-04-07,Hindi,Telugu,Kavya Joshi,Surya Joshi,9258501461,8206099266,aishwarya.joshi60608@parentmail.com,Oxford Public School,"472, Miyapur, Hyderabad",School Bus,Route-02,O-,Active,2026-09-12 19:10:13
60609,ADM60609,Rohan,Gupta,L,Female,2013-07-21,8,7,D,2025-05-10,Telugu,Hindi,Swathi Gupta,Nikhil Gupta,9820507629,8769752585,rohan.gupta60609@parentmail.com,Vikas High School,"932, Dilsukhnagar, Hyderabad",Private Van,Route-04,A+,Transferred,2026-09-14 16:33:54
60610,ADM60610,Aadhya,Menon,O,Male,2013-06-01,8,2,B,2020-06-28,Telugu,Hindi,Keerthi Menon,Manish Menon,9977193562,8597875077,aadhya.menon60610@parentmail.com,Sri Chaitanya School,"23, Miyapur, Hyderabad",School Bus,Route-01,AB-,Transferred,2026-08-03 16:02:30
60611,ADM60611,Deepika,Joshi,M,Male,2013-10-15,8,2,D,2020-06-15,Hindi,Telugu,Aadhya Joshi,Vishal Joshi,9649446273,8620401263,deepika.joshi60611@parentmail.com,Little Flower School,"93, Nizampet, Hyderabad",Parent Drop,,AB-,Active,2026-09-07 18:35:09
60612,ADM60612,Vaishnavi,Patel,C,Male,2013-08-11,8,1,E,2019-07-23,Telugu,Hindi,Meghana Patel,Rohan Patel,9866460137,8908813106,vaishnavi.patel60612@parentmail.com,No Previous School,"730, Kondapur, Hyderabad",School Bus,Route-06,AB+,Active,2026-08-03 15:54:43
60613,ADM60613,Nikhil,Sharma,U,Female,2013-12-07,8,5,A,2023-05-27,Hindi,Telugu,Neha Sharma,Pranav Sharma,9272424045,8660877632,nikhil.sharma60613@parentmail.com,Vikas High School,"123, Kukatpally, Hyderabad",School Bus,Route-07,AB-,Active,2026-08-09 08:02:34
60614,ADM60614,Vaishnavi,Gupta,O,Female,2013-03-12,8,1,C,2019-07-09,Hindi,Telugu,Vaishnavi Gupta,Vishal Gupta,9135784076,8995782518,vaishnavi.gupta60614@parentmail.com,No Previous School,"165, Kukatpally, Hyderabad",Private Van,Route-04,A-,Active,2026-08-15 11:48:13
60615,ADM60615,Aishwarya,Patel,M,Male,2013-09-22,8,1,B,2019-06-27,Telugu,Hindi,Keerthi Patel,Pranav Patel,9910807073,8922242922,aishwarya.patel60615@parentmail.com,No Previous School,"755, Dilsukhnagar, Hyderabad",School Bus,Route-08,A-,Active,2026-08-24 17:59:05
60616,ADM60616,Rahul,Singh,K,Female,2013-11-20,8,1,A,2019-06-16,Telugu,Hindi,Meghana Singh,Sai Singh,9604348005,8316841199,rahul.singh60616@parentmail.com,No Previous School,"663, Ameerpet, Hyderabad",Public Transport,,B+,Active,2026-08-15 13:22:20
60617,ADM60617,Swathi,Rao,D,Male,2013-09-14,8,2,B,2020-07-07,Telugu,Hindi,Bhavya Rao,Akash Rao,9733908553,8143105999,swathi.rao60617@parentmail.com,New Horizon School,"910, Manikonda, Hyderabad",School Bus,Route-08,B+,Active,2026-09-03 10:03:51
60618,ADM60618,Nikhil,Rao,F,Female,2013-12-04,8,1,A,2019-05-10,Hindi,Telugu,Bhavya Rao,Aditya Rao,9359591563,8540356978,nikhil.rao60618@parentmail.com,No Previous School,"248, Madhapur, Hyderabad",School Bus,Route-10,A-,Active,2026-09-08 18:09:15
60619,ADM60619,Sai,Kulkarni,P,Female,2013-07-15,8,1,A,2019-06-09,Hindi,Telugu,Harini Kulkarni,Nikhil Kulkarni,9657180836,8307966274,sai.kulkarni60619@parentmail.com,No Previous School,"3, Ameerpet, Hyderabad",School Bus,Route-02,AB+,Active,2026-09-08 12:33:57
60620,ADM60620,Vijay,Das,H,Female,2013-10-05,8,1,B,2019-07-09,Hindi,Telugu,Ishita Das,Manish Das,9311081612,8141489470,vijay.das60620@parentmail.com,No Previous School,"208, LB Nagar, Hyderabad",School Bus,Route-02,O+,Active,2026-09-12 16:14:02
60621,ADM60621,Charan,Menon,Z,Male,2013-03-04,8,5,D,2023-04-26,Telugu,Hindi,Sneha Menon,Rohan Menon,9490426570,8646926465,charan.menon60621@parentmail.com,Little Flower School,"234, Uppal, Hyderabad",Parent Drop,,B+,Active,2026-08-29 09:35:47
60622,ADM60622,Deepika,Rao,H,Male,2013-06-13,8,6,A,2024-06-17,Telugu,Hindi,Nandini Rao,Nikhil Rao,9413030797,8823889349,deepika.rao60622@parentmail.com,Green Valley School,"691, Bachupally, Hyderabad",Private Van,Route-10,O-,Active,2026-09-13 17:18:11
60623,ADM60623,Karthik,Mishra,G,Male,2013-11-05,8,1,E,2019-07-25,Hindi,Telugu,Lakshmi Mishra,Charan Mishra,9870528078,8549730866,karthik.mishra60623@parentmail.com,No Previous School,"479, Bachupally, Hyderabad",Parent Drop,,A-,Active,2026-09-02 11:23:58
60624,ADM60624,Akash,Sharma,K,Male,2013-09-06,8,2,B,2020-04-17,Hindi,Telugu,Aishwarya Sharma,Akash Sharma,9808745223,8846128141,akash.sharma60624@parentmail.com,Green Valley School,"676, Bachupally, Hyderabad",Private Van,Route-03,B+,Active,2026-08-29 18:07:02
60625,ADM60625,Charan,Naidu,O,Female,2013-07-02,8,3,C,2021-04-20,Telugu,Hindi,Aishwarya Naidu,Akash Naidu,9474723556,8690098354,charan.naidu60625@parentmail.com,Green Valley School,"863, Kondapur, Hyderabad",School Bus,Route-01,B+,Active,2026-08-22 13:01:28
60626,ADM60626,Varun,Goud,U,Female,2013-06-05,8,1,A,2019-06-11,Hindi,Telugu,Sahithi Goud,Nikhil Goud,9617563649,8678025899,varun.goud60626@parentmail.com,No Previous School,"34, Ameerpet, Hyderabad",School Bus,Route-02,AB-,Active,2026-08-02 16:09:08
60627,ADM60627,Deepika,Patel,U,Male,2013-12-19,8,7,E,2025-06-28,Telugu,Hindi,Swathi Patel,Sai Patel,9876265112,8378964144,deepika.patel60627@parentmail.com,Vikas High School,"325, Kondapur, Hyderabad",Private Van,Route-09,O-,Active,2026-09-11 11:26:56
60628,ADM60628,Sanjay,Naidu,D,Male,2013-10-20,8,2,C,2020-06-12,Hindi,Telugu,Priya Naidu,Harsha Naidu,9487370713,8185672686,sanjay.naidu60628@parentmail.com,Sri Chaitanya School,"781, Kukatpally, Hyderabad",School Bus,Route-03,AB+,Active,2026-08-14 10:45:04
60629,ADM60629,Swathi,Singh,T,Female,2013-02-03,8,5,D,2023-05-22,Hindi,Telugu,Harini Singh,Rahul Singh,9128964430,8316967482,swathi.singh60629@parentmail.com,Oxford Public School,"828, LB Nagar, Hyderabad",School Bus,Route-05,O-,Active,2026-08-21 10:05:11
60630,ADM60630,Priya,Kumar,K,Male,2013-02-04,8,2,C,2020-04-23,Telugu,Hindi,Sahithi Kumar,Krishna Kumar,9684629828,8423443619,priya.kumar60630@parentmail.com,Vikas High School,"789, Dilsukhnagar, Hyderabad",School Bus,Route-03,A-,Active,2026-09-11 16:37:43
60631,ADM60631,Neha,Nair,F,Male,2013-11-15,8,3,E,2021-05-02,Hindi,Telugu,Deepika Nair,Varun Nair,9857357726,8322680293,neha.nair60631@parentmail.com,Sri Vidya High School,"347, Bachupally, Hyderabad",School Bus,Route-01,B+,Active,2026-09-03 10:03:11
60632,ADM60632,Meghana,Sharma,K,Male,2013-01-04,8,3,B,2021-05-06,Telugu,Hindi,Divya Sharma,Rohan Sharma,9822575929,8386014750,meghana.sharma60632@parentmail.com,New Horizon School,"686, Secunderabad, Hyderabad",Parent Drop,,B-,Active,2026-09-13 18:40:51
60633,ADM60633,Aadhya,Iyer,O,Male,2013-09-24,8,5,C,2023-04-03,Telugu,Hindi,Priya Iyer,Aditya Iyer,9163755681,8574707496,aadhya.iyer60633@parentmail.com,Little Flower School,"815, Bachupally, Hyderabad",Bicycle,,O-,Active,2026-09-09 16:06:04
60634,ADM60634,Kavya,Das,Q,Female,2013-09-16,8,4,A,2022-05-28,Telugu,Hindi,Keerthi Das,Nikhil Das,9188903195,8188797421,kavya.das60634@parentmail.com,Sri Vidya High School,"767, Secunderabad, Hyderabad",School Bus,Route-02,B-,Active,2026-08-11 15:06:34
60635,ADM60635,Keerthi,Goud,J,Male,2013-06-01,8,2,B,2020-06-18,Hindi,Telugu,Sahithi Goud,Rahul Goud,9254852858,8296010853,keerthi.goud60635@parentmail.com,Green Valley School,"476, Madhapur, Hyderabad",Parent Drop,,O-,Active,2026-09-12 19:24:08
60636,ADM60636,Manish,Shetty,Z,Female,2013-04-03,8,4,A,2022-06-07,Telugu,Hindi,Ishita Shetty,Harsha Shetty,9388763045,8531101960,manish.shetty60636@parentmail.com,New Horizon School,"832, Manikonda, Hyderabad",Private Van,Route-02,O-,Active,2026-08-16 13:32:05
60637,ADM60637,Neha,Mishra,V,Female,2013-04-23,8,4,D,2022-06-22,Telugu,Hindi,Neha Mishra,Sanjay Mishra,9129709146,8986478255,neha.mishra60637@parentmail.com,Brilliant Grammar School,"947, Madhapur, Hyderabad",School Bus,Route-05,AB+,Active,2026-08-24 20:26:38
60638,ADM60638,Divya,Chowdary,Y,Female,2013-11-10,8,4,A,2022-05-18,Telugu,Hindi,Divya Chowdary,Nikhil Chowdary,9872927396,8947849582,divya.chowdary60638@parentmail.com,Little Flower School,"675, LB Nagar, Hyderabad",Parent Drop,,B+,Active,2026-09-04 07:35:49
60639,ADM60639,Aadhya,Mishra,P,Male,2013-09-01,8,2,B,2020-04-22,Telugu,Hindi,Priya Mishra,Charan Mishra,9724847578,8317866628,aadhya.mishra60639@parentmail.com,No Previous School,"539, Ameerpet, Hyderabad",Parent Drop,,O-,Active,2026-08-24 20:03:18
60640,ADM60640,Divya,Verma,A,Female,2013-04-25,8,1,B,2019-04-13,Telugu,Hindi,Kavya Verma,Manish Verma,9475200427,8377501028,divya.verma60640@parentmail.com,No Previous School,"864, Uppal, Hyderabad",Parent Drop,,A-,Active,2026-09-01 12:06:46
60641,ADM60641,Karthik,Goud,G,Female,2013-03-17,8,1,A,2019-05-23,Telugu,Hindi,Aadhya Goud,Arjun Goud,9389308303,8339737678,karthik.goud60641@parentmail.com,No Previous School,"317, Secunderabad, Hyderabad",School Bus,Route-05,B-,Active,2026-08-23 08:07:02
60642,ADM60642,Rohan,Gupta,N,Female,2013-09-09,8,7,A,2025-06-05,Telugu,Hindi,Divya Gupta,Charan Gupta,9244551635,8820928417,rohan.gupta60642@parentmail.com,Green Valley School,"49, Madhapur, Hyderabad",School Bus,Route-06,AB-,Active,2026-08-30 18:40:41
60643,ADM60643,Priya,Sharma,X,Male,2013-01-16,8,8,A,2026-07-28,Hindi,Telugu,Swathi Sharma,Arjun Sharma,9623506426,8880092901,priya.sharma60643@parentmail.com,Sri Vidya High School,"72, Manikonda, Hyderabad",Private Van,Route-04,O+,Active,2026-08-24 07:54:08
60644,ADM60644,Vijay,Kulkarni,W,Female,2013-01-23,8,7,C,2025-07-28,Hindi,Telugu,Deepika Kulkarni,Vishal Kulkarni,9871919689,8325220767,vijay.kulkarni60644@parentmail.com,St. Mary's School,"763, Secunderabad, Hyderabad",School Bus,Route-06,B-,Active,2026-09-13 20:29:32
60645,ADM60645,Keerthi,Verma,Z,Male,2013-11-03,8,1,E,2019-07-21,Telugu,Hindi,Neha Verma,Karthik Verma,9275327648,8452319846,keerthi.verma60645@parentmail.com,No Previous School,"556, LB Nagar, Hyderabad",School Bus,Route-07,O-,Active,2026-08-09 15:09:08
60646,ADM60646,Deepika,Shetty,B,Female,2013-07-10,8,4,B,2022-04-14,Telugu,Hindi,Neha Shetty,Sanjay Shetty,9551534155,8411711043,deepika.shetty60646@parentmail.com,Sri Chaitanya School,"324, Manikonda, Hyderabad",School Bus,Route-02,O+,Active,2026-08-15 15:33:25
60647,ADM60647,Sai,Yadav,D,Female,2013-02-07,8,2,B,2020-07-09,Telugu,Hindi,Keerthi Yadav,Tarun Yadav,9376692747,8179367743,sai.yadav60647@parentmail.com,St. Mary's School,"770, Nizampet, Hyderabad",School Bus,Route-02,AB-,Active,2026-09-14 07:38:25
60648,ADM60648,Ishita,Rao,D,Female,2013-10-10,8,2,A,2020-06-14,Hindi,Telugu,Lakshmi Rao,Harsha Rao,9499736190,8876640046,ishita.rao60648@parentmail.com,Oxford Public School,"466, Manikonda, Hyderabad",Walk,,O-,Inactive,2026-08-30 19:10:49
60649,ADM60649,Sahithi,Rao,L,Female,2013-03-13,8,1,A,2019-06-03,Telugu,Hindi,Deepika Rao,Charan Rao,9130427763,8445508690,sahithi.rao60649@parentmail.com,No Previous School,"115, Miyapur, Hyderabad",Private Van,Route-04,A-,Active,2026-08-01 09:05:30
60650,ADM60650,Aishwarya,Nair,M,Female,2013-10-06,8,5,C,2023-04-17,Hindi,Telugu,Ananya Nair,Aarav Nair,9923418382,8328228832,aishwarya.nair60650@parentmail.com,Oxford Public School,"987, Kukatpally, Hyderabad",Public Transport,,O-,Active,2026-09-01 20:55:14
60651,ADM60651,Sanjay,Yadav,W,Male,2013-01-03,8,1,B,2019-05-10,Hindi,Telugu,Vaishnavi Yadav,Akash Yadav,9655642122,8582058132,sanjay.yadav60651@parentmail.com,No Previous School,"816, Kondapur, Hyderabad",School Bus,Route-01,B+,Active,2026-08-11 13:15:45
60652,ADM60652,Bhavya,Verma,F,Male,2013-09-24,8,6,D,2024-06-20,Hindi,Telugu,Aishwarya Verma,Varun Verma,9268731140,8195316849,bhavya.verma60652@parentmail.com,Oxford Public School,"204, Bachupally, Hyderabad",School Bus,Route-05,B-,Active,2026-08-22 18:07:59
60653,ADM60653,Vishal,Naidu,G,Female,2013-11-05,8,8,C,2026-04-28,Hindi,Telugu,Neha Naidu,Sai Naidu,9732969185,8977891065,vishal.naidu60653@parentmail.com,Vikas High School,"435, Kukatpally, Hyderabad",School Bus,Route-08,AB+,Active,2026-08-12 17:17:23
60654,ADM60654,Surya,Verma,U,Male,2013-01-21,8,5,B,2023-06-28,Telugu,Hindi,Pooja Verma,Karthik Verma,9437958777,8271601016,surya.verma60654@parentmail.com,Narayana School,"182, Dilsukhnagar, Hyderabad",School Bus,Route-01,A+,Active,2026-08-08 14:07:49
60655,ADM60655,Nandini,Nair,L,Male,2013-06-09,8,2,E,2020-05-21,Hindi,Telugu,Sahithi Nair,Tarun Nair,9960544946,8870377573,nandini.nair60655@parentmail.com,No Previous School,"534, LB Nagar, Hyderabad",School Bus,Route-02,B+,Active,2026-08-23 17:22:52
60656,ADM60656,Sanjay,Naidu,F,Male,2013-05-20,8,4,E,2022-07-22,Telugu,Hindi,Pooja Naidu,Nikhil Naidu,9732178565,8409601000,sanjay.naidu60656@parentmail.com,New Horizon School,"543, Secunderabad, Hyderabad",Private Van,Route-07,A-,Active,2026-08-18 19:24:30
60657,ADM60657,Aishwarya,Yadav,M,Male,2013-04-17,8,8,A,2026-04-25,Hindi,Telugu,Ananya Yadav,Rohan Yadav,9691042312,8225009554,aishwarya.yadav60657@parentmail.com,Brilliant Grammar School,"453, Kukatpally, Hyderabad",Private Van,Route-01,A-,Active,2026-08-17 14:06:00
60658,ADM60658,Sahithi,Kulkarni,J,Male,2013-11-15,8,4,C,2022-04-11,Hindi,Telugu,Pooja Kulkarni,Akash Kulkarni,9113006044,8971087985,sahithi.kulkarni60658@parentmail.com,Little Flower School,"291, Madhapur, Hyderabad",School Bus,Route-09,A+,Active,2026-09-10 18:42:21
60659,ADM60659,Ananya,Goud,L,Female,2013-11-09,8,7,B,2025-04-10,Telugu,Hindi,Nandini Goud,Nikhil Goud,9215376381,8319097625,ananya.goud60659@parentmail.com,Green Valley School,"624, Secunderabad, Hyderabad",Private Van,Route-05,A-,Active,2026-08-09 16:57:38
60660,ADM60660,Ananya,Rao,I,Female,2013-09-06,8,1,C,2019-07-08,Telugu,Hindi,Neha Rao,Vishal Rao,9812144921,8330720441,ananya.rao60660@parentmail.com,No Previous School,"206, Miyapur, Hyderabad",Parent Drop,,B+,Active,2026-09-01 11:55:10
60661,ADM60661,Ishita,Iyer,I,Female,2012-03-05,9,3,E,2020-05-16,Telugu,Hindi,Nandini Iyer,Arjun Iyer,9943654149,8298071999,ishita.iyer60661@parentmail.com,St. Mary's School,"142, Kondapur, Hyderabad",School Bus,Route-04,B-,Active,2026-08-28 09:42:12
60662,ADM60662,Sneha,Das,N,Female,2012-09-26,9,5,A,2022-06-23,Hindi,Telugu,Harini Das,Nikhil Das,9910195568,8799262869,sneha.das60662@parentmail.com,Sri Vidya High School,"705, Bachupally, Hyderabad",School Bus,Route-08,B+,Active,2026-08-15 17:46:17
60663,ADM60663,Vishal,Yadav,R,Male,2012-05-17,9,7,A,2024-04-01,Hindi,Telugu,Priya Yadav,Nikhil Yadav,9239152278,8223987280,vishal.yadav60663@parentmail.com,No Previous School,"721, Kondapur, Hyderabad",School Bus,Route-03,B-,Active,2026-08-18 13:15:03
60664,ADM60664,Tarun,Mishra,G,Female,2012-07-07,9,7,D,2024-05-02,Telugu,Hindi,Aadhya Mishra,Charan Mishra,9514463606,8839286278,tarun.mishra60664@parentmail.com,Narayana School,"960, Nizampet, Hyderabad",Parent Drop,,A-,Active,2026-08-27 09:22:02
60665,ADM60665,Vijay,Kumar,X,Male,2012-02-09,9,8,D,2025-04-15,Hindi,Telugu,Deepika Kumar,Pranav Kumar,9496786659,8811465908,vijay.kumar60665@parentmail.com,New Horizon School,"325, Kondapur, Hyderabad",School Bus,Route-01,AB+,Active,2026-09-02 11:29:35
60666,ADM60666,Aditya,Patel,V,Male,2012-08-15,9,5,E,2022-05-26,Hindi,Telugu,Swathi Patel,Arjun Patel,9619167122,8696374288,aditya.patel60666@parentmail.com,Brilliant Grammar School,"689, Manikonda, Hyderabad",Bicycle,,AB-,Active,2026-09-07 09:14:05
60667,ADM60667,Meghana,Singh,E,Female,2012-05-10,9,1,A,2018-07-23,Hindi,Telugu,Deepika Singh,Rahul Singh,9447280468,8601587126,meghana.singh60667@parentmail.com,No Previous School,"397, Kondapur, Hyderabad",Parent Drop,,A-,Active,2026-09-13 16:21:27
60668,ADM60668,Ananya,Shetty,I,Male,2012-09-14,9,1,E,2018-06-08,Telugu,Hindi,Sneha Shetty,Rohan Shetty,9451960530,8639944308,ananya.shetty60668@parentmail.com,No Previous School,"563, Ameerpet, Hyderabad",Parent Drop,,B-,Active,2026-09-12 09:35:33
60669,ADM60669,Vishal,Kumar,Z,Male,2012-12-11,9,4,D,2021-06-17,Telugu,Hindi,Ishita Kumar,Varun Kumar,9849650358,8587850001,vishal.kumar60669@parentmail.com,St. Mary's School,"14, Kukatpally, Hyderabad",Parent Drop,,O+,Active,2026-08-31 13:32:34
60670,ADM60670,Aadhya,Mishra,R,Male,2012-04-25,9,6,C,2023-07-05,Telugu,Hindi,Kavya Mishra,Akash Mishra,9163807164,8972062843,aadhya.mishra60670@parentmail.com,Brilliant Grammar School,"82, Madhapur, Hyderabad",Bicycle,,A-,Active,2026-08-17 18:36:59
60671,ADM60671,Keerthi,Yadav,U,Male,2012-10-28,9,1,B,2018-06-24,Hindi,Telugu,Sneha Yadav,Charan Yadav,9129206250,8881880203,keerthi.yadav60671@parentmail.com,No Previous School,"751, Uppal, Hyderabad",Private Van,Route-07,B+,Active,2026-09-04 09:48:44
60672,ADM60672,Krishna,Gupta,X,Male,2012-11-08,9,7,D,2024-04-25,Hindi,Telugu,Divya Gupta,Rahul Gupta,9949531050,8737015835,krishna.gupta60672@parentmail.com,No Previous School,"353, Manikonda, Hyderabad",School Bus,Route-10,O+,Active,2026-08-10 13:35:41
60673,ADM60673,Surya,Singh,Z,Male,2012-11-23,9,8,D,2025-06-18,Hindi,Telugu,Sahithi Singh,Varun Singh,9297954021,8680526851,surya.singh60673@parentmail.com,Narayana School,"318, Dilsukhnagar, Hyderabad",Parent Drop,,O-,Active,2026-08-15 08:29:08
60674,ADM60674,Varun,Reddy,Z,Male,2012-11-27,9,5,C,2022-07-09,Hindi,Telugu,Divya Reddy,Krishna Reddy,9592065567,8346213993,varun.reddy60674@parentmail.com,Narayana School,"57, Miyapur, Hyderabad",School Bus,Route-02,O-,Active,2026-09-02 12:24:55
60675,ADM60675,Bhavya,Patel,Q,Male,2012-09-09,9,5,D,2022-07-05,Telugu,Hindi,Ananya Patel,Sai Patel,9947006249,8347085981,bhavya.patel60675@parentmail.com,Sri Vidya High School,"302, Bachupally, Hyderabad",Parent Drop,,B+,Active,2026-08-17 19:04:16
60676,ADM60676,Vaishnavi,Das,T,Female,2012-04-07,9,1,B,2018-06-24,Hindi,Telugu,Priya Das,Sanjay Das,9977514811,8325542519,vaishnavi.das60676@parentmail.com,No Previous School,"187, Madhapur, Hyderabad",School Bus,Route-02,O-,Active,2026-09-11 11:28:47
60677,ADM60677,Aishwarya,Das,E,Female,2012-09-13,9,9,E,2026-05-21,Telugu,Hindi,Vaishnavi Das,Vijay Das,9135148558,8383163228,aishwarya.das60677@parentmail.com,Sri Vidya High School,"203, Bachupally, Hyderabad",Private Van,Route-07,O+,Active,2026-08-11 07:46:09
60678,ADM60678,Krishna,Das,K,Male,2012-06-26,9,2,E,2019-06-04,Telugu,Hindi,Vaishnavi Das,Tarun Das,9371649188,8254827844,krishna.das60678@parentmail.com,Sunrise Model School,"539, Dilsukhnagar, Hyderabad",Parent Drop,,A-,Active,2026-08-10 07:17:53
60679,ADM60679,Surya,Kulkarni,R,Female,2012-04-26,9,1,B,2018-04-25,Hindi,Telugu,Aadhya Kulkarni,Nikhil Kulkarni,9689702359,8744543670,surya.kulkarni60679@parentmail.com,No Previous School,"3, Kondapur, Hyderabad",School Bus,Route-06,A-,Active,2026-08-09 16:16:43
60680,ADM60680,Swathi,Gupta,F,Male,2012-01-09,9,2,B,2019-06-24,Hindi,Telugu,Ishita Gupta,Aditya Gupta,9292954634,8710478747,swathi.gupta60680@parentmail.com,Brilliant Grammar School,"569, Dilsukhnagar, Hyderabad",Bicycle,,O+,Active,2026-08-26 18:35:15
60681,ADM60681,Pooja,Gupta,K,Female,2012-09-25,9,6,B,2023-05-04,Hindi,Telugu,Harini Gupta,Charan Gupta,9446071102,8601788401,pooja.gupta60681@parentmail.com,Sunrise Model School,"171, Kukatpally, Hyderabad",Walk,,AB+,Active,2026-08-25 20:25:49
60682,ADM60682,Vijay,Sharma,L,Female,2012-12-22,9,8,A,2025-05-22,Hindi,Telugu,Pooja Sharma,Sai Sharma,9430840245,8882489208,vijay.sharma60682@parentmail.com,Brilliant Grammar School,"538, Kondapur, Hyderabad",Private Van,Route-05,B-,Active,2026-08-15 13:37:11
60683,ADM60683,Keerthi,Mishra,J,Female,2012-01-26,9,4,C,2021-07-28,Hindi,Telugu,Swathi Mishra,Karthik Mishra,9223270319,8294373372,keerthi.mishra60683@parentmail.com,New Horizon School,"738, Manikonda, Hyderabad",Public Transport,,A-,Active,2026-08-24 16:34:15
60684,ADM60684,Ananya,Menon,K,Female,2012-08-28,9,1,C,2018-04-05,Hindi,Telugu,Vaishnavi Menon,Karthik Menon,9301346465,8107674539,ananya.menon60684@parentmail.com,No Previous School,"214, Bachupally, Hyderabad",School Bus,Route-04,B-,Active,2026-08-15 10:46:12
60685,ADM60685,Vijay,Das,E,Female,2012-12-05,9,5,C,2022-04-05,Hindi,Telugu,Bhavya Das,Rohan Das,9222736366,8305817427,vijay.das60685@parentmail.com,Vikas High School,"681, Bachupally, Hyderabad",Walk,,B-,Active,2026-08-01 08:07:31
60686,ADM60686,Aadhya,Shetty,J,Female,2012-08-09,9,3,A,2020-04-14,Hindi,Telugu,Keerthi Shetty,Karthik Shetty,9585523842,8674550861,aadhya.shetty60686@parentmail.com,Sri Vidya High School,"193, Kondapur, Hyderabad",Public Transport,,AB-,Active,2026-08-01 12:33:05
60687,ADM60687,Akash,Naidu,D,Male,2012-04-02,9,2,D,2019-04-25,Telugu,Hindi,Vaishnavi Naidu,Nikhil Naidu,9237212236,8636192603,akash.naidu60687@parentmail.com,Vikas High School,"132, Bachupally, Hyderabad",Private Van,Route-05,B-,Inactive,2026-09-03 10:23:08
60688,ADM60688,Arjun,Kumar,V,Female,2012-12-09,9,1,C,2018-04-04,Telugu,Hindi,Ananya Kumar,Manish Kumar,9147429836,8455943705,arjun.kumar60688@parentmail.com,No Previous School,"681, Uppal, Hyderabad",School Bus,Route-05,AB+,Active,2026-08-07 14:30:58
60689,ADM60689,Neha,Rao,Q,Female,2012-06-03,9,7,C,2024-06-01,Hindi,Telugu,Nandini Rao,Charan Rao,9986128840,8260962249,neha.rao60689@parentmail.com,Narayana School,"981, LB Nagar, Hyderabad",Parent Drop,,O-,Active,2026-08-21 15:15:57
60690,ADM60690,Aishwarya,Chowdary,X,Female,2012-06-19,9,2,C,2019-05-04,Hindi,Telugu,Meghana Chowdary,Tarun Chowdary,9882979304,8479408453,aishwarya.chowdary60690@parentmail.com,Sunrise Model School,"571, Miyapur, Hyderabad",School Bus,Route-06,O+,Active,2026-08-03 19:01:44
60691,ADM60691,Surya,Rao,M,Male,2012-04-08,9,1,E,2018-04-12,Telugu,Hindi,Aadhya Rao,Tarun Rao,9365069928,8729927230,surya.rao60691@parentmail.com,No Previous School,"388, Ameerpet, Hyderabad",Private Van,Route-06,O+,Active,2026-09-03 07:11:38
60692,ADM60692,Krishna,Patel,G,Female,2012-07-06,9,7,C,2024-05-10,Hindi,Telugu,Sahithi Patel,Charan Patel,9585205434,8187416290,krishna.patel60692@parentmail.com,Vikas High School,"795, Manikonda, Hyderabad",School Bus,Route-07,AB+,Active,2026-08-27 15:04:26
60693,ADM60693,Aarav,Mishra,R,Female,2012-02-01,9,5,D,2022-07-08,Hindi,Telugu,Nandini Mishra,Varun Mishra,9353957380,8682477307,aarav.mishra60693@parentmail.com,Little Flower School,"283, LB Nagar, Hyderabad",Private Van,Route-07,A-,Active,2026-08-02 09:55:27
60694,ADM60694,Pranav,Das,E,Male,2012-09-13,9,5,A,2022-04-15,Telugu,Hindi,Meghana Das,Akash Das,9181501627,8103732922,pranav.das60694@parentmail.com,Sri Vidya High School,"298, Miyapur, Hyderabad",Parent Drop,,AB-,Active,2026-08-06 09:01:04
60695,ADM60695,Meghana,Sharma,J,Male,2012-12-17,9,2,C,2019-04-16,Telugu,Hindi,Swathi Sharma,Arjun Sharma,9348024898,8798252961,meghana.sharma60695@parentmail.com,Little Flower School,"482, Uppal, Hyderabad",School Bus,Route-01,O-,Active,2026-09-02 17:58:33
60696,ADM60696,Aadhya,Menon,U,Male,2012-10-10,9,3,C,2020-04-18,Hindi,Telugu,Swathi Menon,Rahul Menon,9757967805,8379830347,aadhya.menon60696@parentmail.com,Sri Vidya High School,"428, Dilsukhnagar, Hyderabad",Parent Drop,,AB-,Active,2026-08-24 14:47:26
60697,ADM60697,Harsha,Yadav,F,Female,2012-02-17,9,7,B,2024-05-04,Hindi,Telugu,Kavya Yadav,Vijay Yadav,9741972990,8737363126,harsha.yadav60697@parentmail.com,Vikas High School,"51, Ameerpet, Hyderabad",School Bus,Route-09,AB+,Active,2026-08-14 17:01:00
60698,ADM60698,Sanjay,Shetty,O,Female,2012-02-23,9,1,D,2018-07-05,Telugu,Hindi,Pooja Shetty,Sanjay Shetty,9240482158,8603997976,sanjay.shetty60698@parentmail.com,No Previous School,"812, Uppal, Hyderabad",Private Van,Route-04,AB-,Active,2026-08-03 17:02:47
60699,ADM60699,Nikhil,Singh,P,Female,2012-02-21,9,4,C,2021-05-08,Hindi,Telugu,Kavya Singh,Aditya Singh,9280644953,8730476352,nikhil.singh60699@parentmail.com,Brilliant Grammar School,"881, Kukatpally, Hyderabad",Parent Drop,,A-,Active,2026-09-13 09:06:05
60700,ADM60700,Bhavya,Rao,Q,Female,2012-05-25,9,8,A,2025-07-17,Telugu,Hindi,Harini Rao,Tarun Rao,9293193898,8177928893,bhavya.rao60700@parentmail.com,Sri Chaitanya School,"87, Ameerpet, Hyderabad",School Bus,Route-08,O+,Active,2026-08-12 12:32:35
60701,ADM60701,Surya,Mishra,I,Female,2012-01-08,9,1,C,2018-05-01,Telugu,Hindi,Bhavya Mishra,Vijay Mishra,9931148767,8540187749,surya.mishra60701@parentmail.com,No Previous School,"24, LB Nagar, Hyderabad",School Bus,Route-04,A+,Active,2026-09-01 17:18:24
60702,ADM60702,Deepika,Sharma,Q,Female,2012-10-28,9,3,D,2020-05-24,Telugu,Hindi,Meghana Sharma,Vishal Sharma,9596699478,8357267276,deepika.sharma60702@parentmail.com,Sri Chaitanya School,"60, Uppal, Hyderabad",Private Van,Route-09,AB-,Active,2026-08-23 08:21:17
60703,ADM60703,Krishna,Chowdary,A,Female,2012-02-14,9,7,E,2024-06-28,Hindi,Telugu,Sahithi Chowdary,Nikhil Chowdary,9340641182,8265692075,krishna.chowdary60703@parentmail.com,New Horizon School,"142, Secunderabad, Hyderabad",School Bus,Route-03,B-,Active,2026-08-22 14:28:44
60704,ADM60704,Lakshmi,Singh,M,Female,2012-05-17,9,8,D,2025-04-03,Telugu,Hindi,Aishwarya Singh,Pranav Singh,9430988539,8533436717,lakshmi.singh60704@parentmail.com,Green Valley School,"139, Dilsukhnagar, Hyderabad",Public Transport,,O+,Active,2026-08-19 19:46:56
60705,ADM60705,Aditya,Gupta,D,Male,2012-08-26,9,1,A,2018-07-24,Hindi,Telugu,Kavya Gupta,Aarav Gupta,9106547519,8584135966,aditya.gupta60705@parentmail.com,No Previous School,"637, Secunderabad, Hyderabad",Bicycle,,B-,Active,2026-08-01 10:52:27
60706,ADM60706,Krishna,Menon,Y,Female,2012-07-19,9,4,B,2021-07-07,Hindi,Telugu,Harini Menon,Arjun Menon,9469132396,8126597511,krishna.menon60706@parentmail.com,Oxford Public School,"387, Kondapur, Hyderabad",School Bus,Route-08,B-,Active,2026-08-09 18:43:43
60707,ADM60707,Aadhya,Mishra,Y,Male,2012-10-10,9,7,C,2024-05-24,Telugu,Hindi,Harini Mishra,Tarun Mishra,9214043637,8993198142,aadhya.mishra60707@parentmail.com,Vikas High School,"125, Miyapur, Hyderabad",Private Van,Route-01,A+,Active,2026-08-19 13:50:03
60708,ADM60708,Aadhya,Verma,U,Male,2012-11-23,9,2,C,2019-06-19,Hindi,Telugu,Bhavya Verma,Vishal Verma,9972793136,8745857644,aadhya.verma60708@parentmail.com,Vikas High School,"345, Kondapur, Hyderabad",Parent Drop,,B+,Active,2026-08-03 14:27:32
60709,ADM60709,Ananya,Mishra,N,Male,2012-10-11,9,1,D,2018-07-16,Hindi,Telugu,Priya Mishra,Akash Mishra,9170587428,8353782311,ananya.mishra60709@parentmail.com,No Previous School,"597, Kukatpally, Hyderabad",School Bus,Route-02,AB+,Active,2026-08-24 16:59:15
60710,ADM60710,Aishwarya,Sharma,A,Male,2012-11-21,9,9,C,2026-04-08,Telugu,Hindi,Ishita Sharma,Nikhil Sharma,9949247559,8662514000,aishwarya.sharma60710@parentmail.com,Little Flower School,"31, Ameerpet, Hyderabad",School Bus,Route-09,AB-,Active,2026-08-15 14:53:44
60711,ADM60711,Aishwarya,Naidu,E,Female,2012-01-18,9,2,C,2019-06-02,Telugu,Hindi,Sneha Naidu,Harsha Naidu,9465580944,8804150103,aishwarya.naidu60711@parentmail.com,New Horizon School,"461, Kukatpally, Hyderabad",School Bus,Route-02,O+,Active,2026-08-08 12:30:13
60712,ADM60712,Karthik,Sharma,D,Male,2012-10-21,9,6,E,2023-05-02,Telugu,Hindi,Vaishnavi Sharma,Manish Sharma,9359612438,8709740856,karthik.sharma60712@parentmail.com,Brilliant Grammar School,"956, Dilsukhnagar, Hyderabad",School Bus,Route-01,A-,Active,2026-08-30 17:10:26
60713,ADM60713,Neha,Kulkarni,J,Female,2012-10-22,9,8,D,2025-05-18,Hindi,Telugu,Ishita Kulkarni,Sanjay Kulkarni,9978014995,8694137504,neha.kulkarni60713@parentmail.com,No Previous School,"793, Bachupally, Hyderabad",School Bus,Route-05,O+,Active,2026-09-12 12:48:49
60714,ADM60714,Vijay,Sharma,U,Female,2012-02-05,9,1,C,2018-05-21,Hindi,Telugu,Bhavya Sharma,Rahul Sharma,9423978303,8418437545,vijay.sharma60714@parentmail.com,No Previous School,"314, Bachupally, Hyderabad",Parent Drop,,A-,Active,2026-09-07 11:40:56
60715,ADM60715,Sai,Chowdary,N,Female,2012-12-09,9,1,C,2018-06-01,Hindi,Telugu,Ishita Chowdary,Aarav Chowdary,9217807007,8749717687,sai.chowdary60715@parentmail.com,No Previous School,"9, Kukatpally, Hyderabad",School Bus,Route-01,AB+,Active,2026-08-18 08:51:30
60716,ADM60716,Deepika,Gupta,Z,Female,2012-04-11,9,5,E,2022-07-11,Telugu,Hindi,Harini Gupta,Nikhil Gupta,9272487680,8363153995,deepika.gupta60716@parentmail.com,St. Mary's School,"593, Ameerpet, Hyderabad",Parent Drop,,O-,Active,2026-08-04 18:58:21
60717,ADM60717,Rahul,Naidu,E,Female,2012-09-18,9,1,B,2018-04-10,Hindi,Telugu,Swathi Naidu,Nikhil Naidu,9657828527,8148551077,rahul.naidu60717@parentmail.com,No Previous School,"790, Nizampet, Hyderabad",Parent Drop,,AB+,Active,2026-08-28 07:21:45
60718,ADM60718,Meghana,Joshi,F,Female,2012-01-01,9,6,A,2023-07-03,Telugu,Hindi,Deepika Joshi,Karthik Joshi,9757853808,8653744318,meghana.joshi60718@parentmail.com,New Horizon School,"494, LB Nagar, Hyderabad",Public Transport,,AB+,Active,2026-08-02 13:31:35
60719,ADM60719,Aarav,Nair,M,Male,2012-01-24,9,3,C,2020-05-22,Hindi,Telugu,Deepika Nair,Krishna Nair,9436146908,8161242277,aarav.nair60719@parentmail.com,Sri Vidya High School,"804, LB Nagar, Hyderabad",Parent Drop,,AB-,Active,2026-08-18 19:31:04
60720,ADM60720,Vishal,Reddy,R,Male,2012-07-04,9,6,C,2023-04-17,Hindi,Telugu,Lakshmi Reddy,Surya Reddy,9441590054,8507472570,vishal.reddy60720@parentmail.com,Green Valley School,"57, Kondapur, Hyderabad",Bicycle,,AB-,Active,2026-08-03 10:16:49
60721,ADM60721,Aadhya,Shetty,L,Male,2012-01-24,9,1,E,2018-05-01,Hindi,Telugu,Nandini Shetty,Varun Shetty,9865688554,8757161851,aadhya.shetty60721@parentmail.com,No Previous School,"413, Secunderabad, Hyderabad",Parent Drop,,AB+,Inactive,2026-08-28 19:22:40
60722,ADM60722,Aadhya,Yadav,L,Female,2012-07-01,9,1,D,2018-06-24,Telugu,Hindi,Sahithi Yadav,Aditya Yadav,9649838140,8186159844,aadhya.yadav60722@parentmail.com,No Previous School,"772, Miyapur, Hyderabad",Bicycle,,B-,Active,2026-08-25 07:22:29
60723,ADM60723,Aadhya,Shetty,F,Female,2012-10-06,9,8,D,2025-04-02,Hindi,Telugu,Neha Shetty,Rahul Shetty,9665501019,8275241531,aadhya.shetty60723@parentmail.com,St. Mary's School,"685, LB Nagar, Hyderabad",Parent Drop,,B-,Active,2026-08-15 10:46:33
60724,ADM60724,Aditya,Kumar,U,Female,2012-02-25,9,9,E,2026-06-15,Telugu,Hindi,Kavya Kumar,Varun Kumar,9331044392,8225294249,aditya.kumar60724@parentmail.com,Sri Chaitanya School,"237, Nizampet, Hyderabad",School Bus,Route-05,B+,Active,2026-08-30 12:39:11
60725,ADM60725,Kavya,Kumar,Y,Male,2012-08-02,9,8,E,2025-06-25,Telugu,Hindi,Bhavya Kumar,Arjun Kumar,9409995810,8561667632,kavya.kumar60725@parentmail.com,Oxford Public School,"250, LB Nagar, Hyderabad",School Bus,Route-02,O-,Active,2026-09-07 18:30:58
60726,ADM60726,Pooja,Chowdary,F,Male,2012-03-28,9,7,B,2024-06-19,Telugu,Hindi,Meghana Chowdary,Aarav Chowdary,9415607844,8558116589,pooja.chowdary60726@parentmail.com,Narayana School,"829, Secunderabad, Hyderabad",School Bus,Route-09,A-,Active,2026-08-06 14:14:17
60727,ADM60727,Tarun,Goud,M,Female,2012-07-16,9,8,C,2025-04-16,Telugu,Hindi,Priya Goud,Karthik Goud,9739706856,8706668486,tarun.goud60727@parentmail.com,Green Valley School,"185, Ameerpet, Hyderabad",School Bus,Route-01,A-,Active,2026-09-06 11:28:50
60728,ADM60728,Aadhya,Reddy,O,Female,2012-04-15,9,7,D,2024-05-16,Telugu,Hindi,Sneha Reddy,Vijay Reddy,9502165487,8860926844,aadhya.reddy60728@parentmail.com,Vikas High School,"20, Manikonda, Hyderabad",Walk,,O+,Active,2026-08-05 19:39:21
60729,ADM60729,Pranav,Rao,Y,Female,2012-01-01,9,2,D,2019-07-28,Telugu,Hindi,Aadhya Rao,Sanjay Rao,9868652607,8435366300,pranav.rao60729@parentmail.com,No Previous School,"987, Manikonda, Hyderabad",School Bus,Route-03,B+,Active,2026-08-08 19:36:04
60730,ADM60730,Sai,Mishra,T,Female,2012-11-11,9,6,C,2023-06-05,Telugu,Hindi,Aishwarya Mishra,Nikhil Mishra,9299653566,8174289355,sai.mishra60730@parentmail.com,Narayana School,"418, Kukatpally, Hyderabad",Parent Drop,,B+,Active,2026-09-09 11:16:59
60731,ADM60731,Aditya,Joshi,O,Male,2012-06-20,9,5,C,2022-06-06,Hindi,Telugu,Swathi Joshi,Sai Joshi,9886734592,8627227644,aditya.joshi60731@parentmail.com,Sri Chaitanya School,"906, Miyapur, Hyderabad",School Bus,Route-10,AB+,Active,2026-09-08 15:41:00
60732,ADM60732,Krishna,Gupta,D,Female,2012-01-17,9,1,A,2018-04-08,Telugu,Hindi,Sahithi Gupta,Vishal Gupta,9390095819,8489563790,krishna.gupta60732@parentmail.com,No Previous School,"599, Nizampet, Hyderabad",Private Van,Route-02,B+,Active,2026-08-22 19:50:10
60733,ADM60733,Tarun,Shetty,G,Male,2012-06-13,9,4,C,2021-06-13,Telugu,Hindi,Swathi Shetty,Arjun Shetty,9918761617,8672532666,tarun.shetty60733@parentmail.com,Little Flower School,"10, Madhapur, Hyderabad",School Bus,Route-07,AB+,Transferred,2026-08-06 10:47:43
60734,ADM60734,Pooja,Das,U,Female,2012-12-08,9,2,D,2019-07-23,Telugu,Hindi,Deepika Das,Rahul Das,9573802649,8241022768,pooja.das60734@parentmail.com,Brilliant Grammar School,"337, Manikonda, Hyderabad",Private Van,Route-04,AB-,Active,2026-08-01 12:56:32
60735,ADM60735,Rohan,Rao,Q,Male,2012-02-09,9,6,B,2023-06-21,Telugu,Hindi,Meghana Rao,Vishal Rao,9935978132,8231229304,rohan.rao60735@parentmail.com,No Previous School,"933, Bachupally, Hyderabad",School Bus,Route-06,AB-,Active,2026-08-04 08:57:59
60736,ADM60736,Harsha,Iyer,G,Male,2012-09-27,9,4,C,2021-04-06,Hindi,Telugu,Meghana Iyer,Vishal Iyer,9864406585,8448774699,harsha.iyer60736@parentmail.com,New Horizon School,"721, Manikonda, Hyderabad",School Bus,Route-04,O-,Active,2026-08-13 13:09:45
60737,ADM60737,Pranav,Rao,D,Female,2012-03-17,9,4,E,2021-04-01,Hindi,Telugu,Keerthi Rao,Varun Rao,9454854030,8648190800,pranav.rao60737@parentmail.com,Sri Vidya High School,"179, Kondapur, Hyderabad",Private Van,Route-03,O-,Active,2026-08-12 18:06:46
60738,ADM60738,Rohan,Rao,F,Female,2012-04-25,9,1,D,2018-06-17,Telugu,Hindi,Pooja Rao,Pranav Rao,9796389085,8363695802,rohan.rao60738@parentmail.com,No Previous School,"317, Dilsukhnagar, Hyderabad",Parent Drop,,B+,Active,2026-08-23 12:21:57
60739,ADM60739,Lakshmi,Rao,M,Female,2012-11-23,9,4,A,2021-05-13,Hindi,Telugu,Ananya Rao,Krishna Rao,9215659671,8196504156,lakshmi.rao60739@parentmail.com,No Previous School,"109, Madhapur, Hyderabad",Private Van,Route-08,B+,Active,2026-08-29 09:01:47
60740,ADM60740,Vishal,Nair,D,Female,2012-04-22,9,1,E,2018-05-05,Hindi,Telugu,Neha Nair,Surya Nair,9163313581,8504898713,vishal.nair60740@parentmail.com,No Previous School,"798, Manikonda, Hyderabad",School Bus,Route-07,B+,Inactive,2026-09-10 13:42:34
60741,ADM60741,Vishal,Kumar,I,Female,2012-09-06,9,2,B,2019-04-03,Telugu,Hindi,Sahithi Kumar,Tarun Kumar,9590122662,8596604722,vishal.kumar60741@parentmail.com,Green Valley School,"472, Kukatpally, Hyderabad",School Bus,Route-06,AB-,Active,2026-08-09 14:36:29
60742,ADM60742,Vaishnavi,Singh,J,Female,2012-01-07,9,5,D,2022-07-12,Telugu,Hindi,Ishita Singh,Sai Singh,9987245499,8229789957,vaishnavi.singh60742@parentmail.com,New Horizon School,"748, Uppal, Hyderabad",School Bus,Route-05,O-,Active,2026-08-21 07:45:34
60743,ADM60743,Keerthi,Patel,N,Male,2012-09-09,9,4,C,2021-05-01,Telugu,Hindi,Sahithi Patel,Sai Patel,9461883058,8249417455,keerthi.patel60743@parentmail.com,Sri Vidya High School,"862, Manikonda, Hyderabad",Walk,,AB+,Active,2026-08-11 07:12:44
60744,ADM60744,Deepika,Singh,G,Male,2012-04-07,9,1,D,2018-05-28,Hindi,Telugu,Keerthi Singh,Rahul Singh,9741151685,8350787897,deepika.singh60744@parentmail.com,No Previous School,"468, Miyapur, Hyderabad",Bicycle,,AB+,Active,2026-08-14 14:53:03
60745,ADM60745,Rahul,Joshi,D,Male,2012-07-16,9,4,C,2021-04-17,Hindi,Telugu,Keerthi Joshi,Vijay Joshi,9886827906,8267815335,rahul.joshi60745@parentmail.com,Oxford Public School,"372, Bachupally, Hyderabad",School Bus,Route-01,A-,Active,2026-09-06 15:24:36
60746,ADM60746,Rahul,Reddy,G,Female,2012-07-01,9,1,A,2018-06-01,Hindi,Telugu,Ananya Reddy,Aarav Reddy,9118926290,8768323064,rahul.reddy60746@parentmail.com,No Previous School,"118, Nizampet, Hyderabad",School Bus,Route-09,AB+,Active,2026-08-05 18:48:52
60747,ADM60747,Akash,Verma,Q,Male,2012-05-03,9,2,A,2019-05-12,Hindi,Telugu,Aishwarya Verma,Tarun Verma,9102235480,8336839258,akash.verma60747@parentmail.com,Green Valley School,"600, Nizampet, Hyderabad",School Bus,Route-10,A-,Active,2026-09-13 18:09:49
60748,ADM60748,Lakshmi,Naidu,Y,Male,2012-05-23,9,1,B,2018-05-18,Hindi,Telugu,Sneha Naidu,Rahul Naidu,9381624349,8288886063,lakshmi.naidu60748@parentmail.com,No Previous School,"963, LB Nagar, Hyderabad",School Bus,Route-04,A-,Active,2026-09-06 19:26:56
60749,ADM60749,Sneha,Yadav,V,Female,2012-03-14,9,1,A,2018-04-21,Hindi,Telugu,Bhavya Yadav,Rohan Yadav,9160601144,8183709436,sneha.yadav60749@parentmail.com,No Previous School,"485, Miyapur, Hyderabad",Parent Drop,,AB+,Active,2026-09-03 11:36:40
60750,ADM60750,Ishita,Naidu,J,Male,2012-07-21,9,1,D,2018-07-23,Telugu,Hindi,Keerthi Naidu,Varun Naidu,9425206208,8143669420,ishita.naidu60750@parentmail.com,No Previous School,"681, Nizampet, Hyderabad",School Bus,Route-04,AB-,Active,2026-08-14 11:15:22
60751,ADM60751,Akash,Singh,W,Female,2012-07-10,9,2,A,2019-06-08,Telugu,Hindi,Aadhya Singh,Aarav Singh,9838721813,8586332250,akash.singh60751@parentmail.com,St. Mary's School,"882, Nizampet, Hyderabad",Private Van,Route-03,A+,Active,2026-08-06 09:54:51
60752,ADM60752,Vaishnavi,Kumar,G,Male,2012-07-22,9,4,B,2021-05-21,Telugu,Hindi,Keerthi Kumar,Karthik Kumar,9805123345,8136051158,vaishnavi.kumar60752@parentmail.com,Green Valley School,"439, Kondapur, Hyderabad",School Bus,Route-04,AB+,Active,2026-09-01 19:13:47
60753,ADM60753,Pranav,Kulkarni,C,Female,2012-01-21,9,5,C,2022-07-12,Hindi,Telugu,Sneha Kulkarni,Krishna Kulkarni,9750064443,8618024076,pranav.kulkarni60753@parentmail.com,Sri Vidya High School,"288, Madhapur, Hyderabad",Parent Drop,,B-,Active,2026-09-03 07:22:03
60754,ADM60754,Ishita,Joshi,Z,Male,2012-08-25,9,6,A,2023-04-08,Telugu,Hindi,Divya Joshi,Sai Joshi,9432414996,8843134744,ishita.joshi60754@parentmail.com,Little Flower School,"343, Uppal, Hyderabad",Bicycle,,B-,Active,2026-09-07 12:32:35
60755,ADM60755,Nikhil,Rao,C,Female,2012-01-07,9,6,E,2023-07-08,Hindi,Telugu,Nandini Rao,Tarun Rao,9354248398,8419703529,nikhil.rao60755@parentmail.com,St. Mary's School,"824, Kondapur, Hyderabad",School Bus,Route-09,AB+,Active,2026-08-24 11:37:04
60756,ADM60756,Karthik,Mishra,O,Male,2012-10-26,9,1,D,2018-06-13,Telugu,Hindi,Pooja Mishra,Sai Mishra,9588800172,8757029638,karthik.mishra60756@parentmail.com,No Previous School,"330, Madhapur, Hyderabad",Private Van,Route-04,A-,Active,2026-09-08 12:27:21
60757,ADM60757,Priya,Kumar,B,Male,2012-05-19,9,1,C,2018-07-09,Hindi,Telugu,Swathi Kumar,Arjun Kumar,9440485205,8123092157,priya.kumar60757@parentmail.com,No Previous School,"312, Kondapur, Hyderabad",Private Van,Route-08,O+,Active,2026-08-30 14:37:46
60758,ADM60758,Aishwarya,Mishra,E,Female,2012-03-04,9,1,D,2018-07-21,Hindi,Telugu,Deepika Mishra,Manish Mishra,9565683116,8388714241,aishwarya.mishra60758@parentmail.com,No Previous School,"663, Dilsukhnagar, Hyderabad",School Bus,Route-03,O+,Active,2026-08-10 19:02:08
60759,ADM60759,Divya,Verma,F,Female,2012-06-13,9,7,E,2024-07-26,Telugu,Hindi,Divya Verma,Vishal Verma,9726996390,8409682951,divya.verma60759@parentmail.com,No Previous School,"737, Uppal, Hyderabad",Walk,,O-,Active,2026-08-01 19:09:31
60760,ADM60760,Aditya,Verma,I,Female,2012-01-08,9,1,E,2018-07-12,Hindi,Telugu,Kavya Verma,Aarav Verma,9214923992,8886779798,aditya.verma60760@parentmail.com,No Previous School,"847, Bachupally, Hyderabad",School Bus,Route-08,A+,Active,2026-08-10 17:44:02
60761,ADM60761,Swathi,Joshi,Y,Female,2012-07-11,9,4,B,2021-04-04,Hindi,Telugu,Swathi Joshi,Krishna Joshi,9604124955,8160849696,swathi.joshi60761@parentmail.com,Sri Chaitanya School,"27, LB Nagar, Hyderabad",School Bus,Route-06,A-,Active,2026-09-11 15:41:38
60762,ADM60762,Vijay,Rao,F,Male,2012-09-25,9,1,D,2018-04-23,Telugu,Hindi,Ishita Rao,Rohan Rao,9544517249,8138027389,vijay.rao60762@parentmail.com,No Previous School,"204, Ameerpet, Hyderabad",School Bus,Route-07,O-,Active,2026-09-02 17:25:10
60763,ADM60763,Aditya,Naidu,F,Male,2012-10-16,9,6,A,2023-07-12,Telugu,Hindi,Aishwarya Naidu,Sai Naidu,9437884101,8421338681,aditya.naidu60763@parentmail.com,New Horizon School,"999, Kukatpally, Hyderabad",Walk,,B-,Active,2026-08-08 07:17:28
60764,ADM60764,Tarun,Yadav,W,Male,2012-08-21,9,6,B,2023-06-06,Hindi,Telugu,Sahithi Yadav,Aditya Yadav,9836834729,8539177759,tarun.yadav60764@parentmail.com,Oxford Public School,"63, Bachupally, Hyderabad",Parent Drop,,O-,Active,2026-08-05 18:57:17
60765,ADM60765,Deepika,Nair,B,Female,2012-08-22,9,6,A,2023-04-23,Hindi,Telugu,Divya Nair,Nikhil Nair,9868613969,8838336468,deepika.nair60765@parentmail.com,Brilliant Grammar School,"850, Kukatpally, Hyderabad",Parent Drop,,O-,Active,2026-09-03 16:58:37
60766,ADM60766,Aishwarya,Sharma,D,Male,2012-08-03,9,1,C,2018-04-03,Hindi,Telugu,Meghana Sharma,Sai Sharma,9577506067,8372407957,aishwarya.sharma60766@parentmail.com,No Previous School,"796, Kondapur, Hyderabad",School Bus,Route-10,A+,Active,2026-08-28 19:32:24
60767,ADM60767,Vaishnavi,Joshi,B,Male,2012-06-20,9,2,C,2019-07-26,Hindi,Telugu,Divya Joshi,Sai Joshi,9998339521,8943362023,vaishnavi.joshi60767@parentmail.com,Brilliant Grammar School,"984, Madhapur, Hyderabad",Walk,,B+,Active,2026-08-24 08:16:46
60768,ADM60768,Meghana,Reddy,S,Female,2012-01-09,9,7,B,2024-04-12,Telugu,Hindi,Kavya Reddy,Sai Reddy,9760869949,8279359786,meghana.reddy60768@parentmail.com,No Previous School,"200, Madhapur, Hyderabad",Bicycle,,AB-,Active,2026-08-10 14:57:18
60769,ADM60769,Neha,Nair,V,Female,2012-09-09,9,8,A,2025-05-10,Telugu,Hindi,Priya Nair,Harsha Nair,9405162950,8572668264,neha.nair60769@parentmail.com,Vikas High School,"332, Bachupally, Hyderabad",Private Van,Route-08,AB-,Active,2026-08-19 14:47:30
60770,ADM60770,Vishal,Reddy,N,Female,2012-01-18,9,4,D,2021-06-27,Telugu,Hindi,Bhavya Reddy,Rahul Reddy,9172198297,8525032872,vishal.reddy60770@parentmail.com,Green Valley School,"357, Ameerpet, Hyderabad",School Bus,Route-08,AB-,Active,2026-08-13 13:06:43
60771,ADM60771,Harini,Chowdary,U,Male,2012-10-19,9,9,D,2026-07-16,Telugu,Hindi,Swathi Chowdary,Arjun Chowdary,9891148862,8995964104,harini.chowdary60771@parentmail.com,No Previous School,"678, Miyapur, Hyderabad",Walk,,AB-,Active,2026-08-02 18:36:22
60772,ADM60772,Aadhya,Gupta,M,Female,2012-03-28,9,6,B,2023-04-04,Telugu,Hindi,Deepika Gupta,Varun Gupta,9119863881,8646786929,aadhya.gupta60772@parentmail.com,Vikas High School,"448, Dilsukhnagar, Hyderabad",Private Van,Route-02,O+,Active,2026-08-10 20:03:43
60773,ADM60773,Vaishnavi,Naidu,E,Female,2012-04-03,9,1,C,2018-04-04,Hindi,Telugu,Priya Naidu,Aarav Naidu,9861440330,8163891988,vaishnavi.naidu60773@parentmail.com,No Previous School,"689, LB Nagar, Hyderabad",School Bus,Route-08,B+,Active,2026-08-07 18:29:12
60774,ADM60774,Vaishnavi,Rao,C,Female,2012-12-19,9,6,D,2023-05-12,Hindi,Telugu,Divya Rao,Harsha Rao,9140476604,8153842609,vaishnavi.rao60774@parentmail.com,Sri Vidya High School,"626, Ameerpet, Hyderabad",Public Transport,,A+,Active,2026-08-26 09:46:54
60775,ADM60775,Sai,Reddy,U,Female,2012-05-03,9,5,B,2022-04-06,Telugu,Hindi,Lakshmi Reddy,Tarun Reddy,9648244127,8905451996,sai.reddy60775@parentmail.com,Sunrise Model School,"832, Dilsukhnagar, Hyderabad",Private Van,Route-05,B-,Active,2026-08-22 20:43:54
60776,ADM60776,Arjun,Reddy,G,Male,2012-04-21,9,2,C,2019-05-03,Telugu,Hindi,Lakshmi Reddy,Tarun Reddy,9762386235,8309061212,arjun.reddy60776@parentmail.com,Sri Vidya High School,"204, Ameerpet, Hyderabad",School Bus,Route-09,B+,Active,2026-08-06 15:06:52
60777,ADM60777,Rohan,Kulkarni,Z,Male,2012-03-28,9,6,C,2023-07-08,Hindi,Telugu,Sneha Kulkarni,Manish Kulkarni,9222538181,8969862108,rohan.kulkarni60777@parentmail.com,Sunrise Model School,"404, Nizampet, Hyderabad",Private Van,Route-02,AB-,Active,2026-09-10 07:50:10
60778,ADM60778,Keerthi,Patel,S,Female,2012-02-25,9,7,C,2024-05-17,Telugu,Hindi,Deepika Patel,Arjun Patel,9750101581,8607826552,keerthi.patel60778@parentmail.com,Sri Vidya High School,"577, Kondapur, Hyderabad",School Bus,Route-03,B+,Active,2026-08-29 16:13:38
60779,ADM60779,Aishwarya,Kumar,U,Male,2012-03-18,9,4,A,2021-05-15,Hindi,Telugu,Harini Kumar,Karthik Kumar,9524534111,8119768988,aishwarya.kumar60779@parentmail.com,Narayana School,"706, Nizampet, Hyderabad",School Bus,Route-08,B+,Active,2026-08-19 18:50:40
60780,ADM60780,Pranav,Shetty,N,Male,2012-10-05,9,6,B,2023-04-27,Hindi,Telugu,Kavya Shetty,Arjun Shetty,9681769417,8122018593,pranav.shetty60780@parentmail.com,Green Valley School,"272, Madhapur, Hyderabad",Public Transport,,O-,Active,2026-08-10 12:45:01
60781,ADM60781,Aditya,Patel,Q,Male,2012-01-17,9,9,A,2026-07-21,Hindi,Telugu,Kavya Patel,Sai Patel,9705015802,8934137202,aditya.patel60781@parentmail.com,Narayana School,"861, Uppal, Hyderabad",School Bus,Route-10,B+,Active,2026-08-15 12:10:28
60782,ADM60782,Neha,Rao,M,Male,2012-12-23,9,1,C,2018-07-04,Hindi,Telugu,Vaishnavi Rao,Vijay Rao,9459529888,8705707416,neha.rao60782@parentmail.com,No Previous School,"553, Miyapur, Hyderabad",School Bus,Route-01,AB-,Active,2026-08-17 15:51:30
60783,ADM60783,Tarun,Yadav,C,Male,2012-08-05,9,1,B,2018-06-03,Hindi,Telugu,Harini Yadav,Akash Yadav,9954700467,8381618537,tarun.yadav60783@parentmail.com,No Previous School,"989, Ameerpet, Hyderabad",Walk,,O+,Active,2026-08-09 14:57:23
60784,ADM60784,Vaishnavi,Singh,V,Male,2012-11-11,9,3,E,2020-05-11,Telugu,Hindi,Aadhya Singh,Krishna Singh,9375084695,8520222717,vaishnavi.singh60784@parentmail.com,Sri Chaitanya School,"381, LB Nagar, Hyderabad",School Bus,Route-05,AB-,Active,2026-09-01 10:58:21
60785,ADM60785,Neha,Verma,Z,Male,2012-01-02,9,1,D,2018-05-23,Hindi,Telugu,Pooja Verma,Vishal Verma,9259725639,8907854657,neha.verma60785@parentmail.com,No Previous School,"264, Dilsukhnagar, Hyderabad",School Bus,Route-02,O-,Active,2026-08-13 16:25:29
60786,ADM60786,Aarav,Iyer,O,Female,2012-12-01,9,9,E,2026-07-11,Hindi,Telugu,Aadhya Iyer,Vishal Iyer,9556823713,8629956367,aarav.iyer60786@parentmail.com,Green Valley School,"550, Nizampet, Hyderabad",School Bus,Route-05,A-,Active,2026-09-13 13:14:12
60787,ADM60787,Sneha,Iyer,I,Male,2012-05-10,9,1,A,2018-06-20,Hindi,Telugu,Swathi Iyer,Karthik Iyer,9557762527,8451530092,sneha.iyer60787@parentmail.com,No Previous School,"266, Nizampet, Hyderabad",Parent Drop,,AB-,Inactive,2026-08-12 17:13:49
60788,ADM60788,Rohan,Rao,U,Male,2012-02-12,9,7,A,2024-06-27,Telugu,Hindi,Sneha Rao,Sai Rao,9867479875,8802608232,rohan.rao60788@parentmail.com,Narayana School,"512, Kondapur, Hyderabad",School Bus,Route-05,AB+,Active,2026-08-03 10:55:07
60789,ADM60789,Karthik,Rao,D,Male,2012-01-27,9,1,E,2018-04-20,Telugu,Hindi,Ananya Rao,Nikhil Rao,9976777122,8547595952,karthik.rao60789@parentmail.com,No Previous School,"670, Bachupally, Hyderabad",School Bus,Route-01,O-,Active,2026-08-04 16:48:16
60790,ADM60790,Keerthi,Mishra,H,Female,2012-04-03,9,1,E,2018-04-16,Telugu,Hindi,Deepika Mishra,Harsha Mishra,9704458467,8362542794,keerthi.mishra60790@parentmail.com,No Previous School,"800, Kondapur, Hyderabad",Parent Drop,,B+,Active,2026-08-24 10:37:51
60791,ADM60791,Bhavya,Goud,K,Male,2012-07-20,9,7,B,2024-06-18,Hindi,Telugu,Nandini Goud,Nikhil Goud,9116693544,8252010186,bhavya.goud60791@parentmail.com,Brilliant Grammar School,"675, Miyapur, Hyderabad",School Bus,Route-06,AB+,Active,2026-09-04 12:49:19
60792,ADM60792,Nandini,Kulkarni,T,Male,2012-12-20,9,3,B,2020-05-16,Hindi,Telugu,Neha Kulkarni,Vijay Kulkarni,9697263723,8203603847,nandini.kulkarni60792@parentmail.com,Vikas High School,"358, Manikonda, Hyderabad",School Bus,Route-03,A-,Active,2026-08-14 13:26:36
60793,ADM60793,Rohan,Kulkarni,G,Female,2012-06-22,9,5,E,2022-04-22,Telugu,Hindi,Priya Kulkarni,Rohan Kulkarni,9830025645,8537407931,rohan.kulkarni60793@parentmail.com,Oxford Public School,"54, Manikonda, Hyderabad",School Bus,Route-01,B+,Active,2026-09-02 19:15:57
60794,ADM60794,Aishwarya,Das,F,Female,2012-02-18,9,7,B,2024-07-17,Telugu,Hindi,Nandini Das,Karthik Das,9903425689,8742373540,aishwarya.das60794@parentmail.com,Green Valley School,"112, Uppal, Hyderabad",School Bus,Route-06,AB-,Active,2026-08-18 10:00:11
60795,ADM60795,Charan,Gupta,I,Male,2012-02-04,9,2,A,2019-05-26,Hindi,Telugu,Sahithi Gupta,Tarun Gupta,9865537139,8196758186,charan.gupta60795@parentmail.com,Sri Chaitanya School,"999, Madhapur, Hyderabad",Public Transport,,AB-,Active,2026-08-04 17:01:09
60796,ADM60796,Varun,Naidu,O,Female,2012-10-09,9,9,B,2026-05-25,Telugu,Hindi,Harini Naidu,Sai Naidu,9673886467,8747269202,varun.naidu60796@parentmail.com,Little Flower School,"930, Secunderabad, Hyderabad",Parent Drop,,A-,Active,2026-09-02 08:12:37
60797,ADM60797,Harsha,Singh,F,Female,2012-11-19,9,6,B,2023-05-27,Hindi,Telugu,Deepika Singh,Vijay Singh,9766828845,8426870833,harsha.singh60797@parentmail.com,St. Mary's School,"387, Miyapur, Hyderabad",Walk,,AB+,Active,2026-08-21 07:30:54
60798,ADM60798,Vishal,Gupta,T,Female,2012-12-12,9,8,E,2025-06-17,Hindi,Telugu,Nandini Gupta,Rahul Gupta,9185174882,8554753380,vishal.gupta60798@parentmail.com,Narayana School,"189, Secunderabad, Hyderabad",Parent Drop,,A-,Active,2026-08-22 12:08:29
60799,ADM60799,Meghana,Shetty,E,Male,2012-12-08,9,3,E,2020-05-20,Telugu,Hindi,Pooja Shetty,Tarun Shetty,9330922453,8924666945,meghana.shetty60799@parentmail.com,Green Valley School,"248, Madhapur, Hyderabad",School Bus,Route-06,AB-,Active,2026-09-06 09:32:22
60800,ADM60800,Ishita,Mishra,N,Male,2012-10-25,9,4,C,2021-05-06,Telugu,Hindi,Pooja Mishra,Sanjay Mishra,9429185382,8526873568,ishita.mishra60800@parentmail.com,Sri Vidya High School,"150, Ameerpet, Hyderabad",School Bus,Route-09,AB+,Active,2026-08-07 18:40:43
60801,ADM60801,Harini,Goud,S,Male,2012-04-09,9,6,D,2023-05-08,Telugu,Hindi,Divya Goud,Tarun Goud,9274654556,8270168255,harini.goud60801@parentmail.com,Little Flower School,"235, Miyapur, Hyderabad",School Bus,Route-07,O+,Active,2026-08-17 12:19:38
60802,ADM60802,Pranav,Patel,V,Female,2012-03-26,9,1,A,2018-06-14,Telugu,Hindi,Sahithi Patel,Surya Patel,9149043435,8541369012,pranav.patel60802@parentmail.com,No Previous School,"743, Miyapur, Hyderabad",Parent Drop,,B+,Active,2026-08-06 20:17:57
60803,ADM60803,Aishwarya,Kulkarni,Z,Male,2012-12-24,9,2,A,2019-05-08,Telugu,Hindi,Vaishnavi Kulkarni,Aditya Kulkarni,9765508347,8882846411,aishwarya.kulkarni60803@parentmail.com,Narayana School,"833, Kondapur, Hyderabad",Walk,,B-,Active,2026-08-30 13:32:54
60804,ADM60804,Tarun,Yadav,V,Female,2012-04-22,9,9,A,2026-05-04,Hindi,Telugu,Meghana Yadav,Pranav Yadav,9774318773,8657061597,tarun.yadav60804@parentmail.com,Oxford Public School,"761, Dilsukhnagar, Hyderabad",School Bus,Route-05,B+,Active,2026-08-03 20:53:06
60805,ADM60805,Lakshmi,Reddy,I,Female,2012-08-08,9,6,C,2023-05-17,Telugu,Hindi,Sahithi Reddy,Tarun Reddy,9419214985,8623580043,lakshmi.reddy60805@parentmail.com,Sunrise Model School,"569, Uppal, Hyderabad",School Bus,Route-05,O+,Active,2026-08-22 12:48:03
60806,ADM60806,Aarav,Kulkarni,O,Male,2012-03-16,9,1,C,2018-05-25,Hindi,Telugu,Bhavya Kulkarni,Rahul Kulkarni,9608791181,8993423098,aarav.kulkarni60806@parentmail.com,No Previous School,"670, Manikonda, Hyderabad",Private Van,Route-07,B-,Active,2026-08-16 12:31:17
60807,ADM60807,Sanjay,Patel,G,Male,2012-11-27,9,3,D,2020-05-09,Telugu,Hindi,Harini Patel,Charan Patel,9628533221,8536182937,sanjay.patel60807@parentmail.com,St. Mary's School,"335, Uppal, Hyderabad",Private Van,Route-01,B-,Active,2026-08-24 15:31:19
60808,ADM60808,Neha,Shetty,Y,Male,2012-01-13,9,1,A,2018-05-16,Hindi,Telugu,Sneha Shetty,Tarun Shetty,9220052860,8758856015,neha.shetty60808@parentmail.com,No Previous School,"847, Kondapur, Hyderabad",Bicycle,,B+,Active,2026-08-15 10:02:42
60809,ADM60809,Surya,Menon,U,Male,2012-04-07,9,3,C,2020-04-17,Telugu,Hindi,Lakshmi Menon,Varun Menon,9851332093,8716089671,surya.menon60809@parentmail.com,St. Mary's School,"759, Ameerpet, Hyderabad",School Bus,Route-02,A+,Inactive,2026-08-02 20:01:57
60810,ADM60810,Vaishnavi,Mishra,W,Female,2012-03-21,9,2,E,2019-05-17,Telugu,Hindi,Neha Mishra,Vishal Mishra,9264966536,8952379896,vaishnavi.mishra60810@parentmail.com,Narayana School,"388, Nizampet, Hyderabad",Parent Drop,,AB+,Transferred,2026-08-03 15:48:29
60811,ADM60811,Manish,Nair,J,Female,2012-09-20,9,4,E,2021-04-09,Hindi,Telugu,Aishwarya Nair,Rohan Nair,9408807568,8977928075,manish.nair60811@parentmail.com,Brilliant Grammar School,"518, Dilsukhnagar, Hyderabad",Walk,,B+,Active,2026-08-19 11:03:21
60812,ADM60812,Ananya,Naidu,Q,Female,2012-07-01,9,8,E,2025-04-16,Hindi,Telugu,Sneha Naidu,Vishal Naidu,9620989248,8700730352,ananya.naidu60812@parentmail.com,Sri Vidya High School,"412, Kondapur, Hyderabad",Public Transport,,O+,Active,2026-08-16 13:23:27
60813,ADM60813,Vaishnavi,Iyer,X,Male,2012-03-15,9,3,B,2020-07-28,Telugu,Hindi,Pooja Iyer,Rohan Iyer,9734279783,8971310314,vaishnavi.iyer60813@parentmail.com,Oxford Public School,"263, Kondapur, Hyderabad",Walk,,AB-,Active,2026-08-17 17:15:32
60814,ADM60814,Sanjay,Chowdary,H,Female,2012-03-25,9,9,A,2026-05-04,Hindi,Telugu,Aadhya Chowdary,Sai Chowdary,9153041251,8425862650,sanjay.chowdary60814@parentmail.com,Sri Vidya High School,"895, Dilsukhnagar, Hyderabad",Parent Drop,,AB-,Active,2026-08-24 08:13:32
60815,ADM60815,Vaishnavi,Singh,D,Female,2012-05-23,9,3,C,2020-06-23,Telugu,Hindi,Meghana Singh,Vishal Singh,9318434982,8827563068,vaishnavi.singh60815@parentmail.com,Sri Vidya High School,"491, Manikonda, Hyderabad",School Bus,Route-09,A-,Active,2026-08-24 10:33:07
60816,ADM60816,Rahul,Nair,A,Female,2012-07-04,9,6,B,2023-07-11,Telugu,Hindi,Aadhya Nair,Sai Nair,9867317397,8941847703,rahul.nair60816@parentmail.com,Narayana School,"679, LB Nagar, Hyderabad",Parent Drop,,AB+,Active,2026-09-10 13:41:48
60817,ADM60817,Lakshmi,Chowdary,Q,Male,2012-05-25,9,8,D,2025-05-26,Hindi,Telugu,Sahithi Chowdary,Vijay Chowdary,9236986493,8314460101,lakshmi.chowdary60817@parentmail.com,Green Valley School,"975, Kondapur, Hyderabad",Private Van,Route-08,O+,Active,2026-09-05 12:23:18
60818,ADM60818,Krishna,Yadav,L,Female,2012-12-20,9,1,E,2018-06-16,Hindi,Telugu,Divya Yadav,Varun Yadav,9826272445,8439461548,krishna.yadav60818@parentmail.com,No Previous School,"658, Nizampet, Hyderabad",School Bus,Route-09,A-,Active,2026-08-06 12:35:39
60819,ADM60819,Pranav,Shetty,L,Female,2012-05-10,9,3,B,2020-05-07,Hindi,Telugu,Kavya Shetty,Varun Shetty,9237891456,8508518966,pranav.shetty60819@parentmail.com,St. Mary's School,"124, Manikonda, Hyderabad",Public Transport,,AB+,Active,2026-09-08 15:57:25
60820,ADM60820,Pooja,Iyer,P,Male,2012-06-18,9,9,A,2026-04-01,Telugu,Hindi,Harini Iyer,Rohan Iyer,9771370572,8812673402,pooja.iyer60820@parentmail.com,Green Valley School,"948, Ameerpet, Hyderabad",Parent Drop,,AB+,Active,2026-08-13 08:01:15
60821,ADM60821,Rohan,Mishra,R,Female,2012-11-15,9,8,E,2025-04-16,Hindi,Telugu,Aishwarya Mishra,Arjun Mishra,9398392316,8366577622,rohan.mishra60821@parentmail.com,Vikas High School,"314, Nizampet, Hyderabad",Parent Drop,,O-,Active,2026-08-03 12:24:49
60822,ADM60822,Harini,Nair,D,Female,2012-04-06,9,1,B,2018-04-11,Hindi,Telugu,Neha Nair,Pranav Nair,9251953416,8591601985,harini.nair60822@parentmail.com,No Previous School,"16, Nizampet, Hyderabad",School Bus,Route-04,B-,Active,2026-08-03 13:33:05
60823,ADM60823,Nandini,Yadav,A,Female,2012-06-15,9,5,E,2022-06-15,Hindi,Telugu,Swathi Yadav,Rohan Yadav,9471187911,8188756243,nandini.yadav60823@parentmail.com,Brilliant Grammar School,"794, Miyapur, Hyderabad",Parent Drop,,O+,Active,2026-09-06 09:09:06
60824,ADM60824,Sanjay,Yadav,U,Female,2012-10-08,9,4,B,2021-06-13,Hindi,Telugu,Ishita Yadav,Surya Yadav,9540408972,8376382281,sanjay.yadav60824@parentmail.com,Sri Vidya High School,"401, Kukatpally, Hyderabad",School Bus,Route-01,AB+,Active,2026-09-06 15:32:36
60825,ADM60825,Tarun,Mishra,M,Female,2012-05-14,9,3,D,2020-07-20,Telugu,Hindi,Neha Mishra,Arjun Mishra,9146769342,8668367304,tarun.mishra60825@parentmail.com,St. Mary's School,"401, Dilsukhnagar, Hyderabad",School Bus,Route-08,B+,Active,2026-09-09 10:05:21
60826,ADM60826,Tarun,Goud,O,Female,2012-12-23,9,6,A,2023-04-19,Telugu,Hindi,Pooja Goud,Nikhil Goud,9384740628,8331615686,tarun.goud60826@parentmail.com,Green Valley School,"477, Kondapur, Hyderabad",Private Van,Route-04,AB-,Active,2026-09-10 20:38:08
60827,ADM60827,Charan,Kumar,F,Female,2012-11-05,9,2,C,2019-04-07,Hindi,Telugu,Aadhya Kumar,Vijay Kumar,9729240343,8844548565,charan.kumar60827@parentmail.com,No Previous School,"364, Nizampet, Hyderabad",Bicycle,,AB+,Active,2026-08-01 07:03:59
60828,ADM60828,Aadhya,Iyer,E,Female,2012-08-22,9,1,E,2018-05-23,Telugu,Hindi,Sahithi Iyer,Karthik Iyer,9604366836,8933703621,aadhya.iyer60828@parentmail.com,No Previous School,"642, Kukatpally, Hyderabad",Private Van,Route-03,AB-,Active,2026-09-11 08:35:37
60829,ADM60829,Aditya,Joshi,R,Male,2012-12-27,9,1,D,2018-07-20,Hindi,Telugu,Aadhya Joshi,Arjun Joshi,9341747194,8928982368,aditya.joshi60829@parentmail.com,No Previous School,"121, Uppal, Hyderabad",Bicycle,,AB+,Active,2026-09-10 09:35:51
60830,ADM60830,Ananya,Joshi,T,Male,2012-02-24,9,1,A,2018-06-02,Hindi,Telugu,Kavya Joshi,Vijay Joshi,9542870137,8439953468,ananya.joshi60830@parentmail.com,No Previous School,"914, Secunderabad, Hyderabad",Walk,,B-,Active,2026-09-13 14:44:37
60831,ADM60831,Aadhya,Nair,A,Female,2012-08-18,9,6,D,2023-05-13,Hindi,Telugu,Aadhya Nair,Aarav Nair,9397326308,8573630096,aadhya.nair60831@parentmail.com,Vikas High School,"632, Uppal, Hyderabad",Parent Drop,,A-,Active,2026-08-26 08:02:10
60832,ADM60832,Sneha,Iyer,I,Male,2012-04-17,9,1,E,2018-04-01,Telugu,Hindi,Neha Iyer,Charan Iyer,9592925414,8969688516,sneha.iyer60832@parentmail.com,No Previous School,"152, Manikonda, Hyderabad",Bicycle,,A+,Transferred,2026-09-01 15:12:08
60833,ADM60833,Meghana,Naidu,N,Male,2012-09-22,9,2,C,2019-07-25,Telugu,Hindi,Bhavya Naidu,Sanjay Naidu,9800968706,8126094474,meghana.naidu60833@parentmail.com,Narayana School,"809, Miyapur, Hyderabad",Public Transport,,O-,Active,2026-08-21 08:19:05
60834,ADM60834,Keerthi,Verma,Y,Male,2012-11-25,9,1,E,2018-06-09,Telugu,Hindi,Nandini Verma,Rahul Verma,9946350807,8820092301,keerthi.verma60834@parentmail.com,No Previous School,"140, Manikonda, Hyderabad",Walk,,B-,Active,2026-09-10 19:50:08
60835,ADM60835,Priya,Verma,B,Male,2012-05-20,9,1,C,2018-06-10,Hindi,Telugu,Priya Verma,Krishna Verma,9820713578,8881966140,priya.verma60835@parentmail.com,No Previous School,"479, LB Nagar, Hyderabad",School Bus,Route-01,B-,Active,2026-08-01 15:46:07
60836,ADM60836,Meghana,Goud,W,Female,2012-07-05,9,1,D,2018-06-24,Hindi,Telugu,Neha Goud,Sai Goud,9984704026,8203249549,meghana.goud60836@parentmail.com,No Previous School,"970, Madhapur, Hyderabad",School Bus,Route-10,AB-,Active,2026-08-09 16:11:04
60837,ADM60837,Vaishnavi,Sharma,P,Female,2012-02-01,9,5,B,2022-04-21,Telugu,Hindi,Bhavya Sharma,Varun Sharma,9745201747,8403193475,vaishnavi.sharma60837@parentmail.com,Oxford Public School,"323, Madhapur, Hyderabad",Bicycle,,AB+,Active,2026-08-15 08:41:55
60838,ADM60838,Surya,Nair,L,Female,2012-01-01,9,9,A,2026-05-18,Telugu,Hindi,Ananya Nair,Harsha Nair,9907298966,8745392945,surya.nair60838@parentmail.com,Vikas High School,"748, Nizampet, Hyderabad",Parent Drop,,B+,Active,2026-08-12 11:15:42
60839,ADM60839,Aditya,Gupta,L,Female,2012-09-16,9,1,C,2018-05-11,Hindi,Telugu,Nandini Gupta,Manish Gupta,9481481305,8878285366,aditya.gupta60839@parentmail.com,No Previous School,"803, Miyapur, Hyderabad",Public Transport,,A+,Active,2026-09-10 14:31:30
60840,ADM60840,Ananya,Singh,O,Male,2012-07-25,9,8,B,2025-06-10,Hindi,Telugu,Nandini Singh,Rahul Singh,9435373784,8646825326,ananya.singh60840@parentmail.com,New Horizon School,"964, Dilsukhnagar, Hyderabad",Parent Drop,,A-,Active,2026-09-03 10:33:31
60841,ADM60841,Swathi,Joshi,A,Male,2012-03-18,9,8,D,2025-07-17,Hindi,Telugu,Ishita Joshi,Manish Joshi,9697010770,8335683807,swathi.joshi60841@parentmail.com,Vikas High School,"517, Miyapur, Hyderabad",Private Van,Route-01,B+,Active,2026-08-06 19:01:17
60842,ADM60842,Sanjay,Mishra,D,Male,2012-05-09,9,2,D,2019-05-08,Hindi,Telugu,Pooja Mishra,Manish Mishra,9120972255,8398513227,sanjay.mishra60842@parentmail.com,Sri Vidya High School,"56, Secunderabad, Hyderabad",Private Van,Route-02,B-,Active,2026-09-12 11:07:16
60843,ADM60843,Ishita,Yadav,S,Female,2012-08-16,9,6,E,2023-06-19,Hindi,Telugu,Kavya Yadav,Akash Yadav,9443912952,8335984498,ishita.yadav60843@parentmail.com,No Previous School,"312, LB Nagar, Hyderabad",Private Van,Route-08,AB-,Active,2026-08-01 18:14:11
60844,ADM60844,Sneha,Shetty,U,Male,2012-06-10,9,1,D,2018-04-17,Telugu,Hindi,Bhavya Shetty,Surya Shetty,9964740991,8390741615,sneha.shetty60844@parentmail.com,No Previous School,"686, Secunderabad, Hyderabad",School Bus,Route-03,AB-,Active,2026-08-27 07:09:15
60845,ADM60845,Neha,Sharma,E,Male,2012-12-25,9,1,D,2018-07-01,Telugu,Hindi,Aadhya Sharma,Surya Sharma,9670075796,8802064182,neha.sharma60845@parentmail.com,No Previous School,"514, Nizampet, Hyderabad",Parent Drop,,O+,Active,2026-08-10 11:20:32
60846,ADM60846,Harini,Yadav,O,Female,2012-01-22,9,6,D,2023-04-27,Hindi,Telugu,Bhavya Yadav,Aditya Yadav,9663504481,8767096929,harini.yadav60846@parentmail.com,Narayana School,"228, Uppal, Hyderabad",Bicycle,,B+,Active,2026-08-30 16:28:16
60847,ADM60847,Meghana,Kumar,M,Male,2012-07-24,9,7,C,2024-06-13,Hindi,Telugu,Divya Kumar,Karthik Kumar,9550415786,8272299129,meghana.kumar60847@parentmail.com,Vikas High School,"539, Manikonda, Hyderabad",School Bus,Route-08,AB-,Active,2026-08-23 17:38:10
60848,ADM60848,Sneha,Menon,U,Female,2012-08-04,9,9,D,2026-04-03,Telugu,Hindi,Deepika Menon,Harsha Menon,9973890986,8579628482,sneha.menon60848@parentmail.com,Little Flower School,"32, Manikonda, Hyderabad",School Bus,Route-06,O+,Active,2026-08-31 14:38:03
60849,ADM60849,Karthik,Nair,O,Female,2012-08-18,9,6,E,2023-07-28,Telugu,Hindi,Kavya Nair,Tarun Nair,9490453870,8920131039,karthik.nair60849@parentmail.com,Little Flower School,"862, Bachupally, Hyderabad",Walk,,B+,Active,2026-09-14 10:09:25
60850,ADM60850,Keerthi,Kulkarni,O,Male,2012-12-21,9,1,A,2018-05-10,Telugu,Hindi,Deepika Kulkarni,Varun Kulkarni,9612740510,8445425476,keerthi.kulkarni60850@parentmail.com,No Previous School,"972, Miyapur, Hyderabad",School Bus,Route-07,O-,Active,2026-08-11 13:37:44
60851,ADM60851,Keerthi,Shetty,U,Female,2012-01-15,9,5,D,2022-07-08,Hindi,Telugu,Sahithi Shetty,Arjun Shetty,9334844341,8518692785,keerthi.shetty60851@parentmail.com,Vikas High School,"880, Secunderabad, Hyderabad",Walk,,B-,Active,2026-09-08 09:19:59
60852,ADM60852,Keerthi,Mishra,M,Female,2012-04-10,9,1,C,2018-05-18,Telugu,Hindi,Nandini Mishra,Vijay Mishra,9601684589,8404322892,keerthi.mishra60852@parentmail.com,No Previous School,"866, Secunderabad, Hyderabad",School Bus,Route-01,O-,Active,2026-09-07 20:29:23
60853,ADM60853,Divya,Chowdary,K,Female,2012-06-21,9,3,C,2020-07-01,Hindi,Telugu,Ananya Chowdary,Vishal Chowdary,9706474304,8921209350,divya.chowdary60853@parentmail.com,Narayana School,"407, Manikonda, Hyderabad",Parent Drop,,AB-,Active,2026-08-19 19:18:03
60854,ADM60854,Varun,Sharma,F,Female,2012-05-21,9,8,E,2025-07-09,Telugu,Hindi,Bhavya Sharma,Sanjay Sharma,9189006158,8996911581,varun.sharma60854@parentmail.com,New Horizon School,"597, LB Nagar, Hyderabad",Walk,,AB-,Active,2026-08-20 09:33:08
60855,ADM60855,Kavya,Goud,P,Female,2012-06-28,9,2,D,2019-04-08,Hindi,Telugu,Keerthi Goud,Varun Goud,9342945920,8620122071,kavya.goud60855@parentmail.com,Vikas High School,"602, Bachupally, Hyderabad",School Bus,Route-05,O-,Active,2026-08-28 09:27:36
60856,ADM60856,Lakshmi,Kulkarni,I,Male,2012-01-10,9,6,E,2023-04-26,Telugu,Hindi,Ishita Kulkarni,Varun Kulkarni,9670380103,8612133618,lakshmi.kulkarni60856@parentmail.com,New Horizon School,"368, Secunderabad, Hyderabad",Public Transport,,A+,Active,2026-09-14 10:49:37
60857,ADM60857,Kavya,Das,B,Female,2012-11-03,9,1,E,2018-07-17,Telugu,Hindi,Divya Das,Aditya Das,9505780137,8270347794,kavya.das60857@parentmail.com,No Previous School,"842, Manikonda, Hyderabad",Public Transport,,B+,Active,2026-08-09 16:05:22
60858,ADM60858,Ananya,Reddy,D,Female,2012-08-04,9,1,A,2018-07-07,Telugu,Hindi,Swathi Reddy,Akash Reddy,9503014191,8683480100,ananya.reddy60858@parentmail.com,No Previous School,"541, Kukatpally, Hyderabad",Public Transport,,A-,Active,2026-08-10 10:41:19
60859,ADM60859,Nikhil,Kumar,E,Female,2012-08-11,9,1,B,2018-06-11,Hindi,Telugu,Ishita Kumar,Varun Kumar,9217359794,8962466730,nikhil.kumar60859@parentmail.com,No Previous School,"886, Madhapur, Hyderabad",School Bus,Route-05,B+,Active,2026-08-27 10:03:32
60860,ADM60860,Bhavya,Sharma,G,Male,2012-08-28,9,1,D,2018-04-02,Telugu,Hindi,Aadhya Sharma,Charan Sharma,9866805957,8653558478,bhavya.sharma60860@parentmail.com,No Previous School,"273, Bachupally, Hyderabad",School Bus,Route-01,O+,Active,2026-08-31 08:28:08
60861,ADM60861,Nandini,Nair,A,Male,2012-08-08,9,1,D,2018-07-26,Hindi,Telugu,Swathi Nair,Pranav Nair,9440587626,8254259594,nandini.nair60861@parentmail.com,No Previous School,"754, Nizampet, Hyderabad",Public Transport,,A-,Active,2026-09-04 18:12:41
60862,ADM60862,Sneha,Nair,S,Female,2012-06-08,9,3,B,2020-04-03,Hindi,Telugu,Bhavya Nair,Varun Nair,9746357303,8618022696,sneha.nair60862@parentmail.com,Brilliant Grammar School,"491, Ameerpet, Hyderabad",Public Transport,,AB-,Active,2026-08-11 11:38:12
60863,ADM60863,Divya,Shetty,P,Female,2012-10-14,9,1,B,2018-05-05,Telugu,Hindi,Aishwarya Shetty,Arjun Shetty,9522912778,8841661272,divya.shetty60863@parentmail.com,No Previous School,"213, Dilsukhnagar, Hyderabad",Parent Drop,,B-,Active,2026-08-18 07:09:40
60864,ADM60864,Aarav,Joshi,W,Female,2012-10-09,9,3,C,2020-07-12,Telugu,Hindi,Aishwarya Joshi,Akash Joshi,9645012298,8251728052,aarav.joshi60864@parentmail.com,Sri Chaitanya School,"814, LB Nagar, Hyderabad",Parent Drop,,AB-,Active,2026-08-18 18:41:01
60865,ADM60865,Pooja,Singh,W,Female,2012-08-25,9,2,B,2019-06-11,Telugu,Hindi,Vaishnavi Singh,Rahul Singh,9389649276,8545527144,pooja.singh60865@parentmail.com,Sri Vidya High School,"322, Manikonda, Hyderabad",School Bus,Route-04,O+,Active,2026-09-11 10:34:27
60866,ADM60866,Surya,Das,G,Female,2012-09-08,9,6,B,2023-07-16,Hindi,Telugu,Bhavya Das,Rahul Das,9822705954,8619847737,surya.das60866@parentmail.com,Sri Vidya High School,"727, Madhapur, Hyderabad",Private Van,Route-01,A+,Active,2026-08-24 16:33:01
60867,ADM60867,Charan,Das,Y,Male,2012-12-21,9,7,B,2024-07-13,Hindi,Telugu,Neha Das,Nikhil Das,9435054565,8884641069,charan.das60867@parentmail.com,No Previous School,"19, Kondapur, Hyderabad",Private Van,Route-04,O+,Active,2026-09-06 14:42:19
60868,ADM60868,Karthik,Chowdary,J,Male,2012-12-12,9,1,D,2018-07-13,Telugu,Hindi,Lakshmi Chowdary,Nikhil Chowdary,9869535143,8729272355,karthik.chowdary60868@parentmail.com,No Previous School,"720, Kukatpally, Hyderabad",Parent Drop,,B+,Active,2026-09-14 18:49:06
60869,ADM60869,Aditya,Menon,Y,Male,2012-05-02,9,5,E,2022-05-14,Hindi,Telugu,Ishita Menon,Rohan Menon,9689300052,8833592770,aditya.menon60869@parentmail.com,St. Mary's School,"450, Dilsukhnagar, Hyderabad",School Bus,Route-09,AB-,Active,2026-09-10 18:21:13
60870,ADM60870,Aditya,Shetty,D,Female,2012-11-09,9,9,A,2026-05-10,Telugu,Hindi,Swathi Shetty,Krishna Shetty,9264208387,8520092557,aditya.shetty60870@parentmail.com,Little Flower School,"852, Manikonda, Hyderabad",School Bus,Route-09,B-,Active,2026-08-02 20:05:18
60871,ADM60871,Deepika,Yadav,P,Male,2012-12-15,9,8,B,2025-07-27,Telugu,Hindi,Lakshmi Yadav,Vishal Yadav,9750376862,8538265778,deepika.yadav60871@parentmail.com,Sri Chaitanya School,"517, Secunderabad, Hyderabad",Parent Drop,,B-,Active,2026-08-14 13:06:55
60872,ADM60872,Deepika,Iyer,O,Male,2012-02-09,9,4,D,2021-07-22,Telugu,Hindi,Keerthi Iyer,Tarun Iyer,9282016320,8827795414,deepika.iyer60872@parentmail.com,No Previous School,"284, Dilsukhnagar, Hyderabad",Public Transport,,A+,Active,2026-08-06 08:37:15
60873,ADM60873,Harini,Iyer,U,Female,2012-09-23,9,2,D,2019-07-07,Hindi,Telugu,Vaishnavi Iyer,Surya Iyer,9742260971,8822431836,harini.iyer60873@parentmail.com,Sri Vidya High School,"532, Manikonda, Hyderabad",Parent Drop,,A+,Active,2026-08-31 10:29:55
60874,ADM60874,Surya,Kumar,Q,Female,2012-03-17,9,1,A,2018-04-26,Telugu,Hindi,Aadhya Kumar,Charan Kumar,9993658550,8373184709,surya.kumar60874@parentmail.com,No Previous School,"688, Madhapur, Hyderabad",Parent Drop,,AB+,Active,2026-08-16 07:46:48
60875,ADM60875,Aditya,Sharma,G,Male,2012-04-22,9,1,E,2018-04-19,Hindi,Telugu,Neha Sharma,Manish Sharma,9293716474,8341529357,aditya.sharma60875@parentmail.com,No Previous School,"145, Uppal, Hyderabad",Private Van,Route-01,B+,Active,2026-09-14 14:41:54
60876,ADM60876,Akash,Nair,E,Female,2012-02-01,9,2,C,2019-06-24,Hindi,Telugu,Sahithi Nair,Aditya Nair,9945268109,8982606130,akash.nair60876@parentmail.com,Vikas High School,"644, LB Nagar, Hyderabad",Private Van,Route-02,O-,Active,2026-08-27 14:29:09
60877,ADM60877,Manish,Joshi,S,Male,2012-10-13,9,1,B,2018-05-15,Telugu,Hindi,Neha Joshi,Aarav Joshi,9347083104,8389034666,manish.joshi60877@parentmail.com,No Previous School,"867, Uppal, Hyderabad",Private Van,Route-06,O-,Active,2026-08-03 08:23:00
60878,ADM60878,Aishwarya,Goud,P,Male,2012-11-07,9,1,D,2018-06-25,Hindi,Telugu,Aadhya Goud,Varun Goud,9849270741,8736921527,aishwarya.goud60878@parentmail.com,No Previous School,"767, Dilsukhnagar, Hyderabad",Public Transport,,O-,Active,2026-09-11 14:53:16
60879,ADM60879,Surya,Iyer,O,Female,2012-10-24,9,7,B,2024-05-02,Telugu,Hindi,Ishita Iyer,Sai Iyer,9990631077,8813157432,surya.iyer60879@parentmail.com,Green Valley School,"549, Kondapur, Hyderabad",School Bus,Route-10,B+,Active,2026-09-05 07:55:05
60880,ADM60880,Lakshmi,Menon,O,Male,2012-10-07,9,5,C,2022-05-01,Hindi,Telugu,Neha Menon,Tarun Menon,9533821658,8924043720,lakshmi.menon60880@parentmail.com,New Horizon School,"688, Uppal, Hyderabad",Parent Drop,,AB+,Active,2026-09-03 17:17:06
60881,ADM60881,Harini,Verma,V,Female,2011-01-28,10,4,B,2020-07-06,Telugu,Hindi,Lakshmi Verma,Nikhil Verma,9551267479,8654708115,harini.verma60881@parentmail.com,No Previous School,"756, Kukatpally, Hyderabad",Walk,,AB+,Active,2026-08-11 09:05:10
60882,ADM60882,Vishal,Singh,Q,Male,2011-03-27,10,1,E,2017-07-03,Telugu,Hindi,Ishita Singh,Surya Singh,9766971408,8191649053,vishal.singh60882@parentmail.com,No Previous School,"581, Ameerpet, Hyderabad",Parent Drop,,AB-,Active,2026-08-22 15:51:55
60883,ADM60883,Swathi,Mishra,W,Male,2011-06-03,10,9,A,2025-05-08,Hindi,Telugu,Bhavya Mishra,Tarun Mishra,9576522852,8480938402,swathi.mishra60883@parentmail.com,Oxford Public School,"127, LB Nagar, Hyderabad",Private Van,Route-07,O-,Active,2026-08-04 20:10:38
60884,ADM60884,Sanjay,Mishra,A,Male,2011-07-24,10,3,D,2019-06-07,Hindi,Telugu,Pooja Mishra,Nikhil Mishra,9935919350,8251485513,sanjay.mishra60884@parentmail.com,St. Mary's School,"705, LB Nagar, Hyderabad",School Bus,Route-02,AB-,Active,2026-08-17 18:46:10
60885,ADM60885,Karthik,Iyer,X,Female,2011-09-11,10,7,C,2023-06-11,Hindi,Telugu,Sahithi Iyer,Aditya Iyer,9563820489,8339804802,karthik.iyer60885@parentmail.com,Sri Chaitanya School,"864, Madhapur, Hyderabad",Parent Drop,,B+,Active,2026-08-14 07:05:50
60886,ADM60886,Priya,Das,D,Male,2011-05-19,10,7,E,2023-07-23,Hindi,Telugu,Priya Das,Vishal Das,9667547571,8477431221,priya.das60886@parentmail.com,Brilliant Grammar School,"219, Ameerpet, Hyderabad",School Bus,Route-02,AB-,Active,2026-09-06 19:05:36
60887,ADM60887,Karthik,Nair,K,Male,2011-01-21,10,9,D,2025-04-26,Telugu,Hindi,Aadhya Nair,Aarav Nair,9381601080,8677247094,karthik.nair60887@parentmail.com,Brilliant Grammar School,"693, Ameerpet, Hyderabad",Bicycle,,A-,Active,2026-08-06 16:22:09
60888,ADM60888,Surya,Kumar,J,Male,2011-09-09,10,2,E,2018-07-17,Telugu,Hindi,Vaishnavi Kumar,Manish Kumar,9845605025,8736888951,surya.kumar60888@parentmail.com,Vikas High School,"456, Dilsukhnagar, Hyderabad",Public Transport,,B-,Active,2026-09-14 12:08:08
60889,ADM60889,Meghana,Patel,S,Female,2011-07-06,10,7,B,2023-07-12,Hindi,Telugu,Sneha Patel,Surya Patel,9924429412,8538958973,meghana.patel60889@parentmail.com,Oxford Public School,"620, Nizampet, Hyderabad",School Bus,Route-07,B+,Active,2026-08-24 15:43:07
60890,ADM60890,Surya,Kulkarni,K,Male,2011-05-21,10,5,E,2021-06-10,Telugu,Hindi,Divya Kulkarni,Karthik Kulkarni,9997167604,8178948420,surya.kulkarni60890@parentmail.com,Oxford Public School,"863, Bachupally, Hyderabad",School Bus,Route-10,AB+,Active,2026-09-05 20:40:25
60891,ADM60891,Rohan,Chowdary,T,Male,2011-07-06,10,1,B,2017-06-05,Hindi,Telugu,Pooja Chowdary,Vijay Chowdary,9634962684,8733636553,rohan.chowdary60891@parentmail.com,No Previous School,"366, Madhapur, Hyderabad",Public Transport,,AB+,Active,2026-09-04 18:49:52
60892,ADM60892,Divya,Reddy,D,Male,2011-08-18,10,3,C,2019-05-06,Hindi,Telugu,Kavya Reddy,Krishna Reddy,9584724339,8767746624,divya.reddy60892@parentmail.com,Brilliant Grammar School,"563, LB Nagar, Hyderabad",Private Van,Route-04,A-,Active,2026-08-23 13:13:59
60893,ADM60893,Deepika,Chowdary,I,Male,2011-12-03,10,3,A,2019-06-25,Hindi,Telugu,Keerthi Chowdary,Krishna Chowdary,9590644795,8365561124,deepika.chowdary60893@parentmail.com,No Previous School,"264, LB Nagar, Hyderabad",School Bus,Route-08,B+,Active,2026-09-12 17:57:33
60894,ADM60894,Harsha,Nair,F,Male,2011-12-26,10,1,E,2017-04-12,Hindi,Telugu,Neha Nair,Sai Nair,9383906277,8130802659,harsha.nair60894@parentmail.com,No Previous School,"950, Madhapur, Hyderabad",Bicycle,,AB-,Active,2026-08-20 10:50:37
60895,ADM60895,Surya,Kumar,P,Male,2011-01-09,10,1,A,2017-06-19,Telugu,Hindi,Divya Kumar,Tarun Kumar,9258527870,8677057101,surya.kumar60895@parentmail.com,No Previous School,"109, Manikonda, Hyderabad",School Bus,Route-02,A-,Active,2026-09-14 18:16:37
60896,ADM60896,Pooja,Iyer,I,Male,2011-04-08,10,9,A,2025-05-01,Telugu,Hindi,Nandini Iyer,Sai Iyer,9766674747,8374109781,pooja.iyer60896@parentmail.com,Sri Chaitanya School,"630, Kukatpally, Hyderabad",School Bus,Route-04,A-,Active,2026-08-22 07:03:47
60897,ADM60897,Ananya,Chowdary,X,Female,2011-06-04,10,3,C,2019-07-08,Hindi,Telugu,Harini Chowdary,Sai Chowdary,9824061264,8765143974,ananya.chowdary60897@parentmail.com,St. Mary's School,"165, Kukatpally, Hyderabad",Public Transport,,A+,Active,2026-08-22 09:36:35
60898,ADM60898,Karthik,Mishra,O,Male,2011-08-14,10,1,D,2017-04-21,Telugu,Hindi,Harini Mishra,Krishna Mishra,9299435119,8676936678,karthik.mishra60898@parentmail.com,No Previous School,"390, Dilsukhnagar, Hyderabad",School Bus,Route-06,B-,Active,2026-08-04 10:49:00
60899,ADM60899,Sanjay,Nair,K,Female,2011-08-13,10,10,C,2026-04-16,Telugu,Hindi,Neha Nair,Manish Nair,9378895787,8125259205,sanjay.nair60899@parentmail.com,St. Mary's School,"55, Nizampet, Hyderabad",Parent Drop,,O-,Active,2026-09-12 13:02:38
60900,ADM60900,Sahithi,Patel,P,Female,2011-01-15,10,4,A,2020-05-13,Telugu,Hindi,Kavya Patel,Sanjay Patel,9686453982,8477205389,sahithi.patel60900@parentmail.com,Brilliant Grammar School,"906, Kukatpally, Hyderabad",Bicycle,,B+,Active,2026-08-14 08:21:42
60901,ADM60901,Bhavya,Goud,C,Male,2011-11-02,10,1,B,2017-07-26,Hindi,Telugu,Nandini Goud,Aarav Goud,9360574850,8513063327,bhavya.goud60901@parentmail.com,No Previous School,"206, Madhapur, Hyderabad",Bicycle,,O+,Active,2026-08-27 10:18:55
60902,ADM60902,Aarav,Chowdary,M,Male,2011-10-20,10,8,A,2024-05-06,Telugu,Hindi,Kavya Chowdary,Aditya Chowdary,9803299039,8232307910,aarav.chowdary60902@parentmail.com,Vikas High School,"717, Uppal, Hyderabad",School Bus,Route-01,B+,Active,2026-08-17 09:57:36
60903,ADM60903,Sai,Yadav,F,Male,2011-07-09,10,3,A,2019-04-10,Telugu,Hindi,Aadhya Yadav,Sanjay Yadav,9863957461,8256343377,sai.yadav60903@parentmail.com,Narayana School,"905, Secunderabad, Hyderabad",Private Van,Route-06,B+,Active,2026-09-04 14:01:46
60904,ADM60904,Pranav,Shetty,E,Female,2011-11-05,10,1,C,2017-07-10,Telugu,Hindi,Vaishnavi Shetty,Vishal Shetty,9503934931,8593266775,pranav.shetty60904@parentmail.com,No Previous School,"564, Madhapur, Hyderabad",Walk,,AB-,Inactive,2026-08-15 20:27:34
60905,ADM60905,Priya,Reddy,X,Female,2011-02-04,10,7,A,2023-07-08,Telugu,Hindi,Deepika Reddy,Vishal Reddy,9510689838,8344852092,priya.reddy60905@parentmail.com,St. Mary's School,"434, Ameerpet, Hyderabad",School Bus,Route-10,AB-,Active,2026-08-01 14:20:48
60906,ADM60906,Meghana,Shetty,C,Female,2011-03-07,10,1,B,2017-06-11,Hindi,Telugu,Sahithi Shetty,Nikhil Shetty,9189566392,8901677078,meghana.shetty60906@parentmail.com,No Previous School,"528, Kukatpally, Hyderabad",School Bus,Route-03,O-,Active,2026-08-27 18:04:34
60907,ADM60907,Kavya,Singh,I,Male,2011-10-08,10,8,A,2024-05-18,Hindi,Telugu,Meghana Singh,Tarun Singh,9215980336,8395540129,kavya.singh60907@parentmail.com,Little Flower School,"167, Manikonda, Hyderabad",School Bus,Route-01,A-,Active,2026-09-13 13:59:41
60908,ADM60908,Divya,Das,L,Female,2011-06-25,10,7,D,2023-07-22,Telugu,Hindi,Vaishnavi Das,Varun Das,9334301301,8123753509,divya.das60908@parentmail.com,Little Flower School,"118, Madhapur, Hyderabad",Private Van,Route-07,O+,Active,2026-08-24 13:50:17
60909,ADM60909,Divya,Mishra,R,Male,2011-01-26,10,7,B,2023-07-17,Telugu,Hindi,Ananya Mishra,Aditya Mishra,9955727957,8393208909,divya.mishra60909@parentmail.com,St. Mary's School,"61, Dilsukhnagar, Hyderabad",School Bus,Route-04,AB+,Active,2026-09-07 11:28:00
60910,ADM60910,Keerthi,Shetty,Y,Male,2011-06-20,10,5,D,2021-05-25,Telugu,Hindi,Bhavya Shetty,Krishna Shetty,9439523043,8630369647,keerthi.shetty60910@parentmail.com,Sri Vidya High School,"501, Uppal, Hyderabad",School Bus,Route-04,B+,Active,2026-09-10 16:27:57
60911,ADM60911,Arjun,Patel,P,Male,2011-06-06,10,3,D,2019-05-12,Telugu,Hindi,Vaishnavi Patel,Sanjay Patel,9350679684,8866802471,arjun.patel60911@parentmail.com,Narayana School,"905, Ameerpet, Hyderabad",Private Van,Route-05,B-,Active,2026-08-10 09:28:35
60912,ADM60912,Karthik,Yadav,I,Male,2011-04-06,10,10,C,2026-06-10,Hindi,Telugu,Nandini Yadav,Vijay Yadav,9629218279,8834525648,karthik.yadav60912@parentmail.com,Sri Vidya High School,"765, Ameerpet, Hyderabad",School Bus,Route-08,O-,Active,2026-08-20 20:12:38
60913,ADM60913,Meghana,Nair,L,Male,2011-10-19,10,7,E,2023-07-09,Hindi,Telugu,Ananya Nair,Manish Nair,9137264612,8224797352,meghana.nair60913@parentmail.com,St. Mary's School,"534, Miyapur, Hyderabad",School Bus,Route-04,B-,Active,2026-08-05 15:39:31
60914,ADM60914,Aadhya,Chowdary,R,Female,2011-07-13,10,4,C,2020-05-17,Hindi,Telugu,Swathi Chowdary,Charan Chowdary,9630383846,8330781837,aadhya.chowdary60914@parentmail.com,Sri Chaitanya School,"218, Kukatpally, Hyderabad",Parent Drop,,A-,Active,2026-08-05 19:55:58
60915,ADM60915,Pranav,Mishra,U,Male,2011-12-22,10,5,A,2021-07-22,Telugu,Hindi,Ananya Mishra,Charan Mishra,9386029969,8833177019,pranav.mishra60915@parentmail.com,St. Mary's School,"25, Kondapur, Hyderabad",Private Van,Route-07,A+,Active,2026-08-09 10:05:26
60916,ADM60916,Manish,Naidu,U,Female,2011-11-01,10,1,C,2017-07-10,Telugu,Hindi,Ishita Naidu,Harsha Naidu,9834630599,8133071512,manish.naidu60916@parentmail.com,No Previous School,"939, Kukatpally, Hyderabad",School Bus,Route-08,O-,Active,2026-09-01 08:17:10
60917,ADM60917,Kavya,Rao,E,Female,2011-07-25,10,5,D,2021-05-11,Hindi,Telugu,Nandini Rao,Aditya Rao,9467371483,8510761183,kavya.rao60917@parentmail.com,Brilliant Grammar School,"162, LB Nagar, Hyderabad",Public Transport,,O+,Active,2026-09-08 10:02:05
60918,ADM60918,Varun,Verma,K,Female,2011-07-02,10,6,D,2022-04-19,Hindi,Telugu,Pooja Verma,Sai Verma,9535367283,8886621219,varun.verma60918@parentmail.com,Oxford Public School,"597, Kondapur, Hyderabad",Public Transport,,O+,Active,2026-08-09 09:35:50
60919,ADM60919,Tarun,Shetty,T,Male,2011-12-06,10,1,C,2017-06-12,Hindi,Telugu,Aishwarya Shetty,Pranav Shetty,9311216605,8608832265,tarun.shetty60919@parentmail.com,No Previous School,"286, Bachupally, Hyderabad",School Bus,Route-04,O-,Active,2026-09-07 20:58:29
60920,ADM60920,Aditya,Verma,Y,Male,2011-07-18,10,10,D,2026-06-01,Telugu,Hindi,Divya Verma,Manish Verma,9606764566,8135149291,aditya.verma60920@parentmail.com,Narayana School,"286, LB Nagar, Hyderabad",Parent Drop,,O+,Active,2026-09-11 10:16:23
60921,ADM60921,Sai,Iyer,S,Male,2011-03-19,10,1,E,2017-04-01,Hindi,Telugu,Aishwarya Iyer,Sanjay Iyer,9980941329,8545229001,sai.iyer60921@parentmail.com,No Previous School,"524, LB Nagar, Hyderabad",Parent Drop,,A+,Active,2026-08-11 12:16:31
60922,ADM60922,Sahithi,Naidu,J,Male,2011-01-24,10,1,A,2017-07-05,Hindi,Telugu,Deepika Naidu,Sai Naidu,9635282738,8439079880,sahithi.naidu60922@parentmail.com,No Previous School,"766, Ameerpet, Hyderabad",Parent Drop,,B-,Active,2026-08-25 14:58:21
60923,ADM60923,Krishna,Mishra,W,Male,2011-11-16,10,7,A,2023-05-24,Hindi,Telugu,Swathi Mishra,Rohan Mishra,9125846155,8672188384,krishna.mishra60923@parentmail.com,No Previous School,"207, Kukatpally, Hyderabad",School Bus,Route-06,B-,Active,2026-09-06 08:16:28
60924,ADM60924,Harsha,Gupta,O,Female,2011-07-20,10,1,D,2017-04-23,Hindi,Telugu,Ishita Gupta,Nikhil Gupta,9585043942,8404583423,harsha.gupta60924@parentmail.com,No Previous School,"189, LB Nagar, Hyderabad",School Bus,Route-09,B-,Active,2026-09-04 20:08:33
60925,ADM60925,Charan,Goud,O,Male,2011-08-08,10,4,A,2020-07-07,Telugu,Hindi,Nandini Goud,Harsha Goud,9197035052,8918417565,charan.goud60925@parentmail.com,Narayana School,"713, LB Nagar, Hyderabad",Parent Drop,,B-,Active,2026-08-19 11:13:30
60926,ADM60926,Aishwarya,Yadav,N,Male,2011-10-19,10,3,D,2019-07-08,Telugu,Hindi,Pooja Yadav,Aarav Yadav,9128832597,8509547989,aishwarya.yadav60926@parentmail.com,Green Valley School,"547, LB Nagar, Hyderabad",Parent Drop,,AB+,Active,2026-09-14 11:33:04
60927,ADM60927,Sai,Naidu,R,Female,2011-12-14,10,1,E,2017-06-15,Telugu,Hindi,Sneha Naidu,Vishal Naidu,9815292094,8134374572,sai.naidu60927@parentmail.com,No Previous School,"289, Ameerpet, Hyderabad",Bicycle,,O-,Inactive,2026-08-07 14:47:03
60928,ADM60928,Vishal,Shetty,Y,Male,2011-06-01,10,3,A,2019-04-28,Hindi,Telugu,Sneha Shetty,Rahul Shetty,9789915085,8527806567,vishal.shetty60928@parentmail.com,Sunrise Model School,"798, Kondapur, Hyderabad",School Bus,Route-03,B+,Active,2026-08-15 10:40:16
60929,ADM60929,Tarun,Mishra,Z,Male,2011-04-04,10,1,D,2017-07-19,Telugu,Hindi,Deepika Mishra,Karthik Mishra,9793028441,8303322378,tarun.mishra60929@parentmail.com,No Previous School,"458, Uppal, Hyderabad",Parent Drop,,AB+,Active,2026-09-09 10:03:38
60930,ADM60930,Deepika,Kumar,L,Female,2011-04-09,10,3,E,2019-06-06,Telugu,Hindi,Kavya Kumar,Arjun Kumar,9824269754,8328954960,deepika.kumar60930@parentmail.com,No Previous School,"580, Madhapur, Hyderabad",School Bus,Route-09,B+,Active,2026-08-28 09:05:13
60931,ADM60931,Deepika,Shetty,Y,Female,2011-04-16,10,3,C,2019-04-09,Telugu,Hindi,Aadhya Shetty,Surya Shetty,9991580488,8189038235,deepika.shetty60931@parentmail.com,Vikas High School,"648, Kondapur, Hyderabad",School Bus,Route-07,A+,Active,2026-08-03 14:14:07
60932,ADM60932,Meghana,Reddy,H,Male,2011-04-27,10,4,E,2020-07-19,Hindi,Telugu,Priya Reddy,Aarav Reddy,9377399309,8883455502,meghana.reddy60932@parentmail.com,Brilliant Grammar School,"335, Kondapur, Hyderabad",Parent Drop,,AB+,Active,2026-08-07 19:34:00
60933,ADM60933,Kavya,Naidu,B,Female,2011-05-01,10,5,B,2021-05-18,Hindi,Telugu,Deepika Naidu,Surya Naidu,9191467943,8181443484,kavya.naidu60933@parentmail.com,New Horizon School,"670, Ameerpet, Hyderabad",Parent Drop,,A+,Active,2026-09-09 09:42:10
60934,ADM60934,Aditya,Kulkarni,C,Male,2011-09-24,10,4,B,2020-04-05,Telugu,Hindi,Meghana Kulkarni,Aditya Kulkarni,9229895401,8368420806,aditya.kulkarni60934@parentmail.com,Sri Vidya High School,"287, Nizampet, Hyderabad",School Bus,Route-05,AB-,Active,2026-08-26 19:57:21
60935,ADM60935,Rahul,Goud,P,Female,2011-10-03,10,10,E,2026-06-16,Telugu,Hindi,Swathi Goud,Varun Goud,9494035032,8950704902,rahul.goud60935@parentmail.com,Vikas High School,"827, Bachupally, Hyderabad",School Bus,Route-07,B-,Active,2026-09-11 12:34:55
60936,ADM60936,Krishna,Nair,E,Male,2011-02-12,10,3,E,2019-07-11,Telugu,Hindi,Pooja Nair,Surya Nair,9386446248,8903614059,krishna.nair60936@parentmail.com,Little Flower School,"345, Miyapur, Hyderabad",Private Van,Route-06,O+,Active,2026-08-16 16:22:00
60937,ADM60937,Meghana,Shetty,M,Male,2011-08-20,10,5,C,2021-05-09,Telugu,Hindi,Priya Shetty,Rohan Shetty,9335614598,8805879127,meghana.shetty60937@parentmail.com,Green Valley School,"500, Kondapur, Hyderabad",School Bus,Route-07,AB+,Active,2026-08-22 13:38:49
60938,ADM60938,Surya,Joshi,K,Female,2011-12-15,10,1,E,2017-05-15,Hindi,Telugu,Ananya Joshi,Aarav Joshi,9908385894,8632008987,surya.joshi60938@parentmail.com,No Previous School,"261, Bachupally, Hyderabad",School Bus,Route-07,O-,Active,2026-08-03 12:36:37
60939,ADM60939,Harsha,Naidu,T,Male,2011-08-25,10,5,A,2021-05-09,Telugu,Hindi,Harini Naidu,Aarav Naidu,9830461706,8536522528,harsha.naidu60939@parentmail.com,Brilliant Grammar School,"837, Bachupally, Hyderabad",Private Van,Route-09,A-,Active,2026-08-15 16:20:18
60940,ADM60940,Tarun,Patel,E,Male,2011-02-02,10,9,A,2025-06-17,Telugu,Hindi,Divya Patel,Aarav Patel,9765859184,8354201163,tarun.patel60940@parentmail.com,St. Mary's School,"227, Dilsukhnagar, Hyderabad",Bicycle,,O+,Active,2026-08-24 11:28:03
60941,ADM60941,Aadhya,Chowdary,S,Female,2011-12-22,10,1,B,2017-07-10,Telugu,Hindi,Nandini Chowdary,Akash Chowdary,9165230872,8542317481,aadhya.chowdary60941@parentmail.com,No Previous School,"158, Secunderabad, Hyderabad",School Bus,Route-05,B-,Active,2026-08-09 08:27:51
60942,ADM60942,Deepika,Goud,Q,Female,2011-03-26,10,9,E,2025-06-23,Telugu,Hindi,Nandini Goud,Charan Goud,9462607065,8637002284,deepika.goud60942@parentmail.com,St. Mary's School,"165, LB Nagar, Hyderabad",School Bus,Route-05,B+,Active,2026-08-18 13:31:16
60943,ADM60943,Vishal,Shetty,X,Female,2011-07-28,10,9,A,2025-06-16,Telugu,Hindi,Ishita Shetty,Rohan Shetty,9378025688,8683960147,vishal.shetty60943@parentmail.com,Oxford Public School,"86, Kukatpally, Hyderabad",School Bus,Route-03,O+,Active,2026-09-07 20:20:30
60944,ADM60944,Manish,Mishra,H,Male,2011-01-25,10,9,A,2025-06-15,Telugu,Hindi,Swathi Mishra,Vijay Mishra,9741942590,8705807258,manish.mishra60944@parentmail.com,Sri Vidya High School,"788, Bachupally, Hyderabad",Private Van,Route-01,B+,Active,2026-08-11 19:28:14
60945,ADM60945,Aadhya,Sharma,S,Female,2011-05-03,10,2,C,2018-06-06,Hindi,Telugu,Pooja Sharma,Krishna Sharma,9291014177,8859926249,aadhya.sharma60945@parentmail.com,Sri Vidya High School,"742, Uppal, Hyderabad",School Bus,Route-09,A+,Active,2026-08-05 08:08:40
60946,ADM60946,Tarun,Sharma,B,Male,2011-04-28,10,10,E,2026-04-15,Telugu,Hindi,Nandini Sharma,Varun Sharma,9118161687,8600023301,tarun.sharma60946@parentmail.com,Green Valley School,"283, Nizampet, Hyderabad",Parent Drop,,AB+,Transferred,2026-08-15 15:15:02
60947,ADM60947,Aadhya,Reddy,B,Female,2011-04-01,10,10,C,2026-04-27,Hindi,Telugu,Deepika Reddy,Aditya Reddy,9798828770,8351027365,aadhya.reddy60947@parentmail.com,Green Valley School,"988, Miyapur, Hyderabad",Parent Drop,,B+,Active,2026-08-16 16:17:13
60948,ADM60948,Nikhil,Gupta,F,Female,2011-06-16,10,10,C,2026-05-16,Telugu,Hindi,Harini Gupta,Sai Gupta,9404398022,8386244049,nikhil.gupta60948@parentmail.com,Sri Chaitanya School,"282, Dilsukhnagar, Hyderabad",Parent Drop,,AB-,Active,2026-08-17 15:37:28
60949,ADM60949,Manish,Goud,C,Male,2011-09-08,10,10,C,2026-04-27,Hindi,Telugu,Aadhya Goud,Tarun Goud,9185287637,8412300583,manish.goud60949@parentmail.com,No Previous School,"214, Kondapur, Hyderabad",School Bus,Route-04,O+,Active,2026-08-23 13:01:13
60950,ADM60950,Ananya,Verma,R,Male,2011-07-22,10,1,C,2017-06-17,Telugu,Hindi,Vaishnavi Verma,Vijay Verma,9706910493,8173198468,ananya.verma60950@parentmail.com,No Previous School,"522, Dilsukhnagar, Hyderabad",Public Transport,,AB-,Active,2026-08-31 12:08:36
60951,ADM60951,Tarun,Singh,G,Female,2011-10-27,10,1,D,2017-05-07,Hindi,Telugu,Sneha Singh,Tarun Singh,9609598066,8580945152,tarun.singh60951@parentmail.com,No Previous School,"124, Uppal, Hyderabad",Parent Drop,,AB+,Active,2026-08-03 07:56:19
60952,ADM60952,Akash,Yadav,N,Male,2011-04-10,10,7,C,2023-05-11,Telugu,Hindi,Bhavya Yadav,Vishal Yadav,9764961313,8227542040,akash.yadav60952@parentmail.com,New Horizon School,"299, Kukatpally, Hyderabad",Parent Drop,,O-,Active,2026-08-26 20:15:29
60953,ADM60953,Rohan,Singh,L,Male,2011-06-05,10,1,D,2017-04-18,Telugu,Hindi,Bhavya Singh,Sai Singh,9679850793,8544260234,rohan.singh60953@parentmail.com,No Previous School,"548, Dilsukhnagar, Hyderabad",Walk,,O-,Active,2026-08-06 11:19:28
60954,ADM60954,Nandini,Rao,H,Male,2011-09-25,10,7,A,2023-06-16,Telugu,Hindi,Deepika Rao,Surya Rao,9787743777,8640887848,nandini.rao60954@parentmail.com,Oxford Public School,"891, Dilsukhnagar, Hyderabad",School Bus,Route-07,B-,Active,2026-09-13 08:56:33
60955,ADM60955,Tarun,Reddy,R,Female,2011-07-03,10,6,D,2022-06-14,Hindi,Telugu,Harini Reddy,Pranav Reddy,9400895629,8565322528,tarun.reddy60955@parentmail.com,Sunrise Model School,"664, Madhapur, Hyderabad",Walk,,AB-,Active,2026-09-10 20:39:41
60956,ADM60956,Harsha,Reddy,M,Male,2011-06-16,10,1,C,2017-04-13,Telugu,Hindi,Meghana Reddy,Sai Reddy,9898234432,8781539469,harsha.reddy60956@parentmail.com,No Previous School,"685, Ameerpet, Hyderabad",Parent Drop,,AB-,Active,2026-08-14 08:08:32
60957,ADM60957,Sahithi,Mishra,C,Female,2011-12-18,10,3,B,2019-04-04,Hindi,Telugu,Swathi Mishra,Pranav Mishra,9900767972,8904000373,sahithi.mishra60957@parentmail.com,Oxford Public School,"881, Bachupally, Hyderabad",Walk,,B-,Active,2026-08-07 18:47:15
60958,ADM60958,Neha,Naidu,P,Male,2011-05-09,10,7,B,2023-05-11,Telugu,Hindi,Aishwarya Naidu,Vijay Naidu,9333507879,8846726125,neha.naidu60958@parentmail.com,Sunrise Model School,"611, Bachupally, Hyderabad",School Bus,Route-07,A-,Active,2026-08-04 08:58:39
60959,ADM60959,Divya,Singh,X,Male,2011-05-14,10,7,C,2023-07-06,Telugu,Hindi,Aishwarya Singh,Karthik Singh,9923702019,8827936621,divya.singh60959@parentmail.com,Sri Vidya High School,"620, LB Nagar, Hyderabad",Parent Drop,,A+,Active,2026-09-07 15:53:15
60960,ADM60960,Aarav,Gupta,Z,Male,2011-02-14,10,8,B,2024-07-18,Telugu,Hindi,Sneha Gupta,Varun Gupta,9619947653,8993984389,aarav.gupta60960@parentmail.com,Little Flower School,"205, Secunderabad, Hyderabad",School Bus,Route-05,O+,Active,2026-08-18 20:24:41
60961,ADM60961,Harini,Yadav,E,Male,2011-03-12,10,1,B,2017-07-01,Telugu,Hindi,Lakshmi Yadav,Akash Yadav,9647762854,8933942364,harini.yadav60961@parentmail.com,No Previous School,"618, Miyapur, Hyderabad",School Bus,Route-04,AB+,Active,2026-08-26 19:29:46
60962,ADM60962,Vishal,Das,M,Female,2011-02-14,10,4,C,2020-07-23,Hindi,Telugu,Meghana Das,Aarav Das,9944524171,8487986047,vishal.das60962@parentmail.com,No Previous School,"845, Dilsukhnagar, Hyderabad",Parent Drop,,O+,Active,2026-08-13 13:28:11
60963,ADM60963,Bhavya,Gupta,W,Female,2011-07-21,10,9,E,2025-05-28,Telugu,Hindi,Pooja Gupta,Varun Gupta,9314204080,8687419491,bhavya.gupta60963@parentmail.com,Little Flower School,"337, Kukatpally, Hyderabad",Parent Drop,,B+,Active,2026-08-07 09:13:09
60964,ADM60964,Ishita,Chowdary,Y,Female,2011-04-24,10,7,E,2023-05-17,Telugu,Hindi,Ishita Chowdary,Aarav Chowdary,9332554532,8398252371,ishita.chowdary60964@parentmail.com,Sunrise Model School,"872, Madhapur, Hyderabad",School Bus,Route-10,B-,Active,2026-08-14 07:09:59
60965,ADM60965,Karthik,Verma,B,Female,2011-01-04,10,10,C,2026-05-21,Hindi,Telugu,Aishwarya Verma,Aditya Verma,9572346437,8104121902,karthik.verma60965@parentmail.com,Little Flower School,"161, Madhapur, Hyderabad",Private Van,Route-03,O-,Active,2026-09-10 17:01:08
60966,ADM60966,Divya,Mishra,T,Female,2011-05-18,10,4,E,2020-07-25,Telugu,Hindi,Priya Mishra,Surya Mishra,9285884377,8139255449,divya.mishra60966@parentmail.com,Green Valley School,"661, Kukatpally, Hyderabad",Parent Drop,,AB+,Active,2026-09-12 12:13:45
60967,ADM60967,Priya,Das,U,Male,2011-02-08,10,9,E,2025-05-13,Hindi,Telugu,Keerthi Das,Tarun Das,9898470055,8164648105,priya.das60967@parentmail.com,Green Valley School,"825, Secunderabad, Hyderabad",Private Van,Route-07,B+,Active,2026-09-04 09:17:57
60968,ADM60968,Aarav,Kulkarni,M,Female,2011-01-03,10,4,C,2020-05-04,Telugu,Hindi,Divya Kulkarni,Akash Kulkarni,9802460094,8428986953,aarav.kulkarni60968@parentmail.com,Brilliant Grammar School,"376, Ameerpet, Hyderabad",School Bus,Route-02,AB-,Active,2026-08-26 07:52:42
60969,ADM60969,Tarun,Chowdary,X,Male,2011-03-10,10,7,B,2023-07-04,Telugu,Hindi,Harini Chowdary,Manish Chowdary,9952149968,8687569499,tarun.chowdary60969@parentmail.com,Vikas High School,"225, Nizampet, Hyderabad",School Bus,Route-01,AB-,Active,2026-09-13 08:50:58
60970,ADM60970,Meghana,Sharma,D,Male,2011-07-11,10,6,A,2022-06-16,Telugu,Hindi,Harini Sharma,Krishna Sharma,9997560869,8938385267,meghana.sharma60970@parentmail.com,New Horizon School,"327, Nizampet, Hyderabad",Parent Drop,,AB+,Active,2026-09-04 19:54:04
60971,ADM60971,Harsha,Naidu,L,Female,2011-01-10,10,3,C,2019-07-24,Telugu,Hindi,Keerthi Naidu,Charan Naidu,9547368312,8507139951,harsha.naidu60971@parentmail.com,New Horizon School,"53, Nizampet, Hyderabad",School Bus,Route-08,A-,Active,2026-09-09 14:11:23
60972,ADM60972,Sai,Nair,J,Male,2011-08-27,10,9,C,2025-07-04,Hindi,Telugu,Priya Nair,Pranav Nair,9882490960,8825205807,sai.nair60972@parentmail.com,Little Flower School,"792, LB Nagar, Hyderabad",Bicycle,,A+,Active,2026-09-07 19:15:32
60973,ADM60973,Ananya,Iyer,V,Male,2011-05-16,10,3,C,2019-06-21,Hindi,Telugu,Neha Iyer,Aditya Iyer,9245796172,8336243780,ananya.iyer60973@parentmail.com,No Previous School,"2, Kondapur, Hyderabad",Private Van,Route-10,B+,Active,2026-09-10 08:14:32
60974,ADM60974,Sanjay,Chowdary,G,Female,2011-06-07,10,5,D,2021-05-27,Telugu,Hindi,Ananya Chowdary,Sanjay Chowdary,9228775255,8435024785,sanjay.chowdary60974@parentmail.com,Narayana School,"714, Miyapur, Hyderabad",Private Van,Route-02,O-,Active,2026-09-05 19:11:31
60975,ADM60975,Keerthi,Yadav,M,Male,2011-07-05,10,7,C,2023-05-22,Telugu,Hindi,Harini Yadav,Varun Yadav,9756925434,8369307112,keerthi.yadav60975@parentmail.com,Green Valley School,"20, Secunderabad, Hyderabad",Walk,,A-,Active,2026-09-12 10:22:39
60976,ADM60976,Tarun,Sharma,Z,Female,2011-04-26,10,10,C,2026-07-01,Hindi,Telugu,Sahithi Sharma,Tarun Sharma,9446667491,8108479110,tarun.sharma60976@parentmail.com,Sri Chaitanya School,"824, Dilsukhnagar, Hyderabad",School Bus,Route-03,B-,Active,2026-08-12 10:10:05
60977,ADM60977,Vishal,Gupta,D,Female,2011-12-11,10,8,E,2024-05-02,Hindi,Telugu,Ananya Gupta,Surya Gupta,9613819278,8908527675,vishal.gupta60977@parentmail.com,Little Flower School,"487, Miyapur, Hyderabad",School Bus,Route-05,O-,Active,2026-08-22 16:50:23
60978,ADM60978,Rahul,Gupta,G,Male,2011-10-06,10,7,E,2023-07-01,Hindi,Telugu,Kavya Gupta,Harsha Gupta,9240581933,8658622715,rahul.gupta60978@parentmail.com,Sri Chaitanya School,"368, Manikonda, Hyderabad",School Bus,Route-06,A+,Active,2026-08-18 15:18:49
60979,ADM60979,Sneha,Naidu,R,Male,2011-08-17,10,2,A,2018-06-15,Telugu,Hindi,Kavya Naidu,Sai Naidu,9442848826,8805141255,sneha.naidu60979@parentmail.com,Narayana School,"812, Kondapur, Hyderabad",School Bus,Route-01,B-,Active,2026-09-02 14:12:24
60980,ADM60980,Aditya,Menon,U,Female,2011-07-19,10,1,B,2017-06-02,Telugu,Hindi,Pooja Menon,Surya Menon,9337054853,8812266612,aditya.menon60980@parentmail.com,No Previous School,"424, Ameerpet, Hyderabad",School Bus,Route-02,AB-,Active,2026-08-23 18:23:11
60981,ADM60981,Sanjay,Das,Q,Female,2011-03-11,10,7,D,2023-04-10,Telugu,Hindi,Nandini Das,Charan Das,9254497884,8771507745,sanjay.das60981@parentmail.com,Sunrise Model School,"573, Ameerpet, Hyderabad",School Bus,Route-10,A+,Active,2026-08-30 19:52:48
60982,ADM60982,Surya,Reddy,T,Male,2011-08-16,10,2,E,2018-06-05,Hindi,Telugu,Deepika Reddy,Surya Reddy,9605574235,8466050495,surya.reddy60982@parentmail.com,Vikas High School,"188, Dilsukhnagar, Hyderabad",Public Transport,,O+,Active,2026-09-02 18:59:47
60983,ADM60983,Bhavya,Nair,P,Female,2011-12-02,10,1,E,2017-07-07,Hindi,Telugu,Deepika Nair,Varun Nair,9930113682,8874217325,bhavya.nair60983@parentmail.com,No Previous School,"578, Madhapur, Hyderabad",School Bus,Route-09,O+,Active,2026-08-10 13:39:12
60984,ADM60984,Sahithi,Mishra,Z,Female,2011-01-22,10,5,B,2021-06-24,Telugu,Hindi,Aishwarya Mishra,Manish Mishra,9702680583,8892595648,sahithi.mishra60984@parentmail.com,New Horizon School,"258, Kondapur, Hyderabad",Parent Drop,,O+,Active,2026-09-02 07:14:36
60985,ADM60985,Sneha,Chowdary,G,Female,2011-05-08,10,2,D,2018-05-03,Hindi,Telugu,Vaishnavi Chowdary,Manish Chowdary,9331682162,8460134531,sneha.chowdary60985@parentmail.com,New Horizon School,"120, Kukatpally, Hyderabad",Private Van,Route-10,A-,Inactive,2026-08-02 13:22:18
60986,ADM60986,Sneha,Patel,F,Male,2011-05-07,10,1,C,2017-05-19,Telugu,Hindi,Divya Patel,Rohan Patel,9338400253,8305135633,sneha.patel60986@parentmail.com,No Previous School,"115, Ameerpet, Hyderabad",Public Transport,,AB-,Active,2026-08-01 20:31:31
60987,ADM60987,Swathi,Chowdary,Z,Male,2011-06-24,10,2,D,2018-05-03,Hindi,Telugu,Ishita Chowdary,Akash Chowdary,9113618375,8546130464,swathi.chowdary60987@parentmail.com,Sunrise Model School,"332, LB Nagar, Hyderabad",Private Van,Route-10,AB+,Transferred,2026-08-29 18:19:20
60988,ADM60988,Meghana,Menon,B,Male,2011-09-03,10,1,D,2017-07-10,Hindi,Telugu,Ishita Menon,Sai Menon,9890487672,8968176591,meghana.menon60988@parentmail.com,No Previous School,"358, Miyapur, Hyderabad",Bicycle,,B+,Active,2026-08-11 07:48:40
60989,ADM60989,Harsha,Gupta,F,Female,2011-04-05,10,4,E,2020-04-13,Telugu,Hindi,Vaishnavi Gupta,Vishal Gupta,9985740375,8923836503,harsha.gupta60989@parentmail.com,Sri Vidya High School,"177, Madhapur, Hyderabad",Parent Drop,,O-,Active,2026-08-27 09:55:25
60990,ADM60990,Bhavya,Joshi,F,Female,2011-02-01,10,2,B,2018-04-16,Hindi,Telugu,Neha Joshi,Akash Joshi,9503820788,8279716662,bhavya.joshi60990@parentmail.com,Sri Vidya High School,"783, Bachupally, Hyderabad",Walk,,AB-,Active,2026-08-01 14:12:20
60991,ADM60991,Krishna,Shetty,Z,Male,2011-03-25,10,6,E,2022-07-14,Hindi,Telugu,Aadhya Shetty,Sai Shetty,9653030646,8942477562,krishna.shetty60991@parentmail.com,Sunrise Model School,"613, Miyapur, Hyderabad",Bicycle,,AB-,Active,2026-08-25 20:13:20
60992,ADM60992,Rahul,Reddy,T,Male,2011-11-08,10,6,E,2022-06-12,Telugu,Hindi,Kavya Reddy,Karthik Reddy,9325087449,8679209146,rahul.reddy60992@parentmail.com,Narayana School,"219, Bachupally, Hyderabad",School Bus,Route-09,B-,Active,2026-08-16 16:44:47
60993,ADM60993,Pranav,Shetty,W,Male,2011-11-01,10,7,B,2023-06-22,Telugu,Hindi,Keerthi Shetty,Vijay Shetty,9568731713,8951781143,pranav.shetty60993@parentmail.com,Narayana School,"364, Ameerpet, Hyderabad",School Bus,Route-04,O-,Active,2026-08-16 16:50:19
60994,ADM60994,Swathi,Sharma,H,Male,2011-02-10,10,2,D,2018-04-14,Telugu,Hindi,Kavya Sharma,Aditya Sharma,9740208054,8240558762,swathi.sharma60994@parentmail.com,Brilliant Grammar School,"632, Bachupally, Hyderabad",School Bus,Route-08,AB+,Active,2026-08-14 13:54:40
60995,ADM60995,Vijay,Gupta,O,Female,2011-06-16,10,1,A,2017-04-22,Telugu,Hindi,Bhavya Gupta,Karthik Gupta,9266111499,8705456414,vijay.gupta60995@parentmail.com,No Previous School,"695, Bachupally, Hyderabad",Parent Drop,,O-,Active,2026-09-03 18:09:58
60996,ADM60996,Aishwarya,Nair,Z,Male,2011-05-10,10,8,D,2024-05-12,Telugu,Hindi,Priya Nair,Arjun Nair,9993073040,8180847267,aishwarya.nair60996@parentmail.com,Oxford Public School,"996, LB Nagar, Hyderabad",Walk,,O-,Transferred,2026-08-03 16:31:28
60997,ADM60997,Swathi,Das,T,Male,2011-05-19,10,1,E,2017-04-17,Telugu,Hindi,Swathi Das,Charan Das,9181717782,8446437493,swathi.das60997@parentmail.com,No Previous School,"622, Uppal, Hyderabad",Bicycle,,AB-,Active,2026-08-01 20:43:19
60998,ADM60998,Ananya,Joshi,M,Female,2011-04-27,10,8,A,2024-04-06,Hindi,Telugu,Nandini Joshi,Harsha Joshi,9704706810,8986633727,ananya.joshi60998@parentmail.com,Oxford Public School,"720, Nizampet, Hyderabad",School Bus,Route-06,O-,Transferred,2026-08-05 09:25:49
60999,ADM60999,Aadhya,Patel,Z,Male,2011-02-11,10,5,D,2021-05-02,Telugu,Hindi,Priya Patel,Aarav Patel,9298774785,8818566719,aadhya.patel60999@parentmail.com,Vikas High School,"795, LB Nagar, Hyderabad",School Bus,Route-05,AB+,Active,2026-08-17 17:19:06
61000,ADM61000,Ananya,Gupta,X,Male,2011-07-07,10,1,C,2017-05-05,Hindi,Telugu,Pooja Gupta,Aarav Gupta,9883776696,8631226052,ananya.gupta61000@parentmail.com,No Previous School,"777, Uppal, Hyderabad",Walk,,A-,Active,2026-09-03 08:09:42
61001,ADM61001,Sai,Goud,E,Female,2011-12-19,10,6,A,2022-06-17,Telugu,Hindi,Aadhya Goud,Harsha Goud,9986165332,8140204859,sai.goud61001@parentmail.com,No Previous School,"657, Manikonda, Hyderabad",Walk,,AB+,Active,2026-08-04 13:52:17
61002,ADM61002,Pranav,Joshi,S,Female,2011-10-10,10,9,B,2025-07-10,Telugu,Hindi,Ishita Joshi,Krishna Joshi,9745213759,8314042888,pranav.joshi61002@parentmail.com,Sri Vidya High School,"709, Kondapur, Hyderabad",School Bus,Route-09,B-,Inactive,2026-08-06 17:49:14
61003,ADM61003,Sanjay,Yadav,K,Male,2011-05-09,10,9,C,2025-04-08,Hindi,Telugu,Bhavya Yadav,Rohan Yadav,9358456510,8220095217,sanjay.yadav61003@parentmail.com,Narayana School,"162, Dilsukhnagar, Hyderabad",Walk,,O-,Active,2026-09-01 07:17:06
61004,ADM61004,Akash,Nair,H,Female,2011-12-08,10,2,D,2018-06-18,Telugu,Hindi,Neha Nair,Pranav Nair,9197602757,8216461052,akash.nair61004@parentmail.com,Narayana School,"253, Secunderabad, Hyderabad",Bicycle,,A-,Active,2026-08-27 10:42:26
61005,ADM61005,Akash,Joshi,Z,Male,2011-04-16,10,8,C,2024-05-25,Telugu,Hindi,Bhavya Joshi,Krishna Joshi,9368187174,8198124453,akash.joshi61005@parentmail.com,Brilliant Grammar School,"606, Nizampet, Hyderabad",School Bus,Route-10,B-,Active,2026-08-16 20:47:10
61006,ADM61006,Bhavya,Kulkarni,M,Female,2011-11-09,10,1,C,2017-07-27,Hindi,Telugu,Neha Kulkarni,Krishna Kulkarni,9227589685,8881374430,bhavya.kulkarni61006@parentmail.com,No Previous School,"252, Madhapur, Hyderabad",School Bus,Route-06,AB+,Active,2026-09-06 17:06:25
61007,ADM61007,Ishita,Verma,I,Female,2011-04-16,10,4,A,2020-06-07,Telugu,Hindi,Ananya Verma,Pranav Verma,9488374037,8967352452,ishita.verma61007@parentmail.com,Green Valley School,"856, Miyapur, Hyderabad",School Bus,Route-07,O+,Active,2026-09-07 17:19:52
61008,ADM61008,Charan,Kumar,R,Female,2011-12-04,10,3,E,2019-06-03,Hindi,Telugu,Vaishnavi Kumar,Nikhil Kumar,9382348943,8218829271,charan.kumar61008@parentmail.com,Oxford Public School,"367, Kondapur, Hyderabad",Bicycle,,B+,Active,2026-09-03 19:47:00
61009,ADM61009,Aishwarya,Joshi,M,Female,2011-10-25,10,5,B,2021-06-08,Telugu,Hindi,Kavya Joshi,Sanjay Joshi,9428020188,8511375619,aishwarya.joshi61009@parentmail.com,Sunrise Model School,"242, LB Nagar, Hyderabad",Parent Drop,,A-,Active,2026-08-31 09:27:28
61010,ADM61010,Swathi,Kulkarni,C,Female,2011-10-16,10,1,D,2017-07-27,Telugu,Hindi,Swathi Kulkarni,Akash Kulkarni,9155178336,8964430125,swathi.kulkarni61010@parentmail.com,No Previous School,"234, Miyapur, Hyderabad",Bicycle,,AB+,Active,2026-08-04 13:57:56
61011,ADM61011,Meghana,Chowdary,N,Male,2011-01-18,10,6,E,2022-06-23,Telugu,Hindi,Priya Chowdary,Rohan Chowdary,9213701941,8373019877,meghana.chowdary61011@parentmail.com,Sunrise Model School,"365, Nizampet, Hyderabad",Public Transport,,A+,Active,2026-08-14 14:47:31
61012,ADM61012,Harsha,Gupta,W,Female,2011-11-07,10,1,C,2017-05-05,Hindi,Telugu,Harini Gupta,Aarav Gupta,9745198142,8916549262,harsha.gupta61012@parentmail.com,No Previous School,"696, Kondapur, Hyderabad",School Bus,Route-06,O-,Active,2026-09-12 19:12:43
61013,ADM61013,Ananya,Das,K,Male,2011-03-08,10,3,A,2019-04-09,Telugu,Hindi,Keerthi Das,Arjun Das,9479978700,8864687469,ananya.das61013@parentmail.com,Oxford Public School,"10, Kondapur, Hyderabad",School Bus,Route-03,O-,Active,2026-09-03 07:47:02
61014,ADM61014,Aditya,Verma,H,Female,2011-09-17,10,1,A,2017-07-17,Hindi,Telugu,Deepika Verma,Arjun Verma,9808887719,8891605007,aditya.verma61014@parentmail.com,No Previous School,"380, Miyapur, Hyderabad",Parent Drop,,B+,Active,2026-08-21 09:52:27
61015,ADM61015,Ananya,Verma,M,Female,2011-01-13,10,5,D,2021-05-05,Hindi,Telugu,Neha Verma,Manish Verma,9925277680,8385018129,ananya.verma61015@parentmail.com,Narayana School,"265, Dilsukhnagar, Hyderabad",Walk,,B-,Active,2026-08-22 11:06:55
61016,ADM61016,Meghana,Sharma,D,Male,2011-10-23,10,2,E,2018-06-20,Telugu,Hindi,Neha Sharma,Vishal Sharma,9947554210,8994131317,meghana.sharma61016@parentmail.com,Sri Chaitanya School,"195, LB Nagar, Hyderabad",Parent Drop,,O-,Active,2026-08-26 18:21:47
61017,ADM61017,Charan,Reddy,X,Female,2011-02-08,10,1,E,2017-05-22,Hindi,Telugu,Harini Reddy,Harsha Reddy,9939912484,8784043311,charan.reddy61017@parentmail.com,No Previous School,"405, Secunderabad, Hyderabad",Parent Drop,,B+,Active,2026-08-29 10:45:19
61018,ADM61018,Bhavya,Gupta,Q,Female,2011-07-02,10,1,E,2017-04-19,Telugu,Hindi,Sahithi Gupta,Harsha Gupta,9335089540,8708708386,bhavya.gupta61018@parentmail.com,No Previous School,"889, Kondapur, Hyderabad",Bicycle,,B+,Active,2026-08-26 16:49:47
61019,ADM61019,Arjun,Naidu,V,Female,2011-09-13,10,8,E,2024-06-28,Telugu,Hindi,Meghana Naidu,Harsha Naidu,9394860898,8186039711,arjun.naidu61019@parentmail.com,Green Valley School,"169, Dilsukhnagar, Hyderabad",Public Transport,,AB-,Active,2026-08-09 15:00:25
61020,ADM61020,Swathi,Iyer,S,Female,2011-07-20,10,7,B,2023-07-16,Hindi,Telugu,Pooja Iyer,Karthik Iyer,9524744640,8587574583,swathi.iyer61020@parentmail.com,Vikas High School,"8, Manikonda, Hyderabad",School Bus,Route-07,B+,Active,2026-09-08 14:32:57
61021,ADM61021,Meghana,Chowdary,L,Female,2011-04-06,10,2,B,2018-07-05,Hindi,Telugu,Sahithi Chowdary,Surya Chowdary,9964888522,8194689422,meghana.chowdary61021@parentmail.com,Little Flower School,"24, Manikonda, Hyderabad",School Bus,Route-07,O-,Active,2026-09-01 16:27:09
61022,ADM61022,Rahul,Nair,F,Male,2011-06-22,10,1,E,2017-05-27,Hindi,Telugu,Kavya Nair,Akash Nair,9870880283,8793175339,rahul.nair61022@parentmail.com,No Previous School,"127, Kondapur, Hyderabad",School Bus,Route-01,O-,Active,2026-08-10 20:14:43
61023,ADM61023,Neha,Nair,L,Male,2011-09-15,10,2,A,2018-05-22,Hindi,Telugu,Pooja Nair,Akash Nair,9274196910,8893274605,neha.nair61023@parentmail.com,Oxford Public School,"988, Kukatpally, Hyderabad",Parent Drop,,B+,Active,2026-08-24 13:44:29
61024,ADM61024,Lakshmi,Reddy,X,Male,2011-09-16,10,10,C,2026-05-08,Hindi,Telugu,Sahithi Reddy,Aditya Reddy,9756279399,8866075603,lakshmi.reddy61024@parentmail.com,Brilliant Grammar School,"398, Kondapur, Hyderabad",Walk,,A-,Active,2026-09-06 08:36:35
61025,ADM61025,Harsha,Menon,G,Male,2011-12-28,10,2,C,2018-05-21,Telugu,Hindi,Aadhya Menon,Harsha Menon,9856775861,8868800849,harsha.menon61025@parentmail.com,St. Mary's School,"449, LB Nagar, Hyderabad",Parent Drop,,A-,Active,2026-09-12 08:21:04
61026,ADM61026,Nikhil,Shetty,Y,Female,2011-10-12,10,1,C,2017-05-22,Hindi,Telugu,Divya Shetty,Varun Shetty,9563698541,8497104382,nikhil.shetty61026@parentmail.com,No Previous School,"617, Madhapur, Hyderabad",School Bus,Route-03,AB+,Active,2026-08-30 10:48:08
61027,ADM61027,Aarav,Gupta,U,Female,2011-04-18,10,10,E,2026-06-28,Telugu,Hindi,Swathi Gupta,Charan Gupta,9215202327,8757835645,aarav.gupta61027@parentmail.com,St. Mary's School,"854, LB Nagar, Hyderabad",Public Transport,,B+,Active,2026-09-12 20:05:18
61028,ADM61028,Vaishnavi,Reddy,Q,Female,2011-10-28,10,3,E,2019-06-12,Hindi,Telugu,Ananya Reddy,Karthik Reddy,9485980274,8809284101,vaishnavi.reddy61028@parentmail.com,Little Flower School,"810, Ameerpet, Hyderabad",Public Transport,,B+,Active,2026-08-23 09:47:46
61029,ADM61029,Rahul,Singh,H,Female,2011-01-28,10,3,C,2019-04-25,Hindi,Telugu,Pooja Singh,Sanjay Singh,9346867863,8610543151,rahul.singh61029@parentmail.com,St. Mary's School,"256, Miyapur, Hyderabad",School Bus,Route-01,A+,Active,2026-08-18 20:42:15
61030,ADM61030,Harini,Rao,J,Female,2011-05-05,10,1,C,2017-06-27,Telugu,Hindi,Ananya Rao,Surya Rao,9668286208,8737852971,harini.rao61030@parentmail.com,No Previous School,"625, Uppal, Hyderabad",School Bus,Route-03,A-,Active,2026-08-14 18:09:01
61031,ADM61031,Deepika,Menon,B,Female,2011-11-20,10,1,C,2017-06-10,Telugu,Hindi,Meghana Menon,Tarun Menon,9928026132,8139057390,deepika.menon61031@parentmail.com,No Previous School,"464, Uppal, Hyderabad",School Bus,Route-08,AB-,Active,2026-09-11 20:51:41
61032,ADM61032,Aadhya,Patel,X,Female,2011-11-16,10,7,D,2023-06-13,Telugu,Hindi,Vaishnavi Patel,Vijay Patel,9228427252,8367901984,aadhya.patel61032@parentmail.com,Sri Vidya High School,"839, LB Nagar, Hyderabad",School Bus,Route-08,B+,Active,2026-09-06 17:06:08
61033,ADM61033,Aadhya,Shetty,I,Female,2011-03-26,10,1,D,2017-06-12,Telugu,Hindi,Harini Shetty,Varun Shetty,9657912166,8306830104,aadhya.shetty61033@parentmail.com,No Previous School,"47, Uppal, Hyderabad",Parent Drop,,O-,Active,2026-08-21 09:02:42
61034,ADM61034,Pooja,Patel,F,Male,2011-10-21,10,7,D,2023-06-10,Telugu,Hindi,Neha Patel,Vishal Patel,9756908319,8376689842,pooja.patel61034@parentmail.com,Brilliant Grammar School,"80, Nizampet, Hyderabad",School Bus,Route-10,A-,Active,2026-09-04 08:02:52
61035,ADM61035,Manish,Singh,X,Male,2011-10-04,10,1,A,2017-05-17,Hindi,Telugu,Ananya Singh,Manish Singh,9989073495,8903595516,manish.singh61035@parentmail.com,No Previous School,"720, Kukatpally, Hyderabad",Walk,,A-,Active,2026-09-10 10:43:45
61036,ADM61036,Sai,Kulkarni,E,Male,2011-08-28,10,8,D,2024-05-03,Hindi,Telugu,Nandini Kulkarni,Aditya Kulkarni,9139490794,8501465776,sai.kulkarni61036@parentmail.com,St. Mary's School,"887, Madhapur, Hyderabad",School Bus,Route-01,B-,Active,2026-09-12 14:53:31
61037,ADM61037,Krishna,Naidu,N,Female,2011-04-24,10,4,E,2020-07-01,Telugu,Hindi,Harini Naidu,Vijay Naidu,9398044685,8500464593,krishna.naidu61037@parentmail.com,Vikas High School,"584, Miyapur, Hyderabad",School Bus,Route-04,AB-,Inactive,2026-08-18 18:57:55
61038,ADM61038,Sanjay,Chowdary,X,Female,2011-01-12,10,9,A,2025-05-10,Hindi,Telugu,Pooja Chowdary,Charan Chowdary,9315120621,8839156846,sanjay.chowdary61038@parentmail.com,Sri Vidya High School,"262, Miyapur, Hyderabad",School Bus,Route-09,A-,Active,2026-08-18 16:31:13
61039,ADM61039,Pooja,Joshi,Q,Female,2011-04-27,10,1,E,2017-05-23,Hindi,Telugu,Ishita Joshi,Varun Joshi,9148945264,8839953175,pooja.joshi61039@parentmail.com,No Previous School,"391, Manikonda, Hyderabad",Bicycle,,A+,Active,2026-08-24 15:40:17
61040,ADM61040,Keerthi,Sharma,F,Male,2011-07-03,10,7,A,2023-05-06,Hindi,Telugu,Harini Sharma,Sanjay Sharma,9779691709,8412087436,keerthi.sharma61040@parentmail.com,New Horizon School,"487, Miyapur, Hyderabad",School Bus,Route-02,AB-,Active,2026-08-22 19:48:19
61041,ADM61041,Akash,Reddy,K,Male,2011-08-27,10,1,D,2017-06-06,Telugu,Hindi,Meghana Reddy,Harsha Reddy,9583086554,8993989150,akash.reddy61041@parentmail.com,No Previous School,"42, Madhapur, Hyderabad",School Bus,Route-05,B-,Active,2026-09-07 13:07:17
61042,ADM61042,Priya,Joshi,Y,Female,2011-11-11,10,3,B,2019-05-05,Hindi,Telugu,Sneha Joshi,Vijay Joshi,9923490128,8347531501,priya.joshi61042@parentmail.com,Green Valley School,"517, Manikonda, Hyderabad",School Bus,Route-04,O-,Active,2026-08-14 07:52:30
61043,ADM61043,Keerthi,Reddy,G,Male,2011-03-10,10,3,E,2019-06-02,Hindi,Telugu,Aadhya Reddy,Surya Reddy,9401660279,8872373485,keerthi.reddy61043@parentmail.com,New Horizon School,"966, Bachupally, Hyderabad",School Bus,Route-07,AB-,Active,2026-08-30 12:44:21
61044,ADM61044,Nikhil,Sharma,X,Female,2011-07-06,10,9,C,2025-06-12,Hindi,Telugu,Kavya Sharma,Arjun Sharma,9172361712,8959505890,nikhil.sharma61044@parentmail.com,Sri Vidya High School,"517, Bachupally, Hyderabad",School Bus,Route-10,O-,Active,2026-09-02 17:23:57
61045,ADM61045,Sanjay,Joshi,O,Male,2011-09-19,10,8,A,2024-07-23,Hindi,Telugu,Priya Joshi,Harsha Joshi,9214626164,8471390091,sanjay.joshi61045@parentmail.com,Little Flower School,"504, Uppal, Hyderabad",School Bus,Route-03,A+,Active,2026-08-08 16:54:02
61046,ADM61046,Tarun,Reddy,L,Female,2011-06-05,10,6,E,2022-05-22,Hindi,Telugu,Harini Reddy,Charan Reddy,9738919539,8787039231,tarun.reddy61046@parentmail.com,Brilliant Grammar School,"580, Ameerpet, Hyderabad",School Bus,Route-06,AB+,Active,2026-08-04 08:34:08
61047,ADM61047,Deepika,Menon,R,Female,2011-03-22,10,3,A,2019-07-26,Telugu,Hindi,Pooja Menon,Aarav Menon,9830565929,8263578421,deepika.menon61047@parentmail.com,No Previous School,"571, LB Nagar, Hyderabad",Walk,,AB-,Active,2026-08-29 19:18:14
61048,ADM61048,Aadhya,Kumar,C,Male,2011-03-05,10,1,E,2017-04-28,Hindi,Telugu,Pooja Kumar,Varun Kumar,9468304296,8847240529,aadhya.kumar61048@parentmail.com,No Previous School,"857, Kukatpally, Hyderabad",School Bus,Route-03,B-,Active,2026-08-01 12:57:35
61049,ADM61049,Meghana,Iyer,E,Male,2011-07-09,10,3,B,2019-04-02,Telugu,Hindi,Aishwarya Iyer,Pranav Iyer,9591526047,8349412905,meghana.iyer61049@parentmail.com,St. Mary's School,"353, Nizampet, Hyderabad",School Bus,Route-04,B-,Active,2026-09-11 07:29:35
61050,ADM61050,Rohan,Kulkarni,M,Male,2011-03-28,10,6,C,2022-06-16,Hindi,Telugu,Harini Kulkarni,Tarun Kulkarni,9598362620,8886726957,rohan.kulkarni61050@parentmail.com,Little Flower School,"481, Nizampet, Hyderabad",Public Transport,,O-,Active,2026-09-10 13:27:03
61051,ADM61051,Sai,Verma,R,Male,2011-11-07,10,5,C,2021-07-19,Telugu,Hindi,Aishwarya Verma,Pranav Verma,9614743485,8705257066,sai.verma61051@parentmail.com,Vikas High School,"663, Miyapur, Hyderabad",Walk,,A+,Active,2026-08-27 12:47:17
61052,ADM61052,Krishna,Gupta,J,Female,2011-10-12,10,7,A,2023-07-20,Hindi,Telugu,Lakshmi Gupta,Tarun Gupta,9952938443,8511960037,krishna.gupta61052@parentmail.com,No Previous School,"180, Secunderabad, Hyderabad",School Bus,Route-06,O+,Active,2026-08-30 09:01:09
61053,ADM61053,Sahithi,Rao,W,Female,2011-05-10,10,1,B,2017-05-17,Hindi,Telugu,Deepika Rao,Harsha Rao,9336807137,8634498290,sahithi.rao61053@parentmail.com,No Previous School,"182, Kondapur, Hyderabad",School Bus,Route-02,A-,Active,2026-08-12 11:29:18
61054,ADM61054,Akash,Singh,H,Male,2011-04-27,10,7,D,2023-07-23,Telugu,Hindi,Nandini Singh,Tarun Singh,9737855581,8335705239,akash.singh61054@parentmail.com,Green Valley School,"360, Manikonda, Hyderabad",School Bus,Route-10,AB+,Active,2026-09-08 19:17:28
61055,ADM61055,Aishwarya,Chowdary,G,Female,2011-05-26,10,6,D,2022-07-03,Telugu,Hindi,Bhavya Chowdary,Vijay Chowdary,9920516543,8608237176,aishwarya.chowdary61055@parentmail.com,Brilliant Grammar School,"723, Manikonda, Hyderabad",School Bus,Route-08,O+,Active,2026-08-27 16:00:40
61056,ADM61056,Lakshmi,Patel,Z,Female,2011-01-20,10,8,B,2024-07-01,Hindi,Telugu,Aishwarya Patel,Varun Patel,9455251060,8186833459,lakshmi.patel61056@parentmail.com,Sri Chaitanya School,"184, Ameerpet, Hyderabad",School Bus,Route-06,AB-,Active,2026-09-06 10:33:18
61057,ADM61057,Aadhya,Goud,O,Male,2011-06-01,10,3,A,2019-07-17,Hindi,Telugu,Bhavya Goud,Arjun Goud,9460120228,8265346253,aadhya.goud61057@parentmail.com,Green Valley School,"457, Ameerpet, Hyderabad",School Bus,Route-03,AB+,Active,2026-08-29 09:01:39
61058,ADM61058,Priya,Joshi,Z,Female,2011-02-10,10,4,E,2020-07-14,Hindi,Telugu,Meghana Joshi,Rahul Joshi,9776376572,8109327525,priya.joshi61058@parentmail.com,Sri Chaitanya School,"702, Kukatpally, Hyderabad",Parent Drop,,AB-,Active,2026-08-13 17:25:20
61059,ADM61059,Pooja,Patel,W,Female,2011-07-03,10,10,E,2026-06-07,Telugu,Hindi,Kavya Patel,Nikhil Patel,9974265120,8842210258,pooja.patel61059@parentmail.com,Green Valley School,"535, Manikonda, Hyderabad",School Bus,Route-04,AB+,Active,2026-08-31 07:42:34
61060,ADM61060,Meghana,Reddy,V,Male,2011-06-01,10,7,B,2023-04-26,Telugu,Hindi,Vaishnavi Reddy,Charan Reddy,9974103657,8857087847,meghana.reddy61060@parentmail.com,No Previous School,"830, Kukatpally, Hyderabad",Walk,,B+,Active,2026-08-30 17:18:17
61061,ADM61061,Pooja,Verma,E,Female,2011-05-12,10,9,E,2025-07-02,Telugu,Hindi,Sahithi Verma,Surya Verma,9471208558,8720938756,pooja.verma61061@parentmail.com,St. Mary's School,"798, Uppal, Hyderabad",Private Van,Route-03,B-,Active,2026-09-01 18:01:28
61062,ADM61062,Keerthi,Joshi,Q,Female,2011-11-10,10,1,E,2017-07-22,Hindi,Telugu,Aadhya Joshi,Nikhil Joshi,9596876239,8618237508,keerthi.joshi61062@parentmail.com,No Previous School,"194, Madhapur, Hyderabad",School Bus,Route-06,B+,Active,2026-08-23 16:39:35
61063,ADM61063,Pranav,Kulkarni,O,Female,2011-02-22,10,4,E,2020-04-28,Hindi,Telugu,Vaishnavi Kulkarni,Aarav Kulkarni,9329962891,8555937010,pranav.kulkarni61063@parentmail.com,Little Flower School,"859, Miyapur, Hyderabad",Walk,,B-,Active,2026-08-07 11:34:18
61064,ADM61064,Divya,Mishra,F,Female,2011-10-26,10,8,C,2024-04-10,Telugu,Hindi,Deepika Mishra,Varun Mishra,9938411791,8958154936,divya.mishra61064@parentmail.com,New Horizon School,"652, Bachupally, Hyderabad",School Bus,Route-07,O+,Active,2026-08-06 12:57:45
61065,ADM61065,Rohan,Chowdary,D,Male,2011-10-10,10,7,E,2023-04-26,Telugu,Hindi,Keerthi Chowdary,Vishal Chowdary,9622835881,8853372714,rohan.chowdary61065@parentmail.com,St. Mary's School,"187, Madhapur, Hyderabad",School Bus,Route-07,O+,Active,2026-08-03 20:38:39
61066,ADM61066,Varun,Joshi,A,Male,2011-03-23,10,6,E,2022-07-28,Hindi,Telugu,Meghana Joshi,Rohan Joshi,9919273029,8577227275,varun.joshi61066@parentmail.com,New Horizon School,"394, Manikonda, Hyderabad",Public Transport,,A+,Active,2026-08-04 09:33:16
61067,ADM61067,Sanjay,Rao,X,Female,2011-03-01,10,5,B,2021-07-13,Telugu,Hindi,Sahithi Rao,Akash Rao,9665014704,8435707809,sanjay.rao61067@parentmail.com,St. Mary's School,"88, Ameerpet, Hyderabad",School Bus,Route-04,O-,Active,2026-08-13 19:19:43
61068,ADM61068,Vijay,Chowdary,J,Female,2011-11-21,10,3,B,2019-05-06,Telugu,Hindi,Meghana Chowdary,Vishal Chowdary,9121281734,8441684433,vijay.chowdary61068@parentmail.com,No Previous School,"777, LB Nagar, Hyderabad",School Bus,Route-03,B-,Active,2026-08-02 20:48:59
61069,ADM61069,Swathi,Naidu,B,Male,2011-04-01,10,1,A,2017-05-19,Telugu,Hindi,Kavya Naidu,Manish Naidu,9480980712,8561328936,swathi.naidu61069@parentmail.com,No Previous School,"890, Nizampet, Hyderabad",School Bus,Route-08,B+,Active,2026-08-08 17:51:51
61070,ADM61070,Aditya,Singh,C,Male,2011-12-01,10,8,C,2024-06-19,Hindi,Telugu,Keerthi Singh,Vishal Singh,9148789149,8430822135,aditya.singh61070@parentmail.com,Sri Chaitanya School,"227, Secunderabad, Hyderabad",School Bus,Route-07,B+,Active,2026-08-27 15:08:03
61071,ADM61071,Pooja,Rao,M,Female,2011-04-02,10,3,E,2019-07-13,Telugu,Hindi,Kavya Rao,Rahul Rao,9927627738,8432823457,pooja.rao61071@parentmail.com,Sri Chaitanya School,"231, Ameerpet, Hyderabad",School Bus,Route-01,AB-,Active,2026-08-28 18:45:57
61072,ADM61072,Keerthi,Menon,S,Female,2011-11-20,10,9,B,2025-06-11,Telugu,Hindi,Harini Menon,Aditya Menon,9146646506,8132769477,keerthi.menon61072@parentmail.com,Brilliant Grammar School,"870, LB Nagar, Hyderabad",School Bus,Route-04,A-,Active,2026-08-14 16:31:18
61073,ADM61073,Varun,Chowdary,C,Female,2011-10-12,10,4,E,2020-04-23,Hindi,Telugu,Nandini Chowdary,Tarun Chowdary,9355620502,8716562688,varun.chowdary61073@parentmail.com,No Previous School,"769, Uppal, Hyderabad",Public Transport,,AB+,Active,2026-08-15 17:57:11
61074,ADM61074,Aadhya,Reddy,K,Male,2011-08-16,10,1,A,2017-04-08,Hindi,Telugu,Sahithi Reddy,Aditya Reddy,9618076044,8896632624,aadhya.reddy61074@parentmail.com,No Previous School,"877, Nizampet, Hyderabad",School Bus,Route-09,O-,Active,2026-08-09 10:31:26
61075,ADM61075,Harini,Reddy,I,Female,2011-12-19,10,2,C,2018-06-23,Hindi,Telugu,Keerthi Reddy,Vishal Reddy,9203167527,8854228002,harini.reddy61075@parentmail.com,Little Flower School,"433, Ameerpet, Hyderabad",Walk,,AB+,Active,2026-09-11 15:51:24
61076,ADM61076,Neha,Shetty,W,Male,2011-07-14,10,6,B,2022-05-21,Telugu,Hindi,Nandini Shetty,Vishal Shetty,9683075687,8613412421,neha.shetty61076@parentmail.com,Sri Vidya High School,"594, Secunderabad, Hyderabad",Walk,,AB+,Active,2026-08-29 20:29:42
61077,ADM61077,Rahul,Reddy,X,Male,2011-01-08,10,10,D,2026-05-12,Hindi,Telugu,Aadhya Reddy,Nikhil Reddy,9139827837,8602415815,rahul.reddy61077@parentmail.com,New Horizon School,"29, Madhapur, Hyderabad",Parent Drop,,B-,Active,2026-08-18 07:09:37
61078,ADM61078,Lakshmi,Sharma,D,Male,2011-10-26,10,5,C,2021-07-09,Telugu,Hindi,Aadhya Sharma,Manish Sharma,9126151556,8194386678,lakshmi.sharma61078@parentmail.com,Little Flower School,"776, Miyapur, Hyderabad",Parent Drop,,AB-,Transferred,2026-09-02 12:58:28
61079,ADM61079,Nikhil,Mishra,H,Female,2011-06-17,10,2,E,2018-07-27,Hindi,Telugu,Aadhya Mishra,Rohan Mishra,9149387008,8443207327,nikhil.mishra61079@parentmail.com,No Previous School,"107, Kondapur, Hyderabad",School Bus,Route-06,O+,Active,2026-08-15 19:10:11
61080,ADM61080,Charan,Reddy,S,Male,2011-02-24,10,1,C,2017-05-17,Telugu,Hindi,Deepika Reddy,Charan Reddy,9446818237,8207163909,charan.reddy61080@parentmail.com,No Previous School,"733, Secunderabad, Hyderabad",School Bus,Route-06,B+,Active,2026-08-17 11:24:18
61081,ADM61081,Rahul,Naidu,U,Male,2011-08-07,10,10,B,2026-04-19,Hindi,Telugu,Pooja Naidu,Vijay Naidu,9502858583,8797240427,rahul.naidu61081@parentmail.com,Vikas High School,"964, Kondapur, Hyderabad",Bicycle,,AB+,Active,2026-09-11 09:37:29
61082,ADM61082,Rohan,Kumar,K,Female,2011-07-21,10,9,C,2025-07-23,Telugu,Hindi,Meghana Kumar,Krishna Kumar,9928955176,8933806436,rohan.kumar61082@parentmail.com,Sri Vidya High School,"451, Dilsukhnagar, Hyderabad",Parent Drop,,B-,Active,2026-08-24 07:29:08
61083,ADM61083,Nandini,Menon,J,Male,2011-02-10,10,1,D,2017-05-17,Hindi,Telugu,Harini Menon,Vishal Menon,9749874361,8803775176,nandini.menon61083@parentmail.com,No Previous School,"107, Kondapur, Hyderabad",School Bus,Route-02,AB+,Active,2026-08-31 14:28:17
61084,ADM61084,Kavya,Rao,W,Female,2011-09-18,10,2,A,2018-06-07,Telugu,Hindi,Priya Rao,Krishna Rao,9819593381,8661331088,kavya.rao61084@parentmail.com,St. Mary's School,"867, Ameerpet, Hyderabad",Parent Drop,,AB-,Active,2026-08-09 10:02:15
61085,ADM61085,Aarav,Goud,C,Male,2011-10-22,10,5,B,2021-06-12,Telugu,Hindi,Kavya Goud,Charan Goud,9160394355,8649508981,aarav.goud61085@parentmail.com,Sunrise Model School,"182, Kondapur, Hyderabad",Private Van,Route-04,B-,Active,2026-08-26 18:02:53
61086,ADM61086,Arjun,Iyer,T,Male,2011-01-15,10,4,E,2020-05-17,Telugu,Hindi,Ishita Iyer,Akash Iyer,9501748341,8581466638,arjun.iyer61086@parentmail.com,Green Valley School,"765, Kukatpally, Hyderabad",School Bus,Route-10,B-,Active,2026-08-06 07:04:57
61087,ADM61087,Arjun,Kumar,B,Female,2011-06-18,10,1,D,2017-04-05,Telugu,Hindi,Ishita Kumar,Rahul Kumar,9367173624,8289477693,arjun.kumar61087@parentmail.com,No Previous School,"175, Manikonda, Hyderabad",School Bus,Route-04,AB-,Active,2026-08-02 13:26:20
61088,ADM61088,Deepika,Kumar,J,Male,2011-12-03,10,1,D,2017-04-21,Telugu,Hindi,Ananya Kumar,Sai Kumar,9916210475,8968468697,deepika.kumar61088@parentmail.com,No Previous School,"696, Bachupally, Hyderabad",Parent Drop,,B+,Active,2026-08-14 15:16:04
61089,ADM61089,Karthik,Nair,Q,Female,2011-06-28,10,5,E,2021-05-24,Telugu,Hindi,Neha Nair,Rohan Nair,9692189816,8462373169,karthik.nair61089@parentmail.com,Vikas High School,"656, Nizampet, Hyderabad",Parent Drop,,B+,Active,2026-08-08 13:07:38
61090,ADM61090,Rahul,Menon,H,Female,2011-12-11,10,5,D,2021-06-04,Telugu,Hindi,Aishwarya Menon,Tarun Menon,9516841023,8560701023,rahul.menon61090@parentmail.com,Little Flower School,"48, Secunderabad, Hyderabad",Private Van,Route-05,B-,Active,2026-08-24 11:44:23
61091,ADM61091,Aarav,Sharma,N,Male,2011-08-03,10,6,A,2022-07-24,Hindi,Telugu,Nandini Sharma,Karthik Sharma,9452823936,8622366340,aarav.sharma61091@parentmail.com,New Horizon School,"528, Kondapur, Hyderabad",School Bus,Route-04,B+,Active,2026-08-20 19:28:22
61092,ADM61092,Neha,Gupta,Z,Male,2011-05-26,10,7,D,2023-05-06,Telugu,Hindi,Meghana Gupta,Varun Gupta,9240097621,8932546285,neha.gupta61092@parentmail.com,Narayana School,"488, Nizampet, Hyderabad",Walk,,B+,Active,2026-08-09 16:59:27
61093,ADM61093,Rohan,Kulkarni,I,Female,2011-01-28,10,5,C,2021-06-12,Hindi,Telugu,Meghana Kulkarni,Karthik Kulkarni,9106427281,8639900606,rohan.kulkarni61093@parentmail.com,Sri Chaitanya School,"908, Kukatpally, Hyderabad",Walk,,A-,Active,2026-08-18 18:42:43
61094,ADM61094,Nikhil,Shetty,D,Female,2011-09-09,10,5,E,2021-06-02,Hindi,Telugu,Harini Shetty,Manish Shetty,9935827502,8438526972,nikhil.shetty61094@parentmail.com,Sunrise Model School,"934, Manikonda, Hyderabad",School Bus,Route-05,AB-,Active,2026-08-17 08:44:57
61095,ADM61095,Vishal,Sharma,N,Male,2011-01-21,10,3,C,2019-06-02,Telugu,Hindi,Ananya Sharma,Sai Sharma,9456838503,8993079514,vishal.sharma61095@parentmail.com,Brilliant Grammar School,"537, Kondapur, Hyderabad",Parent Drop,,AB-,Active,2026-08-07 19:45:56
61096,ADM61096,Karthik,Goud,P,Male,2011-10-03,10,1,E,2017-07-16,Hindi,Telugu,Ananya Goud,Sai Goud,9701911353,8178280250,karthik.goud61096@parentmail.com,No Previous School,"430, LB Nagar, Hyderabad",Parent Drop,,B+,Active,2026-09-07 11:14:58
61097,ADM61097,Charan,Gupta,N,Female,2011-10-03,10,4,B,2020-04-09,Telugu,Hindi,Kavya Gupta,Rohan Gupta,9380302995,8273296494,charan.gupta61097@parentmail.com,Brilliant Grammar School,"125, Miyapur, Hyderabad",Parent Drop,,B-,Active,2026-09-13 10:49:06
61098,ADM61098,Meghana,Shetty,Q,Male,2011-08-01,10,1,C,2017-04-12,Telugu,Hindi,Kavya Shetty,Surya Shetty,9152429644,8465382887,meghana.shetty61098@parentmail.com,No Previous School,"492, Ameerpet, Hyderabad",School Bus,Route-01,A+,Active,2026-08-18 19:46:12
61099,ADM61099,Kavya,Kulkarni,T,Male,2011-04-23,10,7,D,2023-07-18,Telugu,Hindi,Bhavya Kulkarni,Nikhil Kulkarni,9172037131,8769916407,kavya.kulkarni61099@parentmail.com,Narayana School,"311, Miyapur, Hyderabad",Parent Drop,,O+,Active,2026-08-19 15:48:59
61100,ADM61100,Aadhya,Das,C,Female,2011-03-11,10,10,C,2026-07-22,Hindi,Telugu,Nandini Das,Surya Das,9716896307,8738052449,aadhya.das61100@parentmail.com,Brilliant Grammar School,"110, Miyapur, Hyderabad",School Bus,Route-03,A-,Active,2026-08-09 08:58:11
61101,ADM61101,Meghana,Das,U,Female,2018-05-10,3,1,A,2024-05-19,Telugu,Hindi,Lakshmi Das,Arjun Das,9931788128,8463536960,meghana.das61101@parentmail.com,No Previous School,"884, Kondapur, Hyderabad",School Bus,Route-10,O+,Active,2026-08-19 14:46:56
61102,ADM61102,Sanjay,Iyer,R,Male,2020-07-15,1,1,D,2026-04-01,Hindi,Telugu,Meghana Iyer,Varun Iyer,9959531269,8975674038,sanjay.iyer61102@parentmail.com,No Previous School,"76, Uppal, Hyderabad",School Bus,Route-06,B+,Active,2026-08-04 13:28:37
61103,ADM61103,Surya,Sharma,V,Male,2014-07-02,7,1,E,2020-05-13,Telugu,Hindi,Deepika Sharma,Rahul Sharma,9301415797,8933306861,surya.sharma61103@parentmail.com,No Previous School,"248, Madhapur, Hyderabad",Private Van,Route-09,O-,Active,2026-09-03 20:13:52
61104,ADM61104,Rahul,Joshi,H,Male,2015-08-24,6,2,A,2022-06-15,Hindi,Telugu,Priya Joshi,Manish Joshi,9849650705,8173693521,rahul.joshi61104@parentmail.com,No Previous School,"534, Miyapur, Hyderabad",Parent Drop,,AB-,Active,2026-08-18 08:55:44
61105,ADM61105,Karthik,Goud,T,Male,2016-09-03,5,4,B,2025-06-16,Telugu,Hindi,Bhavya Goud,Karthik Goud,9302607412,8191965116,karthik.goud61105@parentmail.com,No Previous School,"133, Secunderabad, Hyderabad",Parent Drop,,B-,Active,2026-08-25 12:22:41
61106,ADM61106,Vishal,Naidu,Q,Male,2019-07-01,2,1,E,2025-04-28,Telugu,Hindi,Aishwarya Naidu,Harsha Naidu,9661542878,8979661846,vishal.naidu61106@parentmail.com,No Previous School,"638, Uppal, Hyderabad",Private Van,Route-03,AB+,Inactive,2026-08-31 12:39:49
61107,ADM61107,Keerthi,Yadav,W,Female,2020-01-06,1,1,B,2026-06-27,Telugu,Hindi,Aishwarya Yadav,Rohan Yadav,9671564880,8143640110,keerthi.yadav61107@parentmail.com,No Previous School,"55, Bachupally, Hyderabad",School Bus,Route-03,A+,Active,2026-08-17 20:13:20
61108,ADM61108,Vishal,Joshi,Y,Male,2017-10-05,4,2,E,2024-05-22,Hindi,Telugu,Priya Joshi,Karthik Joshi,9341522851,8141418876,vishal.joshi61108@parentmail.com,Green Valley School,"68, Kondapur, Hyderabad",Walk,,O-,Active,2026-09-05 17:07:51
61109,ADM61109,Pooja,Yadav,C,Female,2016-08-25,5,5,B,2026-07-09,Hindi,Telugu,Sneha Yadav,Sanjay Yadav,9489338497,8669125802,pooja.yadav61109@parentmail.com,No Previous School,"185, Secunderabad, Hyderabad",Public Transport,,A+,Active,2026-08-20 15:57:28
61110,ADM61110,Manish,Iyer,O,Male,2013-04-12,8,1,D,2019-05-05,Telugu,Hindi,Harini Iyer,Rohan Iyer,9121779992,8775388900,manish.iyer61110@parentmail.com,No Previous School,"445, Madhapur, Hyderabad",School Bus,Route-03,O+,Active,2026-09-05 11:52:02
61111,ADM61111,Sneha,Sharma,R,Female,2016-01-18,5,1,D,2022-06-17,Telugu,Hindi,Sneha Sharma,Akash Sharma,9676087398,8946024783,sneha.sharma61111@parentmail.com,No Previous School,"887, Dilsukhnagar, Hyderabad",School Bus,Route-10,O+,Active,2026-08-08 11:23:52
61112,ADM61112,Karthik,Naidu,P,Male,2015-01-12,6,1,A,2021-06-01,Hindi,Telugu,Neha Naidu,Nikhil Naidu,9179173902,8346795346,karthik.naidu61112@parentmail.com,No Previous School,"107, Ameerpet, Hyderabad",Parent Drop,,AB+,Active,2026-08-29 17:38:24
61113,ADM61113,Krishna,Chowdary,V,Male,2011-02-10,10,1,B,2017-06-18,Telugu,Hindi,Harini Chowdary,Krishna Chowdary,9601445582,8568983677,krishna.chowdary61113@parentmail.com,No Previous School,"651, Dilsukhnagar, Hyderabad",Private Van,Route-10,A-,Active,2026-09-05 07:04:54
61114,ADM61114,Karthik,Kulkarni,C,Male,2018-12-21,3,1,D,2024-07-25,Telugu,Hindi,Ananya Kulkarni,Aarav Kulkarni,9121307532,8743033977,karthik.kulkarni61114@parentmail.com,No Previous School,"316, Bachupally, Hyderabad",School Bus,Route-06,O+,Active,2026-08-04 08:04:40
61115,ADM61115,Karthik,Gupta,W,Male,2012-04-24,9,1,E,2018-07-22,Telugu,Hindi,Harini Gupta,Pranav Gupta,9690183988,8775313369,karthik.gupta61115@parentmail.com,No Previous School,"904, Kondapur, Hyderabad",School Bus,Route-04,AB-,Transferred,2026-08-19 20:45:33
61116,ADM61116,Akash,Shetty,W,Male,2012-04-06,9,1,A,2018-06-14,Hindi,Telugu,Aadhya Shetty,Manish Shetty,9167235260,8195116097,akash.shetty61116@parentmail.com,No Previous School,"981, Kukatpally, Hyderabad",Walk,,O+,Active,2026-08-12 15:45:48
61117,ADM61117,Priya,Goud,Z,Female,2012-08-22,9,5,D,2022-06-06,Telugu,Hindi,Swathi Goud,Sanjay Goud,9949116210,8368185657,priya.goud61117@parentmail.com,Brilliant Grammar School,"273, Dilsukhnagar, Hyderabad",Walk,,A+,Active,2026-09-13 18:53:48
61118,ADM61118,Aishwarya,Goud,S,Female,2018-04-05,3,1,B,2024-05-06,Telugu,Hindi,Vaishnavi Goud,Rohan Goud,9832151448,8933380161,aishwarya.goud61118@parentmail.com,No Previous School,"974, Kondapur, Hyderabad",Walk,,A+,Active,2026-09-11 15:42:53
61119,ADM61119,Keerthi,Reddy,H,Female,2018-09-06,3,2,E,2025-07-26,Hindi,Telugu,Aadhya Reddy,Vishal Reddy,9252860675,8979197806,keerthi.reddy61119@parentmail.com,Sri Chaitanya School,"676, Nizampet, Hyderabad",School Bus,Route-01,B+,Active,2026-08-04 14:17:54
61120,ADM61120,Meghana,Gupta,B,Female,2019-09-25,2,1,D,2025-05-26,Hindi,Telugu,Aishwarya Gupta,Harsha Gupta,9449157955,8806404121,meghana.gupta61120@parentmail.com,No Previous School,"334, Bachupally, Hyderabad",School Bus,Route-07,B-,Active,2026-08-05 20:50:20
61121,ADM61121,Sneha,Chowdary,J,Female,2013-07-08,8,1,D,2019-07-01,Hindi,Telugu,Pooja Chowdary,Varun Chowdary,9686580619,8599741494,sneha.chowdary61121@parentmail.com,No Previous School,"186, LB Nagar, Hyderabad",Parent Drop,,AB+,Active,2026-09-03 20:24:11
61122,ADM61122,Pranav,Sharma,H,Male,2019-03-18,2,1,D,2025-04-24,Hindi,Telugu,Keerthi Sharma,Harsha Sharma,9484603886,8137442132,pranav.sharma61122@parentmail.com,No Previous School,"86, Secunderabad, Hyderabad",Public Transport,,O+,Active,2026-08-15 19:48:11
61123,ADM61123,Rahul,Gupta,Q,Male,2013-07-06,8,5,E,2023-05-05,Telugu,Hindi,Ananya Gupta,Rohan Gupta,9363004365,8904467923,rahul.gupta61123@parentmail.com,Sri Vidya High School,"774, Nizampet, Hyderabad",School Bus,Route-01,A+,Active,2026-08-12 16:07:54
61124,ADM61124,Lakshmi,Joshi,J,Female,2020-04-13,1,1,A,2026-05-28,Hindi,Telugu,Vaishnavi Joshi,Vishal Joshi,9650044978,8555994147,lakshmi.joshi61124@parentmail.com,No Previous School,"48, LB Nagar, Hyderabad",Parent Drop,,B-,Active,2026-08-17 12:03:28
61125,ADM61125,Charan,Das,A,Male,2014-10-26,7,1,B,2020-05-01,Telugu,Hindi,Deepika Das,Vijay Das,9880488563,8171237838,charan.das61125@parentmail.com,No Previous School,"456, Bachupally, Hyderabad",Parent Drop,,AB-,Active,2026-09-10 10:58:31
61126,ADM61126,Krishna,Rao,O,Male,2011-11-23,10,1,E,2017-07-25,Hindi,Telugu,Divya Rao,Vijay Rao,9681724816,8207418431,krishna.rao61126@parentmail.com,No Previous School,"803, Manikonda, Hyderabad",Public Transport,,A-,Active,2026-09-07 20:10:45
61127,ADM61127,Vishal,Kumar,S,Male,2011-06-17,10,5,D,2021-06-04,Telugu,Hindi,Vaishnavi Kumar,Akash Kumar,9620728313,8261220529,vishal.kumar61127@parentmail.com,Narayana School,"934, Secunderabad, Hyderabad",Parent Drop,,B+,Active,2026-08-12 08:32:59
61128,ADM61128,Aditya,Nair,H,Male,2020-11-11,1,1,E,2026-04-13,Telugu,Hindi,Sahithi Nair,Aarav Nair,9659874313,8390978462,aditya.nair61128@parentmail.com,No Previous School,"638, Manikonda, Hyderabad",School Bus,Route-01,B+,Active,2026-08-06 17:06:32
61129,ADM61129,Vaishnavi,Menon,K,Female,2019-03-13,2,1,C,2025-06-23,Telugu,Hindi,Ishita Menon,Varun Menon,9970739195,8506165673,vaishnavi.menon61129@parentmail.com,No Previous School,"147, Secunderabad, Hyderabad",School Bus,Route-04,B+,Active,2026-08-14 11:55:12
61130,ADM61130,Aditya,Singh,Q,Male,2013-03-28,8,7,D,2025-06-17,Hindi,Telugu,Divya Singh,Krishna Singh,9723221736,8958772307,aditya.singh61130@parentmail.com,New Horizon School,"243, Bachupally, Hyderabad",Bicycle,,O-,Active,2026-08-12 15:09:54
61131,ADM61131,Kavya,Kumar,P,Female,2018-12-21,3,1,D,2024-05-27,Telugu,Hindi,Lakshmi Kumar,Rahul Kumar,9666992883,8729116079,kavya.kumar61131@parentmail.com,No Previous School,"215, Nizampet, Hyderabad",Public Transport,,A-,Active,2026-08-31 17:36:52
61132,ADM61132,Nandini,Chowdary,E,Female,2017-11-03,4,1,E,2023-06-04,Telugu,Hindi,Ishita Chowdary,Nikhil Chowdary,9566484424,8649821326,nandini.chowdary61132@parentmail.com,No Previous School,"943, LB Nagar, Hyderabad",Walk,,B-,Active,2026-08-29 15:36:37
61133,ADM61133,Meghana,Joshi,R,Female,2011-09-14,10,5,D,2021-04-28,Hindi,Telugu,Sahithi Joshi,Pranav Joshi,9197063088,8487210828,meghana.joshi61133@parentmail.com,No Previous School,"153, Secunderabad, Hyderabad",School Bus,Route-05,O+,Active,2026-08-14 13:40:59
61134,ADM61134,Ishita,Mishra,Z,Female,2019-03-24,2,1,B,2025-07-14,Hindi,Telugu,Sneha Mishra,Pranav Mishra,9542872116,8899412352,ishita.mishra61134@parentmail.com,No Previous School,"525, Kukatpally, Hyderabad",School Bus,Route-03,B-,Active,2026-08-07 11:47:43
61135,ADM61135,Lakshmi,Joshi,Q,Female,2018-03-18,3,1,D,2024-07-22,Hindi,Telugu,Bhavya Joshi,Krishna Joshi,9202407338,8542588803,lakshmi.joshi61135@parentmail.com,No Previous School,"322, Secunderabad, Hyderabad",School Bus,Route-06,B+,Inactive,2026-08-25 20:02:43
61136,ADM61136,Rohan,Iyer,C,Male,2019-12-22,2,1,D,2025-07-03,Telugu,Hindi,Sahithi Iyer,Aarav Iyer,9856399459,8963283027,rohan.iyer61136@parentmail.com,No Previous School,"331, LB Nagar, Hyderabad",School Bus,Route-10,O-,Active,2026-08-13 15:25:07
61137,ADM61137,Rahul,Sharma,R,Male,2017-02-11,4,2,B,2024-07-23,Hindi,Telugu,Aadhya Sharma,Varun Sharma,9682645695,8431579962,rahul.sharma61137@parentmail.com,Oxford Public School,"913, LB Nagar, Hyderabad",Bicycle,,A+,Active,2026-08-30 15:46:25
61138,ADM61138,Surya,Naidu,Q,Male,2019-03-09,2,1,D,2025-04-10,Hindi,Telugu,Lakshmi Naidu,Sanjay Naidu,9308185165,8719108145,surya.naidu61138@parentmail.com,No Previous School,"58, Secunderabad, Hyderabad",School Bus,Route-05,B-,Active,2026-08-03 08:39:58
61139,ADM61139,Nikhil,Kulkarni,D,Male,2011-11-07,10,5,C,2021-04-19,Hindi,Telugu,Meghana Kulkarni,Charan Kulkarni,9549745581,8205220655,nikhil.kulkarni61139@parentmail.com,St. Mary's School,"557, Kondapur, Hyderabad",Private Van,Route-06,B+,Active,2026-08-19 09:42:17
61140,ADM61140,Sneha,Chowdary,L,Female,2019-10-18,2,1,C,2025-07-15,Telugu,Hindi,Pooja Chowdary,Arjun Chowdary,9642197561,8844106391,sneha.chowdary61140@parentmail.com,No Previous School,"55, Kukatpally, Hyderabad",School Bus,Route-04,B+,Inactive,2026-08-20 08:49:07
61141,ADM61141,Vaishnavi,Sharma,C,Female,2011-09-25,10,2,C,2018-05-28,Hindi,Telugu,Divya Sharma,Manish Sharma,9887626659,8845982601,vaishnavi.sharma61141@parentmail.com,Narayana School,"940, Bachupally, Hyderabad",Parent Drop,,B+,Active,2026-08-27 15:51:33
61142,ADM61142,Meghana,Iyer,G,Female,2012-08-27,9,3,D,2020-07-02,Hindi,Telugu,Ananya Iyer,Sanjay Iyer,9861930770,8744650049,meghana.iyer61142@parentmail.com,Sri Vidya High School,"628, Nizampet, Hyderabad",Bicycle,,AB-,Active,2026-09-04 20:33:08
61143,ADM61143,Kavya,Yadav,D,Female,2015-07-24,6,5,A,2025-04-07,Hindi,Telugu,Harini Yadav,Aditya Yadav,9102073280,8110733771,kavya.yadav61143@parentmail.com,No Previous School,"671, Bachupally, Hyderabad",School Bus,Route-01,A+,Active,2026-09-13 16:14:44
61144,ADM61144,Akash,Shetty,O,Male,2020-03-26,1,1,C,2026-06-22,Hindi,Telugu,Aadhya Shetty,Krishna Shetty,9696577466,8867674194,akash.shetty61144@parentmail.com,No Previous School,"307, Manikonda, Hyderabad",Walk,,AB-,Active,2026-09-11 13:45:03
61145,ADM61145,Surya,Chowdary,Q,Male,2011-03-25,10,9,E,2025-07-19,Hindi,Telugu,Divya Chowdary,Pranav Chowdary,9195773851,8398880772,surya.chowdary61145@parentmail.com,Sri Vidya High School,"600, LB Nagar, Hyderabad",Public Transport,,AB+,Inactive,2026-08-15 08:44:21
61146,ADM61146,Karthik,Mishra,H,Male,2014-05-03,7,1,B,2020-05-24,Telugu,Hindi,Neha Mishra,Sanjay Mishra,9175778785,8508329334,karthik.mishra61146@parentmail.com,No Previous School,"204, Manikonda, Hyderabad",Walk,,AB-,Active,2026-08-01 07:35:23
61147,ADM61147,Krishna,Joshi,V,Male,2011-04-26,10,10,A,2026-06-15,Telugu,Hindi,Bhavya Joshi,Nikhil Joshi,9436438997,8839050900,krishna.joshi61147@parentmail.com,No Previous School,"4, Secunderabad, Hyderabad",Parent Drop,,B-,Active,2026-08-25 20:07:14
61148,ADM61148,Aadhya,Gupta,P,Female,2014-04-10,7,4,A,2023-06-16,Hindi,Telugu,Harini Gupta,Karthik Gupta,9945822749,8471554749,aadhya.gupta61148@parentmail.com,No Previous School,"508, Dilsukhnagar, Hyderabad",School Bus,Route-08,O+,Inactive,2026-08-05 10:13:32
61149,ADM61149,Ishita,Yadav,D,Female,2018-12-07,3,1,B,2024-06-15,Hindi,Telugu,Pooja Yadav,Tarun Yadav,9884566559,8544616351,ishita.yadav61149@parentmail.com,No Previous School,"754, Ameerpet, Hyderabad",Private Van,Route-01,A-,Active,2026-09-07 08:21:05
61150,ADM61150,Ishita,Gupta,X,Female,2012-05-03,9,8,E,2025-04-08,Hindi,Telugu,Harini Gupta,Rahul Gupta,9734966261,8909934925,ishita.gupta61150@parentmail.com,No Previous School,"964, Nizampet, Hyderabad",Bicycle,,AB+,Active,2026-09-07 17:02:18
61151,ADM61151,Charan,Gupta,F,Male,2012-02-27,9,7,A,2024-04-24,Telugu,Hindi,Aishwarya Gupta,Krishna Gupta,9728496669,8197127413,charan.gupta61151@parentmail.com,St. Mary's School,"325, LB Nagar, Hyderabad",Bicycle,,A-,Active,2026-08-25 13:45:47
61152,ADM61152,Ishita,Chowdary,G,Female,2015-03-05,6,1,E,2021-07-28,Hindi,Telugu,Ishita Chowdary,Surya Chowdary,9105313314,8150728736,ishita.chowdary61152@parentmail.com,No Previous School,"936, Bachupally, Hyderabad",Parent Drop,,B+,Active,2026-08-14 14:26:16
61153,ADM61153,Aditya,Kulkarni,X,Male,2012-08-07,9,5,B,2022-05-21,Telugu,Hindi,Aishwarya Kulkarni,Tarun Kulkarni,9825517111,8402588927,aditya.kulkarni61153@parentmail.com,Oxford Public School,"598, Madhapur, Hyderabad",Public Transport,,B+,Active,2026-08-04 14:29:37
61154,ADM61154,Aditya,Yadav,O,Male,2020-10-24,1,1,E,2026-06-04,Hindi,Telugu,Swathi Yadav,Surya Yadav,9146082816,8432609486,aditya.yadav61154@parentmail.com,No Previous School,"79, Bachupally, Hyderabad",Parent Drop,,O-,Active,2026-08-14 19:00:28
61155,ADM61155,Rahul,Kumar,Q,Male,2012-08-10,9,5,B,2022-06-16,Telugu,Hindi,Divya Kumar,Vishal Kumar,9525775385,8854839610,rahul.kumar61155@parentmail.com,Narayana School,"144, LB Nagar, Hyderabad",School Bus,Route-10,B+,Active,2026-08-19 20:20:15
61156,ADM61156,Deepika,Goud,E,Female,2014-01-23,7,1,A,2020-07-03,Telugu,Hindi,Priya Goud,Tarun Goud,9156428753,8390481340,deepika.goud61156@parentmail.com,No Previous School,"790, Ameerpet, Hyderabad",Parent Drop,,B-,Active,2026-08-21 19:06:47
61157,ADM61157,Tarun,Rao,I,Male,2012-01-04,9,8,E,2025-06-04,Hindi,Telugu,Meghana Rao,Sanjay Rao,9835753351,8840932963,tarun.rao61157@parentmail.com,St. Mary's School,"464, Uppal, Hyderabad",School Bus,Route-09,B-,Active,2026-09-04 08:51:48
61158,ADM61158,Nikhil,Kumar,P,Male,2019-10-13,2,2,B,2026-07-27,Hindi,Telugu,Sneha Kumar,Manish Kumar,9693457663,8424179328,nikhil.kumar61158@parentmail.com,Sri Chaitanya School,"23, Secunderabad, Hyderabad",School Bus,Route-08,O+,Active,2026-08-08 15:57:17
61159,ADM61159,Pooja,Rao,Y,Female,2018-02-25,3,1,A,2024-05-01,Hindi,Telugu,Meghana Rao,Karthik Rao,9888089621,8559774250,pooja.rao61159@parentmail.com,No Previous School,"360, LB Nagar, Hyderabad",Parent Drop,,O-,Active,2026-09-03 15:05:38
61160,ADM61160,Ishita,Patel,E,Female,2011-09-04,10,10,C,2026-07-11,Hindi,Telugu,Neha Patel,Aarav Patel,9186965092,8804763622,ishita.patel61160@parentmail.com,No Previous School,"775, Kondapur, Hyderabad",Walk,,A+,Active,2026-08-17 15:26:07
61161,ADM61161,Sanjay,Sharma,W,Male,2018-02-19,3,3,A,2026-04-18,Hindi,Telugu,Pooja Sharma,Surya Sharma,9361272267,8240010875,sanjay.sharma61161@parentmail.com,No Previous School,"690, Miyapur, Hyderabad",School Bus,Route-04,B-,Active,2026-08-17 12:34:01
61162,ADM61162,Sai,Menon,T,Male,2017-04-26,4,4,B,2026-05-25,Hindi,Telugu,Harini Menon,Surya Menon,9986801167,8345689791,sai.menon61162@parentmail.com,Narayana School,"935, Uppal, Hyderabad",Parent Drop,,B-,Active,2026-09-01 13:33:29
61163,ADM61163,Swathi,Menon,B,Female,2016-11-27,5,1,A,2022-04-22,Hindi,Telugu,Bhavya Menon,Sanjay Menon,9408389452,8117059208,swathi.menon61163@parentmail.com,No Previous School,"959, Uppal, Hyderabad",Parent Drop,,B+,Active,2026-08-09 12:43:31
61164,ADM61164,Harini,Goud,P,Female,2018-10-06,3,1,E,2024-05-19,Hindi,Telugu,Divya Goud,Charan Goud,9499214984,8436151958,harini.goud61164@parentmail.com,No Previous School,"881, Ameerpet, Hyderabad",School Bus,Route-07,B-,Active,2026-08-21 08:19:58
61165,ADM61165,Aadhya,Reddy,A,Female,2011-05-13,10,1,C,2017-04-08,Telugu,Hindi,Bhavya Reddy,Krishna Reddy,9475938839,8113859097,aadhya.reddy61165@parentmail.com,No Previous School,"431, Uppal, Hyderabad",School Bus,Route-02,O+,Active,2026-08-23 19:33:53
61166,ADM61166,Bhavya,Goud,I,Female,2011-02-20,10,7,C,2023-06-16,Hindi,Telugu,Ananya Goud,Karthik Goud,9281108410,8666089581,bhavya.goud61166@parentmail.com,Brilliant Grammar School,"174, Manikonda, Hyderabad",School Bus,Route-01,A-,Active,2026-08-09 16:07:30
61167,ADM61167,Tarun,Patel,Y,Male,2014-08-05,7,6,B,2025-06-03,Telugu,Hindi,Sahithi Patel,Surya Patel,9196597215,8581258849,tarun.patel61167@parentmail.com,Little Flower School,"519, Nizampet, Hyderabad",Public Transport,,AB+,Active,2026-09-05 17:43:11
61168,ADM61168,Manish,Rao,D,Male,2020-10-09,1,1,B,2026-04-19,Telugu,Hindi,Nandini Rao,Aditya Rao,9893484842,8429698969,manish.rao61168@parentmail.com,No Previous School,"61, Kukatpally, Hyderabad",Parent Drop,,O+,Active,2026-09-01 10:46:27
61169,ADM61169,Vijay,Singh,P,Male,2012-02-24,9,4,D,2021-06-05,Telugu,Hindi,Nandini Singh,Krishna Singh,9867581310,8846108052,vijay.singh61169@parentmail.com,Oxford Public School,"964, Secunderabad, Hyderabad",School Bus,Route-10,A-,Active,2026-08-29 18:17:37
61170,ADM61170,Kavya,Naidu,L,Female,2017-01-27,4,1,B,2023-07-07,Telugu,Hindi,Pooja Naidu,Surya Naidu,9841308624,8556980428,kavya.naidu61170@parentmail.com,No Previous School,"913, LB Nagar, Hyderabad",Parent Drop,,AB+,Active,2026-08-23 07:21:17
61171,ADM61171,Nikhil,Chowdary,O,Male,2020-02-21,1,1,C,2026-04-10,Hindi,Telugu,Nandini Chowdary,Tarun Chowdary,9444253833,8106939738,nikhil.chowdary61171@parentmail.com,No Previous School,"832, Manikonda, Hyderabad",School Bus,Route-10,O+,Active,2026-08-30 15:19:29
61172,ADM61172,Sahithi,Yadav,H,Female,2018-07-10,3,1,B,2024-06-21,Telugu,Hindi,Aadhya Yadav,Manish Yadav,9393809953,8943189220,sahithi.yadav61172@parentmail.com,No Previous School,"778, Nizampet, Hyderabad",School Bus,Route-05,B+,Active,2026-08-15 17:00:48
61173,ADM61173,Rohan,Sharma,T,Male,2014-05-04,7,5,B,2024-05-27,Telugu,Hindi,Bhavya Sharma,Arjun Sharma,9270304709,8938377231,rohan.sharma61173@parentmail.com,Vikas High School,"191, Madhapur, Hyderabad",School Bus,Route-06,AB-,Active,2026-09-04 11:58:38
61174,ADM61174,Aditya,Singh,H,Male,2018-05-26,3,1,E,2024-07-23,Telugu,Hindi,Sahithi Singh,Surya Singh,9181265749,8563519257,aditya.singh61174@parentmail.com,No Previous School,"623, Secunderabad, Hyderabad",Walk,,O-,Active,2026-08-10 07:07:50
61175,ADM61175,Aishwarya,Rao,M,Female,2018-05-10,3,3,C,2026-06-26,Telugu,Hindi,Sahithi Rao,Harsha Rao,9674006620,8229686476,aishwarya.rao61175@parentmail.com,No Previous School,"110, Dilsukhnagar, Hyderabad",Walk,,B+,Active,2026-09-11 10:30:10
61176,ADM61176,Vishal,Patel,S,Male,2011-04-03,10,2,B,2018-04-10,Hindi,Telugu,Meghana Patel,Aditya Patel,9257824911,8949153858,vishal.patel61176@parentmail.com,Little Flower School,"664, Kukatpally, Hyderabad",School Bus,Route-06,O+,Active,2026-08-24 14:03:12
61177,ADM61177,Nikhil,Chowdary,G,Male,2012-08-12,9,4,D,2021-04-17,Hindi,Telugu,Harini Chowdary,Tarun Chowdary,9329213770,8906576268,nikhil.chowdary61177@parentmail.com,Narayana School,"814, Uppal, Hyderabad",School Bus,Route-07,B+,Active,2026-09-10 11:21:27
61178,ADM61178,Pranav,Nair,U,Male,2015-08-23,6,5,E,2025-07-08,Hindi,Telugu,Nandini Nair,Rahul Nair,9827817635,8465825241,pranav.nair61178@parentmail.com,Sri Vidya High School,"47, LB Nagar, Hyderabad",School Bus,Route-06,AB-,Active,2026-08-21 15:46:56
61179,ADM61179,Aishwarya,Patel,D,Female,2011-09-22,10,1,A,2017-06-17,Telugu,Hindi,Lakshmi Patel,Aarav Patel,9397141002,8418331917,aishwarya.patel61179@parentmail.com,No Previous School,"304, Bachupally, Hyderabad",Walk,,A+,Active,2026-08-23 17:44:01
61180,ADM61180,Sneha,Mishra,Q,Female,2015-11-11,6,1,D,2021-06-21,Hindi,Telugu,Neha Mishra,Rohan Mishra,9160082006,8789282421,sneha.mishra61180@parentmail.com,No Previous School,"317, Uppal, Hyderabad",School Bus,Route-08,B+,Active,2026-09-04 16:23:56
61181,ADM61181,Deepika,Verma,D,Female,2011-06-06,10,7,D,2023-04-09,Hindi,Telugu,Neha Verma,Krishna Verma,9521243668,8605468384,deepika.verma61181@parentmail.com,Sri Chaitanya School,"74, Kukatpally, Hyderabad",Walk,,AB+,Active,2026-08-24 10:22:47
61182,ADM61182,Harsha,Mishra,S,Male,2019-01-27,2,1,B,2025-05-28,Hindi,Telugu,Deepika Mishra,Sai Mishra,9960312155,8109111302,harsha.mishra61182@parentmail.com,No Previous School,"84, Kukatpally, Hyderabad",Walk,,A+,Active,2026-09-12 08:34:35
61183,ADM61183,Aarav,Mishra,I,Male,2015-03-14,6,1,C,2021-07-15,Telugu,Hindi,Keerthi Mishra,Sanjay Mishra,9575753512,8798068743,aarav.mishra61183@parentmail.com,No Previous School,"456, Secunderabad, Hyderabad",Private Van,Route-02,A+,Active,2026-08-30 15:54:23
61184,ADM61184,Kavya,Singh,K,Female,2017-06-05,4,3,C,2025-07-21,Hindi,Telugu,Meghana Singh,Akash Singh,9903933073,8638442196,kavya.singh61184@parentmail.com,St. Mary's School,"412, Ameerpet, Hyderabad",School Bus,Route-05,O-,Active,2026-08-22 16:27:30
61185,ADM61185,Nikhil,Reddy,L,Male,2019-09-22,2,1,A,2025-06-15,Telugu,Hindi,Meghana Reddy,Akash Reddy,9154291454,8439893194,nikhil.reddy61185@parentmail.com,No Previous School,"337, LB Nagar, Hyderabad",Walk,,B+,Active,2026-08-17 16:46:51
61186,ADM61186,Tarun,Kumar,N,Male,2020-03-15,1,1,D,2026-07-20,Hindi,Telugu,Divya Kumar,Krishna Kumar,9992906194,8385784115,tarun.kumar61186@parentmail.com,No Previous School,"507, Dilsukhnagar, Hyderabad",School Bus,Route-08,O+,Active,2026-08-05 17:12:23
61187,ADM61187,Rohan,Iyer,B,Male,2015-09-20,6,6,E,2026-06-28,Telugu,Hindi,Deepika Iyer,Aarav Iyer,9902740285,8400206564,rohan.iyer61187@parentmail.com,Oxford Public School,"891, Bachupally, Hyderabad",Parent Drop,,B-,Active,2026-09-08 20:17:39
61188,ADM61188,Rohan,Chowdary,J,Male,2016-08-13,5,1,D,2022-04-03,Hindi,Telugu,Aishwarya Chowdary,Manish Chowdary,9243597109,8108885840,rohan.chowdary61188@parentmail.com,No Previous School,"805, Kukatpally, Hyderabad",Walk,,O+,Active,2026-08-22 14:05:33
61189,ADM61189,Priya,Kumar,G,Female,2014-03-20,7,1,A,2020-07-03,Hindi,Telugu,Nandini Kumar,Rahul Kumar,9919340861,8935854739,priya.kumar61189@parentmail.com,No Previous School,"92, LB Nagar, Hyderabad",School Bus,Route-06,O-,Transferred,2026-08-02 10:04:31
61190,ADM61190,Sai,Nair,N,Male,2014-07-09,7,4,B,2023-07-11,Telugu,Hindi,Harini Nair,Sai Nair,9219094710,8735000272,sai.nair61190@parentmail.com,Oxford Public School,"456, Manikonda, Hyderabad",School Bus,Route-07,AB-,Active,2026-08-19 07:37:19
61191,ADM61191,Pranav,Naidu,I,Male,2012-09-05,9,3,C,2020-04-10,Hindi,Telugu,Ananya Naidu,Manish Naidu,9867383165,8863329041,pranav.naidu61191@parentmail.com,Oxford Public School,"236, Kondapur, Hyderabad",Public Transport,,A-,Active,2026-09-07 16:43:46
61192,ADM61192,Nandini,Nair,W,Female,2016-10-16,5,4,B,2025-07-20,Hindi,Telugu,Vaishnavi Nair,Surya Nair,9742144815,8963874501,nandini.nair61192@parentmail.com,St. Mary's School,"64, Secunderabad, Hyderabad",Private Van,Route-07,A+,Transferred,2026-09-02 20:42:12
61193,ADM61193,Vaishnavi,Kulkarni,U,Female,2018-12-10,3,3,B,2026-05-17,Telugu,Hindi,Deepika Kulkarni,Manish Kulkarni,9547338900,8607403308,vaishnavi.kulkarni61193@parentmail.com,Sri Chaitanya School,"418, Madhapur, Hyderabad",Private Van,Route-07,A+,Active,2026-08-02 19:28:36
61194,ADM61194,Aarav,Kulkarni,V,Male,2014-07-03,7,4,A,2023-06-16,Hindi,Telugu,Deepika Kulkarni,Akash Kulkarni,9841574931,8597523937,aarav.kulkarni61194@parentmail.com,St. Mary's School,"815, Bachupally, Hyderabad",Parent Drop,,AB+,Active,2026-08-06 10:24:25
61195,ADM61195,Priya,Menon,M,Female,2017-07-18,4,2,A,2024-04-27,Hindi,Telugu,Bhavya Menon,Aarav Menon,9856743473,8940407462,priya.menon61195@parentmail.com,St. Mary's School,"849, Kondapur, Hyderabad",Private Van,Route-07,A-,Active,2026-08-23 15:20:42
61196,ADM61196,Bhavya,Verma,A,Female,2012-09-06,9,1,B,2018-04-04,Hindi,Telugu,Sneha Verma,Arjun Verma,9798762599,8493284218,bhavya.verma61196@parentmail.com,No Previous School,"369, Bachupally, Hyderabad",Parent Drop,,O-,Active,2026-09-14 15:08:21
61197,ADM61197,Charan,Iyer,L,Male,2020-07-05,1,1,B,2026-05-26,Hindi,Telugu,Vaishnavi Iyer,Aditya Iyer,9332562252,8730847685,charan.iyer61197@parentmail.com,No Previous School,"539, Secunderabad, Hyderabad",Walk,,O-,Active,2026-08-16 18:22:43
61198,ADM61198,Kavya,Rao,D,Female,2020-05-13,1,1,A,2026-06-06,Telugu,Hindi,Vaishnavi Rao,Karthik Rao,9649196677,8305029568,kavya.rao61198@parentmail.com,No Previous School,"472, Dilsukhnagar, Hyderabad",School Bus,Route-04,B+,Active,2026-08-31 13:29:29
61199,ADM61199,Nikhil,Iyer,Q,Male,2012-12-12,9,6,E,2023-07-15,Hindi,Telugu,Neha Iyer,Varun Iyer,9715828047,8309883775,nikhil.iyer61199@parentmail.com,St. Mary's School,"450, Manikonda, Hyderabad",School Bus,Route-09,A-,Active,2026-08-22 10:54:02
61200,ADM61200,Nikhil,Singh,Z,Male,2015-10-01,6,1,D,2021-07-10,Telugu,Hindi,Aadhya Singh,Nikhil Singh,9441452020,8209035290,nikhil.singh61200@parentmail.com,No Previous School,"812, Nizampet, Hyderabad",Private Van,Route-02,AB+,Transferred,2026-08-10 09:57:20
61201,ADM61201,Harsha,Joshi,R,Male,2018-05-10,3,1,A,2024-06-15,Telugu,Hindi,Nandini Joshi,Akash Joshi,9496062561,8853791836,harsha.joshi61201@parentmail.com,No Previous School,"694, Uppal, Hyderabad",Bicycle,,B+,Active,2026-09-05 11:57:14
61202,ADM61202,Manish,Mishra,A,Male,2020-09-26,1,1,E,2026-07-10,Telugu,Hindi,Neha Mishra,Arjun Mishra,9871899358,8336804585,manish.mishra61202@parentmail.com,No Previous School,"420, Nizampet, Hyderabad",School Bus,Route-04,B+,Active,2026-08-25 13:39:54
61203,ADM61203,Bhavya,Patel,E,Female,2019-07-19,2,1,E,2025-06-15,Hindi,Telugu,Keerthi Patel,Rohan Patel,9840739790,8890587439,bhavya.patel61203@parentmail.com,No Previous School,"104, Bachupally, Hyderabad",Private Van,Route-09,A+,Active,2026-09-08 10:05:30
61204,ADM61204,Divya,Kulkarni,D,Female,2019-12-12,2,1,C,2025-06-27,Hindi,Telugu,Priya Kulkarni,Krishna Kulkarni,9833305084,8183367321,divya.kulkarni61204@parentmail.com,No Previous School,"978, Kukatpally, Hyderabad",Public Transport,,A+,Active,2026-08-16 11:41:19
61205,ADM61205,Karthik,Singh,O,Male,2012-12-12,9,1,E,2018-07-17,Hindi,Telugu,Aishwarya Singh,Nikhil Singh,9818476055,8182202577,karthik.singh61205@parentmail.com,No Previous School,"469, Kukatpally, Hyderabad",Public Transport,,AB+,Active,2026-09-07 07:29:33
61206,ADM61206,Priya,Rao,I,Female,2017-10-27,4,1,C,2023-04-05,Telugu,Hindi,Sneha Rao,Akash Rao,9406760998,8144562673,priya.rao61206@parentmail.com,No Previous School,"803, Secunderabad, Hyderabad",Public Transport,,B+,Active,2026-08-10 19:03:10
61207,ADM61207,Rohan,Verma,E,Male,2012-01-23,9,4,D,2021-05-15,Telugu,Hindi,Priya Verma,Rohan Verma,9412135104,8681575650,rohan.verma61207@parentmail.com,Oxford Public School,"428, Madhapur, Hyderabad",Public Transport,,B-,Active,2026-09-07 17:21:53
61208,ADM61208,Pooja,Menon,E,Female,2015-08-09,6,1,B,2021-07-27,Hindi,Telugu,Harini Menon,Sanjay Menon,9736471266,8748936413,pooja.menon61208@parentmail.com,No Previous School,"911, Dilsukhnagar, Hyderabad",Walk,,O+,Active,2026-08-13 18:06:36
61209,ADM61209,Pranav,Sharma,R,Male,2013-01-03,8,1,A,2019-06-28,Hindi,Telugu,Nandini Sharma,Varun Sharma,9850930154,8825936392,pranav.sharma61209@parentmail.com,No Previous School,"2, Madhapur, Hyderabad",School Bus,Route-01,AB-,Active,2026-08-02 12:03:08
61210,ADM61210,Karthik,Das,V,Male,2013-10-12,8,7,C,2025-06-25,Hindi,Telugu,Meghana Das,Varun Das,9161252717,8341773233,karthik.das61210@parentmail.com,Sunrise Model School,"933, Uppal, Hyderabad",Bicycle,,AB+,Active,2026-09-11 18:57:31
61211,ADM61211,Harsha,Menon,J,Male,2020-03-28,1,1,E,2026-07-25,Hindi,Telugu,Vaishnavi Menon,Varun Menon,9519217648,8355837872,harsha.menon61211@parentmail.com,No Previous School,"400, Ameerpet, Hyderabad",School Bus,Route-08,B+,Active,2026-09-02 18:54:43
61212,ADM61212,Pooja,Naidu,C,Female,2017-11-25,4,1,D,2023-06-07,Hindi,Telugu,Deepika Naidu,Varun Naidu,9263792662,8542942374,pooja.naidu61212@parentmail.com,No Previous School,"39, Ameerpet, Hyderabad",Public Transport,,O-,Active,2026-09-10 19:21:12
61213,ADM61213,Bhavya,Sharma,W,Female,2019-04-18,2,2,E,2026-07-21,Telugu,Hindi,Ishita Sharma,Surya Sharma,9559086628,8781911613,bhavya.sharma61213@parentmail.com,Sri Chaitanya School,"963, Bachupally, Hyderabad",Parent Drop,,AB-,Active,2026-08-11 15:49:34
61214,ADM61214,Krishna,Rao,M,Male,2014-05-15,7,2,D,2021-05-24,Telugu,Hindi,Kavya Rao,Rahul Rao,9527171036,8670054492,krishna.rao61214@parentmail.com,Brilliant Grammar School,"34, Miyapur, Hyderabad",Parent Drop,,A-,Active,2026-08-17 07:29:51
61215,ADM61215,Neha,Goud,H,Female,2012-05-05,9,7,A,2024-06-08,Telugu,Hindi,Ananya Goud,Charan Goud,9678819361,8146685341,neha.goud61215@parentmail.com,Sri Vidya High School,"126, Nizampet, Hyderabad",Walk,,AB-,Active,2026-09-10 15:21:45
61216,ADM61216,Sai,Kumar,B,Male,2018-04-22,3,1,D,2024-05-14,Telugu,Hindi,Pooja Kumar,Rohan Kumar,9649453436,8454834706,sai.kumar61216@parentmail.com,No Previous School,"704, Dilsukhnagar, Hyderabad",Parent Drop,,O+,Active,2026-09-08 10:09:34
61217,ADM61217,Lakshmi,Sharma,U,Female,2014-10-18,7,1,A,2020-07-16,Telugu,Hindi,Divya Sharma,Charan Sharma,9908198263,8532941397,lakshmi.sharma61217@parentmail.com,No Previous School,"416, Dilsukhnagar, Hyderabad",School Bus,Route-07,A+,Active,2026-09-14 18:23:44
61218,ADM61218,Kavya,Das,W,Female,2017-11-04,4,4,A,2026-04-02,Telugu,Hindi,Lakshmi Das,Sanjay Das,9758333446,8171398908,kavya.das61218@parentmail.com,Sri Chaitanya School,"539, Kukatpally, Hyderabad",Private Van,Route-07,AB-,Active,2026-08-10 09:59:50
61219,ADM61219,Keerthi,Singh,Q,Female,2014-12-12,7,2,B,2021-06-08,Hindi,Telugu,Meghana Singh,Charan Singh,9493703629,8717403234,keerthi.singh61219@parentmail.com,Brilliant Grammar School,"94, Manikonda, Hyderabad",Walk,,A+,Active,2026-09-05 17:14:38
61220,ADM61220,Nandini,Mishra,R,Female,2017-03-01,4,2,A,2024-05-22,Hindi,Telugu,Swathi Mishra,Tarun Mishra,9121361956,8139589579,nandini.mishra61220@parentmail.com,St. Mary's School,"967, Kukatpally, Hyderabad",Walk,,AB+,Active,2026-08-25 09:49:34
61221,ADM61221,Priya,Rao,M,Female,2020-09-28,1,1,E,2026-06-07,Telugu,Hindi,Lakshmi Rao,Rohan Rao,9150928324,8964650996,priya.rao61221@parentmail.com,No Previous School,"555, Secunderabad, Hyderabad",School Bus,Route-02,O-,Active,2026-08-21 15:56:17
61222,ADM61222,Rahul,Singh,B,Male,2019-08-13,2,2,B,2026-05-28,Hindi,Telugu,Nandini Singh,Sanjay Singh,9557330356,8313911711,rahul.singh61222@parentmail.com,Sunrise Model School,"465, Bachupally, Hyderabad",Bicycle,,O+,Active,2026-08-12 16:41:52
61223,ADM61223,Charan,Sharma,N,Male,2015-10-16,6,1,D,2021-04-09,Telugu,Hindi,Harini Sharma,Tarun Sharma,9622619576,8216875328,charan.sharma61223@parentmail.com,No Previous School,"19, Dilsukhnagar, Hyderabad",Parent Drop,,B+,Active,2026-08-17 11:48:32
61224,ADM61224,Surya,Gupta,T,Male,2020-08-03,1,1,E,2026-05-12,Hindi,Telugu,Keerthi Gupta,Nikhil Gupta,9314593533,8508156345,surya.gupta61224@parentmail.com,No Previous School,"475, Manikonda, Hyderabad",School Bus,Route-04,B+,Active,2026-08-21 16:18:00
61225,ADM61225,Priya,Singh,A,Female,2017-06-21,4,3,A,2025-05-19,Telugu,Hindi,Sneha Singh,Arjun Singh,9620928569,8381020137,priya.singh61225@parentmail.com,Little Flower School,"710, Uppal, Hyderabad",Walk,,A+,Active,2026-08-06 19:27:41
61226,ADM61226,Nikhil,Das,Q,Male,2017-11-25,4,2,A,2024-06-17,Telugu,Hindi,Nandini Das,Sanjay Das,9172474245,8482370487,nikhil.das61226@parentmail.com,Little Flower School,"822, Manikonda, Hyderabad",School Bus,Route-08,O+,Active,2026-09-06 10:55:04
61227,ADM61227,Vishal,Patel,D,Male,2017-01-01,4,1,B,2023-05-12,Telugu,Hindi,Ishita Patel,Sanjay Patel,9801393071,8253593880,vishal.patel61227@parentmail.com,No Previous School,"741, Bachupally, Hyderabad",Bicycle,,B+,Inactive,2026-08-08 20:27:21
61228,ADM61228,Sanjay,Singh,Z,Male,2015-06-26,6,1,D,2021-04-07,Telugu,Hindi,Lakshmi Singh,Vijay Singh,9353351079,8990186775,sanjay.singh61228@parentmail.com,No Previous School,"427, Ameerpet, Hyderabad",Parent Drop,,O+,Active,2026-08-10 13:49:15
61229,ADM61229,Harsha,Iyer,J,Male,2017-11-03,4,1,E,2023-05-01,Hindi,Telugu,Vaishnavi Iyer,Akash Iyer,9297107681,8589254866,harsha.iyer61229@parentmail.com,No Previous School,"804, LB Nagar, Hyderabad",School Bus,Route-07,A+,Active,2026-08-06 11:51:00
61230,ADM61230,Ishita,Naidu,B,Female,2011-09-19,10,8,D,2024-07-24,Telugu,Hindi,Kavya Naidu,Vishal Naidu,9393362362,8424164322,ishita.naidu61230@parentmail.com,Narayana School,"666, Kondapur, Hyderabad",Parent Drop,,O+,Transferred,2026-08-22 07:38:13
61231,ADM61231,Lakshmi,Verma,X,Female,2011-02-02,10,2,C,2018-04-04,Telugu,Hindi,Harini Verma,Varun Verma,9547958633,8511616155,lakshmi.verma61231@parentmail.com,Little Flower School,"986, Kukatpally, Hyderabad",Parent Drop,,AB+,Active,2026-08-22 11:07:24
61232,ADM61232,Pooja,Menon,V,Female,2016-07-28,5,1,B,2022-05-27,Hindi,Telugu,Neha Menon,Surya Menon,9542648700,8158027149,pooja.menon61232@parentmail.com,No Previous School,"446, Ameerpet, Hyderabad",Parent Drop,,A+,Active,2026-08-18 15:44:56
61233,ADM61233,Swathi,Goud,M,Female,2015-09-01,6,1,D,2021-06-15,Hindi,Telugu,Meghana Goud,Varun Goud,9262035683,8964837723,swathi.goud61233@parentmail.com,No Previous School,"247, Secunderabad, Hyderabad",Public Transport,,O+,Active,2026-09-02 07:18:11
61234,ADM61234,Sneha,Patel,M,Female,2011-05-16,10,4,B,2020-05-10,Telugu,Hindi,Lakshmi Patel,Surya Patel,9183348279,8585682595,sneha.patel61234@parentmail.com,Brilliant Grammar School,"356, Manikonda, Hyderabad",School Bus,Route-05,A-,Active,2026-08-28 15:24:21
61235,ADM61235,Lakshmi,Iyer,S,Female,2013-08-01,8,1,D,2019-04-13,Telugu,Hindi,Sahithi Iyer,Vijay Iyer,9309208146,8573375269,lakshmi.iyer61235@parentmail.com,No Previous School,"320, Madhapur, Hyderabad",School Bus,Route-04,AB-,Active,2026-08-11 07:14:04
61236,ADM61236,Swathi,Patel,V,Female,2014-11-14,7,1,A,2020-05-07,Hindi,Telugu,Sahithi Patel,Rohan Patel,9285561194,8300313327,swathi.patel61236@parentmail.com,No Previous School,"674, Miyapur, Hyderabad",School Bus,Route-02,A-,Active,2026-09-09 17:34:36
61237,ADM61237,Priya,Shetty,Q,Female,2020-08-04,1,1,B,2026-06-17,Telugu,Hindi,Keerthi Shetty,Vishal Shetty,9468081411,8341356403,priya.shetty61237@parentmail.com,No Previous School,"94, Nizampet, Hyderabad",Private Van,Route-08,AB+,Active,2026-08-29 12:44:14
61238,ADM61238,Meghana,Das,O,Female,2016-02-14,5,2,B,2023-04-04,Hindi,Telugu,Aadhya Das,Sanjay Das,9800394037,8760733386,meghana.das61238@parentmail.com,Vikas High School,"576, Ameerpet, Hyderabad",School Bus,Route-05,AB+,Active,2026-09-01 14:52:09
61239,ADM61239,Lakshmi,Patel,S,Female,2019-04-07,2,1,D,2025-04-11,Hindi,Telugu,Aadhya Patel,Aditya Patel,9705792991,8761519939,lakshmi.patel61239@parentmail.com,No Previous School,"97, Ameerpet, Hyderabad",Parent Drop,,B+,Active,2026-09-05 11:08:16
61240,ADM61240,Surya,Goud,P,Male,2020-02-08,1,1,E,2026-07-07,Hindi,Telugu,Ishita Goud,Vishal Goud,9644586983,8735354720,surya.goud61240@parentmail.com,No Previous School,"912, Dilsukhnagar, Hyderabad",Parent Drop,,B-,Active,2026-08-29 12:15:31
61241,ADM61241,Divya,Mishra,G,Female,2016-08-03,5,3,C,2024-06-23,Telugu,Hindi,Bhavya Mishra,Aditya Mishra,9203603742,8694429596,divya.mishra61241@parentmail.com,St. Mary's School,"106, Bachupally, Hyderabad",Bicycle,,A+,Active,2026-08-07 18:01:58
61242,ADM61242,Aadhya,Goud,I,Female,2018-12-12,3,1,A,2024-07-24,Hindi,Telugu,Harini Goud,Varun Goud,9338933831,8312762191,aadhya.goud61242@parentmail.com,No Previous School,"898, Secunderabad, Hyderabad",Walk,,A-,Active,2026-09-02 18:49:53
61243,ADM61243,Krishna,Chowdary,M,Male,2018-12-09,3,2,C,2025-05-09,Telugu,Hindi,Divya Chowdary,Karthik Chowdary,9940291599,8218233913,krishna.chowdary61243@parentmail.com,Narayana School,"358, Ameerpet, Hyderabad",Walk,,AB-,Active,2026-08-23 09:28:06
61244,ADM61244,Divya,Joshi,W,Female,2011-06-19,10,7,C,2023-07-18,Hindi,Telugu,Ishita Joshi,Aditya Joshi,9895285642,8987695079,divya.joshi61244@parentmail.com,Vikas High School,"510, Kondapur, Hyderabad",Parent Drop,,A+,Active,2026-09-09 10:00:12
61245,ADM61245,Keerthi,Kulkarni,Y,Female,2016-06-25,5,2,D,2023-07-19,Telugu,Hindi,Divya Kulkarni,Vijay Kulkarni,9968830729,8221650583,keerthi.kulkarni61245@parentmail.com,St. Mary's School,"949, LB Nagar, Hyderabad",School Bus,Route-02,O+,Active,2026-08-06 20:39:20
61246,ADM61246,Arjun,Reddy,Q,Male,2020-03-02,1,1,D,2026-06-09,Telugu,Hindi,Ishita Reddy,Tarun Reddy,9830086451,8750355690,arjun.reddy61246@parentmail.com,No Previous School,"261, Manikonda, Hyderabad",Public Transport,,A+,Active,2026-09-07 16:10:02
61247,ADM61247,Lakshmi,Das,P,Female,2019-09-22,2,1,E,2025-06-28,Hindi,Telugu,Aadhya Das,Aditya Das,9314373307,8849994662,lakshmi.das61247@parentmail.com,No Previous School,"875, Miyapur, Hyderabad",School Bus,Route-10,AB+,Active,2026-08-02 07:53:07
61248,ADM61248,Nikhil,Verma,X,Male,2014-04-24,7,1,E,2020-06-09,Hindi,Telugu,Ananya Verma,Rahul Verma,9352828953,8567928266,nikhil.verma61248@parentmail.com,No Previous School,"676, Nizampet, Hyderabad",Private Van,Route-07,AB-,Active,2026-08-12 19:26:09
61249,ADM61249,Vijay,Gupta,V,Male,2019-07-12,2,1,A,2025-04-28,Telugu,Hindi,Deepika Gupta,Manish Gupta,9338736460,8825939843,vijay.gupta61249@parentmail.com,No Previous School,"836, Dilsukhnagar, Hyderabad",Public Transport,,B+,Active,2026-09-03 14:33:56
61250,ADM61250,Varun,Goud,R,Male,2013-01-04,8,3,D,2021-05-24,Hindi,Telugu,Aishwarya Goud,Sai Goud,9174637758,8765323743,varun.goud61250@parentmail.com,No Previous School,"858, Madhapur, Hyderabad",Parent Drop,,O+,Active,2026-08-01 14:17:41
61251,ADM61251,Manish,Joshi,Y,Male,2011-10-19,10,7,A,2023-05-27,Hindi,Telugu,Harini Joshi,Karthik Joshi,9648183081,8305263101,manish.joshi61251@parentmail.com,Oxford Public School,"635, Miyapur, Hyderabad",Private Van,Route-08,B-,Active,2026-09-03 09:53:25
61252,ADM61252,Arjun,Sharma,D,Male,2012-10-05,9,1,E,2018-07-01,Hindi,Telugu,Aadhya Sharma,Tarun Sharma,9941911185,8839113533,arjun.sharma61252@parentmail.com,No Previous School,"84, Madhapur, Hyderabad",Parent Drop,,B-,Active,2026-09-01 09:41:12
61253,ADM61253,Sanjay,Goud,R,Male,2015-08-17,6,5,A,2025-06-07,Hindi,Telugu,Kavya Goud,Aarav Goud,9932115795,8856143943,sanjay.goud61253@parentmail.com,Oxford Public School,"960, Nizampet, Hyderabad",Parent Drop,,O+,Active,2026-08-18 12:22:58
61254,ADM61254,Aditya,Mishra,G,Male,2012-03-07,9,1,D,2018-06-22,Telugu,Hindi,Harini Mishra,Aditya Mishra,9887921273,8821287357,aditya.mishra61254@parentmail.com,No Previous School,"663, Madhapur, Hyderabad",Walk,,O-,Active,2026-08-08 09:57:29
61255,ADM61255,Harsha,Verma,Y,Male,2018-11-23,3,3,E,2026-04-14,Hindi,Telugu,Sneha Verma,Aditya Verma,9301796894,8987984693,harsha.verma61255@parentmail.com,Little Flower School,"758, Kukatpally, Hyderabad",Public Transport,,AB-,Active,2026-08-09 11:18:46
61256,ADM61256,Tarun,Nair,Y,Male,2017-12-07,4,1,D,2023-06-03,Hindi,Telugu,Sneha Nair,Aarav Nair,9560903360,8411813624,tarun.nair61256@parentmail.com,No Previous School,"639, Ameerpet, Hyderabad",Walk,,B-,Active,2026-08-01 13:52:02
61257,ADM61257,Swathi,Joshi,R,Female,2011-11-28,10,7,D,2023-05-22,Telugu,Hindi,Aishwarya Joshi,Charan Joshi,9687202559,8922197895,swathi.joshi61257@parentmail.com,Sri Vidya High School,"839, Miyapur, Hyderabad",School Bus,Route-03,AB-,Active,2026-08-22 19:09:36
61258,ADM61258,Keerthi,Reddy,M,Female,2013-01-08,8,6,A,2024-05-19,Hindi,Telugu,Neha Reddy,Tarun Reddy,9689242037,8521877192,keerthi.reddy61258@parentmail.com,Green Valley School,"306, Bachupally, Hyderabad",School Bus,Route-05,B-,Active,2026-08-13 10:29:01
61259,ADM61259,Rahul,Kulkarni,Z,Male,2020-09-09,1,1,C,2026-06-08,Hindi,Telugu,Kavya Kulkarni,Harsha Kulkarni,9912887063,8236117031,rahul.kulkarni61259@parentmail.com,No Previous School,"474, Dilsukhnagar, Hyderabad",School Bus,Route-04,B+,Active,2026-09-03 18:44:56
61260,ADM61260,Deepika,Goud,R,Female,2012-09-06,9,1,C,2018-07-19,Telugu,Hindi,Kavya Goud,Charan Goud,9499025714,8919953105,deepika.goud61260@parentmail.com,No Previous School,"367, Miyapur, Hyderabad",Walk,,O+,Inactive,2026-08-22 12:22:46
61261,ADM61261,Aarav,Goud,T,Male,2011-11-11,10,3,A,2019-06-05,Telugu,Hindi,Sneha Goud,Arjun Goud,9868153740,8466365327,aarav.goud61261@parentmail.com,Little Flower School,"988, LB Nagar, Hyderabad",Walk,,O+,Active,2026-08-01 07:24:16
61262,ADM61262,Varun,Naidu,B,Male,2014-02-16,7,7,A,2026-05-02,Telugu,Hindi,Sneha Naidu,Surya Naidu,9160030711,8536460483,varun.naidu61262@parentmail.com,Little Flower School,"24, Madhapur, Hyderabad",Walk,,AB+,Active,2026-09-01 10:55:42
61263,ADM61263,Karthik,Mishra,Y,Male,2014-05-24,7,6,A,2025-07-11,Telugu,Hindi,Swathi Mishra,Tarun Mishra,9779570823,8421878043,karthik.mishra61263@parentmail.com,Vikas High School,"623, Kukatpally, Hyderabad",School Bus,Route-03,O-,Active,2026-08-12 07:55:29
61264,ADM61264,Divya,Reddy,I,Female,2014-11-25,7,4,D,2023-05-22,Hindi,Telugu,Aadhya Reddy,Vishal Reddy,9263960920,8359878053,divya.reddy61264@parentmail.com,St. Mary's School,"98, Ameerpet, Hyderabad",Private Van,Route-05,B-,Active,2026-08-07 18:04:43
61265,ADM61265,Neha,Kulkarni,K,Female,2011-12-26,10,9,D,2025-04-24,Hindi,Telugu,Sahithi Kulkarni,Nikhil Kulkarni,9862127374,8920200953,neha.kulkarni61265@parentmail.com,No Previous School,"844, Madhapur, Hyderabad",Public Transport,,AB+,Active,2026-08-19 20:42:59
61266,ADM61266,Harsha,Menon,M,Male,2014-05-01,7,1,D,2020-06-02,Hindi,Telugu,Harini Menon,Surya Menon,9495770560,8199091148,harsha.menon61266@parentmail.com,No Previous School,"637, Dilsukhnagar, Hyderabad",Public Transport,,O-,Active,2026-09-11 11:58:22
61267,ADM61267,Akash,Reddy,W,Male,2011-02-19,10,7,D,2023-04-08,Telugu,Hindi,Harini Reddy,Arjun Reddy,9181308283,8319764799,akash.reddy61267@parentmail.com,Sri Chaitanya School,"161, Manikonda, Hyderabad",School Bus,Route-07,A+,Active,2026-08-23 07:01:36
61268,ADM61268,Harsha,Sharma,F,Male,2020-11-15,1,1,A,2026-07-18,Telugu,Hindi,Aadhya Sharma,Sanjay Sharma,9234616509,8146851227,harsha.sharma61268@parentmail.com,No Previous School,"522, Manikonda, Hyderabad",Parent Drop,,A-,Active,2026-08-23 09:02:34
61269,ADM61269,Meghana,Menon,E,Female,2019-02-28,2,1,C,2025-04-01,Hindi,Telugu,Harini Menon,Krishna Menon,9157820864,8865398181,meghana.menon61269@parentmail.com,No Previous School,"469, Ameerpet, Hyderabad",Walk,,O+,Active,2026-09-10 14:44:26
61270,ADM61270,Nandini,Kulkarni,U,Female,2016-08-16,5,1,B,2022-04-26,Telugu,Hindi,Neha Kulkarni,Akash Kulkarni,9318601214,8882548758,nandini.kulkarni61270@parentmail.com,No Previous School,"621, Kukatpally, Hyderabad",School Bus,Route-04,B+,Active,2026-08-03 09:02:30
61271,ADM61271,Keerthi,Das,P,Female,2015-07-22,6,1,A,2021-06-12,Telugu,Hindi,Bhavya Das,Vijay Das,9633281265,8143406624,keerthi.das61271@parentmail.com,No Previous School,"105, Kukatpally, Hyderabad",School Bus,Route-01,AB+,Active,2026-09-09 12:32:42
61272,ADM61272,Keerthi,Reddy,H,Female,2017-08-05,4,3,D,2025-06-01,Telugu,Hindi,Vaishnavi Reddy,Harsha Reddy,9533915067,8740104833,keerthi.reddy61272@parentmail.com,Little Flower School,"736, Nizampet, Hyderabad",Private Van,Route-03,A-,Active,2026-08-27 13:45:26
61273,ADM61273,Arjun,Joshi,K,Male,2019-06-09,2,1,E,2025-05-04,Hindi,Telugu,Ananya Joshi,Krishna Joshi,9630160168,8938853235,arjun.joshi61273@parentmail.com,No Previous School,"617, Ameerpet, Hyderabad",School Bus,Route-10,AB+,Active,2026-09-01 11:18:20
61274,ADM61274,Sneha,Das,O,Female,2011-06-07,10,2,D,2018-07-23,Telugu,Hindi,Divya Das,Akash Das,9711296785,8453385730,sneha.das61274@parentmail.com,Little Flower School,"680, Kondapur, Hyderabad",School Bus,Route-10,AB-,Active,2026-08-18 17:56:57
61275,ADM61275,Lakshmi,Yadav,D,Female,2016-05-28,5,5,D,2026-06-16,Telugu,Hindi,Sahithi Yadav,Vishal Yadav,9516418822,8544257005,lakshmi.yadav61275@parentmail.com,Sri Chaitanya School,"660, Kukatpally, Hyderabad",Private Van,Route-02,O+,Active,2026-08-30 14:18:57
61276,ADM61276,Aishwarya,Gupta,U,Female,2019-07-11,2,1,D,2025-06-01,Telugu,Hindi,Sneha Gupta,Akash Gupta,9142405426,8266444195,aishwarya.gupta61276@parentmail.com,No Previous School,"66, Dilsukhnagar, Hyderabad",School Bus,Route-09,O-,Active,2026-08-19 10:54:08
61277,ADM61277,Harini,Iyer,C,Female,2018-07-10,3,1,C,2024-06-08,Telugu,Hindi,Keerthi Iyer,Aditya Iyer,9372046309,8579770076,harini.iyer61277@parentmail.com,No Previous School,"99, Ameerpet, Hyderabad",Parent Drop,,B+,Active,2026-08-13 14:07:19
61278,ADM61278,Varun,Iyer,E,Male,2011-06-15,10,6,D,2022-07-25,Hindi,Telugu,Keerthi Iyer,Sai Iyer,9959878580,8988773703,varun.iyer61278@parentmail.com,Narayana School,"325, Ameerpet, Hyderabad",Walk,,O-,Active,2026-08-03 15:44:42
61279,ADM61279,Bhavya,Nair,T,Female,2013-11-08,8,1,B,2019-06-15,Hindi,Telugu,Ishita Nair,Charan Nair,9949238169,8376738823,bhavya.nair61279@parentmail.com,No Previous School,"266, Kukatpally, Hyderabad",School Bus,Route-09,B-,Active,2026-08-22 11:47:09
61280,ADM61280,Manish,Singh,M,Male,2020-02-16,1,1,A,2026-07-02,Hindi,Telugu,Pooja Singh,Karthik Singh,9994240383,8507485595,manish.singh61280@parentmail.com,No Previous School,"440, Manikonda, Hyderabad",School Bus,Route-10,A+,Active,2026-08-02 16:11:11
61281,ADM61281,Meghana,Goud,Q,Female,2014-03-21,7,1,C,2020-05-12,Telugu,Hindi,Pooja Goud,Sai Goud,9924562577,8387857505,meghana.goud61281@parentmail.com,No Previous School,"78, Dilsukhnagar, Hyderabad",Parent Drop,,AB-,Active,2026-08-06 12:30:21
61282,ADM61282,Akash,Shetty,M,Male,2020-11-26,1,1,A,2026-06-07,Telugu,Hindi,Divya Shetty,Akash Shetty,9801973447,8233250734,akash.shetty61282@parentmail.com,No Previous School,"289, LB Nagar, Hyderabad",School Bus,Route-10,A-,Active,2026-08-27 15:08:37
61283,ADM61283,Rohan,Kumar,H,Male,2013-05-22,8,1,C,2019-06-23,Telugu,Hindi,Priya Kumar,Pranav Kumar,9266445774,8221143458,rohan.kumar61283@parentmail.com,No Previous School,"331, Nizampet, Hyderabad",School Bus,Route-05,B-,Active,2026-09-10 17:14:48
61284,ADM61284,Sai,Nair,J,Male,2013-06-15,8,6,C,2024-04-15,Hindi,Telugu,Lakshmi Nair,Nikhil Nair,9301519279,8687635981,sai.nair61284@parentmail.com,New Horizon School,"451, Dilsukhnagar, Hyderabad",Parent Drop,,AB-,Active,2026-09-03 20:52:47
61285,ADM61285,Aishwarya,Chowdary,B,Female,2016-11-10,5,5,D,2026-05-23,Hindi,Telugu,Kavya Chowdary,Nikhil Chowdary,9203351306,8343294348,aishwarya.chowdary61285@parentmail.com,Green Valley School,"367, Manikonda, Hyderabad",School Bus,Route-01,A+,Active,2026-08-20 14:34:57
61286,ADM61286,Swathi,Naidu,J,Female,2015-06-16,6,5,E,2025-06-09,Hindi,Telugu,Ishita Naidu,Varun Naidu,9841723504,8254685840,swathi.naidu61286@parentmail.com,No Previous School,"370, Bachupally, Hyderabad",Parent Drop,,O+,Active,2026-09-06 19:54:04
61287,ADM61287,Bhavya,Gupta,J,Female,2018-05-05,3,1,A,2024-05-15,Telugu,Hindi,Neha Gupta,Manish Gupta,9208475710,8906443399,bhavya.gupta61287@parentmail.com,No Previous School,"964, Kondapur, Hyderabad",School Bus,Route-09,A+,Active,2026-09-13 20:23:08
61288,ADM61288,Sai,Menon,R,Male,2011-02-23,10,3,C,2019-05-16,Telugu,Hindi,Vaishnavi Menon,Aditya Menon,9675577410,8459958703,sai.menon61288@parentmail.com,Vikas High School,"528, Uppal, Hyderabad",School Bus,Route-08,AB+,Transferred,2026-08-15 11:07:42
61289,ADM61289,Ananya,Mishra,M,Female,2019-09-03,2,1,A,2025-04-21,Hindi,Telugu,Harini Mishra,Tarun Mishra,9901089101,8889517868,ananya.mishra61289@parentmail.com,No Previous School,"586, Manikonda, Hyderabad",Private Van,Route-04,A-,Active,2026-08-02 10:49:48
61290,ADM61290,Meghana,Kulkarni,G,Female,2016-06-27,5,3,A,2024-05-25,Telugu,Hindi,Priya Kulkarni,Aarav Kulkarni,9626606265,8433998297,meghana.kulkarni61290@parentmail.com,St. Mary's School,"798, Madhapur, Hyderabad",Walk,,AB-,Active,2026-08-24 19:19:25
61291,ADM61291,Rohan,Chowdary,Z,Male,2013-05-04,8,1,D,2019-05-24,Hindi,Telugu,Lakshmi Chowdary,Aarav Chowdary,9860099702,8838094352,rohan.chowdary61291@parentmail.com,No Previous School,"472, Manikonda, Hyderabad",Parent Drop,,A+,Active,2026-09-14 07:30:17
61292,ADM61292,Ananya,Goud,T,Female,2019-10-18,2,1,A,2025-07-05,Telugu,Hindi,Aishwarya Goud,Manish Goud,9462553110,8606769779,ananya.goud61292@parentmail.com,No Previous School,"652, Kukatpally, Hyderabad",School Bus,Route-03,A-,Active,2026-08-20 17:26:03
61293,ADM61293,Pranav,Shetty,E,Male,2012-03-12,9,1,E,2018-06-01,Hindi,Telugu,Meghana Shetty,Rohan Shetty,9548397906,8538834187,pranav.shetty61293@parentmail.com,No Previous School,"552, Kondapur, Hyderabad",Walk,,A-,Active,2026-08-18 15:27:42
61294,ADM61294,Charan,Goud,A,Male,2016-04-16,5,5,B,2026-05-21,Hindi,Telugu,Deepika Goud,Charan Goud,9343134313,8122195175,charan.goud61294@parentmail.com,St. Mary's School,"489, Miyapur, Hyderabad",Bicycle,,A+,Active,2026-08-23 12:52:28
61295,ADM61295,Sanjay,Verma,Y,Male,2018-03-23,3,1,B,2024-07-14,Hindi,Telugu,Meghana Verma,Arjun Verma,9453551017,8973758430,sanjay.verma61295@parentmail.com,No Previous School,"657, Nizampet, Hyderabad",Walk,,B+,Active,2026-08-31 11:10:41
61296,ADM61296,Deepika,Nair,G,Female,2018-06-22,3,1,C,2024-05-21,Hindi,Telugu,Nandini Nair,Rohan Nair,9250944390,8483298559,deepika.nair61296@parentmail.com,No Previous School,"344, Madhapur, Hyderabad",School Bus,Route-01,A+,Active,2026-08-09 15:10:56
61297,ADM61297,Vaishnavi,Yadav,O,Female,2011-11-18,10,9,B,2025-04-10,Telugu,Hindi,Aishwarya Yadav,Surya Yadav,9170693546,8199873242,vaishnavi.yadav61297@parentmail.com,Sunrise Model School,"901, Dilsukhnagar, Hyderabad",Bicycle,,O-,Active,2026-09-03 14:11:35
61298,ADM61298,Keerthi,Goud,H,Female,2012-05-11,9,6,E,2023-05-28,Hindi,Telugu,Divya Goud,Manish Goud,9568482937,8957459162,keerthi.goud61298@parentmail.com,Little Flower School,"507, Madhapur, Hyderabad",School Bus,Route-01,O-,Active,2026-08-30 19:48:29
61299,ADM61299,Aishwarya,Gupta,I,Female,2020-06-28,1,1,A,2026-04-10,Hindi,Telugu,Divya Gupta,Surya Gupta,9428048599,8507144443,aishwarya.gupta61299@parentmail.com,No Previous School,"868, Bachupally, Hyderabad",School Bus,Route-01,AB-,Active,2026-08-10 09:27:04
61300,ADM61300,Harini,Nair,M,Female,2017-11-01,4,2,B,2024-04-19,Telugu,Hindi,Swathi Nair,Pranav Nair,9961050416,8723627489,harini.nair61300@parentmail.com,No Previous School,"181, Manikonda, Hyderabad",School Bus,Route-09,A+,Active,2026-08-01 16:23:55
61301,ADM61301,Harini,Iyer,K,Female,2016-08-02,5,5,B,2026-06-15,Hindi,Telugu,Divya Iyer,Sai Iyer,9479764173,8869405630,harini.iyer61301@parentmail.com,Brilliant Grammar School,"578, Ameerpet, Hyderabad",Parent Drop,,O+,Active,2026-09-13 11:04:40
61302,ADM61302,Rahul,Mishra,U,Male,2017-01-25,4,4,A,2026-07-06,Telugu,Hindi,Swathi Mishra,Akash Mishra,9776316861,8154654881,rahul.mishra61302@parentmail.com,Green Valley School,"561, LB Nagar, Hyderabad",School Bus,Route-03,B-,Active,2026-09-06 14:10:24
61303,ADM61303,Swathi,Kumar,Q,Female,2014-05-07,7,5,A,2024-04-22,Hindi,Telugu,Bhavya Kumar,Vishal Kumar,9414127017,8536462771,swathi.kumar61303@parentmail.com,Sri Vidya High School,"502, Kondapur, Hyderabad",School Bus,Route-05,B-,Active,2026-08-07 07:06:52
61304,ADM61304,Sneha,Kulkarni,E,Female,2012-04-21,9,1,E,2018-04-22,Hindi,Telugu,Neha Kulkarni,Aditya Kulkarni,9591658559,8557568339,sneha.kulkarni61304@parentmail.com,No Previous School,"684, LB Nagar, Hyderabad",Parent Drop,,B+,Active,2026-09-14 18:55:43
61305,ADM61305,Sai,Yadav,L,Male,2017-03-23,4,3,D,2025-04-09,Hindi,Telugu,Aadhya Yadav,Pranav Yadav,9606099201,8148739345,sai.yadav61305@parentmail.com,Oxford Public School,"439, Manikonda, Hyderabad",Walk,,O+,Active,2026-09-09 07:07:34
61306,ADM61306,Tarun,Goud,I,Male,2013-02-17,8,8,D,2026-07-20,Telugu,Hindi,Vaishnavi Goud,Rohan Goud,9665735107,8176270507,tarun.goud61306@parentmail.com,Narayana School,"281, Secunderabad, Hyderabad",School Bus,Route-07,AB+,Transferred,2026-08-28 17:48:58
61307,ADM61307,Harini,Mishra,I,Female,2011-11-08,10,4,E,2020-06-14,Telugu,Hindi,Meghana Mishra,Aarav Mishra,9799895752,8964890051,harini.mishra61307@parentmail.com,Brilliant Grammar School,"64, Miyapur, Hyderabad",Parent Drop,,AB+,Active,2026-09-02 13:25:52
61308,ADM61308,Deepika,Kulkarni,O,Female,2019-07-03,2,1,D,2025-06-18,Telugu,Hindi,Kavya Kulkarni,Sanjay Kulkarni,9630807755,8661057631,deepika.kulkarni61308@parentmail.com,No Previous School,"839, Kondapur, Hyderabad",School Bus,Route-04,O-,Active,2026-08-30 20:39:53
61309,ADM61309,Keerthi,Nair,X,Female,2011-04-03,10,4,E,2020-07-05,Hindi,Telugu,Sneha Nair,Rohan Nair,9504644497,8215303479,keerthi.nair61309@parentmail.com,Little Flower School,"453, Madhapur, Hyderabad",School Bus,Route-09,B+,Active,2026-08-31 13:47:30
61310,ADM61310,Pranav,Chowdary,V,Male,2014-12-05,7,2,D,2021-07-17,Telugu,Hindi,Meghana Chowdary,Rohan Chowdary,9105031179,8259151775,pranav.chowdary61310@parentmail.com,Brilliant Grammar School,"88, Bachupally, Hyderabad",School Bus,Route-10,B+,Active,2026-09-03 20:40:04
61311,ADM61311,Lakshmi,Menon,X,Female,2017-12-18,4,1,D,2023-05-28,Hindi,Telugu,Meghana Menon,Arjun Menon,9274889216,8768037312,lakshmi.menon61311@parentmail.com,No Previous School,"425, Madhapur, Hyderabad",School Bus,Route-04,B+,Active,2026-08-08 08:03:58
61312,ADM61312,Aditya,Joshi,K,Male,2020-11-04,1,1,E,2026-07-27,Telugu,Hindi,Swathi Joshi,Aditya Joshi,9500074380,8290534848,aditya.joshi61312@parentmail.com,No Previous School,"747, Uppal, Hyderabad",School Bus,Route-02,A-,Active,2026-08-29 10:47:27
61313,ADM61313,Sai,Naidu,T,Male,2016-11-05,5,3,C,2024-07-07,Hindi,Telugu,Pooja Naidu,Arjun Naidu,9127817561,8842098331,sai.naidu61313@parentmail.com,Sunrise Model School,"738, Ameerpet, Hyderabad",Public Transport,,O-,Active,2026-09-05 16:43:52
61314,ADM61314,Krishna,Goud,V,Male,2017-10-17,4,4,A,2026-06-27,Hindi,Telugu,Divya Goud,Aditya Goud,9766626845,8253053251,krishna.goud61314@parentmail.com,Vikas High School,"72, Uppal, Hyderabad",Parent Drop,,A-,Active,2026-08-22 12:31:15
61315,ADM61315,Swathi,Kumar,L,Female,2020-10-25,1,1,B,2026-04-11,Telugu,Hindi,Priya Kumar,Arjun Kumar,9947338528,8903796741,swathi.kumar61315@parentmail.com,No Previous School,"531, Ameerpet, Hyderabad",School Bus,Route-10,A+,Active,2026-08-27 20:00:18
61316,ADM61316,Aarav,Nair,T,Male,2019-02-28,2,2,C,2026-04-08,Hindi,Telugu,Sneha Nair,Vishal Nair,9370410026,8676543660,aarav.nair61316@parentmail.com,St. Mary's School,"334, Bachupally, Hyderabad",Parent Drop,,O-,Transferred,2026-08-14 08:18:28
61317,ADM61317,Harini,Nair,M,Female,2015-04-28,6,2,A,2022-06-08,Telugu,Hindi,Ananya Nair,Pranav Nair,9250163959,8836576295,harini.nair61317@parentmail.com,Sunrise Model School,"695, Bachupally, Hyderabad",School Bus,Route-02,B-,Active,2026-08-29 19:50:16
61318,ADM61318,Pooja,Sharma,K,Female,2011-09-03,10,8,B,2024-05-22,Hindi,Telugu,Ananya Sharma,Harsha Sharma,9826788100,8893309706,pooja.sharma61318@parentmail.com,Narayana School,"970, Nizampet, Hyderabad",Parent Drop,,B-,Active,2026-08-19 19:37:37
61319,ADM61319,Harsha,Verma,U,Male,2020-01-11,1,1,E,2026-07-11,Hindi,Telugu,Divya Verma,Aarav Verma,9770958691,8256634749,harsha.verma61319@parentmail.com,No Previous School,"91, Kondapur, Hyderabad",Public Transport,,A-,Transferred,2026-08-04 20:11:41
61320,ADM61320,Akash,Kulkarni,M,Male,2015-08-12,6,1,A,2021-07-17,Hindi,Telugu,Aishwarya Kulkarni,Tarun Kulkarni,9998135241,8965740212,akash.kulkarni61320@parentmail.com,No Previous School,"336, Uppal, Hyderabad",School Bus,Route-01,B-,Active,2026-08-17 17:46:53
61321,ADM61321,Rohan,Verma,N,Male,2017-11-17,4,1,A,2023-07-09,Telugu,Hindi,Lakshmi Verma,Krishna Verma,9541263329,8134452788,rohan.verma61321@parentmail.com,No Previous School,"64, Secunderabad, Hyderabad",Public Transport,,B-,Active,2026-08-03 09:52:00
61322,ADM61322,Sanjay,Sharma,D,Male,2018-11-09,3,1,C,2024-05-06,Hindi,Telugu,Divya Sharma,Tarun Sharma,9182136997,8441449707,sanjay.sharma61322@parentmail.com,No Previous School,"574, Secunderabad, Hyderabad",School Bus,Route-02,A-,Active,2026-08-12 17:59:47
61323,ADM61323,Pooja,Verma,X,Female,2020-09-08,1,1,C,2026-05-25,Hindi,Telugu,Pooja Verma,Surya Verma,9318595985,8552911847,pooja.verma61323@parentmail.com,No Previous School,"83, Dilsukhnagar, Hyderabad",Walk,,A+,Active,2026-08-20 16:52:15
61324,ADM61324,Priya,Nair,C,Female,2017-02-02,4,1,A,2023-04-20,Hindi,Telugu,Priya Nair,Karthik Nair,9364428785,8226855246,priya.nair61324@parentmail.com,No Previous School,"544, Miyapur, Hyderabad",School Bus,Route-09,O-,Active,2026-08-15 12:02:16
61325,ADM61325,Nikhil,Reddy,Z,Male,2015-02-23,6,5,A,2025-04-28,Hindi,Telugu,Vaishnavi Reddy,Aditya Reddy,9507117293,8811610268,nikhil.reddy61325@parentmail.com,Brilliant Grammar School,"416, Bachupally, Hyderabad",School Bus,Route-09,AB+,Active,2026-08-02 12:40:30
61326,ADM61326,Rahul,Chowdary,X,Male,2011-09-24,10,2,C,2018-04-14,Telugu,Hindi,Vaishnavi Chowdary,Arjun Chowdary,9753718726,8775421436,rahul.chowdary61326@parentmail.com,Sri Chaitanya School,"356, Uppal, Hyderabad",School Bus,Route-06,O+,Active,2026-08-11 11:27:09
61327,ADM61327,Deepika,Naidu,M,Female,2019-11-20,2,1,C,2025-04-24,Hindi,Telugu,Ananya Naidu,Harsha Naidu,9249599925,8325606066,deepika.naidu61327@parentmail.com,No Previous School,"192, Dilsukhnagar, Hyderabad",Public Transport,,A+,Active,2026-09-13 08:01:44
61328,ADM61328,Sahithi,Das,R,Female,2016-05-05,5,3,E,2024-07-25,Hindi,Telugu,Divya Das,Rahul Das,9134605595,8793955883,sahithi.das61328@parentmail.com,Sunrise Model School,"638, Secunderabad, Hyderabad",School Bus,Route-08,AB+,Active,2026-08-09 18:39:04
61329,ADM61329,Swathi,Chowdary,S,Female,2020-11-15,1,1,D,2026-04-05,Telugu,Hindi,Deepika Chowdary,Sanjay Chowdary,9570471669,8735702887,swathi.chowdary61329@parentmail.com,No Previous School,"222, Uppal, Hyderabad",School Bus,Route-07,A-,Active,2026-09-13 18:16:31
61330,ADM61330,Akash,Gupta,M,Male,2011-04-09,10,9,B,2025-07-28,Hindi,Telugu,Neha Gupta,Akash Gupta,9926181803,8715395762,akash.gupta61330@parentmail.com,Sunrise Model School,"145, Bachupally, Hyderabad",Private Van,Route-08,O-,Active,2026-08-30 15:57:44
61331,ADM61331,Kavya,Verma,T,Female,2020-10-10,1,1,B,2026-05-08,Telugu,Hindi,Priya Verma,Harsha Verma,9325576857,8415350695,kavya.verma61331@parentmail.com,No Previous School,"534, Madhapur, Hyderabad",School Bus,Route-07,A+,Active,2026-09-11 08:51:20
61332,ADM61332,Krishna,Kumar,P,Male,2013-11-16,8,1,D,2019-07-26,Telugu,Hindi,Priya Kumar,Vijay Kumar,9405069378,8595675111,krishna.kumar61332@parentmail.com,No Previous School,"207, Secunderabad, Hyderabad",Walk,,B-,Active,2026-08-15 12:47:11
61333,ADM61333,Vishal,Patel,T,Male,2020-06-09,1,1,D,2026-07-08,Hindi,Telugu,Deepika Patel,Rohan Patel,9901139161,8211232791,vishal.patel61333@parentmail.com,No Previous School,"550, Uppal, Hyderabad",School Bus,Route-06,AB+,Active,2026-09-03 12:25:56
61334,ADM61334,Meghana,Yadav,N,Female,2018-03-16,3,1,B,2024-06-01,Hindi,Telugu,Pooja Yadav,Surya Yadav,9914823263,8626654226,meghana.yadav61334@parentmail.com,No Previous School,"952, Secunderabad, Hyderabad",Parent Drop,,B+,Active,2026-08-14 07:09:58
61335,ADM61335,Charan,Patel,R,Male,2018-09-19,3,3,D,2026-07-25,Telugu,Hindi,Priya Patel,Varun Patel,9173538300,8594360318,charan.patel61335@parentmail.com,Oxford Public School,"296, Kukatpally, Hyderabad",School Bus,Route-01,A-,Active,2026-08-18 13:09:02
61336,ADM61336,Lakshmi,Verma,E,Female,2016-08-05,5,4,D,2025-04-18,Telugu,Hindi,Kavya Verma,Vishal Verma,9368805948,8218009190,lakshmi.verma61336@parentmail.com,Green Valley School,"873, Kondapur, Hyderabad",Parent Drop,,B+,Active,2026-08-10 13:28:04
61337,ADM61337,Lakshmi,Singh,E,Female,2020-03-08,1,1,E,2026-07-20,Hindi,Telugu,Divya Singh,Rahul Singh,9903517490,8359028040,lakshmi.singh61337@parentmail.com,No Previous School,"817, Madhapur, Hyderabad",Parent Drop,,B-,Active,2026-08-29 07:29:41
61338,ADM61338,Karthik,Iyer,J,Male,2016-02-27,5,4,D,2025-05-01,Telugu,Hindi,Priya Iyer,Tarun Iyer,9190855174,8784254640,karthik.iyer61338@parentmail.com,Sri Vidya High School,"123, Miyapur, Hyderabad",School Bus,Route-09,B-,Active,2026-08-06 20:56:01
61339,ADM61339,Rohan,Reddy,E,Male,2020-04-11,1,1,E,2026-05-28,Hindi,Telugu,Bhavya Reddy,Rahul Reddy,9622264133,8655418276,rohan.reddy61339@parentmail.com,No Previous School,"669, Kukatpally, Hyderabad",School Bus,Route-02,A-,Active,2026-08-01 20:31:08
61340,ADM61340,Rahul,Kumar,M,Male,2016-06-26,5,4,A,2025-07-20,Hindi,Telugu,Pooja Kumar,Rahul Kumar,9498415342,8163380420,rahul.kumar61340@parentmail.com,Little Flower School,"94, Ameerpet, Hyderabad",School Bus,Route-01,A-,Active,2026-08-08 16:47:58
61341,ADM61341,Kavya,Naidu,Z,Female,2019-03-10,2,2,A,2026-04-10,Hindi,Telugu,Neha Naidu,Harsha Naidu,9630364246,8468646777,kavya.naidu61341@parentmail.com,Sri Vidya High School,"531, Bachupally, Hyderabad",Parent Drop,,O+,Active,2026-08-01 19:06:26
61342,ADM61342,Krishna,Patel,E,Male,2017-01-09,4,1,A,2023-07-13,Telugu,Hindi,Aishwarya Patel,Surya Patel,9527548022,8834434879,krishna.patel61342@parentmail.com,No Previous School,"231, Uppal, Hyderabad",Parent Drop,,B-,Active,2026-09-14 07:02:11
61343,ADM61343,Pranav,Patel,Q,Male,2018-02-26,3,1,E,2024-04-11,Hindi,Telugu,Ishita Patel,Aditya Patel,9487939285,8942843321,pranav.patel61343@parentmail.com,No Previous School,"475, Miyapur, Hyderabad",School Bus,Route-02,AB+,Active,2026-08-26 17:23:23
61344,ADM61344,Charan,Mishra,F,Male,2018-05-03,3,3,B,2026-07-22,Telugu,Hindi,Divya Mishra,Arjun Mishra,9382685924,8501930404,charan.mishra61344@parentmail.com,Vikas High School,"53, Kondapur, Hyderabad",School Bus,Route-03,A+,Active,2026-09-13 19:14:25
61345,ADM61345,Neha,Reddy,N,Female,2015-03-15,6,2,A,2022-05-22,Hindi,Telugu,Aishwarya Reddy,Sanjay Reddy,9457525168,8487036496,neha.reddy61345@parentmail.com,Brilliant Grammar School,"886, Ameerpet, Hyderabad",Walk,,A-,Active,2026-08-25 17:38:18
61346,ADM61346,Vaishnavi,Das,G,Female,2014-07-21,7,6,B,2025-04-07,Hindi,Telugu,Lakshmi Das,Nikhil Das,9894202720,8971300683,vaishnavi.das61346@parentmail.com,Sri Chaitanya School,"5, Secunderabad, Hyderabad",Private Van,Route-07,B-,Inactive,2026-08-19 18:00:29
61347,ADM61347,Arjun,Gupta,E,Male,2016-07-10,5,1,E,2022-06-27,Hindi,Telugu,Aishwarya Gupta,Manish Gupta,9603528813,8655111348,arjun.gupta61347@parentmail.com,No Previous School,"517, Kondapur, Hyderabad",School Bus,Route-05,O+,Active,2026-09-04 14:19:14
61348,ADM61348,Sanjay,Nair,T,Male,2013-05-21,8,3,C,2021-07-08,Hindi,Telugu,Bhavya Nair,Aarav Nair,9244283386,8599031843,sanjay.nair61348@parentmail.com,Little Flower School,"501, Madhapur, Hyderabad",Parent Drop,,B-,Active,2026-09-08 09:51:36
61349,ADM61349,Tarun,Mishra,F,Male,2014-05-24,7,1,D,2020-05-10,Telugu,Hindi,Ishita Mishra,Sai Mishra,9785298507,8972699698,tarun.mishra61349@parentmail.com,No Previous School,"812, Miyapur, Hyderabad",School Bus,Route-07,AB-,Active,2026-08-25 13:43:10
61350,ADM61350,Karthik,Das,G,Male,2017-05-27,4,1,D,2023-04-20,Hindi,Telugu,Aishwarya Das,Karthik Das,9345111403,8646741911,karthik.das61350@parentmail.com,No Previous School,"542, Nizampet, Hyderabad",Walk,,AB-,Active,2026-09-09 11:55:32
61351,ADM61351,Ishita,Sharma,H,Female,2018-08-24,3,1,B,2024-04-06,Hindi,Telugu,Neha Sharma,Pranav Sharma,9309381059,8784394895,ishita.sharma61351@parentmail.com,No Previous School,"510, LB Nagar, Hyderabad",Bicycle,,O-,Active,2026-08-08 17:00:48
61352,ADM61352,Sanjay,Rao,N,Male,2011-12-19,10,3,B,2019-06-22,Hindi,Telugu,Keerthi Rao,Arjun Rao,9280765150,8163766546,sanjay.rao61352@parentmail.com,Little Flower School,"855, Dilsukhnagar, Hyderabad",Public Transport,,AB-,Active,2026-08-28 11:45:41
61353,ADM61353,Pooja,Joshi,X,Female,2015-01-02,6,1,B,2021-04-03,Hindi,Telugu,Priya Joshi,Krishna Joshi,9180658131,8958512558,pooja.joshi61353@parentmail.com,No Previous School,"301, Dilsukhnagar, Hyderabad",Parent Drop,,O+,Active,2026-08-23 15:19:25
61354,ADM61354,Tarun,Reddy,L,Male,2020-09-15,1,1,D,2026-06-17,Telugu,Hindi,Deepika Reddy,Aditya Reddy,9207556545,8228044449,tarun.reddy61354@parentmail.com,No Previous School,"273, Manikonda, Hyderabad",Public Transport,,A-,Active,2026-08-15 18:54:36
61355,ADM61355,Sanjay,Kulkarni,J,Male,2012-12-03,9,6,D,2023-04-14,Telugu,Hindi,Ananya Kulkarni,Krishna Kulkarni,9341217316,8892261038,sanjay.kulkarni61355@parentmail.com,Sri Vidya High School,"309, Dilsukhnagar, Hyderabad",School Bus,Route-02,AB-,Active,2026-08-07 19:14:27
61356,ADM61356,Akash,Reddy,J,Male,2018-08-25,3,2,C,2025-04-16,Hindi,Telugu,Ananya Reddy,Nikhil Reddy,9847786560,8953222693,akash.reddy61356@parentmail.com,No Previous School,"454, Manikonda, Hyderabad",School Bus,Route-09,B+,Active,2026-08-31 17:42:05
61357,ADM61357,Aarav,Rao,L,Male,2016-06-06,5,1,B,2022-06-05,Hindi,Telugu,Meghana Rao,Krishna Rao,9716543375,8281066453,aarav.rao61357@parentmail.com,No Previous School,"265, LB Nagar, Hyderabad",Private Van,Route-09,A-,Active,2026-08-13 09:59:55
61358,ADM61358,Aishwarya,Kumar,C,Female,2017-07-22,4,1,A,2023-07-16,Telugu,Hindi,Nandini Kumar,Akash Kumar,9697592612,8565934579,aishwarya.kumar61358@parentmail.com,No Previous School,"833, Madhapur, Hyderabad",Walk,,B-,Active,2026-08-23 20:45:56
61359,ADM61359,Keerthi,Gupta,C,Female,2011-02-20,10,1,B,2017-06-02,Telugu,Hindi,Kavya Gupta,Arjun Gupta,9131417725,8103878281,keerthi.gupta61359@parentmail.com,No Previous School,"260, Bachupally, Hyderabad",Parent Drop,,A-,Active,2026-08-12 10:13:47
61360,ADM61360,Harini,Goud,V,Female,2015-06-15,6,2,A,2022-07-28,Hindi,Telugu,Pooja Goud,Aarav Goud,9893768731,8514348358,harini.goud61360@parentmail.com,Vikas High School,"915, Uppal, Hyderabad",Parent Drop,,B+,Active,2026-08-01 09:43:44
61361,ADM61361,Charan,Naidu,J,Male,2012-07-04,9,4,A,2021-05-06,Hindi,Telugu,Bhavya Naidu,Surya Naidu,9111282296,8294209560,charan.naidu61361@parentmail.com,No Previous School,"208, Uppal, Hyderabad",Parent Drop,,A+,Active,2026-08-15 14:35:52
61362,ADM61362,Nikhil,Das,F,Male,2013-12-20,8,1,A,2019-07-28,Hindi,Telugu,Deepika Das,Tarun Das,9689451376,8596466307,nikhil.das61362@parentmail.com,No Previous School,"199, Miyapur, Hyderabad",Bicycle,,B+,Active,2026-08-07 16:35:55
61363,ADM61363,Divya,Menon,Q,Female,2011-08-07,10,1,B,2017-04-17,Hindi,Telugu,Ishita Menon,Surya Menon,9217404212,8646857472,divya.menon61363@parentmail.com,No Previous School,"502, Kukatpally, Hyderabad",School Bus,Route-08,O-,Active,2026-08-30 14:00:24
61364,ADM61364,Tarun,Mishra,P,Male,2016-05-01,5,1,B,2022-06-14,Hindi,Telugu,Lakshmi Mishra,Arjun Mishra,9762746517,8644326847,tarun.mishra61364@parentmail.com,No Previous School,"968, Nizampet, Hyderabad",Walk,,O+,Active,2026-08-13 15:32:32
61365,ADM61365,Aditya,Chowdary,C,Male,2019-12-05,2,1,E,2025-07-01,Hindi,Telugu,Swathi Chowdary,Surya Chowdary,9606676172,8213780859,aditya.chowdary61365@parentmail.com,No Previous School,"423, Kondapur, Hyderabad",Parent Drop,,A-,Active,2026-08-24 15:04:23
61366,ADM61366,Sneha,Naidu,C,Female,2014-10-06,7,1,A,2020-07-07,Hindi,Telugu,Divya Naidu,Krishna Naidu,9503107958,8999104326,sneha.naidu61366@parentmail.com,No Previous School,"923, Nizampet, Hyderabad",Parent Drop,,B+,Active,2026-08-23 19:07:46
61367,ADM61367,Vishal,Sharma,H,Male,2019-04-18,2,1,A,2025-04-08,Hindi,Telugu,Deepika Sharma,Akash Sharma,9463341988,8821070397,vishal.sharma61367@parentmail.com,No Previous School,"979, LB Nagar, Hyderabad",Public Transport,,O-,Active,2026-08-01 10:26:54
61368,ADM61368,Aarav,Kumar,P,Male,2020-07-19,1,1,C,2026-06-04,Telugu,Hindi,Sahithi Kumar,Surya Kumar,9250548966,8316269302,aarav.kumar61368@parentmail.com,No Previous School,"378, Bachupally, Hyderabad",Public Transport,,AB-,Active,2026-08-31 17:33:32
61369,ADM61369,Vijay,Naidu,A,Male,2016-06-28,5,1,C,2022-04-24,Telugu,Hindi,Aadhya Naidu,Aditya Naidu,9846502778,8393220420,vijay.naidu61369@parentmail.com,No Previous School,"830, Manikonda, Hyderabad",Private Van,Route-01,O+,Active,2026-08-15 13:52:53
61370,ADM61370,Priya,Verma,A,Female,2015-06-28,6,4,E,2024-06-03,Telugu,Hindi,Aadhya Verma,Nikhil Verma,9906614872,8410957798,priya.verma61370@parentmail.com,Sunrise Model School,"713, LB Nagar, Hyderabad",Private Van,Route-05,AB+,Active,2026-08-06 20:43:12
61371,ADM61371,Kavya,Chowdary,H,Female,2018-01-02,3,1,C,2024-07-06,Hindi,Telugu,Bhavya Chowdary,Aarav Chowdary,9885707440,8588331602,kavya.chowdary61371@parentmail.com,No Previous School,"301, Kukatpally, Hyderabad",Parent Drop,,AB+,Active,2026-08-02 14:28:01
61372,ADM61372,Bhavya,Joshi,V,Female,2017-07-17,4,1,E,2023-05-23,Telugu,Hindi,Ananya Joshi,Varun Joshi,9683385586,8467596439,bhavya.joshi61372@parentmail.com,No Previous School,"724, Ameerpet, Hyderabad",School Bus,Route-08,B+,Active,2026-08-09 11:21:34
61373,ADM61373,Ishita,Joshi,J,Female,2016-04-27,5,1,D,2022-06-04,Telugu,Hindi,Vaishnavi Joshi,Arjun Joshi,9271356747,8751785140,ishita.joshi61373@parentmail.com,No Previous School,"443, Dilsukhnagar, Hyderabad",Private Van,Route-07,A+,Transferred,2026-08-07 16:52:20
61374,ADM61374,Sanjay,Singh,T,Male,2018-08-22,3,2,A,2025-05-02,Telugu,Hindi,Aadhya Singh,Nikhil Singh,9181693117,8288827216,sanjay.singh61374@parentmail.com,Oxford Public School,"976, Nizampet, Hyderabad",Walk,,B+,Active,2026-09-11 17:45:47
61375,ADM61375,Charan,Gupta,H,Male,2014-12-26,7,2,E,2021-07-07,Hindi,Telugu,Aishwarya Gupta,Aditya Gupta,9595093294,8932041680,charan.gupta61375@parentmail.com,Green Valley School,"357, Uppal, Hyderabad",Private Van,Route-04,AB-,Active,2026-08-13 15:32:00
61376,ADM61376,Akash,Nair,D,Male,2016-04-28,5,5,C,2026-04-03,Telugu,Hindi,Divya Nair,Rohan Nair,9695488982,8619225666,akash.nair61376@parentmail.com,St. Mary's School,"554, Manikonda, Hyderabad",Parent Drop,,AB-,Active,2026-08-07 08:43:28
61377,ADM61377,Aarav,Singh,L,Male,2014-01-09,7,2,D,2021-07-28,Hindi,Telugu,Swathi Singh,Vijay Singh,9761264937,8873842504,aarav.singh61377@parentmail.com,Narayana School,"635, Kukatpally, Hyderabad",Parent Drop,,B+,Active,2026-08-24 17:42:54
61378,ADM61378,Rahul,Chowdary,Q,Male,2011-10-19,10,5,C,2021-05-23,Telugu,Hindi,Aishwarya Chowdary,Arjun Chowdary,9986482902,8595993109,rahul.chowdary61378@parentmail.com,Green Valley School,"399, Miyapur, Hyderabad",School Bus,Route-09,B+,Active,2026-09-07 09:10:58
61379,ADM61379,Keerthi,Kulkarni,L,Female,2014-08-05,7,2,E,2021-05-24,Telugu,Hindi,Ananya Kulkarni,Karthik Kulkarni,9364201061,8489975896,keerthi.kulkarni61379@parentmail.com,Narayana School,"671, Madhapur, Hyderabad",Parent Drop,,A+,Active,2026-09-02 08:22:32
61380,ADM61380,Karthik,Rao,H,Male,2011-08-24,10,8,C,2024-07-14,Hindi,Telugu,Divya Rao,Aditya Rao,9394426503,8944742145,karthik.rao61380@parentmail.com,Sri Vidya High School,"250, Dilsukhnagar, Hyderabad",Public Transport,,B-,Active,2026-08-28 10:27:27
61381,ADM61381,Arjun,Gupta,Z,Male,2016-06-19,5,3,D,2024-04-09,Hindi,Telugu,Lakshmi Gupta,Harsha Gupta,9665379777,8439386003,arjun.gupta61381@parentmail.com,No Previous School,"763, Manikonda, Hyderabad",School Bus,Route-01,O+,Active,2026-09-10 11:54:08
61382,ADM61382,Karthik,Patel,B,Male,2015-10-09,6,6,A,2026-06-08,Hindi,Telugu,Bhavya Patel,Sanjay Patel,9443037038,8790177544,karthik.patel61382@parentmail.com,Narayana School,"909, Manikonda, Hyderabad",School Bus,Route-09,B+,Transferred,2026-09-13 18:23:08
61383,ADM61383,Aditya,Kumar,I,Male,2018-01-25,3,1,A,2024-04-24,Telugu,Hindi,Kavya Kumar,Sai Kumar,9591571402,8953833994,aditya.kumar61383@parentmail.com,No Previous School,"236, LB Nagar, Hyderabad",Private Van,Route-10,B+,Active,2026-08-14 14:21:02
61384,ADM61384,Varun,Kumar,T,Male,2013-01-08,8,7,C,2025-07-13,Telugu,Hindi,Lakshmi Kumar,Karthik Kumar,9804560926,8561138794,varun.kumar61384@parentmail.com,Little Flower School,"155, Madhapur, Hyderabad",School Bus,Route-09,B+,Active,2026-08-21 20:37:35
61385,ADM61385,Tarun,Naidu,C,Male,2018-04-03,3,1,D,2024-06-16,Hindi,Telugu,Swathi Naidu,Karthik Naidu,9889484173,8336971570,tarun.naidu61385@parentmail.com,No Previous School,"225, Kondapur, Hyderabad",School Bus,Route-04,A-,Active,2026-08-12 08:24:46
61386,ADM61386,Akash,Patel,U,Male,2014-01-08,7,1,B,2020-06-18,Hindi,Telugu,Vaishnavi Patel,Krishna Patel,9845928460,8840061287,akash.patel61386@parentmail.com,No Previous School,"573, Kondapur, Hyderabad",Public Transport,,A-,Active,2026-08-10 15:03:27
61387,ADM61387,Aadhya,Kulkarni,N,Female,2012-12-02,9,2,C,2019-06-02,Telugu,Hindi,Divya Kulkarni,Sanjay Kulkarni,9383797493,8405892617,aadhya.kulkarni61387@parentmail.com,Oxford Public School,"946, Ameerpet, Hyderabad",Parent Drop,,AB-,Active,2026-08-22 20:35:21
61388,ADM61388,Aishwarya,Chowdary,Z,Female,2014-05-24,7,5,B,2024-05-09,Hindi,Telugu,Swathi Chowdary,Surya Chowdary,9275694743,8186951184,aishwarya.chowdary61388@parentmail.com,Sri Chaitanya School,"754, Dilsukhnagar, Hyderabad",Bicycle,,O-,Active,2026-08-01 15:32:23
61389,ADM61389,Tarun,Iyer,V,Male,2017-11-03,4,3,A,2025-04-09,Hindi,Telugu,Vaishnavi Iyer,Krishna Iyer,9233442078,8576797448,tarun.iyer61389@parentmail.com,Green Valley School,"250, Secunderabad, Hyderabad",School Bus,Route-09,AB-,Active,2026-09-10 07:29:39
61390,ADM61390,Meghana,Joshi,E,Female,2015-02-17,6,4,C,2024-06-13,Telugu,Hindi,Lakshmi Joshi,Akash Joshi,9681979840,8328888612,meghana.joshi61390@parentmail.com,Vikas High School,"851, Secunderabad, Hyderabad",School Bus,Route-01,O+,Active,2026-08-03 11:19:41
61391,ADM61391,Aishwarya,Sharma,D,Female,2020-01-07,1,1,D,2026-06-05,Hindi,Telugu,Ishita Sharma,Tarun Sharma,9602298174,8880290750,aishwarya.sharma61391@parentmail.com,No Previous School,"786, Bachupally, Hyderabad",Walk,,A-,Active,2026-09-05 17:47:52
61392,ADM61392,Tarun,Mishra,G,Male,2016-06-11,5,3,A,2024-04-11,Telugu,Hindi,Pooja Mishra,Akash Mishra,9233958174,8701958700,tarun.mishra61392@parentmail.com,Sunrise Model School,"144, Kondapur, Hyderabad",Walk,,O-,Active,2026-08-13 07:38:31
61393,ADM61393,Kavya,Joshi,Q,Female,2011-05-16,10,7,C,2023-04-22,Telugu,Hindi,Vaishnavi Joshi,Manish Joshi,9673331220,8703385220,kavya.joshi61393@parentmail.com,Sri Chaitanya School,"277, Nizampet, Hyderabad",Private Van,Route-03,AB-,Active,2026-08-30 13:49:36
61394,ADM61394,Aadhya,Das,Z,Female,2020-07-03,1,1,D,2026-06-16,Telugu,Hindi,Nandini Das,Vishal Das,9263839026,8690736700,aadhya.das61394@parentmail.com,No Previous School,"762, Nizampet, Hyderabad",School Bus,Route-08,O-,Active,2026-08-27 09:01:58
61395,ADM61395,Arjun,Gupta,M,Male,2014-05-09,7,4,B,2023-07-22,Telugu,Hindi,Swathi Gupta,Vijay Gupta,9185006907,8454249431,arjun.gupta61395@parentmail.com,Little Flower School,"609, Bachupally, Hyderabad",Public Transport,,AB-,Active,2026-08-23 11:04:58
61396,ADM61396,Swathi,Sharma,A,Female,2011-05-24,10,6,A,2022-07-22,Hindi,Telugu,Ananya Sharma,Vijay Sharma,9945276452,8265695903,swathi.sharma61396@parentmail.com,Narayana School,"864, Ameerpet, Hyderabad",Parent Drop,,B+,Active,2026-09-02 19:04:17
61397,ADM61397,Karthik,Menon,Z,Male,2015-04-28,6,5,A,2025-06-16,Hindi,Telugu,Aadhya Menon,Pranav Menon,9964862387,8147027747,karthik.menon61397@parentmail.com,Little Flower School,"161, Kondapur, Hyderabad",School Bus,Route-09,AB-,Active,2026-09-12 07:06:31
61398,ADM61398,Nikhil,Das,V,Male,2013-07-28,8,6,C,2024-06-14,Telugu,Hindi,Sneha Das,Charan Das,9455400030,8152614141,nikhil.das61398@parentmail.com,Brilliant Grammar School,"221, Madhapur, Hyderabad",Parent Drop,,B+,Active,2026-09-10 18:15:37
61399,ADM61399,Manish,Sharma,M,Male,2020-10-05,1,1,C,2026-07-02,Telugu,Hindi,Kavya Sharma,Arjun Sharma,9613562306,8129008519,manish.sharma61399@parentmail.com,No Previous School,"87, Bachupally, Hyderabad",Bicycle,,B+,Active,2026-09-01 16:15:34
61400,ADM61400,Aarav,Joshi,C,Male,2013-09-22,8,3,A,2021-06-12,Telugu,Hindi,Lakshmi Joshi,Surya Joshi,9106704807,8154093997,aarav.joshi61400@parentmail.com,Vikas High School,"179, Ameerpet, Hyderabad",School Bus,Route-01,A+,Active,2026-08-10 08:57:12
61401,ADM61401,Aadhya,Joshi,O,Female,2013-12-03,8,1,D,2019-07-28,Hindi,Telugu,Lakshmi Joshi,Rahul Joshi,9449793221,8841300231,aadhya.joshi61401@parentmail.com,No Previous School,"190, Secunderabad, Hyderabad",School Bus,Route-10,B+,Active,2026-09-11 10:24:55
61402,ADM61402,Neha,Menon,Q,Female,2014-02-26,7,1,A,2020-06-19,Telugu,Hindi,Pooja Menon,Aarav Menon,9289688221,8111671228,neha.menon61402@parentmail.com,No Previous School,"877, Bachupally, Hyderabad",Parent Drop,,AB+,Transferred,2026-09-07 07:16:04
61403,ADM61403,Vaishnavi,Kumar,H,Female,2011-07-24,10,2,B,2018-06-18,Hindi,Telugu,Aadhya Kumar,Charan Kumar,9180237399,8163474026,vaishnavi.kumar61403@parentmail.com,Oxford Public School,"162, Ameerpet, Hyderabad",School Bus,Route-09,O-,Active,2026-09-04 16:51:25
61404,ADM61404,Neha,Naidu,B,Female,2014-07-01,7,1,E,2020-04-11,Hindi,Telugu,Nandini Naidu,Aditya Naidu,9849012462,8704360047,neha.naidu61404@parentmail.com,No Previous School,"199, Kukatpally, Hyderabad",School Bus,Route-10,A-,Active,2026-09-02 12:14:01
61405,ADM61405,Akash,Sharma,F,Male,2017-09-21,4,1,A,2023-06-01,Hindi,Telugu,Aadhya Sharma,Rahul Sharma,9331117173,8365956764,akash.sharma61405@parentmail.com,No Previous School,"257, LB Nagar, Hyderabad",School Bus,Route-07,O+,Active,2026-08-16 20:08:29
61406,ADM61406,Meghana,Yadav,X,Female,2014-07-04,7,7,E,2026-05-20,Telugu,Hindi,Nandini Yadav,Rohan Yadav,9404716944,8695300416,meghana.yadav61406@parentmail.com,No Previous School,"173, Uppal, Hyderabad",School Bus,Route-07,O-,Active,2026-08-13 10:57:06
61407,ADM61407,Sneha,Rao,L,Female,2016-09-28,5,4,C,2025-07-02,Telugu,Hindi,Sneha Rao,Varun Rao,9562660782,8352294607,sneha.rao61407@parentmail.com,Sri Vidya High School,"614, Ameerpet, Hyderabad",School Bus,Route-01,A-,Active,2026-08-01 18:50:59
61408,ADM61408,Aishwarya,Kulkarni,E,Female,2017-12-01,4,1,B,2023-07-10,Hindi,Telugu,Aadhya Kulkarni,Aditya Kulkarni,9208776017,8507178497,aishwarya.kulkarni61408@parentmail.com,No Previous School,"615, Kukatpally, Hyderabad",School Bus,Route-09,AB+,Active,2026-09-13 13:37:48
61409,ADM61409,Sai,Naidu,Q,Male,2013-09-26,8,1,B,2019-06-01,Hindi,Telugu,Priya Naidu,Vishal Naidu,9794807438,8637225955,sai.naidu61409@parentmail.com,No Previous School,"980, Bachupally, Hyderabad",School Bus,Route-03,A-,Active,2026-08-18 09:03:27
61410,ADM61410,Karthik,Patel,A,Male,2011-12-17,10,1,C,2017-06-15,Telugu,Hindi,Lakshmi Patel,Varun Patel,9801218504,8927121754,karthik.patel61410@parentmail.com,No Previous School,"976, Bachupally, Hyderabad",Private Van,Route-04,AB-,Active,2026-08-02 15:35:57
61411,ADM61411,Charan,Rao,J,Male,2018-09-25,3,2,D,2025-06-22,Hindi,Telugu,Aadhya Rao,Vishal Rao,9587748131,8648478017,charan.rao61411@parentmail.com,Little Flower School,"920, Kukatpally, Hyderabad",Private Van,Route-08,AB-,Active,2026-08-30 17:46:25
61412,ADM61412,Sanjay,Chowdary,B,Male,2020-04-27,1,1,E,2026-07-11,Hindi,Telugu,Priya Chowdary,Sai Chowdary,9554121814,8339183599,sanjay.chowdary61412@parentmail.com,No Previous School,"215, Ameerpet, Hyderabad",School Bus,Route-07,AB+,Active,2026-08-31 07:38:55
61413,ADM61413,Rahul,Yadav,J,Male,2012-02-21,9,4,B,2021-05-15,Telugu,Hindi,Bhavya Yadav,Varun Yadav,9699423965,8518611342,rahul.yadav61413@parentmail.com,Sri Chaitanya School,"430, Ameerpet, Hyderabad",Parent Drop,,A-,Active,2026-08-11 18:23:33
61414,ADM61414,Rohan,Shetty,S,Male,2011-12-07,10,5,D,2021-05-16,Hindi,Telugu,Bhavya Shetty,Rahul Shetty,9764065176,8490973828,rohan.shetty61414@parentmail.com,Oxford Public School,"139, Uppal, Hyderabad",Parent Drop,,A+,Active,2026-09-08 19:23:50
61415,ADM61415,Manish,Iyer,P,Male,2018-03-01,3,1,A,2024-04-20,Telugu,Hindi,Aadhya Iyer,Sanjay Iyer,9491091509,8284432155,manish.iyer61415@parentmail.com,No Previous School,"356, Miyapur, Hyderabad",Parent Drop,,B-,Inactive,2026-08-11 16:32:50
61416,ADM61416,Ishita,Rao,D,Female,2020-04-08,1,1,A,2026-05-15,Hindi,Telugu,Aadhya Rao,Rohan Rao,9277179655,8403204097,ishita.rao61416@parentmail.com,No Previous School,"239, Manikonda, Hyderabad",Parent Drop,,O+,Active,2026-08-22 14:41:58
61417,ADM61417,Meghana,Joshi,S,Female,2020-01-26,1,1,C,2026-05-09,Hindi,Telugu,Bhavya Joshi,Aditya Joshi,9978687524,8107893482,meghana.joshi61417@parentmail.com,No Previous School,"616, Nizampet, Hyderabad",School Bus,Route-01,B-,Active,2026-08-27 19:32:56
61418,ADM61418,Neha,Iyer,D,Female,2017-04-15,4,1,C,2023-07-22,Telugu,Hindi,Bhavya Iyer,Sai Iyer,9570740557,8622035988,neha.iyer61418@parentmail.com,No Previous School,"332, Dilsukhnagar, Hyderabad",Private Van,Route-04,O+,Active,2026-09-14 10:06:13
61419,ADM61419,Manish,Singh,L,Male,2014-08-01,7,1,E,2020-05-17,Hindi,Telugu,Kavya Singh,Rahul Singh,9776476401,8624327044,manish.singh61419@parentmail.com,No Previous School,"727, Dilsukhnagar, Hyderabad",Public Transport,,AB-,Active,2026-08-19 12:16:20
61420,ADM61420,Keerthi,Mishra,N,Female,2018-12-12,3,3,A,2026-05-04,Telugu,Hindi,Kavya Mishra,Pranav Mishra,9968397392,8405913584,keerthi.mishra61420@parentmail.com,Sri Chaitanya School,"592, Miyapur, Hyderabad",Walk,,B+,Active,2026-08-03 08:51:32
61421,ADM61421,Meghana,Iyer,L,Female,2019-06-05,2,1,D,2025-04-12,Hindi,Telugu,Ananya Iyer,Surya Iyer,9956681428,8677411621,meghana.iyer61421@parentmail.com,No Previous School,"70, Ameerpet, Hyderabad",Public Transport,,AB+,Active,2026-09-07 09:24:08
61422,ADM61422,Akash,Sharma,D,Male,2020-09-24,1,1,E,2026-04-28,Telugu,Hindi,Ananya Sharma,Krishna Sharma,9592683138,8787679544,akash.sharma61422@parentmail.com,No Previous School,"78, Uppal, Hyderabad",School Bus,Route-03,O-,Active,2026-08-14 14:32:25
61423,ADM61423,Sai,Singh,T,Male,2011-10-24,10,1,D,2017-05-23,Telugu,Hindi,Harini Singh,Pranav Singh,9602163564,8762940600,sai.singh61423@parentmail.com,No Previous School,"930, Manikonda, Hyderabad",Private Van,Route-03,B+,Active,2026-08-12 17:38:58
61424,ADM61424,Pooja,Mishra,T,Female,2017-02-06,4,4,C,2026-07-11,Telugu,Hindi,Ananya Mishra,Harsha Mishra,9885756037,8572206673,pooja.mishra61424@parentmail.com,Sunrise Model School,"705, Miyapur, Hyderabad",School Bus,Route-05,A-,Active,2026-09-05 18:25:17
61425,ADM61425,Manish,Rao,X,Male,2013-09-10,8,4,C,2022-05-19,Hindi,Telugu,Aishwarya Rao,Varun Rao,9712642312,8991634791,manish.rao61425@parentmail.com,Sri Vidya High School,"615, Miyapur, Hyderabad",School Bus,Route-01,AB-,Transferred,2026-09-02 19:48:59
61426,ADM61426,Aarav,Rao,M,Male,2020-06-17,1,1,E,2026-04-18,Telugu,Hindi,Harini Rao,Rohan Rao,9601110361,8138902225,aarav.rao61426@parentmail.com,No Previous School,"809, Madhapur, Hyderabad",Public Transport,,AB-,Active,2026-09-05 11:37:25
61427,ADM61427,Manish,Yadav,S,Male,2018-10-25,3,1,C,2024-06-05,Hindi,Telugu,Deepika Yadav,Vishal Yadav,9621617692,8295967459,manish.yadav61427@parentmail.com,No Previous School,"647, Kondapur, Hyderabad",School Bus,Route-04,A+,Active,2026-08-25 11:59:05
61428,ADM61428,Aadhya,Patel,S,Female,2014-12-07,7,1,B,2020-06-25,Hindi,Telugu,Ishita Patel,Tarun Patel,9368211058,8519073349,aadhya.patel61428@parentmail.com,No Previous School,"144, Ameerpet, Hyderabad",Parent Drop,,B-,Active,2026-09-08 10:24:16
61429,ADM61429,Vaishnavi,Naidu,N,Female,2019-05-25,2,1,E,2025-04-28,Hindi,Telugu,Bhavya Naidu,Tarun Naidu,9115820867,8589832852,vaishnavi.naidu61429@parentmail.com,No Previous School,"362, Miyapur, Hyderabad",Private Van,Route-07,O+,Active,2026-08-24 16:41:23
61430,ADM61430,Aditya,Shetty,W,Male,2011-09-27,10,5,A,2021-05-22,Telugu,Hindi,Meghana Shetty,Aarav Shetty,9756461041,8594141909,aditya.shetty61430@parentmail.com,New Horizon School,"665, Uppal, Hyderabad",Parent Drop,,O-,Active,2026-08-23 16:47:26
61431,ADM61431,Tarun,Das,Y,Male,2020-10-24,1,1,E,2026-05-28,Telugu,Hindi,Ananya Das,Manish Das,9229658547,8920512363,tarun.das61431@parentmail.com,No Previous School,"351, Kondapur, Hyderabad",Walk,,A+,Active,2026-09-06 14:08:15
61432,ADM61432,Deepika,Verma,Q,Female,2016-05-18,5,4,E,2025-07-16,Hindi,Telugu,Bhavya Verma,Aditya Verma,9577638670,8748105474,deepika.verma61432@parentmail.com,St. Mary's School,"349, Miyapur, Hyderabad",Public Transport,,AB-,Transferred,2026-08-23 15:25:37
61433,ADM61433,Sahithi,Joshi,B,Female,2015-01-18,6,5,E,2025-07-07,Telugu,Hindi,Harini Joshi,Aarav Joshi,9974340065,8643746271,sahithi.joshi61433@parentmail.com,No Previous School,"263, Uppal, Hyderabad",School Bus,Route-08,O+,Active,2026-09-13 18:26:59
61434,ADM61434,Vijay,Iyer,Y,Male,2017-08-20,4,1,D,2023-06-06,Telugu,Hindi,Vaishnavi Iyer,Harsha Iyer,9953985352,8396068117,vijay.iyer61434@parentmail.com,No Previous School,"803, Uppal, Hyderabad",Parent Drop,,AB-,Active,2026-09-07 12:38:13
61435,ADM61435,Vaishnavi,Gupta,E,Female,2016-05-08,5,1,D,2022-06-24,Telugu,Hindi,Priya Gupta,Aditya Gupta,9600266746,8572024747,vaishnavi.gupta61435@parentmail.com,No Previous School,"855, Dilsukhnagar, Hyderabad",Private Van,Route-10,AB-,Active,2026-08-22 13:41:00
61436,ADM61436,Varun,Verma,X,Male,2016-07-26,5,1,D,2022-06-05,Hindi,Telugu,Meghana Verma,Karthik Verma,9835398657,8713249328,varun.verma61436@parentmail.com,No Previous School,"555, Madhapur, Hyderabad",Walk,,AB+,Active,2026-08-09 19:39:50
61437,ADM61437,Ishita,Goud,F,Female,2013-06-12,8,3,D,2021-06-28,Hindi,Telugu,Nandini Goud,Vijay Goud,9899145086,8712766857,ishita.goud61437@parentmail.com,New Horizon School,"865, Manikonda, Hyderabad",Private Van,Route-06,AB+,Active,2026-09-04 11:22:15
61438,ADM61438,Arjun,Yadav,C,Male,2012-08-25,9,3,C,2020-04-05,Hindi,Telugu,Harini Yadav,Rohan Yadav,9973265971,8319006218,arjun.yadav61438@parentmail.com,Narayana School,"103, Dilsukhnagar, Hyderabad",Public Transport,,O+,Active,2026-09-14 08:41:03
61439,ADM61439,Deepika,Goud,Y,Female,2014-08-26,7,3,C,2022-05-05,Telugu,Hindi,Sahithi Goud,Vijay Goud,9934343366,8252033915,deepika.goud61439@parentmail.com,Oxford Public School,"300, Nizampet, Hyderabad",Parent Drop,,A-,Active,2026-09-13 08:04:25
61440,ADM61440,Vaishnavi,Iyer,D,Female,2015-05-02,6,6,A,2026-07-17,Hindi,Telugu,Deepika Iyer,Sanjay Iyer,9415034585,8510140015,vaishnavi.iyer61440@parentmail.com,Brilliant Grammar School,"750, Uppal, Hyderabad",School Bus,Route-05,AB-,Active,2026-08-18 16:04:39
61441,ADM61441,Aadhya,Kulkarni,H,Female,2020-04-04,1,1,D,2026-04-11,Hindi,Telugu,Meghana Kulkarni,Krishna Kulkarni,9635454551,8701529451,aadhya.kulkarni61441@parentmail.com,No Previous School,"105, Bachupally, Hyderabad",Bicycle,,AB+,Active,2026-09-13 20:13:23
61442,ADM61442,Keerthi,Rao,T,Female,2014-05-23,7,1,C,2020-06-12,Hindi,Telugu,Pooja Rao,Akash Rao,9478884963,8330799288,keerthi.rao61442@parentmail.com,No Previous School,"277, Kondapur, Hyderabad",Public Transport,,AB+,Active,2026-09-13 20:00:37
61443,ADM61443,Deepika,Kulkarni,P,Female,2013-09-13,8,6,D,2024-06-20,Telugu,Hindi,Neha Kulkarni,Pranav Kulkarni,9159656196,8488345926,deepika.kulkarni61443@parentmail.com,Little Flower School,"528, Kukatpally, Hyderabad",School Bus,Route-06,A-,Active,2026-08-30 19:46:59
61444,ADM61444,Vaishnavi,Joshi,S,Female,2016-11-04,5,4,B,2025-05-12,Telugu,Hindi,Kavya Joshi,Krishna Joshi,9375945852,8511882706,vaishnavi.joshi61444@parentmail.com,Vikas High School,"151, Bachupally, Hyderabad",School Bus,Route-05,A-,Active,2026-08-08 08:22:16
61445,ADM61445,Harsha,Sharma,I,Male,2017-12-14,4,3,A,2025-04-26,Hindi,Telugu,Vaishnavi Sharma,Sai Sharma,9313697199,8641896546,harsha.sharma61445@parentmail.com,Sunrise Model School,"286, LB Nagar, Hyderabad",Parent Drop,,AB-,Active,2026-08-12 11:35:30
61446,ADM61446,Rahul,Mishra,X,Male,2014-11-15,7,1,D,2020-05-12,Telugu,Hindi,Aadhya Mishra,Krishna Mishra,9198317704,8637110786,rahul.mishra61446@parentmail.com,No Previous School,"876, LB Nagar, Hyderabad",Walk,,A+,Active,2026-08-09 12:28:40
61447,ADM61447,Tarun,Shetty,B,Male,2014-01-12,7,3,D,2022-07-13,Hindi,Telugu,Divya Shetty,Nikhil Shetty,9888940166,8766572361,tarun.shetty61447@parentmail.com,Sunrise Model School,"753, Nizampet, Hyderabad",Parent Drop,,A-,Active,2026-08-16 09:40:44
61448,ADM61448,Aishwarya,Goud,R,Female,2013-02-19,8,7,A,2025-07-21,Hindi,Telugu,Swathi Goud,Akash Goud,9266496093,8837176117,aishwarya.goud61448@parentmail.com,Sri Chaitanya School,"546, Ameerpet, Hyderabad",School Bus,Route-05,O+,Active,2026-09-10 08:58:09
61449,ADM61449,Sneha,Menon,W,Female,2015-11-16,6,1,B,2021-06-23,Telugu,Hindi,Vaishnavi Menon,Varun Menon,9799862208,8116038309,sneha.menon61449@parentmail.com,No Previous School,"481, Secunderabad, Hyderabad",School Bus,Route-05,B+,Active,2026-09-06 09:30:20
61450,ADM61450,Deepika,Verma,Q,Female,2013-12-15,8,5,A,2023-07-14,Hindi,Telugu,Vaishnavi Verma,Surya Verma,9213503995,8470305207,deepika.verma61450@parentmail.com,Brilliant Grammar School,"734, Bachupally, Hyderabad",School Bus,Route-01,A-,Active,2026-08-16 20:42:12
61451,ADM61451,Rohan,Patel,O,Male,2019-04-27,2,1,B,2025-07-22,Telugu,Hindi,Lakshmi Patel,Vijay Patel,9716276141,8358178870,rohan.patel61451@parentmail.com,No Previous School,"832, Miyapur, Hyderabad",Public Transport,,AB-,Active,2026-09-09 08:25:30
61452,ADM61452,Vaishnavi,Das,K,Female,2016-03-04,5,2,C,2023-07-21,Hindi,Telugu,Ishita Das,Aditya Das,9579182945,8379125291,vaishnavi.das61452@parentmail.com,Little Flower School,"379, Dilsukhnagar, Hyderabad",Parent Drop,,A+,Active,2026-09-10 18:01:09
61453,ADM61453,Bhavya,Shetty,P,Female,2019-03-10,2,2,C,2026-06-11,Hindi,Telugu,Lakshmi Shetty,Vishal Shetty,9219950352,8169663713,bhavya.shetty61453@parentmail.com,Sri Chaitanya School,"653, Kukatpally, Hyderabad",Private Van,Route-06,B+,Active,2026-08-26 10:32:00
61454,ADM61454,Sahithi,Goud,Q,Female,2012-07-07,9,7,A,2024-05-03,Hindi,Telugu,Ishita Goud,Nikhil Goud,9630377544,8324379558,sahithi.goud61454@parentmail.com,Oxford Public School,"968, Manikonda, Hyderabad",School Bus,Route-10,A+,Active,2026-09-13 08:10:19
61455,ADM61455,Tarun,Shetty,Q,Male,2015-09-05,6,1,B,2021-04-25,Hindi,Telugu,Aadhya Shetty,Manish Shetty,9533271877,8517706987,tarun.shetty61455@parentmail.com,No Previous School,"945, Bachupally, Hyderabad",Walk,,A+,Active,2026-08-19 14:32:40
61456,ADM61456,Pranav,Nair,A,Male,2018-08-21,3,2,C,2025-06-25,Telugu,Hindi,Priya Nair,Aditya Nair,9267365084,8434807508,pranav.nair61456@parentmail.com,No Previous School,"243, Secunderabad, Hyderabad",School Bus,Route-05,O-,Active,2026-08-12 17:03:50
61457,ADM61457,Deepika,Verma,C,Female,2019-04-06,2,1,E,2025-05-02,Hindi,Telugu,Nandini Verma,Akash Verma,9225681211,8612420784,deepika.verma61457@parentmail.com,No Previous School,"392, Kukatpally, Hyderabad",Private Van,Route-10,B+,Active,2026-08-25 07:40:45
61458,ADM61458,Rahul,Chowdary,Z,Male,2012-12-04,9,5,D,2022-06-12,Hindi,Telugu,Sahithi Chowdary,Sai Chowdary,9161570126,8180489156,rahul.chowdary61458@parentmail.com,Vikas High School,"2, Uppal, Hyderabad",School Bus,Route-08,B+,Active,2026-08-06 17:28:26
61459,ADM61459,Meghana,Sharma,A,Female,2011-08-22,10,8,E,2024-05-21,Hindi,Telugu,Deepika Sharma,Karthik Sharma,9515437579,8840639034,meghana.sharma61459@parentmail.com,Narayana School,"696, Madhapur, Hyderabad",School Bus,Route-05,O-,Active,2026-08-21 17:59:59
61460,ADM61460,Varun,Naidu,L,Male,2019-09-25,2,1,E,2025-04-03,Hindi,Telugu,Swathi Naidu,Vishal Naidu,9499641846,8695409591,varun.naidu61460@parentmail.com,No Previous School,"653, Kondapur, Hyderabad",Parent Drop,,A+,Active,2026-08-09 15:55:48
61461,ADM61461,Rohan,Rao,V,Male,2017-02-18,4,1,E,2023-05-03,Telugu,Hindi,Deepika Rao,Aditya Rao,9492851039,8327543962,rohan.rao61461@parentmail.com,No Previous School,"185, Bachupally, Hyderabad",School Bus,Route-03,A-,Transferred,2026-09-02 11:13:21
61462,ADM61462,Vijay,Chowdary,E,Male,2019-11-15,2,2,D,2026-07-13,Hindi,Telugu,Aadhya Chowdary,Akash Chowdary,9426987688,8323863384,vijay.chowdary61462@parentmail.com,Sunrise Model School,"573, Ameerpet, Hyderabad",School Bus,Route-04,AB+,Active,2026-08-25 12:24:56
61463,ADM61463,Aditya,Kumar,E,Male,2020-10-07,1,1,D,2026-07-25,Hindi,Telugu,Bhavya Kumar,Surya Kumar,9979570153,8954879826,aditya.kumar61463@parentmail.com,No Previous School,"562, Manikonda, Hyderabad",School Bus,Route-05,AB-,Inactive,2026-08-04 11:15:03
61464,ADM61464,Priya,Yadav,L,Female,2015-07-15,6,5,C,2025-05-07,Hindi,Telugu,Sahithi Yadav,Surya Yadav,9174595133,8592197561,priya.yadav61464@parentmail.com,Little Flower School,"679, Kondapur, Hyderabad",School Bus,Route-02,O-,Active,2026-08-11 15:51:55
61465,ADM61465,Sahithi,Iyer,S,Female,2012-06-13,9,1,A,2018-05-21,Hindi,Telugu,Harini Iyer,Manish Iyer,9398469141,8630185931,sahithi.iyer61465@parentmail.com,No Previous School,"589, Madhapur, Hyderabad",School Bus,Route-10,A-,Active,2026-08-02 17:55:48
61466,ADM61466,Nikhil,Nair,T,Male,2017-07-10,4,2,E,2024-04-01,Telugu,Hindi,Priya Nair,Surya Nair,9210959002,8498228447,nikhil.nair61466@parentmail.com,Brilliant Grammar School,"155, Kukatpally, Hyderabad",School Bus,Route-03,A-,Active,2026-08-12 10:10:02
61467,ADM61467,Lakshmi,Kulkarni,G,Female,2018-08-05,3,3,C,2026-04-14,Hindi,Telugu,Pooja Kulkarni,Akash Kulkarni,9692333078,8390855650,lakshmi.kulkarni61467@parentmail.com,Vikas High School,"367, Uppal, Hyderabad",School Bus,Route-07,O+,Active,2026-08-28 13:31:21
61468,ADM61468,Sanjay,Joshi,Q,Male,2018-06-22,3,1,D,2024-04-07,Hindi,Telugu,Aishwarya Joshi,Nikhil Joshi,9195339118,8258140811,sanjay.joshi61468@parentmail.com,No Previous School,"757, Uppal, Hyderabad",Private Van,Route-09,A-,Active,2026-08-04 07:45:35
61469,ADM61469,Arjun,Nair,K,Male,2012-04-05,9,1,D,2018-05-09,Hindi,Telugu,Sneha Nair,Akash Nair,9393967875,8696559340,arjun.nair61469@parentmail.com,No Previous School,"980, Bachupally, Hyderabad",School Bus,Route-01,A+,Active,2026-08-07 08:20:00
61470,ADM61470,Ishita,Goud,C,Female,2020-12-21,1,1,A,2026-06-20,Hindi,Telugu,Vaishnavi Goud,Nikhil Goud,9965332458,8571588888,ishita.goud61470@parentmail.com,No Previous School,"740, Kondapur, Hyderabad",School Bus,Route-03,O-,Active,2026-08-03 20:38:59
61471,ADM61471,Ananya,Verma,X,Female,2013-02-19,8,7,A,2025-04-20,Hindi,Telugu,Sahithi Verma,Arjun Verma,9404474602,8956768360,ananya.verma61471@parentmail.com,Little Flower School,"635, Nizampet, Hyderabad",School Bus,Route-10,A+,Active,2026-08-17 15:40:51
61472,ADM61472,Manish,Nair,E,Male,2020-04-20,1,1,D,2026-04-17,Hindi,Telugu,Swathi Nair,Harsha Nair,9596235365,8168369633,manish.nair61472@parentmail.com,No Previous School,"248, Ameerpet, Hyderabad",School Bus,Route-01,AB+,Active,2026-08-07 10:57:32
61473,ADM61473,Lakshmi,Patel,N,Female,2016-02-17,5,1,B,2022-04-25,Telugu,Hindi,Pooja Patel,Vijay Patel,9851417253,8320657792,lakshmi.patel61473@parentmail.com,No Previous School,"654, Ameerpet, Hyderabad",School Bus,Route-10,B+,Active,2026-08-23 19:40:55
61474,ADM61474,Vijay,Das,M,Male,2018-04-25,3,1,C,2024-07-05,Hindi,Telugu,Keerthi Das,Pranav Das,9405496507,8278642599,vijay.das61474@parentmail.com,No Previous School,"744, Dilsukhnagar, Hyderabad",Private Van,Route-03,AB-,Active,2026-08-05 15:16:55
61475,ADM61475,Vishal,Singh,J,Male,2011-05-13,10,3,A,2019-07-17,Hindi,Telugu,Ishita Singh,Harsha Singh,9216475987,8907723333,vishal.singh61475@parentmail.com,Sunrise Model School,"126, Miyapur, Hyderabad",Parent Drop,,A-,Active,2026-08-21 18:59:02
61476,ADM61476,Sneha,Mishra,P,Female,2020-12-09,1,1,D,2026-04-12,Hindi,Telugu,Priya Mishra,Aditya Mishra,9129682090,8548664729,sneha.mishra61476@parentmail.com,No Previous School,"65, Manikonda, Hyderabad",Parent Drop,,O-,Active,2026-09-06 14:35:29
61477,ADM61477,Sahithi,Shetty,A,Female,2016-01-05,5,1,A,2022-04-28,Hindi,Telugu,Pooja Shetty,Vishal Shetty,9146121489,8620994994,sahithi.shetty61477@parentmail.com,No Previous School,"396, Miyapur, Hyderabad",School Bus,Route-06,AB+,Active,2026-08-06 10:01:21
61478,ADM61478,Ananya,Verma,P,Female,2016-06-01,5,3,E,2024-05-10,Hindi,Telugu,Ishita Verma,Akash Verma,9464033198,8328626600,ananya.verma61478@parentmail.com,Narayana School,"643, Miyapur, Hyderabad",Walk,,O+,Active,2026-08-05 17:25:33
61479,ADM61479,Deepika,Reddy,F,Female,2018-06-07,3,3,C,2026-05-19,Telugu,Hindi,Keerthi Reddy,Vishal Reddy,9565914665,8211901323,deepika.reddy61479@parentmail.com,Sunrise Model School,"171, Dilsukhnagar, Hyderabad",Parent Drop,,B-,Active,2026-09-08 15:50:07
61480,ADM61480,Ishita,Kulkarni,H,Female,2020-03-12,1,1,D,2026-04-13,Telugu,Hindi,Vaishnavi Kulkarni,Nikhil Kulkarni,9671000910,8125953627,ishita.kulkarni61480@parentmail.com,No Previous School,"601, Uppal, Hyderabad",Private Van,Route-10,O+,Active,2026-09-02 17:22:23
61481,ADM61481,Swathi,Patel,U,Female,2020-06-27,1,1,A,2026-07-12,Telugu,Hindi,Priya Patel,Surya Patel,9118432655,8407730203,swathi.patel61481@parentmail.com,No Previous School,"481, Nizampet, Hyderabad",Parent Drop,,O-,Active,2026-08-27 15:00:55
61482,ADM61482,Aishwarya,Verma,S,Female,2014-11-17,7,3,C,2022-07-24,Hindi,Telugu,Aadhya Verma,Vijay Verma,9352647699,8697661835,aishwarya.verma61482@parentmail.com,Vikas High School,"806, Miyapur, Hyderabad",Walk,,AB+,Active,2026-08-04 20:00:22
61483,ADM61483,Pranav,Nair,I,Male,2011-02-10,10,4,D,2020-07-13,Telugu,Hindi,Aadhya Nair,Aditya Nair,9918750242,8640383112,pranav.nair61483@parentmail.com,Little Flower School,"629, Nizampet, Hyderabad",Private Van,Route-08,B+,Inactive,2026-09-13 16:45:47
61484,ADM61484,Lakshmi,Reddy,V,Female,2019-07-16,2,2,A,2026-04-25,Telugu,Hindi,Harini Reddy,Vishal Reddy,9600234541,8994923100,lakshmi.reddy61484@parentmail.com,St. Mary's School,"221, Nizampet, Hyderabad",School Bus,Route-02,O-,Transferred,2026-09-07 19:57:08
61485,ADM61485,Priya,Naidu,W,Female,2012-04-19,9,5,B,2022-04-08,Telugu,Hindi,Ishita Naidu,Karthik Naidu,9909254192,8601604737,priya.naidu61485@parentmail.com,Oxford Public School,"134, Miyapur, Hyderabad",Bicycle,,O-,Transferred,2026-08-17 12:48:00
61486,ADM61486,Bhavya,Gupta,U,Female,2012-01-24,9,1,A,2018-04-07,Hindi,Telugu,Swathi Gupta,Pranav Gupta,9604124811,8505973160,bhavya.gupta61486@parentmail.com,No Previous School,"73, Bachupally, Hyderabad",Public Transport,,AB+,Active,2026-08-11 16:21:36
61487,ADM61487,Vijay,Verma,O,Male,2014-01-11,7,1,D,2020-04-10,Telugu,Hindi,Deepika Verma,Harsha Verma,9943000241,8970053317,vijay.verma61487@parentmail.com,No Previous School,"451, LB Nagar, Hyderabad",School Bus,Route-01,AB+,Active,2026-09-10 20:07:02
61488,ADM61488,Sanjay,Kumar,Z,Male,2017-10-12,4,3,D,2025-07-26,Hindi,Telugu,Sahithi Kumar,Nikhil Kumar,9875325435,8179090087,sanjay.kumar61488@parentmail.com,No Previous School,"602, Miyapur, Hyderabad",Walk,,B+,Active,2026-08-24 16:08:49
61489,ADM61489,Divya,Gupta,E,Female,2013-02-04,8,5,D,2023-04-17,Telugu,Hindi,Priya Gupta,Rahul Gupta,9760680838,8224856946,divya.gupta61489@parentmail.com,No Previous School,"770, Manikonda, Hyderabad",School Bus,Route-09,O-,Active,2026-08-30 20:18:10
61490,ADM61490,Karthik,Reddy,U,Male,2016-01-04,5,1,A,2022-05-17,Telugu,Hindi,Ananya Reddy,Aarav Reddy,9335236270,8447063079,karthik.reddy61490@parentmail.com,No Previous School,"907, LB Nagar, Hyderabad",Parent Drop,,A-,Active,2026-09-09 13:21:27
61491,ADM61491,Akash,Yadav,V,Male,2018-12-04,3,1,C,2024-07-12,Hindi,Telugu,Priya Yadav,Rohan Yadav,9583215822,8367028265,akash.yadav61491@parentmail.com,No Previous School,"690, Dilsukhnagar, Hyderabad",Parent Drop,,AB-,Active,2026-08-25 15:52:21
61492,ADM61492,Divya,Verma,M,Female,2012-11-13,9,2,D,2019-07-16,Telugu,Hindi,Nandini Verma,Vijay Verma,9262303857,8363348558,divya.verma61492@parentmail.com,Oxford Public School,"136, Dilsukhnagar, Hyderabad",Parent Drop,,B+,Active,2026-09-09 11:47:56
61493,ADM61493,Harini,Menon,G,Female,2017-02-19,4,1,D,2023-05-13,Hindi,Telugu,Neha Menon,Sanjay Menon,9949342409,8339728103,harini.menon61493@parentmail.com,No Previous School,"467, Kukatpally, Hyderabad",School Bus,Route-07,O+,Active,2026-09-12 08:45:25
61494,ADM61494,Manish,Patel,F,Male,2020-08-02,1,1,B,2026-06-19,Telugu,Hindi,Meghana Patel,Charan Patel,9623011614,8432206396,manish.patel61494@parentmail.com,No Previous School,"109, Uppal, Hyderabad",School Bus,Route-02,A-,Active,2026-09-06 08:38:24
61495,ADM61495,Varun,Goud,L,Male,2012-10-19,9,1,C,2018-04-05,Telugu,Hindi,Harini Goud,Rahul Goud,9215810748,8664262565,varun.goud61495@parentmail.com,No Previous School,"534, Madhapur, Hyderabad",Parent Drop,,O-,Active,2026-09-02 18:06:19
61496,ADM61496,Aarav,Verma,E,Male,2012-09-21,9,1,B,2018-05-26,Hindi,Telugu,Neha Verma,Rahul Verma,9765766737,8460823152,aarav.verma61496@parentmail.com,No Previous School,"376, Manikonda, Hyderabad",Public Transport,,B-,Inactive,2026-09-03 08:19:58
61497,ADM61497,Rohan,Chowdary,W,Male,2014-03-18,7,4,E,2023-06-01,Telugu,Hindi,Aishwarya Chowdary,Akash Chowdary,9131835793,8512680484,rohan.chowdary61497@parentmail.com,Sunrise Model School,"980, Uppal, Hyderabad",Walk,,B-,Active,2026-08-21 16:18:10
61498,ADM61498,Vijay,Chowdary,I,Male,2020-12-26,1,1,E,2026-07-25,Telugu,Hindi,Vaishnavi Chowdary,Tarun Chowdary,9620693914,8739793924,vijay.chowdary61498@parentmail.com,No Previous School,"440, LB Nagar, Hyderabad",Private Van,Route-07,B+,Active,2026-08-27 11:50:44
61499,ADM61499,Pranav,Singh,K,Male,2019-05-06,2,1,D,2025-06-04,Hindi,Telugu,Ishita Singh,Rohan Singh,9359008251,8541545698,pranav.singh61499@parentmail.com,No Previous School,"594, Madhapur, Hyderabad",School Bus,Route-08,B-,Active,2026-08-30 20:19:01
61500,ADM61500,Surya,Mishra,C,Male,2011-04-22,10,10,A,2026-04-15,Hindi,Telugu,Pooja Mishra,Pranav Mishra,9878068691,8832902434,surya.mishra61500@parentmail.com,St. Mary's School,"543, Ameerpet, Hyderabad",School Bus,Route-06,AB+,Active,2026-08-13 13:49:05
61501,ADM61501,Aarav,Nair,M,Male,2016-05-15,5,2,E,2023-06-20,Telugu,Hindi,Swathi Nair,Rohan Nair,9404121414,8900203022,aarav.nair61501@parentmail.com,St. Mary's School,"165, Uppal, Hyderabad",School Bus,Route-01,O-,Active,2026-08-02 11:29:03
61502,ADM61502,Harini,Kulkarni,H,Female,2011-02-01,10,7,A,2023-05-06,Telugu,Hindi,Pooja Kulkarni,Aarav Kulkarni,9442381282,8849193976,harini.kulkarni61502@parentmail.com,Narayana School,"319, Secunderabad, Hyderabad",Parent Drop,,B-,Active,2026-09-01 10:27:18
61503,ADM61503,Varun,Goud,B,Male,2019-07-12,2,1,B,2025-04-04,Telugu,Hindi,Neha Goud,Vijay Goud,9307448799,8392663215,varun.goud61503@parentmail.com,No Previous School,"140, Bachupally, Hyderabad",Walk,,O-,Active,2026-09-12 19:19:00
61504,ADM61504,Nikhil,Iyer,H,Male,2020-05-27,1,1,B,2026-06-13,Telugu,Hindi,Bhavya Iyer,Pranav Iyer,9102786335,8496907114,nikhil.iyer61504@parentmail.com,No Previous School,"702, Bachupally, Hyderabad",School Bus,Route-01,AB-,Active,2026-08-11 11:55:20
61505,ADM61505,Pooja,Kulkarni,R,Female,2019-01-17,2,2,C,2026-07-13,Hindi,Telugu,Ananya Kulkarni,Aditya Kulkarni,9854225255,8768801963,pooja.kulkarni61505@parentmail.com,No Previous School,"709, Ameerpet, Hyderabad",Private Van,Route-06,B-,Transferred,2026-08-30 10:39:57
61506,ADM61506,Surya,Chowdary,K,Male,2017-06-21,4,1,E,2023-05-02,Hindi,Telugu,Aishwarya Chowdary,Sanjay Chowdary,9397904934,8605378704,surya.chowdary61506@parentmail.com,No Previous School,"662, LB Nagar, Hyderabad",Bicycle,,B-,Active,2026-08-20 11:13:30
61507,ADM61507,Keerthi,Sharma,V,Female,2017-04-12,4,3,B,2025-06-18,Telugu,Hindi,Priya Sharma,Pranav Sharma,9867281852,8932509121,keerthi.sharma61507@parentmail.com,New Horizon School,"110, Nizampet, Hyderabad",School Bus,Route-04,O+,Active,2026-09-02 19:34:45
61508,ADM61508,Aishwarya,Gupta,Y,Female,2013-11-27,8,3,C,2021-06-12,Telugu,Hindi,Nandini Gupta,Vishal Gupta,9251913153,8580179910,aishwarya.gupta61508@parentmail.com,Sri Chaitanya School,"972, Manikonda, Hyderabad",School Bus,Route-01,O-,Active,2026-08-20 16:08:50
61509,ADM61509,Aditya,Kumar,E,Male,2020-08-18,1,1,E,2026-06-19,Hindi,Telugu,Lakshmi Kumar,Sai Kumar,9176606036,8594397472,aditya.kumar61509@parentmail.com,No Previous School,"591, Secunderabad, Hyderabad",School Bus,Route-01,AB+,Active,2026-08-15 07:54:36
61510,ADM61510,Priya,Sharma,S,Female,2013-03-24,8,2,A,2020-04-16,Telugu,Hindi,Divya Sharma,Nikhil Sharma,9921169319,8788448838,priya.sharma61510@parentmail.com,Oxford Public School,"357, Manikonda, Hyderabad",School Bus,Route-03,AB+,Active,2026-09-02 07:59:01
61511,ADM61511,Priya,Yadav,V,Female,2011-06-12,10,3,C,2019-07-19,Telugu,Hindi,Aadhya Yadav,Surya Yadav,9122475353,8459711163,priya.yadav61511@parentmail.com,Green Valley School,"201, Kondapur, Hyderabad",Walk,,B+,Active,2026-09-03 18:52:04
61512,ADM61512,Deepika,Mishra,W,Female,2014-10-16,7,4,A,2023-04-12,Hindi,Telugu,Kavya Mishra,Arjun Mishra,9585756498,8677078707,deepika.mishra61512@parentmail.com,Brilliant Grammar School,"340, Secunderabad, Hyderabad",School Bus,Route-09,A+,Active,2026-08-07 09:37:29
61513,ADM61513,Vishal,Gupta,K,Male,2018-04-06,3,1,A,2024-07-18,Telugu,Hindi,Lakshmi Gupta,Akash Gupta,9292297244,8831725194,vishal.gupta61513@parentmail.com,No Previous School,"509, Bachupally, Hyderabad",Private Van,Route-07,A-,Active,2026-08-05 18:24:26
61514,ADM61514,Sai,Menon,W,Male,2013-07-20,8,7,D,2025-04-27,Telugu,Hindi,Sneha Menon,Charan Menon,9961162385,8821623916,sai.menon61514@parentmail.com,Brilliant Grammar School,"898, LB Nagar, Hyderabad",Parent Drop,,O+,Active,2026-08-04 14:15:24
61515,ADM61515,Aishwarya,Gupta,U,Female,2020-11-18,1,1,B,2026-04-01,Hindi,Telugu,Aishwarya Gupta,Nikhil Gupta,9383731008,8278144974,aishwarya.gupta61515@parentmail.com,No Previous School,"640, Bachupally, Hyderabad",Walk,,O-,Active,2026-09-03 08:34:54
61516,ADM61516,Vijay,Singh,E,Male,2018-07-03,3,2,A,2025-05-11,Telugu,Hindi,Swathi Singh,Arjun Singh,9634706394,8359385706,vijay.singh61516@parentmail.com,Narayana School,"137, Madhapur, Hyderabad",Walk,,B+,Active,2026-08-21 20:34:26
61517,ADM61517,Sneha,Kulkarni,D,Female,2016-02-02,5,4,A,2025-06-20,Telugu,Hindi,Keerthi Kulkarni,Aarav Kulkarni,9746548509,8351256322,sneha.kulkarni61517@parentmail.com,Sri Chaitanya School,"835, Kondapur, Hyderabad",Parent Drop,,B-,Active,2026-08-02 07:07:01
61518,ADM61518,Kavya,Singh,Y,Female,2013-02-18,8,1,C,2019-04-28,Telugu,Hindi,Sahithi Singh,Surya Singh,9109916596,8630039786,kavya.singh61518@parentmail.com,No Previous School,"650, Secunderabad, Hyderabad",Parent Drop,,AB+,Active,2026-08-13 20:36:57
61519,ADM61519,Tarun,Verma,U,Male,2012-01-14,9,5,A,2022-07-02,Telugu,Hindi,Sneha Verma,Arjun Verma,9199356458,8185646229,tarun.verma61519@parentmail.com,Sunrise Model School,"2, Secunderabad, Hyderabad",Walk,,AB+,Active,2026-08-03 08:15:24
61520,ADM61520,Nandini,Gupta,B,Female,2019-02-25,2,1,C,2025-06-14,Hindi,Telugu,Pooja Gupta,Vishal Gupta,9122491318,8920802977,nandini.gupta61520@parentmail.com,No Previous School,"544, Bachupally, Hyderabad",School Bus,Route-09,AB+,Active,2026-08-27 19:24:23
61521,ADM61521,Arjun,Menon,Q,Male,2014-10-05,7,6,C,2025-05-13,Telugu,Hindi,Swathi Menon,Rahul Menon,9515201249,8792634774,arjun.menon61521@parentmail.com,St. Mary's School,"426, Kukatpally, Hyderabad",Parent Drop,,AB-,Active,2026-08-25 16:50:05
61522,ADM61522,Sneha,Naidu,I,Female,2020-05-02,1,1,B,2026-07-16,Hindi,Telugu,Lakshmi Naidu,Sai Naidu,9677460986,8207313377,sneha.naidu61522@parentmail.com,No Previous School,"57, Ameerpet, Hyderabad",Private Van,Route-07,A-,Active,2026-08-19 13:04:06
61523,ADM61523,Aishwarya,Menon,T,Female,2014-09-05,7,3,C,2022-05-18,Telugu,Hindi,Harini Menon,Akash Menon,9310099509,8705208338,aishwarya.menon61523@parentmail.com,Green Valley School,"829, Ameerpet, Hyderabad",School Bus,Route-04,B+,Active,2026-08-21 20:39:56
61524,ADM61524,Priya,Nair,N,Female,2013-07-28,8,1,B,2019-06-23,Telugu,Hindi,Ishita Nair,Nikhil Nair,9547486814,8652405878,priya.nair61524@parentmail.com,No Previous School,"323, Kondapur, Hyderabad",School Bus,Route-02,AB-,Active,2026-08-24 15:41:09
61525,ADM61525,Arjun,Yadav,I,Male,2013-10-09,8,8,B,2026-05-22,Telugu,Hindi,Aadhya Yadav,Akash Yadav,9259335967,8717506693,arjun.yadav61525@parentmail.com,No Previous School,"720, Kondapur, Hyderabad",School Bus,Route-07,AB-,Active,2026-08-05 20:34:28
61526,ADM61526,Vishal,Gupta,T,Male,2014-05-05,7,4,B,2023-06-20,Telugu,Hindi,Nandini Gupta,Akash Gupta,9986905207,8464897419,vishal.gupta61526@parentmail.com,Vikas High School,"542, Miyapur, Hyderabad",Parent Drop,,B-,Active,2026-09-10 11:30:52
61527,ADM61527,Tarun,Gupta,I,Male,2016-01-10,5,1,A,2022-05-28,Hindi,Telugu,Deepika Gupta,Akash Gupta,9234163904,8420061684,tarun.gupta61527@parentmail.com,No Previous School,"80, LB Nagar, Hyderabad",Bicycle,,A-,Active,2026-08-16 14:54:17
61528,ADM61528,Akash,Sharma,V,Male,2013-02-13,8,7,D,2025-06-05,Hindi,Telugu,Priya Sharma,Sanjay Sharma,9569910307,8379744626,akash.sharma61528@parentmail.com,Little Flower School,"436, Secunderabad, Hyderabad",School Bus,Route-06,O+,Active,2026-09-06 10:03:33
61529,ADM61529,Ananya,Mishra,H,Female,2011-06-17,10,7,D,2023-05-06,Hindi,Telugu,Sneha Mishra,Vishal Mishra,9165518064,8995239899,ananya.mishra61529@parentmail.com,New Horizon School,"382, Madhapur, Hyderabad",School Bus,Route-03,O-,Active,2026-09-06 17:25:51
61530,ADM61530,Neha,Joshi,F,Female,2019-07-04,2,1,E,2025-06-20,Telugu,Hindi,Sneha Joshi,Manish Joshi,9353965460,8595695439,neha.joshi61530@parentmail.com,No Previous School,"178, Uppal, Hyderabad",Public Transport,,B-,Active,2026-09-05 09:05:33
61531,ADM61531,Vishal,Das,P,Male,2016-11-12,5,4,A,2025-06-11,Hindi,Telugu,Kavya Das,Manish Das,9575662428,8362714311,vishal.das61531@parentmail.com,Brilliant Grammar School,"84, Secunderabad, Hyderabad",Parent Drop,,O+,Active,2026-08-29 20:20:06
61532,ADM61532,Meghana,Reddy,A,Female,2014-12-19,7,2,B,2021-05-18,Telugu,Hindi,Aadhya Reddy,Harsha Reddy,9442758684,8530202280,meghana.reddy61532@parentmail.com,Sri Vidya High School,"760, LB Nagar, Hyderabad",School Bus,Route-04,O-,Active,2026-09-14 11:32:28
61533,ADM61533,Pooja,Chowdary,J,Female,2012-02-03,9,4,D,2021-04-05,Hindi,Telugu,Meghana Chowdary,Akash Chowdary,9260976340,8323851738,pooja.chowdary61533@parentmail.com,Narayana School,"774, Kondapur, Hyderabad",Parent Drop,,A+,Active,2026-08-29 19:05:33
61534,ADM61534,Meghana,Shetty,Y,Female,2017-03-06,4,1,B,2023-06-01,Hindi,Telugu,Lakshmi Shetty,Tarun Shetty,9247096173,8194248017,meghana.shetty61534@parentmail.com,No Previous School,"260, Manikonda, Hyderabad",School Bus,Route-09,A-,Active,2026-09-13 07:53:57
61535,ADM61535,Aarav,Singh,P,Male,2015-06-13,6,5,A,2025-05-08,Telugu,Hindi,Ishita Singh,Sanjay Singh,9785581713,8441196733,aarav.singh61535@parentmail.com,Vikas High School,"389, Manikonda, Hyderabad",Public Transport,,O+,Active,2026-08-08 18:46:10
61536,ADM61536,Akash,Goud,I,Male,2018-07-23,3,1,B,2024-04-07,Hindi,Telugu,Kavya Goud,Aarav Goud,9589200582,8526986924,akash.goud61536@parentmail.com,No Previous School,"887, Nizampet, Hyderabad",Private Van,Route-02,A-,Active,2026-09-08 15:12:44
61537,ADM61537,Sahithi,Reddy,Q,Female,2015-01-12,6,5,A,2025-07-14,Hindi,Telugu,Keerthi Reddy,Manish Reddy,9664404632,8160792345,sahithi.reddy61537@parentmail.com,Sri Vidya High School,"495, Kondapur, Hyderabad",School Bus,Route-05,B-,Active,2026-08-31 16:54:57
61538,ADM61538,Meghana,Naidu,R,Female,2016-01-02,5,3,E,2024-07-16,Telugu,Hindi,Pooja Naidu,Krishna Naidu,9856857996,8280890338,meghana.naidu61538@parentmail.com,Vikas High School,"940, LB Nagar, Hyderabad",Parent Drop,,A+,Active,2026-09-03 09:07:31
61539,ADM61539,Deepika,Shetty,O,Female,2012-03-14,9,2,E,2019-05-16,Telugu,Hindi,Aishwarya Shetty,Nikhil Shetty,9408574208,8204081979,deepika.shetty61539@parentmail.com,Oxford Public School,"241, Bachupally, Hyderabad",Public Transport,,AB-,Active,2026-08-13 08:27:15
61540,ADM61540,Nandini,Menon,L,Female,2014-07-17,7,5,B,2024-05-16,Hindi,Telugu,Aishwarya Menon,Akash Menon,9438941834,8445311856,nandini.menon61540@parentmail.com,Oxford Public School,"614, Miyapur, Hyderabad",Parent Drop,,A+,Active,2026-08-12 10:42:19
61541,ADM61541,Aadhya,Menon,A,Female,2018-12-05,3,1,C,2024-07-21,Telugu,Hindi,Keerthi Menon,Akash Menon,9625761558,8279164063,aadhya.menon61541@parentmail.com,No Previous School,"715, Bachupally, Hyderabad",Parent Drop,,A+,Active,2026-08-15 18:26:56
61542,ADM61542,Harsha,Naidu,M,Male,2016-11-26,5,1,B,2022-04-17,Telugu,Hindi,Nandini Naidu,Pranav Naidu,9252932265,8673643538,harsha.naidu61542@parentmail.com,No Previous School,"167, Kukatpally, Hyderabad",School Bus,Route-07,O-,Active,2026-08-28 10:22:58
61543,ADM61543,Pooja,Patel,R,Female,2019-02-07,2,1,A,2025-06-22,Telugu,Hindi,Nandini Patel,Tarun Patel,9199007211,8526064973,pooja.patel61543@parentmail.com,No Previous School,"529, Kondapur, Hyderabad",School Bus,Route-07,A+,Active,2026-08-23 18:06:00
61544,ADM61544,Meghana,Joshi,W,Female,2011-10-08,10,6,B,2022-07-03,Hindi,Telugu,Kavya Joshi,Tarun Joshi,9481751553,8765679455,meghana.joshi61544@parentmail.com,Brilliant Grammar School,"170, Manikonda, Hyderabad",School Bus,Route-04,A+,Active,2026-08-18 08:04:39
61545,ADM61545,Neha,Naidu,Y,Female,2016-11-17,5,2,A,2023-07-02,Telugu,Hindi,Lakshmi Naidu,Sai Naidu,9117951561,8621982334,neha.naidu61545@parentmail.com,No Previous School,"415, LB Nagar, Hyderabad",School Bus,Route-06,O+,Active,2026-08-29 16:10:10
61546,ADM61546,Aadhya,Chowdary,O,Female,2014-10-20,7,4,C,2023-06-12,Telugu,Hindi,Sneha Chowdary,Karthik Chowdary,9354874620,8377809065,aadhya.chowdary61546@parentmail.com,St. Mary's School,"490, Bachupally, Hyderabad",Public Transport,,A+,Active,2026-08-30 17:59:48
61547,ADM61547,Nikhil,Rao,E,Male,2018-03-03,3,3,E,2026-05-01,Telugu,Hindi,Ananya Rao,Surya Rao,9768197581,8478284995,nikhil.rao61547@parentmail.com,Green Valley School,"835, Ameerpet, Hyderabad",Public Transport,,O-,Active,2026-08-31 09:54:02
61548,ADM61548,Charan,Gupta,M,Male,2018-12-19,3,1,B,2024-05-15,Telugu,Hindi,Aishwarya Gupta,Surya Gupta,9814600247,8548674740,charan.gupta61548@parentmail.com,No Previous School,"117, Kukatpally, Hyderabad",Private Van,Route-05,B+,Active,2026-09-06 19:42:34
61549,ADM61549,Pranav,Rao,K,Male,2015-02-19,6,5,C,2025-04-13,Hindi,Telugu,Swathi Rao,Tarun Rao,9312659276,8815151763,pranav.rao61549@parentmail.com,Brilliant Grammar School,"891, Bachupally, Hyderabad",School Bus,Route-10,A-,Active,2026-09-08 07:14:26
61550,ADM61550,Sneha,Iyer,J,Female,2018-07-11,3,1,A,2024-05-23,Telugu,Hindi,Aishwarya Iyer,Arjun Iyer,9309164932,8297783298,sneha.iyer61550@parentmail.com,No Previous School,"673, Kukatpally, Hyderabad",Public Transport,,A+,Active,2026-08-27 12:10:28
61551,ADM61551,Vishal,Kumar,U,Male,2015-08-03,6,1,A,2021-05-16,Hindi,Telugu,Bhavya Kumar,Vishal Kumar,9207511927,8306892407,vishal.kumar61551@parentmail.com,No Previous School,"101, Ameerpet, Hyderabad",Walk,,A+,Inactive,2026-08-28 07:56:45
61552,ADM61552,Harsha,Singh,B,Male,2011-07-13,10,8,D,2024-05-02,Telugu,Hindi,Nandini Singh,Akash Singh,9456179039,8267117009,harsha.singh61552@parentmail.com,St. Mary's School,"729, Bachupally, Hyderabad",Private Van,Route-02,A-,Active,2026-08-19 09:40:51
61553,ADM61553,Rahul,Chowdary,C,Male,2014-10-26,7,3,C,2022-04-01,Hindi,Telugu,Deepika Chowdary,Aditya Chowdary,9315401884,8696243915,rahul.chowdary61553@parentmail.com,St. Mary's School,"977, Uppal, Hyderabad",School Bus,Route-06,O-,Active,2026-08-17 17:51:33
61554,ADM61554,Harsha,Shetty,J,Male,2015-08-03,6,3,D,2023-07-09,Telugu,Hindi,Vaishnavi Shetty,Manish Shetty,9388606166,8420193961,harsha.shetty61554@parentmail.com,No Previous School,"200, Kondapur, Hyderabad",Parent Drop,,O+,Active,2026-09-09 18:53:01
61555,ADM61555,Nandini,Patel,A,Female,2018-05-10,3,1,E,2024-05-22,Hindi,Telugu,Sneha Patel,Rahul Patel,9567537930,8794248090,nandini.patel61555@parentmail.com,No Previous School,"899, Uppal, Hyderabad",Walk,,B+,Active,2026-08-28 17:58:06
61556,ADM61556,Sai,Naidu,N,Male,2019-03-06,2,2,B,2026-06-28,Hindi,Telugu,Nandini Naidu,Sai Naidu,9585917324,8605225871,sai.naidu61556@parentmail.com,St. Mary's School,"115, Kukatpally, Hyderabad",Public Transport,,AB+,Active,2026-08-20 11:26:09
61557,ADM61557,Harsha,Mishra,G,Male,2012-10-06,9,8,D,2025-05-16,Telugu,Hindi,Sneha Mishra,Vishal Mishra,9627799099,8689069051,harsha.mishra61557@parentmail.com,Oxford Public School,"499, Kondapur, Hyderabad",School Bus,Route-04,O-,Active,2026-09-02 18:42:44
61558,ADM61558,Keerthi,Patel,I,Female,2019-12-05,2,1,D,2025-04-08,Telugu,Hindi,Ishita Patel,Manish Patel,9273593266,8145577737,keerthi.patel61558@parentmail.com,No Previous School,"976, Kukatpally, Hyderabad",School Bus,Route-10,A-,Active,2026-08-11 17:31:06
61559,ADM61559,Sanjay,Patel,E,Male,2018-05-28,3,1,A,2024-04-03,Telugu,Hindi,Bhavya Patel,Pranav Patel,9960333184,8393788042,sanjay.patel61559@parentmail.com,No Previous School,"399, Kondapur, Hyderabad",School Bus,Route-01,A-,Active,2026-08-30 10:19:10
61560,ADM61560,Aadhya,Kulkarni,W,Female,2015-08-21,6,1,B,2021-04-27,Telugu,Hindi,Aadhya Kulkarni,Arjun Kulkarni,9482954625,8936747396,aadhya.kulkarni61560@parentmail.com,No Previous School,"640, Bachupally, Hyderabad",School Bus,Route-03,O+,Active,2026-08-18 15:26:47
61561,ADM61561,Meghana,Joshi,E,Female,2018-11-12,3,1,B,2024-04-10,Hindi,Telugu,Aadhya Joshi,Surya Joshi,9376199950,8453955233,meghana.joshi61561@parentmail.com,No Previous School,"441, Dilsukhnagar, Hyderabad",Private Van,Route-10,O-,Active,2026-08-07 09:22:47
61562,ADM61562,Ishita,Sharma,U,Female,2014-03-22,7,1,A,2020-05-18,Hindi,Telugu,Ananya Sharma,Arjun Sharma,9928842078,8496059988,ishita.sharma61562@parentmail.com,No Previous School,"542, Miyapur, Hyderabad",School Bus,Route-05,A+,Active,2026-09-14 20:13:25
61563,ADM61563,Aditya,Das,K,Male,2015-06-10,6,1,D,2021-05-04,Telugu,Hindi,Harini Das,Sai Das,9421657700,8236139304,aditya.das61563@parentmail.com,No Previous School,"751, Ameerpet, Hyderabad",Private Van,Route-01,B-,Active,2026-09-06 13:44:17
61564,ADM61564,Nikhil,Reddy,K,Male,2012-05-09,9,2,E,2019-05-20,Hindi,Telugu,Divya Reddy,Arjun Reddy,9511887658,8279746084,nikhil.reddy61564@parentmail.com,No Previous School,"75, LB Nagar, Hyderabad",Walk,,A+,Active,2026-09-11 15:48:36
61565,ADM61565,Bhavya,Sharma,J,Female,2018-05-08,3,1,B,2024-05-03,Telugu,Hindi,Bhavya Sharma,Sai Sharma,9714110749,8347970453,bhavya.sharma61565@parentmail.com,No Previous School,"244, Kondapur, Hyderabad",Public Transport,,A-,Active,2026-09-11 18:36:20
61566,ADM61566,Manish,Chowdary,C,Male,2020-11-06,1,1,B,2026-05-05,Telugu,Hindi,Swathi Chowdary,Krishna Chowdary,9841095814,8425126577,manish.chowdary61566@parentmail.com,No Previous School,"149, Dilsukhnagar, Hyderabad",School Bus,Route-05,B+,Active,2026-08-10 15:28:57
61567,ADM61567,Aarav,Mishra,P,Male,2019-09-02,2,2,E,2026-07-20,Hindi,Telugu,Aadhya Mishra,Krishna Mishra,9698115514,8222974306,aarav.mishra61567@parentmail.com,Oxford Public School,"377, Manikonda, Hyderabad",School Bus,Route-05,A+,Active,2026-08-15 13:22:47
61568,ADM61568,Nikhil,Kulkarni,W,Male,2019-01-25,2,1,B,2025-05-24,Hindi,Telugu,Meghana Kulkarni,Karthik Kulkarni,9296805811,8934758429,nikhil.kulkarni61568@parentmail.com,No Previous School,"487, Dilsukhnagar, Hyderabad",Private Van,Route-02,AB-,Active,2026-09-04 12:15:52
61569,ADM61569,Sanjay,Nair,L,Male,2013-07-19,8,7,A,2025-06-27,Hindi,Telugu,Lakshmi Nair,Rahul Nair,9539424326,8213413749,sanjay.nair61569@parentmail.com,Sunrise Model School,"830, Miyapur, Hyderabad",School Bus,Route-08,A+,Transferred,2026-08-14 19:54:33
61570,ADM61570,Sai,Nair,Q,Male,2013-11-18,8,6,B,2024-06-08,Telugu,Hindi,Harini Nair,Pranav Nair,9980244311,8872836194,sai.nair61570@parentmail.com,Sri Vidya High School,"218, Kondapur, Hyderabad",Bicycle,,O-,Transferred,2026-09-09 09:16:02
61571,ADM61571,Pranav,Shetty,Q,Male,2016-04-10,5,2,C,2023-05-23,Hindi,Telugu,Vaishnavi Shetty,Sanjay Shetty,9248144681,8350946606,pranav.shetty61571@parentmail.com,New Horizon School,"907, Dilsukhnagar, Hyderabad",School Bus,Route-02,A+,Active,2026-09-02 10:55:34
61572,ADM61572,Meghana,Patel,D,Female,2014-05-06,7,2,A,2021-05-12,Telugu,Hindi,Aadhya Patel,Manish Patel,9867247105,8340977319,meghana.patel61572@parentmail.com,St. Mary's School,"558, Uppal, Hyderabad",School Bus,Route-06,AB+,Active,2026-08-18 17:29:02
61573,ADM61573,Harsha,Iyer,E,Male,2017-04-21,4,2,E,2024-05-14,Telugu,Hindi,Vaishnavi Iyer,Sai Iyer,9604712452,8703899828,harsha.iyer61573@parentmail.com,Sri Chaitanya School,"533, LB Nagar, Hyderabad",School Bus,Route-08,A-,Inactive,2026-09-08 09:43:23
61574,ADM61574,Harsha,Rao,M,Male,2014-10-23,7,5,D,2024-04-27,Telugu,Hindi,Priya Rao,Manish Rao,9651765060,8154902396,harsha.rao61574@parentmail.com,Sri Chaitanya School,"107, Uppal, Hyderabad",Private Van,Route-03,A+,Active,2026-08-30 08:02:44
61575,ADM61575,Rahul,Kumar,V,Male,2017-08-20,4,1,E,2023-05-02,Telugu,Hindi,Sahithi Kumar,Surya Kumar,9253435811,8855065341,rahul.kumar61575@parentmail.com,No Previous School,"709, Manikonda, Hyderabad",Private Van,Route-10,O+,Active,2026-09-12 20:47:58
61576,ADM61576,Swathi,Mishra,H,Female,2018-08-20,3,1,A,2024-07-26,Telugu,Hindi,Keerthi Mishra,Vishal Mishra,9836041493,8806332525,swathi.mishra61576@parentmail.com,No Previous School,"936, Madhapur, Hyderabad",School Bus,Route-03,A-,Active,2026-09-10 13:19:12
61577,ADM61577,Sanjay,Kumar,T,Male,2015-02-08,6,3,C,2023-06-03,Hindi,Telugu,Aishwarya Kumar,Sanjay Kumar,9291649207,8963669489,sanjay.kumar61577@parentmail.com,Sri Vidya High School,"738, Secunderabad, Hyderabad",Private Van,Route-07,AB-,Active,2026-09-09 17:32:57
61578,ADM61578,Sneha,Patel,T,Female,2013-05-19,8,8,E,2026-04-15,Hindi,Telugu,Ananya Patel,Rahul Patel,9634683815,8910377490,sneha.patel61578@parentmail.com,Sri Chaitanya School,"301, Dilsukhnagar, Hyderabad",School Bus,Route-04,O-,Active,2026-08-08 18:08:01
61579,ADM61579,Surya,Singh,W,Male,2016-12-24,5,1,A,2022-04-22,Telugu,Hindi,Keerthi Singh,Rahul Singh,9503938532,8184178123,surya.singh61579@parentmail.com,No Previous School,"759, Miyapur, Hyderabad",Parent Drop,,O-,Active,2026-08-14 11:34:53
61580,ADM61580,Harsha,Joshi,Z,Male,2020-05-15,1,1,B,2026-06-13,Hindi,Telugu,Sahithi Joshi,Charan Joshi,9860272542,8847579557,harsha.joshi61580@parentmail.com,No Previous School,"454, Miyapur, Hyderabad",Parent Drop,,O+,Active,2026-09-04 11:46:39
61581,ADM61581,Bhavya,Singh,N,Female,2014-04-28,7,2,B,2021-07-11,Hindi,Telugu,Meghana Singh,Arjun Singh,9566671133,8114888676,bhavya.singh61581@parentmail.com,Narayana School,"559, Kondapur, Hyderabad",Walk,,B-,Active,2026-09-13 19:43:13
61582,ADM61582,Harini,Mishra,T,Female,2020-05-03,1,1,D,2026-06-19,Telugu,Hindi,Vaishnavi Mishra,Arjun Mishra,9791527124,8480447284,harini.mishra61582@parentmail.com,No Previous School,"449, Nizampet, Hyderabad",School Bus,Route-06,A-,Active,2026-08-05 10:19:04
61583,ADM61583,Akash,Rao,V,Male,2011-02-16,10,9,E,2025-06-23,Telugu,Hindi,Keerthi Rao,Nikhil Rao,9113565470,8271107158,akash.rao61583@parentmail.com,Sri Chaitanya School,"472, Nizampet, Hyderabad",School Bus,Route-10,B-,Active,2026-08-24 13:24:49
61584,ADM61584,Lakshmi,Kulkarni,R,Female,2013-08-22,8,1,A,2019-05-05,Telugu,Hindi,Ishita Kulkarni,Karthik Kulkarni,9690379166,8384590748,lakshmi.kulkarni61584@parentmail.com,No Previous School,"231, Miyapur, Hyderabad",Parent Drop,,O+,Active,2026-08-09 11:47:35
61585,ADM61585,Harsha,Rao,B,Male,2016-03-23,5,1,B,2022-04-26,Telugu,Hindi,Lakshmi Rao,Pranav Rao,9512134728,8441484195,harsha.rao61585@parentmail.com,No Previous School,"783, Nizampet, Hyderabad",Public Transport,,AB+,Active,2026-08-30 07:54:07
61586,ADM61586,Arjun,Reddy,I,Male,2016-08-06,5,1,A,2022-05-10,Telugu,Hindi,Harini Reddy,Sai Reddy,9578052791,8935402387,arjun.reddy61586@parentmail.com,No Previous School,"866, Madhapur, Hyderabad",Bicycle,,B-,Active,2026-08-22 20:06:17
61587,ADM61587,Vishal,Naidu,P,Male,2013-10-26,8,1,C,2019-04-20,Telugu,Hindi,Aadhya Naidu,Rahul Naidu,9109827925,8596940613,vishal.naidu61587@parentmail.com,No Previous School,"129, Manikonda, Hyderabad",Public Transport,,O+,Active,2026-09-06 13:37:00
61588,ADM61588,Priya,Nair,H,Female,2017-12-15,4,3,D,2025-07-03,Hindi,Telugu,Ananya Nair,Arjun Nair,9305303368,8880325243,priya.nair61588@parentmail.com,Brilliant Grammar School,"425, Miyapur, Hyderabad",Walk,,B-,Active,2026-08-07 11:17:31
61589,ADM61589,Priya,Iyer,M,Female,2013-03-07,8,6,C,2024-05-26,Hindi,Telugu,Priya Iyer,Harsha Iyer,9575716499,8955509352,priya.iyer61589@parentmail.com,Sri Chaitanya School,"835, Manikonda, Hyderabad",School Bus,Route-03,AB-,Active,2026-09-12 17:46:27
61590,ADM61590,Aarav,Singh,K,Male,2012-07-12,9,8,A,2025-07-21,Telugu,Hindi,Neha Singh,Rahul Singh,9786232052,8141776186,aarav.singh61590@parentmail.com,Sunrise Model School,"951, Manikonda, Hyderabad",School Bus,Route-05,A-,Active,2026-09-05 08:37:35
61591,ADM61591,Sneha,Iyer,N,Female,2016-09-09,5,1,B,2022-04-07,Telugu,Hindi,Nandini Iyer,Varun Iyer,9607763369,8848941745,sneha.iyer61591@parentmail.com,No Previous School,"343, Dilsukhnagar, Hyderabad",Public Transport,,AB-,Active,2026-08-12 07:27:02
61592,ADM61592,Karthik,Gupta,L,Male,2014-10-07,7,3,C,2022-06-25,Telugu,Hindi,Priya Gupta,Manish Gupta,9789620100,8504127619,karthik.gupta61592@parentmail.com,New Horizon School,"181, Uppal, Hyderabad",School Bus,Route-10,O-,Active,2026-09-02 12:52:30
61593,ADM61593,Aadhya,Joshi,G,Female,2020-02-18,1,1,C,2026-04-15,Hindi,Telugu,Priya Joshi,Charan Joshi,9814119582,8671337578,aadhya.joshi61593@parentmail.com,No Previous School,"99, Nizampet, Hyderabad",School Bus,Route-07,A+,Active,2026-09-07 16:41:47
61594,ADM61594,Aadhya,Kulkarni,I,Female,2020-05-23,1,1,A,2026-05-14,Hindi,Telugu,Aadhya Kulkarni,Arjun Kulkarni,9666148364,8360794817,aadhya.kulkarni61594@parentmail.com,No Previous School,"665, Secunderabad, Hyderabad",School Bus,Route-08,O+,Active,2026-08-23 18:23:57
61595,ADM61595,Sahithi,Kulkarni,O,Female,2011-06-09,10,7,E,2023-05-06,Hindi,Telugu,Pooja Kulkarni,Krishna Kulkarni,9440239326,8821107523,sahithi.kulkarni61595@parentmail.com,Narayana School,"833, Secunderabad, Hyderabad",Parent Drop,,A+,Active,2026-09-02 20:51:37
61596,ADM61596,Pooja,Reddy,P,Female,2011-07-08,10,7,D,2023-06-10,Hindi,Telugu,Harini Reddy,Vishal Reddy,9521237401,8307521704,pooja.reddy61596@parentmail.com,No Previous School,"632, Dilsukhnagar, Hyderabad",Parent Drop,,O+,Active,2026-09-14 11:25:49
61597,ADM61597,Harsha,Nair,C,Male,2014-04-08,7,5,A,2024-07-27,Hindi,Telugu,Divya Nair,Aarav Nair,9435650469,8996494595,harsha.nair61597@parentmail.com,Green Valley School,"42, Madhapur, Hyderabad",Walk,,A+,Active,2026-08-16 09:57:58
61598,ADM61598,Bhavya,Mishra,J,Female,2017-04-14,4,2,B,2024-05-24,Telugu,Hindi,Swathi Mishra,Vijay Mishra,9672905965,8488551806,bhavya.mishra61598@parentmail.com,New Horizon School,"316, Ameerpet, Hyderabad",School Bus,Route-03,AB-,Active,2026-08-16 12:17:11
61599,ADM61599,Ishita,Chowdary,X,Female,2017-06-11,4,4,B,2026-05-11,Hindi,Telugu,Swathi Chowdary,Sanjay Chowdary,9766731240,8243964658,ishita.chowdary61599@parentmail.com,Green Valley School,"76, Madhapur, Hyderabad",School Bus,Route-06,B+,Active,2026-08-21 16:56:30
61600,ADM61600,Swathi,Yadav,F,Female,2015-03-19,6,3,A,2023-07-13,Hindi,Telugu,Priya Yadav,Aditya Yadav,9744600789,8948069514,swathi.yadav61600@parentmail.com,Green Valley School,"820, Bachupally, Hyderabad",Parent Drop,,B-,Active,2026-08-07 08:00:41
61601,ADM61601,Varun,Gupta,N,Male,2014-12-07,7,1,C,2020-05-15,Hindi,Telugu,Vaishnavi Gupta,Sanjay Gupta,9483262389,8211468988,varun.gupta61601@parentmail.com,No Previous School,"9, Dilsukhnagar, Hyderabad",Public Transport,,B+,Active,2026-09-08 20:20:05
61602,ADM61602,Sai,Goud,U,Male,2019-05-10,2,1,E,2025-07-06,Hindi,Telugu,Ishita Goud,Tarun Goud,9158995505,8231506439,sai.goud61602@parentmail.com,No Previous School,"739, Kukatpally, Hyderabad",Walk,,B-,Active,2026-08-03 11:28:37
61603,ADM61603,Aadhya,Yadav,D,Female,2014-12-23,7,2,D,2021-05-27,Hindi,Telugu,Harini Yadav,Akash Yadav,9693664845,8151841653,aadhya.yadav61603@parentmail.com,Brilliant Grammar School,"6, Secunderabad, Hyderabad",Parent Drop,,O-,Active,2026-08-16 17:30:19
61604,ADM61604,Manish,Mishra,H,Male,2015-03-15,6,4,D,2024-04-28,Telugu,Hindi,Keerthi Mishra,Karthik Mishra,9260385148,8263854113,manish.mishra61604@parentmail.com,Narayana School,"633, Kukatpally, Hyderabad",School Bus,Route-03,B-,Active,2026-08-30 15:54:26
61605,ADM61605,Sai,Gupta,B,Male,2012-08-28,9,1,D,2018-04-25,Hindi,Telugu,Divya Gupta,Karthik Gupta,9713342555,8145810912,sai.gupta61605@parentmail.com,No Previous School,"366, LB Nagar, Hyderabad",Parent Drop,,B+,Active,2026-09-13 20:09:30
61606,ADM61606,Swathi,Reddy,E,Female,2015-08-19,6,4,B,2024-07-24,Telugu,Hindi,Aadhya Reddy,Rohan Reddy,9258690412,8172455779,swathi.reddy61606@parentmail.com,St. Mary's School,"838, Bachupally, Hyderabad",School Bus,Route-07,O+,Active,2026-09-07 07:14:36
61607,ADM61607,Bhavya,Iyer,N,Female,2020-06-10,1,1,C,2026-05-05,Hindi,Telugu,Ishita Iyer,Charan Iyer,9925376338,8400319939,bhavya.iyer61607@parentmail.com,No Previous School,"670, Madhapur, Hyderabad",Parent Drop,,O+,Active,2026-08-03 09:10:28
61608,ADM61608,Keerthi,Yadav,L,Female,2012-10-09,9,7,B,2024-05-21,Telugu,Hindi,Aishwarya Yadav,Rahul Yadav,9144646117,8964982505,keerthi.yadav61608@parentmail.com,Sri Vidya High School,"249, Ameerpet, Hyderabad",School Bus,Route-08,O-,Active,2026-09-01 11:32:45
61609,ADM61609,Pranav,Chowdary,Y,Male,2013-09-10,8,1,C,2019-04-22,Hindi,Telugu,Sneha Chowdary,Arjun Chowdary,9533723020,8386924943,pranav.chowdary61609@parentmail.com,No Previous School,"139, Madhapur, Hyderabad",School Bus,Route-01,AB-,Active,2026-08-26 18:16:05
61610,ADM61610,Tarun,Shetty,W,Male,2016-05-13,5,1,D,2022-06-19,Telugu,Hindi,Kavya Shetty,Vijay Shetty,9602153248,8148419981,tarun.shetty61610@parentmail.com,No Previous School,"46, Kukatpally, Hyderabad",Private Van,Route-04,O+,Active,2026-08-10 10:34:32
61611,ADM61611,Ananya,Naidu,E,Female,2014-03-15,7,1,E,2020-05-18,Telugu,Hindi,Aadhya Naidu,Varun Naidu,9441804162,8894511968,ananya.naidu61611@parentmail.com,No Previous School,"530, Madhapur, Hyderabad",Parent Drop,,O+,Active,2026-08-01 10:17:59
61612,ADM61612,Surya,Gupta,F,Male,2011-08-09,10,9,C,2025-04-07,Hindi,Telugu,Pooja Gupta,Aditya Gupta,9679797123,8412221300,surya.gupta61612@parentmail.com,Green Valley School,"650, Kukatpally, Hyderabad",Parent Drop,,A+,Active,2026-08-23 15:56:22
61613,ADM61613,Meghana,Iyer,Z,Female,2015-11-02,6,1,B,2021-04-28,Telugu,Hindi,Deepika Iyer,Pranav Iyer,9319694388,8776712251,meghana.iyer61613@parentmail.com,No Previous School,"795, Manikonda, Hyderabad",School Bus,Route-08,O+,Active,2026-08-24 08:41:33
61614,ADM61614,Pooja,Sharma,N,Female,2018-12-06,3,1,D,2024-07-28,Hindi,Telugu,Kavya Sharma,Nikhil Sharma,9194733104,8103631679,pooja.sharma61614@parentmail.com,No Previous School,"10, Madhapur, Hyderabad",Parent Drop,,AB-,Active,2026-09-01 20:07:13
61615,ADM61615,Sai,Singh,R,Male,2018-06-07,3,1,A,2024-07-22,Hindi,Telugu,Sneha Singh,Pranav Singh,9216778022,8895370639,sai.singh61615@parentmail.com,No Previous School,"138, Bachupally, Hyderabad",School Bus,Route-04,B+,Active,2026-08-15 08:07:53
61616,ADM61616,Pranav,Joshi,Q,Male,2018-06-26,3,1,E,2024-06-09,Telugu,Hindi,Divya Joshi,Vishal Joshi,9467147991,8742886715,pranav.joshi61616@parentmail.com,No Previous School,"614, Ameerpet, Hyderabad",School Bus,Route-10,A+,Active,2026-08-27 20:02:24
61617,ADM61617,Harini,Naidu,V,Female,2016-09-07,5,2,D,2023-04-17,Hindi,Telugu,Nandini Naidu,Sanjay Naidu,9473007005,8503440279,harini.naidu61617@parentmail.com,Vikas High School,"732, Dilsukhnagar, Hyderabad",Public Transport,,AB-,Active,2026-08-31 17:29:00
61618,ADM61618,Neha,Joshi,V,Female,2018-04-05,3,1,D,2024-04-18,Telugu,Hindi,Sahithi Joshi,Surya Joshi,9597782991,8833712249,neha.joshi61618@parentmail.com,No Previous School,"419, Miyapur, Hyderabad",Parent Drop,,O-,Active,2026-08-18 15:47:21
61619,ADM61619,Akash,Das,L,Male,2018-09-01,3,1,C,2024-06-23,Hindi,Telugu,Priya Das,Rohan Das,9590315402,8239166659,akash.das61619@parentmail.com,No Previous School,"545, Dilsukhnagar, Hyderabad",Private Van,Route-03,B-,Active,2026-09-11 12:27:24
61620,ADM61620,Ananya,Kulkarni,U,Female,2014-03-01,7,3,E,2022-05-06,Hindi,Telugu,Meghana Kulkarni,Vijay Kulkarni,9917634016,8306413567,ananya.kulkarni61620@parentmail.com,Sri Chaitanya School,"260, LB Nagar, Hyderabad",Public Transport,,O+,Active,2026-08-30 19:43:10
61621,ADM61621,Krishna,Menon,Z,Male,2011-01-09,10,4,D,2020-05-13,Hindi,Telugu,Ishita Menon,Aditya Menon,9450009712,8519365778,krishna.menon61621@parentmail.com,Green Valley School,"623, Madhapur, Hyderabad",Bicycle,,A+,Active,2026-08-20 07:05:10
61622,ADM61622,Sai,Mishra,G,Male,2017-09-15,4,4,D,2026-05-14,Telugu,Hindi,Bhavya Mishra,Akash Mishra,9757661987,8659044358,sai.mishra61622@parentmail.com,St. Mary's School,"649, Madhapur, Hyderabad",School Bus,Route-04,A-,Active,2026-08-28 11:59:25
61623,ADM61623,Manish,Sharma,J,Male,2015-06-01,6,1,C,2021-06-03,Telugu,Hindi,Lakshmi Sharma,Karthik Sharma,9870753696,8253112743,manish.sharma61623@parentmail.com,No Previous School,"556, Madhapur, Hyderabad",Parent Drop,,B+,Active,2026-09-04 14:01:06
61624,ADM61624,Ananya,Goud,E,Female,2012-10-07,9,9,E,2026-06-26,Hindi,Telugu,Aishwarya Goud,Rahul Goud,9190950748,8189201430,ananya.goud61624@parentmail.com,Vikas High School,"479, Ameerpet, Hyderabad",Parent Drop,,B+,Active,2026-08-27 12:58:28
61625,ADM61625,Krishna,Sharma,S,Male,2019-05-25,2,1,A,2025-04-11,Telugu,Hindi,Harini Sharma,Varun Sharma,9634016976,8384644290,krishna.sharma61625@parentmail.com,No Previous School,"563, LB Nagar, Hyderabad",Walk,,B+,Active,2026-08-20 20:00:46
61626,ADM61626,Vishal,Das,Q,Male,2020-11-08,1,1,C,2026-07-18,Hindi,Telugu,Sneha Das,Rahul Das,9478570728,8488468744,vishal.das61626@parentmail.com,No Previous School,"750, Uppal, Hyderabad",School Bus,Route-09,AB-,Active,2026-08-27 10:38:32
61627,ADM61627,Sneha,Mishra,X,Female,2011-05-02,10,4,E,2020-06-01,Hindi,Telugu,Deepika Mishra,Rohan Mishra,9787680758,8284083586,sneha.mishra61627@parentmail.com,Vikas High School,"42, Kondapur, Hyderabad",School Bus,Route-01,AB-,Active,2026-09-03 12:46:17
61628,ADM61628,Arjun,Chowdary,O,Male,2014-01-11,7,1,D,2020-04-11,Hindi,Telugu,Swathi Chowdary,Surya Chowdary,9338270975,8670791225,arjun.chowdary61628@parentmail.com,No Previous School,"705, Uppal, Hyderabad",Bicycle,,A-,Active,2026-09-04 12:24:27
61629,ADM61629,Sahithi,Rao,Z,Female,2011-06-26,10,10,A,2026-04-19,Telugu,Hindi,Sneha Rao,Tarun Rao,9667859215,8141376179,sahithi.rao61629@parentmail.com,Oxford Public School,"752, Miyapur, Hyderabad",School Bus,Route-08,AB+,Active,2026-08-20 15:09:08
61630,ADM61630,Lakshmi,Reddy,O,Female,2013-02-06,8,8,D,2026-06-05,Hindi,Telugu,Harini Reddy,Tarun Reddy,9546254849,8247463841,lakshmi.reddy61630@parentmail.com,Narayana School,"18, Kondapur, Hyderabad",Parent Drop,,A+,Transferred,2026-08-29 17:54:26
61631,ADM61631,Arjun,Nair,Q,Male,2014-02-12,7,1,D,2020-04-12,Telugu,Hindi,Deepika Nair,Pranav Nair,9785828144,8967771175,arjun.nair61631@parentmail.com,No Previous School,"370, Manikonda, Hyderabad",School Bus,Route-04,O-,Active,2026-08-29 07:15:46
61632,ADM61632,Tarun,Reddy,E,Male,2020-02-16,1,1,C,2026-07-12,Hindi,Telugu,Kavya Reddy,Tarun Reddy,9536920642,8980075750,tarun.reddy61632@parentmail.com,No Previous School,"441, Nizampet, Hyderabad",Bicycle,,B+,Active,2026-09-03 20:45:55
61633,ADM61633,Charan,Yadav,F,Male,2012-04-12,9,6,E,2023-07-09,Hindi,Telugu,Vaishnavi Yadav,Rohan Yadav,9265222317,8392286899,charan.yadav61633@parentmail.com,Brilliant Grammar School,"280, Bachupally, Hyderabad",Parent Drop,,O-,Active,2026-08-19 10:25:41
61634,ADM61634,Bhavya,Menon,G,Female,2020-02-21,1,1,C,2026-04-02,Hindi,Telugu,Vaishnavi Menon,Arjun Menon,9388745640,8169315805,bhavya.menon61634@parentmail.com,No Previous School,"322, Uppal, Hyderabad",Parent Drop,,O+,Active,2026-08-12 08:39:58
61635,ADM61635,Bhavya,Goud,Y,Female,2020-10-12,1,1,B,2026-04-24,Hindi,Telugu,Deepika Goud,Arjun Goud,9909702988,8482677181,bhavya.goud61635@parentmail.com,No Previous School,"2, Madhapur, Hyderabad",Public Transport,,B-,Active,2026-08-05 12:11:10
61636,ADM61636,Keerthi,Das,R,Female,2011-09-04,10,7,D,2023-07-04,Hindi,Telugu,Sneha Das,Rohan Das,9632396046,8352904800,keerthi.das61636@parentmail.com,St. Mary's School,"420, Miyapur, Hyderabad",Bicycle,,O-,Active,2026-09-14 19:51:38
61637,ADM61637,Rahul,Verma,P,Male,2018-07-10,3,1,B,2024-05-09,Telugu,Hindi,Aadhya Verma,Surya Verma,9974884042,8102048650,rahul.verma61637@parentmail.com,No Previous School,"108, Ameerpet, Hyderabad",School Bus,Route-03,AB-,Active,2026-08-02 17:46:20
61638,ADM61638,Meghana,Das,F,Female,2018-04-15,3,3,C,2026-04-22,Telugu,Hindi,Ishita Das,Tarun Das,9382064040,8523785541,meghana.das61638@parentmail.com,Little Flower School,"625, Ameerpet, Hyderabad",Private Van,Route-09,O+,Active,2026-08-07 12:39:22
61639,ADM61639,Divya,Sharma,A,Female,2016-01-18,5,1,E,2022-04-11,Telugu,Hindi,Lakshmi Sharma,Pranav Sharma,9407772559,8437405514,divya.sharma61639@parentmail.com,No Previous School,"903, Ameerpet, Hyderabad",School Bus,Route-06,B+,Active,2026-09-06 20:54:53
61640,ADM61640,Sneha,Shetty,J,Female,2015-09-02,6,1,A,2021-04-18,Telugu,Hindi,Divya Shetty,Akash Shetty,9159509843,8953535685,sneha.shetty61640@parentmail.com,No Previous School,"814, Nizampet, Hyderabad",Private Van,Route-08,AB+,Active,2026-09-10 17:14:51
61641,ADM61641,Varun,Iyer,C,Male,2019-10-23,2,1,B,2025-04-28,Telugu,Hindi,Lakshmi Iyer,Sanjay Iyer,9669599813,8681503080,varun.iyer61641@parentmail.com,No Previous School,"500, Dilsukhnagar, Hyderabad",School Bus,Route-04,AB-,Active,2026-09-08 18:25:51
61642,ADM61642,Vaishnavi,Iyer,N,Female,2020-03-22,1,1,B,2026-05-05,Telugu,Hindi,Meghana Iyer,Rahul Iyer,9540581925,8162349842,vaishnavi.iyer61642@parentmail.com,No Previous School,"143, Manikonda, Hyderabad",Public Transport,,B-,Active,2026-08-26 09:30:26
61643,ADM61643,Surya,Menon,J,Male,2019-01-06,2,1,B,2025-06-01,Hindi,Telugu,Swathi Menon,Sanjay Menon,9335187100,8861420193,surya.menon61643@parentmail.com,No Previous School,"813, Dilsukhnagar, Hyderabad",School Bus,Route-01,A+,Active,2026-08-15 13:54:50
61644,ADM61644,Sahithi,Kumar,V,Female,2018-09-24,3,2,B,2025-07-22,Telugu,Hindi,Vaishnavi Kumar,Varun Kumar,9456311959,8777714214,sahithi.kumar61644@parentmail.com,No Previous School,"551, Miyapur, Hyderabad",Walk,,A+,Active,2026-09-08 08:52:07
61645,ADM61645,Krishna,Naidu,A,Male,2017-04-28,4,3,C,2025-07-24,Hindi,Telugu,Vaishnavi Naidu,Aditya Naidu,9540467247,8779993771,krishna.naidu61645@parentmail.com,Oxford Public School,"130, LB Nagar, Hyderabad",School Bus,Route-08,AB+,Active,2026-08-15 15:53:19
61646,ADM61646,Rohan,Rao,U,Male,2014-08-07,7,1,A,2020-05-14,Hindi,Telugu,Ishita Rao,Akash Rao,9711996932,8209720989,rohan.rao61646@parentmail.com,No Previous School,"904, Secunderabad, Hyderabad",School Bus,Route-01,O-,Active,2026-09-13 07:56:24
61647,ADM61647,Sneha,Patel,M,Female,2017-02-02,4,4,A,2026-06-23,Telugu,Hindi,Aadhya Patel,Nikhil Patel,9409487631,8673306525,sneha.patel61647@parentmail.com,Brilliant Grammar School,"614, Uppal, Hyderabad",Parent Drop,,A-,Active,2026-08-27 11:07:17
61648,ADM61648,Harini,Joshi,T,Female,2012-04-28,9,1,C,2018-06-15,Hindi,Telugu,Swathi Joshi,Krishna Joshi,9277087919,8597014278,harini.joshi61648@parentmail.com,No Previous School,"337, Nizampet, Hyderabad",School Bus,Route-01,B-,Active,2026-08-08 19:25:05
61649,ADM61649,Priya,Singh,L,Female,2014-10-18,7,1,A,2020-06-01,Hindi,Telugu,Bhavya Singh,Akash Singh,9885876312,8818020134,priya.singh61649@parentmail.com,No Previous School,"860, Ameerpet, Hyderabad",School Bus,Route-07,O-,Active,2026-08-05 08:34:56
61650,ADM61650,Pranav,Gupta,D,Male,2017-07-07,4,1,E,2023-04-01,Telugu,Hindi,Sahithi Gupta,Sai Gupta,9684154296,8721338072,pranav.gupta61650@parentmail.com,No Previous School,"347, Nizampet, Hyderabad",School Bus,Route-07,B-,Active,2026-08-03 10:17:52
61651,ADM61651,Lakshmi,Kulkarni,A,Female,2018-06-19,3,3,A,2026-05-13,Telugu,Hindi,Bhavya Kulkarni,Akash Kulkarni,9154130690,8769242998,lakshmi.kulkarni61651@parentmail.com,Little Flower School,"423, LB Nagar, Hyderabad",Public Transport,,O-,Active,2026-08-07 20:03:36
61652,ADM61652,Sahithi,Gupta,T,Female,2018-04-11,3,1,D,2024-06-23,Hindi,Telugu,Sneha Gupta,Arjun Gupta,9896399661,8620218722,sahithi.gupta61652@parentmail.com,No Previous School,"832, Kukatpally, Hyderabad",Public Transport,,B+,Active,2026-08-25 11:57:07
61653,ADM61653,Vishal,Menon,M,Male,2018-08-08,3,1,A,2024-07-03,Telugu,Hindi,Divya Menon,Arjun Menon,9203256956,8250762410,vishal.menon61653@parentmail.com,No Previous School,"184, Secunderabad, Hyderabad",School Bus,Route-10,A-,Active,2026-08-20 08:06:54
61654,ADM61654,Surya,Goud,O,Male,2019-09-01,2,1,A,2025-06-05,Telugu,Hindi,Swathi Goud,Sai Goud,9843032889,8674022559,surya.goud61654@parentmail.com,No Previous School,"289, Manikonda, Hyderabad",Private Van,Route-06,B+,Active,2026-08-24 10:28:20
61655,ADM61655,Aarav,Shetty,I,Male,2012-06-12,9,5,B,2022-05-12,Hindi,Telugu,Sahithi Shetty,Sanjay Shetty,9373362292,8504968357,aarav.shetty61655@parentmail.com,Little Flower School,"152, Kondapur, Hyderabad",School Bus,Route-06,AB+,Active,2026-09-14 16:25:02
61656,ADM61656,Harsha,Menon,C,Male,2013-08-21,8,1,A,2019-06-24,Telugu,Hindi,Bhavya Menon,Rohan Menon,9393706234,8368934682,harsha.menon61656@parentmail.com,No Previous School,"120, Uppal, Hyderabad",Walk,,A-,Active,2026-09-07 10:43:26
61657,ADM61657,Harsha,Reddy,X,Male,2017-09-27,4,4,C,2026-05-11,Telugu,Hindi,Ananya Reddy,Arjun Reddy,9386760558,8490650098,harsha.reddy61657@parentmail.com,Narayana School,"439, Kondapur, Hyderabad",School Bus,Route-03,A+,Inactive,2026-09-01 17:20:44
61658,ADM61658,Karthik,Patel,D,Male,2017-07-22,4,3,A,2025-07-05,Telugu,Hindi,Aadhya Patel,Vishal Patel,9175300729,8548508530,karthik.patel61658@parentmail.com,New Horizon School,"29, Madhapur, Hyderabad",School Bus,Route-07,AB+,Active,2026-09-04 16:27:04
61659,ADM61659,Vaishnavi,Reddy,N,Female,2013-08-15,8,3,A,2021-07-14,Telugu,Hindi,Deepika Reddy,Nikhil Reddy,9799161028,8985604206,vaishnavi.reddy61659@parentmail.com,Green Valley School,"751, Dilsukhnagar, Hyderabad",School Bus,Route-07,A+,Active,2026-09-11 07:38:31
61660,ADM61660,Deepika,Joshi,W,Female,2020-07-11,1,1,D,2026-07-04,Hindi,Telugu,Harini Joshi,Aditya Joshi,9569162958,8526873578,deepika.joshi61660@parentmail.com,No Previous School,"736, Nizampet, Hyderabad",Walk,,B-,Active,2026-09-08 20:04:11
61661,ADM61661,Rahul,Singh,A,Male,2014-02-08,7,5,B,2024-07-20,Hindi,Telugu,Divya Singh,Varun Singh,9333002327,8662948754,rahul.singh61661@parentmail.com,Narayana School,"738, Kondapur, Hyderabad",Public Transport,,AB+,Active,2026-08-13 08:12:34
61662,ADM61662,Rohan,Naidu,C,Male,2012-12-10,9,1,E,2018-07-12,Telugu,Hindi,Lakshmi Naidu,Sai Naidu,9518955737,8475409786,rohan.naidu61662@parentmail.com,No Previous School,"289, Nizampet, Hyderabad",School Bus,Route-02,AB-,Active,2026-09-02 14:04:31
61663,ADM61663,Aishwarya,Joshi,P,Female,2013-08-10,8,1,C,2019-04-10,Hindi,Telugu,Lakshmi Joshi,Sanjay Joshi,9558762545,8705605756,aishwarya.joshi61663@parentmail.com,No Previous School,"142, Bachupally, Hyderabad",School Bus,Route-03,O-,Active,2026-08-20 17:47:53
61664,ADM61664,Vijay,Rao,H,Male,2017-02-06,4,4,A,2026-04-20,Telugu,Hindi,Neha Rao,Pranav Rao,9596509753,8917245713,vijay.rao61664@parentmail.com,St. Mary's School,"709, Bachupally, Hyderabad",School Bus,Route-10,O+,Active,2026-08-27 16:16:51
61665,ADM61665,Karthik,Sharma,L,Male,2014-02-27,7,1,C,2020-04-01,Telugu,Hindi,Kavya Sharma,Aarav Sharma,9901369849,8295376684,karthik.sharma61665@parentmail.com,No Previous School,"242, Nizampet, Hyderabad",School Bus,Route-06,O+,Active,2026-09-13 10:26:14
61666,ADM61666,Rahul,Shetty,W,Male,2014-01-09,7,4,C,2023-07-27,Hindi,Telugu,Bhavya Shetty,Sanjay Shetty,9934470054,8289421488,rahul.shetty61666@parentmail.com,Oxford Public School,"198, Ameerpet, Hyderabad",School Bus,Route-05,B-,Active,2026-08-25 15:03:01
61667,ADM61667,Sneha,Rao,A,Female,2011-12-11,10,6,E,2022-06-14,Telugu,Hindi,Meghana Rao,Arjun Rao,9623769580,8799479417,sneha.rao61667@parentmail.com,Sri Chaitanya School,"784, Miyapur, Hyderabad",Parent Drop,,AB+,Active,2026-08-22 10:01:04
61668,ADM61668,Meghana,Iyer,F,Female,2017-10-22,4,4,B,2026-07-13,Hindi,Telugu,Harini Iyer,Vijay Iyer,9356445259,8814008104,meghana.iyer61668@parentmail.com,Green Valley School,"605, Dilsukhnagar, Hyderabad",Parent Drop,,AB-,Active,2026-09-02 20:34:50
61669,ADM61669,Vishal,Yadav,K,Male,2011-12-08,10,8,D,2024-06-12,Telugu,Hindi,Kavya Yadav,Tarun Yadav,9784213213,8611323998,vishal.yadav61669@parentmail.com,Sunrise Model School,"878, Ameerpet, Hyderabad",School Bus,Route-08,O-,Active,2026-08-04 20:30:15
61670,ADM61670,Surya,Rao,G,Male,2012-06-10,9,4,B,2021-06-01,Hindi,Telugu,Pooja Rao,Vijay Rao,9863855817,8840728025,surya.rao61670@parentmail.com,Sunrise Model School,"790, Nizampet, Hyderabad",Bicycle,,AB-,Active,2026-08-25 18:58:20
61671,ADM61671,Swathi,Das,W,Female,2019-07-24,2,1,B,2025-06-10,Telugu,Hindi,Vaishnavi Das,Tarun Das,9209671361,8920454679,swathi.das61671@parentmail.com,No Previous School,"828, Nizampet, Hyderabad",School Bus,Route-02,AB+,Transferred,2026-08-24 20:30:14
61672,ADM61672,Divya,Chowdary,Z,Female,2014-06-23,7,5,B,2024-05-12,Telugu,Hindi,Sahithi Chowdary,Vijay Chowdary,9323430488,8923001689,divya.chowdary61672@parentmail.com,Green Valley School,"308, Uppal, Hyderabad",Private Van,Route-08,A+,Active,2026-08-20 11:50:02
61673,ADM61673,Sneha,Das,C,Female,2015-09-24,6,6,B,2026-06-12,Telugu,Hindi,Meghana Das,Vishal Das,9630263964,8678700901,sneha.das61673@parentmail.com,Vikas High School,"23, Dilsukhnagar, Hyderabad",Private Van,Route-01,B+,Active,2026-08-06 14:27:18
61674,ADM61674,Nikhil,Patel,L,Male,2016-07-09,5,1,B,2022-06-18,Telugu,Hindi,Ananya Patel,Rahul Patel,9441216247,8792872114,nikhil.patel61674@parentmail.com,No Previous School,"84, Madhapur, Hyderabad",Parent Drop,,A-,Active,2026-08-29 09:00:07
61675,ADM61675,Priya,Goud,W,Female,2018-08-28,3,1,D,2024-06-25,Hindi,Telugu,Deepika Goud,Charan Goud,9524701107,8434455869,priya.goud61675@parentmail.com,No Previous School,"909, Miyapur, Hyderabad",Private Van,Route-06,O+,Active,2026-08-11 13:40:58
61676,ADM61676,Sai,Kulkarni,L,Male,2017-10-21,4,4,E,2026-06-19,Telugu,Hindi,Swathi Kulkarni,Arjun Kulkarni,9245629011,8400601343,sai.kulkarni61676@parentmail.com,Narayana School,"504, Dilsukhnagar, Hyderabad",Bicycle,,O-,Active,2026-08-23 11:21:31
61677,ADM61677,Bhavya,Gupta,K,Female,2018-01-09,3,3,C,2026-05-28,Hindi,Telugu,Sneha Gupta,Aditya Gupta,9752265045,8946641398,bhavya.gupta61677@parentmail.com,Vikas High School,"269, Kondapur, Hyderabad",Public Transport,,B-,Active,2026-09-01 17:28:10
61678,ADM61678,Sneha,Reddy,O,Female,2020-08-13,1,1,B,2026-06-02,Hindi,Telugu,Ishita Reddy,Harsha Reddy,9309132689,8105483554,sneha.reddy61678@parentmail.com,No Previous School,"945, Manikonda, Hyderabad",Walk,,AB-,Active,2026-09-07 09:10:54
61679,ADM61679,Rahul,Patel,T,Male,2011-04-19,10,4,C,2020-06-17,Telugu,Hindi,Pooja Patel,Akash Patel,9374376424,8472466255,rahul.patel61679@parentmail.com,Green Valley School,"371, Kondapur, Hyderabad",School Bus,Route-07,A+,Active,2026-08-25 11:52:59
61680,ADM61680,Charan,Joshi,E,Male,2019-06-15,2,1,A,2025-07-12,Telugu,Hindi,Divya Joshi,Pranav Joshi,9832193126,8524526076,charan.joshi61680@parentmail.com,No Previous School,"886, Miyapur, Hyderabad",Walk,,AB-,Active,2026-08-02 12:53:36
61681,ADM61681,Deepika,Patel,H,Female,2018-10-12,3,1,D,2024-04-02,Telugu,Hindi,Pooja Patel,Harsha Patel,9238650669,8750103223,deepika.patel61681@parentmail.com,No Previous School,"591, Kondapur, Hyderabad",Bicycle,,A+,Active,2026-08-03 07:31:20
61682,ADM61682,Ishita,Naidu,J,Female,2012-10-05,9,9,D,2026-07-03,Telugu,Hindi,Priya Naidu,Charan Naidu,9139100015,8649408231,ishita.naidu61682@parentmail.com,Sunrise Model School,"259, Kukatpally, Hyderabad",Walk,,O+,Active,2026-08-03 12:24:02
61683,ADM61683,Harini,Kumar,L,Female,2017-06-03,4,3,A,2025-06-13,Telugu,Hindi,Deepika Kumar,Arjun Kumar,9170282490,8559094489,harini.kumar61683@parentmail.com,Narayana School,"977, Nizampet, Hyderabad",Private Van,Route-06,B+,Active,2026-08-21 18:42:45
61684,ADM61684,Sneha,Sharma,N,Female,2013-07-28,8,1,A,2019-05-14,Telugu,Hindi,Nandini Sharma,Varun Sharma,9344703771,8436529602,sneha.sharma61684@parentmail.com,No Previous School,"972, Kukatpally, Hyderabad",Private Van,Route-08,AB-,Active,2026-08-02 12:48:59
61685,ADM61685,Harini,Verma,C,Female,2019-09-07,2,1,A,2025-07-23,Hindi,Telugu,Deepika Verma,Sanjay Verma,9488410017,8922207819,harini.verma61685@parentmail.com,No Previous School,"158, Kondapur, Hyderabad",School Bus,Route-02,A+,Active,2026-08-22 14:20:36
61686,ADM61686,Sahithi,Nair,K,Female,2016-06-05,5,2,D,2023-06-04,Telugu,Hindi,Priya Nair,Aarav Nair,9259787710,8136749711,sahithi.nair61686@parentmail.com,Narayana School,"359, Miyapur, Hyderabad",Walk,,O-,Active,2026-09-12 08:01:35
61687,ADM61687,Varun,Patel,L,Male,2014-10-26,7,6,A,2025-04-28,Hindi,Telugu,Neha Patel,Manish Patel,9436810047,8205971047,varun.patel61687@parentmail.com,St. Mary's School,"586, Madhapur, Hyderabad",Parent Drop,,O-,Active,2026-08-21 11:59:43
61688,ADM61688,Aishwarya,Mishra,L,Female,2020-08-05,1,1,D,2026-07-13,Hindi,Telugu,Harini Mishra,Nikhil Mishra,9517187288,8417025540,aishwarya.mishra61688@parentmail.com,No Previous School,"94, Kukatpally, Hyderabad",Private Van,Route-03,A-,Active,2026-08-27 10:16:19
61689,ADM61689,Priya,Joshi,M,Female,2016-06-07,5,3,B,2024-07-22,Telugu,Hindi,Keerthi Joshi,Tarun Joshi,9197901259,8221061039,priya.joshi61689@parentmail.com,Sri Chaitanya School,"17, Kondapur, Hyderabad",Parent Drop,,O+,Active,2026-08-03 18:25:18
61690,ADM61690,Nikhil,Naidu,Z,Male,2011-09-26,10,9,C,2025-05-23,Telugu,Hindi,Sneha Naidu,Rohan Naidu,9804339004,8993702769,nikhil.naidu61690@parentmail.com,New Horizon School,"649, Kondapur, Hyderabad",Parent Drop,,AB+,Active,2026-09-03 17:08:28
61691,ADM61691,Vijay,Patel,C,Male,2012-10-04,9,9,A,2026-05-21,Telugu,Hindi,Neha Patel,Aditya Patel,9966230231,8912353918,vijay.patel61691@parentmail.com,New Horizon School,"126, Kondapur, Hyderabad",Private Van,Route-02,B-,Active,2026-09-07 09:35:59
61692,ADM61692,Rohan,Das,F,Male,2020-04-08,1,1,E,2026-06-08,Telugu,Hindi,Divya Das,Harsha Das,9948563666,8771741375,rohan.das61692@parentmail.com,No Previous School,"996, Bachupally, Hyderabad",Bicycle,,O-,Active,2026-09-08 08:17:23
61693,ADM61693,Sahithi,Joshi,L,Female,2013-03-07,8,8,C,2026-06-05,Telugu,Hindi,Harini Joshi,Vishal Joshi,9219975874,8527284588,sahithi.joshi61693@parentmail.com,New Horizon School,"629, LB Nagar, Hyderabad",Walk,,O+,Active,2026-08-21 17:00:26
61694,ADM61694,Priya,Das,D,Female,2015-07-16,6,2,D,2022-04-28,Telugu,Hindi,Swathi Das,Akash Das,9312405232,8265739955,priya.das61694@parentmail.com,Sri Chaitanya School,"953, Nizampet, Hyderabad",Bicycle,,A-,Active,2026-08-18 07:36:34
61695,ADM61695,Neha,Kulkarni,T,Female,2016-09-28,5,1,E,2022-04-11,Telugu,Hindi,Nandini Kulkarni,Rahul Kulkarni,9683702622,8132208304,neha.kulkarni61695@parentmail.com,No Previous School,"320, Nizampet, Hyderabad",Parent Drop,,AB-,Active,2026-08-04 19:13:33
61696,ADM61696,Ananya,Yadav,P,Female,2019-12-22,2,1,E,2025-04-22,Hindi,Telugu,Keerthi Yadav,Aarav Yadav,9898054696,8638454069,ananya.yadav61696@parentmail.com,No Previous School,"208, Madhapur, Hyderabad",Public Transport,,O-,Active,2026-08-21 14:11:40
61697,ADM61697,Pranav,Gupta,H,Male,2013-08-07,8,3,A,2021-05-28,Hindi,Telugu,Swathi Gupta,Surya Gupta,9363629616,8993918033,pranav.gupta61697@parentmail.com,Vikas High School,"511, LB Nagar, Hyderabad",Parent Drop,,AB-,Active,2026-08-01 18:13:53
61698,ADM61698,Kavya,Goud,X,Female,2013-05-20,8,1,A,2019-04-26,Telugu,Hindi,Ishita Goud,Vishal Goud,9542948970,8118677673,kavya.goud61698@parentmail.com,No Previous School,"19, Kondapur, Hyderabad",Parent Drop,,B+,Active,2026-08-30 11:00:53
61699,ADM61699,Aadhya,Chowdary,R,Female,2019-07-08,2,1,E,2025-07-21,Telugu,Hindi,Nandini Chowdary,Vishal Chowdary,9766710505,8781283492,aadhya.chowdary61699@parentmail.com,No Previous School,"144, Miyapur, Hyderabad",Private Van,Route-04,O+,Active,2026-08-12 13:52:05
61700,ADM61700,Akash,Iyer,I,Male,2017-11-10,4,3,C,2025-06-08,Telugu,Hindi,Harini Iyer,Varun Iyer,9240706726,8414200619,akash.iyer61700@parentmail.com,Sri Vidya High School,"552, Secunderabad, Hyderabad",School Bus,Route-03,B+,Active,2026-09-03 07:32:50
61701,ADM61701,Aditya,Nair,U,Male,2016-12-22,5,1,D,2022-04-14,Hindi,Telugu,Ishita Nair,Rahul Nair,9708878544,8497996433,aditya.nair61701@parentmail.com,No Previous School,"461, Secunderabad, Hyderabad",Bicycle,,A-,Active,2026-08-08 14:02:01
61702,ADM61702,Nandini,Reddy,Y,Female,2011-03-15,10,1,D,2017-04-03,Hindi,Telugu,Lakshmi Reddy,Varun Reddy,9385099567,8830114318,nandini.reddy61702@parentmail.com,No Previous School,"244, Dilsukhnagar, Hyderabad",Parent Drop,,A-,Active,2026-08-14 20:16:53
61703,ADM61703,Nikhil,Naidu,X,Male,2019-03-22,2,1,E,2025-05-01,Telugu,Hindi,Aadhya Naidu,Tarun Naidu,9608487425,8956445620,nikhil.naidu61703@parentmail.com,No Previous School,"857, Bachupally, Hyderabad",School Bus,Route-05,O+,Active,2026-09-11 19:27:25
61704,ADM61704,Aditya,Sharma,U,Male,2013-12-19,8,3,D,2021-07-24,Telugu,Hindi,Aishwarya Sharma,Harsha Sharma,9547705392,8449241691,aditya.sharma61704@parentmail.com,Narayana School,"303, Madhapur, Hyderabad",School Bus,Route-07,B-,Active,2026-08-20 13:57:11
61705,ADM61705,Bhavya,Yadav,H,Female,2016-02-17,5,4,D,2025-05-02,Telugu,Hindi,Harini Yadav,Charan Yadav,9969080066,8309414550,bhavya.yadav61705@parentmail.com,Oxford Public School,"288, Dilsukhnagar, Hyderabad",School Bus,Route-06,O+,Transferred,2026-08-07 16:42:23
61706,ADM61706,Ishita,Patel,F,Female,2016-12-17,5,4,B,2025-05-07,Hindi,Telugu,Keerthi Patel,Aarav Patel,9199976306,8772753395,ishita.patel61706@parentmail.com,Little Flower School,"90, Miyapur, Hyderabad",Bicycle,,AB+,Active,2026-08-30 10:58:17
61707,ADM61707,Meghana,Iyer,O,Female,2013-09-03,8,1,B,2019-05-08,Hindi,Telugu,Bhavya Iyer,Tarun Iyer,9903560286,8225085378,meghana.iyer61707@parentmail.com,No Previous School,"431, Uppal, Hyderabad",School Bus,Route-06,A+,Active,2026-09-05 14:28:43
61708,ADM61708,Tarun,Patel,A,Male,2018-10-26,3,1,D,2024-07-17,Telugu,Hindi,Lakshmi Patel,Charan Patel,9372246110,8285162540,tarun.patel61708@parentmail.com,No Previous School,"490, Madhapur, Hyderabad",Public Transport,,O+,Active,2026-09-03 16:12:56
61709,ADM61709,Rohan,Singh,Z,Male,2014-04-04,7,6,C,2025-05-09,Telugu,Hindi,Neha Singh,Sanjay Singh,9721509355,8223244553,rohan.singh61709@parentmail.com,Sunrise Model School,"312, Bachupally, Hyderabad",School Bus,Route-09,B+,Active,2026-09-11 16:12:26
61710,ADM61710,Aadhya,Chowdary,N,Female,2011-12-14,10,4,E,2020-04-09,Hindi,Telugu,Keerthi Chowdary,Rahul Chowdary,9178810949,8916896400,aadhya.chowdary61710@parentmail.com,Narayana School,"629, Madhapur, Hyderabad",School Bus,Route-07,O-,Active,2026-08-19 11:18:15
61711,ADM61711,Pranav,Iyer,Y,Male,2012-09-04,9,1,E,2018-05-21,Hindi,Telugu,Divya Iyer,Vijay Iyer,9986564529,8436774185,pranav.iyer61711@parentmail.com,No Previous School,"206, Nizampet, Hyderabad",Walk,,A-,Active,2026-09-08 17:46:25
61712,ADM61712,Karthik,Kumar,S,Male,2020-10-07,1,1,A,2026-05-16,Hindi,Telugu,Deepika Kumar,Manish Kumar,9674262198,8192790306,karthik.kumar61712@parentmail.com,No Previous School,"973, Nizampet, Hyderabad",Private Van,Route-05,AB+,Active,2026-08-24 08:53:43
61713,ADM61713,Vaishnavi,Kumar,T,Female,2015-11-26,6,5,E,2025-07-16,Hindi,Telugu,Neha Kumar,Harsha Kumar,9772578478,8847335343,vaishnavi.kumar61713@parentmail.com,Sunrise Model School,"362, Madhapur, Hyderabad",Private Van,Route-03,O+,Active,2026-08-01 19:56:11
61714,ADM61714,Pooja,Rao,Y,Female,2016-09-21,5,2,B,2023-06-04,Telugu,Hindi,Divya Rao,Aditya Rao,9981264705,8614997045,pooja.rao61714@parentmail.com,Sunrise Model School,"770, Manikonda, Hyderabad",Public Transport,,B+,Transferred,2026-08-02 07:17:12
61715,ADM61715,Nikhil,Mishra,P,Male,2017-02-14,4,4,B,2026-07-03,Telugu,Hindi,Meghana Mishra,Sai Mishra,9626282845,8955710430,nikhil.mishra61715@parentmail.com,Sunrise Model School,"794, LB Nagar, Hyderabad",Bicycle,,B-,Active,2026-09-04 10:19:08
61716,ADM61716,Harsha,Yadav,B,Male,2015-03-17,6,6,D,2026-06-25,Hindi,Telugu,Pooja Yadav,Nikhil Yadav,9239916426,8435002958,harsha.yadav61716@parentmail.com,Green Valley School,"206, Uppal, Hyderabad",School Bus,Route-02,O+,Active,2026-08-24 18:39:39
61717,ADM61717,Kavya,Iyer,A,Female,2014-07-07,7,1,B,2020-07-20,Hindi,Telugu,Priya Iyer,Charan Iyer,9308520222,8605122087,kavya.iyer61717@parentmail.com,No Previous School,"819, Uppal, Hyderabad",Walk,,AB+,Active,2026-08-23 15:04:14
61718,ADM61718,Keerthi,Joshi,F,Female,2012-10-01,9,4,A,2021-06-14,Telugu,Hindi,Vaishnavi Joshi,Tarun Joshi,9545714663,8560146921,keerthi.joshi61718@parentmail.com,Vikas High School,"191, Manikonda, Hyderabad",Parent Drop,,AB+,Active,2026-08-02 11:34:25
61719,ADM61719,Meghana,Kumar,C,Female,2011-01-08,10,5,E,2021-05-25,Telugu,Hindi,Aishwarya Kumar,Krishna Kumar,9350839392,8578028026,meghana.kumar61719@parentmail.com,Sri Chaitanya School,"806, Secunderabad, Hyderabad",Bicycle,,AB+,Active,2026-08-12 18:44:06
61720,ADM61720,Arjun,Kumar,X,Male,2018-02-17,3,1,D,2024-05-01,Hindi,Telugu,Ananya Kumar,Vishal Kumar,9386821487,8466245355,arjun.kumar61720@parentmail.com,No Previous School,"955, Ameerpet, Hyderabad",Private Van,Route-10,A-,Active,2026-08-19 09:12:41
61721,ADM61721,Meghana,Menon,J,Female,2019-04-05,2,1,C,2025-04-05,Telugu,Hindi,Bhavya Menon,Vijay Menon,9610431474,8975001014,meghana.menon61721@parentmail.com,No Previous School,"724, Dilsukhnagar, Hyderabad",Parent Drop,,AB-,Active,2026-09-07 07:58:36
61722,ADM61722,Manish,Gupta,Z,Male,2019-06-18,2,1,B,2025-07-23,Telugu,Hindi,Divya Gupta,Vijay Gupta,9592058479,8848922873,manish.gupta61722@parentmail.com,No Previous School,"966, Madhapur, Hyderabad",Private Van,Route-10,O+,Active,2026-08-05 15:27:17
61723,ADM61723,Rahul,Nair,Q,Male,2012-05-02,9,1,C,2018-05-05,Telugu,Hindi,Sahithi Nair,Karthik Nair,9350179418,8643750571,rahul.nair61723@parentmail.com,No Previous School,"142, Manikonda, Hyderabad",School Bus,Route-03,A+,Active,2026-09-03 14:00:20
61724,ADM61724,Divya,Menon,N,Female,2011-04-11,10,3,B,2019-04-08,Telugu,Hindi,Ananya Menon,Varun Menon,9246478907,8690248609,divya.menon61724@parentmail.com,Oxford Public School,"906, Miyapur, Hyderabad",School Bus,Route-02,A+,Active,2026-08-01 20:45:47
61725,ADM61725,Aishwarya,Das,D,Female,2012-07-19,9,7,E,2024-04-01,Hindi,Telugu,Ananya Das,Rahul Das,9791823107,8187644205,aishwarya.das61725@parentmail.com,Sri Vidya High School,"480, Ameerpet, Hyderabad",School Bus,Route-02,B-,Active,2026-09-13 11:55:40
61726,ADM61726,Harsha,Shetty,K,Male,2018-06-10,3,1,A,2024-04-27,Telugu,Hindi,Kavya Shetty,Rahul Shetty,9488425490,8367255099,harsha.shetty61726@parentmail.com,No Previous School,"156, Madhapur, Hyderabad",School Bus,Route-06,O+,Transferred,2026-08-19 11:12:48
61727,ADM61727,Keerthi,Kulkarni,X,Female,2012-10-22,9,8,E,2025-04-18,Telugu,Hindi,Meghana Kulkarni,Harsha Kulkarni,9627806446,8856932657,keerthi.kulkarni61727@parentmail.com,Narayana School,"593, Manikonda, Hyderabad",Private Van,Route-05,AB-,Active,2026-08-25 08:21:05
61728,ADM61728,Krishna,Das,F,Male,2011-11-05,10,1,A,2017-04-20,Telugu,Hindi,Swathi Das,Aarav Das,9303062708,8234374233,krishna.das61728@parentmail.com,No Previous School,"79, Ameerpet, Hyderabad",School Bus,Route-08,AB+,Active,2026-08-28 19:26:48
61729,ADM61729,Divya,Sharma,K,Female,2011-06-15,10,10,C,2026-05-25,Hindi,Telugu,Harini Sharma,Aditya Sharma,9145385258,8706438012,divya.sharma61729@parentmail.com,Little Flower School,"582, Madhapur, Hyderabad",Public Transport,,AB+,Active,2026-08-13 08:26:43
61730,ADM61730,Krishna,Yadav,M,Male,2011-07-28,10,10,A,2026-04-10,Hindi,Telugu,Harini Yadav,Vishal Yadav,9986790533,8839531518,krishna.yadav61730@parentmail.com,No Previous School,"212, Kukatpally, Hyderabad",Public Transport,,A-,Active,2026-08-31 11:07:05
61731,ADM61731,Pooja,Goud,M,Female,2018-12-08,3,3,B,2026-07-17,Hindi,Telugu,Vaishnavi Goud,Aditya Goud,9468567403,8419348178,pooja.goud61731@parentmail.com,Vikas High School,"398, Secunderabad, Hyderabad",Walk,,A+,Active,2026-09-02 19:46:44
61732,ADM61732,Aishwarya,Iyer,K,Female,2011-01-22,10,4,C,2020-07-11,Hindi,Telugu,Bhavya Iyer,Karthik Iyer,9362626711,8329892226,aishwarya.iyer61732@parentmail.com,Sri Vidya High School,"862, Bachupally, Hyderabad",School Bus,Route-10,AB-,Active,2026-08-02 19:18:12
61733,ADM61733,Vaishnavi,Reddy,Q,Female,2013-04-15,8,6,C,2024-04-21,Telugu,Hindi,Ananya Reddy,Pranav Reddy,9106897342,8854308696,vaishnavi.reddy61733@parentmail.com,Brilliant Grammar School,"202, Miyapur, Hyderabad",Private Van,Route-09,O+,Inactive,2026-08-03 19:09:25
61734,ADM61734,Keerthi,Rao,B,Female,2011-09-16,10,9,A,2025-06-05,Hindi,Telugu,Swathi Rao,Rahul Rao,9136283282,8305391906,keerthi.rao61734@parentmail.com,Little Flower School,"258, LB Nagar, Hyderabad",School Bus,Route-05,AB+,Transferred,2026-08-16 19:46:41
61735,ADM61735,Tarun,Kumar,L,Male,2015-02-19,6,1,C,2021-04-07,Telugu,Hindi,Divya Kumar,Aditya Kumar,9446296848,8324599300,tarun.kumar61735@parentmail.com,No Previous School,"191, Kondapur, Hyderabad",Parent Drop,,B+,Active,2026-08-04 16:47:48
61736,ADM61736,Neha,Das,S,Female,2015-10-24,6,1,E,2021-06-18,Telugu,Hindi,Lakshmi Das,Karthik Das,9478970329,8939609070,neha.das61736@parentmail.com,No Previous School,"898, Madhapur, Hyderabad",Private Van,Route-09,O+,Active,2026-08-29 09:30:24
61737,ADM61737,Sahithi,Kumar,R,Female,2011-06-25,10,8,C,2024-05-18,Hindi,Telugu,Deepika Kumar,Aditya Kumar,9993617937,8311564935,sahithi.kumar61737@parentmail.com,No Previous School,"437, Kukatpally, Hyderabad",Private Van,Route-01,O-,Active,2026-08-18 20:38:38
61738,ADM61738,Aishwarya,Yadav,C,Female,2014-11-08,7,5,A,2024-05-20,Hindi,Telugu,Sneha Yadav,Karthik Yadav,9975314151,8309440467,aishwarya.yadav61738@parentmail.com,Narayana School,"852, LB Nagar, Hyderabad",Parent Drop,,B-,Active,2026-08-13 16:27:39
61739,ADM61739,Deepika,Kulkarni,U,Female,2014-08-02,7,1,C,2020-05-03,Hindi,Telugu,Priya Kulkarni,Surya Kulkarni,9785385431,8486477715,deepika.kulkarni61739@parentmail.com,No Previous School,"96, Madhapur, Hyderabad",Parent Drop,,AB+,Inactive,2026-08-22 15:58:54
61740,ADM61740,Sanjay,Das,P,Male,2011-05-18,10,10,B,2026-05-14,Telugu,Hindi,Divya Das,Manish Das,9763440278,8340853709,sanjay.das61740@parentmail.com,Oxford Public School,"218, Ameerpet, Hyderabad",School Bus,Route-08,AB+,Active,2026-09-10 14:46:49
61741,ADM61741,Aditya,Iyer,A,Male,2019-01-05,2,2,E,2026-06-26,Telugu,Hindi,Sahithi Iyer,Karthik Iyer,9691402222,8391034508,aditya.iyer61741@parentmail.com,Oxford Public School,"221, Nizampet, Hyderabad",Bicycle,,O-,Active,2026-08-14 07:54:19
61742,ADM61742,Harsha,Gupta,K,Male,2014-12-14,7,7,D,2026-06-12,Telugu,Hindi,Ananya Gupta,Sai Gupta,9264892010,8944688000,harsha.gupta61742@parentmail.com,Sri Chaitanya School,"341, Manikonda, Hyderabad",Private Van,Route-07,AB-,Active,2026-08-09 20:21:25
61743,ADM61743,Surya,Kumar,S,Male,2020-05-07,1,1,D,2026-06-21,Hindi,Telugu,Swathi Kumar,Rahul Kumar,9323281486,8420504255,surya.kumar61743@parentmail.com,No Previous School,"485, LB Nagar, Hyderabad",School Bus,Route-08,B+,Active,2026-08-28 14:27:51
61744,ADM61744,Meghana,Mishra,X,Female,2020-03-20,1,1,B,2026-04-12,Telugu,Hindi,Sahithi Mishra,Tarun Mishra,9448483923,8376309381,meghana.mishra61744@parentmail.com,No Previous School,"510, Kukatpally, Hyderabad",School Bus,Route-09,A-,Active,2026-09-01 12:47:18
61745,ADM61745,Vishal,Mishra,T,Male,2012-07-10,9,2,D,2019-04-04,Telugu,Hindi,Lakshmi Mishra,Tarun Mishra,9540822699,8526996133,vishal.mishra61745@parentmail.com,Sunrise Model School,"24, Madhapur, Hyderabad",Private Van,Route-09,B+,Active,2026-08-01 09:36:57
61746,ADM61746,Rohan,Mishra,A,Male,2011-08-03,10,7,E,2023-05-20,Telugu,Hindi,Neha Mishra,Aarav Mishra,9160192773,8609137212,rohan.mishra61746@parentmail.com,St. Mary's School,"37, Bachupally, Hyderabad",School Bus,Route-07,AB+,Active,2026-09-13 14:03:02
61747,ADM61747,Priya,Verma,J,Female,2020-07-03,1,1,B,2026-06-07,Telugu,Hindi,Kavya Verma,Karthik Verma,9464037533,8176179781,priya.verma61747@parentmail.com,No Previous School,"446, Secunderabad, Hyderabad",School Bus,Route-01,AB-,Inactive,2026-08-13 10:51:06
61748,ADM61748,Sanjay,Rao,D,Male,2020-08-09,1,1,B,2026-06-11,Telugu,Hindi,Kavya Rao,Pranav Rao,9555992248,8766062380,sanjay.rao61748@parentmail.com,No Previous School,"643, Ameerpet, Hyderabad",Bicycle,,AB+,Active,2026-09-07 14:11:03
61749,ADM61749,Harsha,Kulkarni,D,Male,2016-11-17,5,4,E,2025-06-06,Hindi,Telugu,Aishwarya Kulkarni,Krishna Kulkarni,9208714629,8334228038,harsha.kulkarni61749@parentmail.com,Vikas High School,"679, Uppal, Hyderabad",Walk,,O+,Active,2026-09-11 14:27:30
61750,ADM61750,Ishita,Menon,J,Female,2014-03-18,7,4,E,2023-05-04,Hindi,Telugu,Swathi Menon,Charan Menon,9482875256,8842437076,ishita.menon61750@parentmail.com,Little Flower School,"510, Miyapur, Hyderabad",Parent Drop,,AB+,Active,2026-08-20 16:16:46
61751,ADM61751,Ishita,Iyer,P,Female,2012-08-28,9,1,A,2018-05-18,Hindi,Telugu,Meghana Iyer,Aditya Iyer,9831724439,8661670595,ishita.iyer61751@parentmail.com,No Previous School,"29, LB Nagar, Hyderabad",Public Transport,,A-,Transferred,2026-09-05 15:12:52
61752,ADM61752,Neha,Sharma,W,Female,2015-06-22,6,3,C,2023-07-25,Telugu,Hindi,Sahithi Sharma,Rahul Sharma,9801281872,8210744665,neha.sharma61752@parentmail.com,Sri Vidya High School,"201, Manikonda, Hyderabad",School Bus,Route-04,B-,Active,2026-08-29 20:51:01
61753,ADM61753,Swathi,Singh,B,Female,2018-11-17,3,3,E,2026-05-23,Telugu,Hindi,Aishwarya Singh,Vishal Singh,9541765897,8533282136,swathi.singh61753@parentmail.com,Sunrise Model School,"1, Bachupally, Hyderabad",Private Van,Route-05,AB-,Active,2026-09-10 19:48:33
61754,ADM61754,Arjun,Mishra,Y,Male,2016-03-04,5,3,E,2024-07-21,Hindi,Telugu,Meghana Mishra,Charan Mishra,9327775157,8362166139,arjun.mishra61754@parentmail.com,Sunrise Model School,"667, Kukatpally, Hyderabad",School Bus,Route-03,A-,Active,2026-09-14 20:04:30
61755,ADM61755,Aishwarya,Rao,K,Female,2014-04-25,7,4,D,2023-04-21,Telugu,Hindi,Nandini Rao,Charan Rao,9641249682,8148912677,aishwarya.rao61755@parentmail.com,New Horizon School,"385, Ameerpet, Hyderabad",Bicycle,,A+,Transferred,2026-08-04 11:22:49
61756,ADM61756,Ananya,Kulkarni,W,Female,2020-02-26,1,1,D,2026-05-24,Hindi,Telugu,Aadhya Kulkarni,Tarun Kulkarni,9495620526,8255130843,ananya.kulkarni61756@parentmail.com,No Previous School,"432, Bachupally, Hyderabad",Parent Drop,,AB-,Active,2026-08-03 09:15:40
61757,ADM61757,Sneha,Kulkarni,F,Female,2013-05-04,8,7,A,2025-04-01,Hindi,Telugu,Divya Kulkarni,Rohan Kulkarni,9603889635,8153110613,sneha.kulkarni61757@parentmail.com,New Horizon School,"496, Bachupally, Hyderabad",School Bus,Route-10,B+,Active,2026-09-04 15:14:41
61758,ADM61758,Nandini,Shetty,F,Female,2017-02-12,4,4,D,2026-04-01,Hindi,Telugu,Aishwarya Shetty,Pranav Shetty,9331778801,8928066798,nandini.shetty61758@parentmail.com,St. Mary's School,"486, Nizampet, Hyderabad",Parent Drop,,B-,Transferred,2026-08-31 16:19:54
61759,ADM61759,Sahithi,Mishra,V,Female,2013-04-05,8,1,E,2019-04-11,Hindi,Telugu,Bhavya Mishra,Tarun Mishra,9333099276,8541061904,sahithi.mishra61759@parentmail.com,No Previous School,"545, Uppal, Hyderabad",School Bus,Route-07,A-,Active,2026-08-06 20:50:03
61760,ADM61760,Surya,Chowdary,Q,Male,2013-02-28,8,7,E,2025-07-01,Telugu,Hindi,Meghana Chowdary,Arjun Chowdary,9304973404,8727712294,surya.chowdary61760@parentmail.com,Sri Chaitanya School,"460, Kukatpally, Hyderabad",Walk,,A+,Active,2026-08-09 08:04:11
61761,ADM61761,Varun,Naidu,I,Male,2020-05-24,1,1,B,2026-06-10,Hindi,Telugu,Swathi Naidu,Krishna Naidu,9646981153,8709583623,varun.naidu61761@parentmail.com,No Previous School,"986, Manikonda, Hyderabad",School Bus,Route-04,O+,Active,2026-08-15 10:11:15
61762,ADM61762,Rahul,Goud,L,Male,2020-01-23,1,1,E,2026-06-21,Telugu,Hindi,Priya Goud,Vijay Goud,9701272660,8120616370,rahul.goud61762@parentmail.com,No Previous School,"847, Secunderabad, Hyderabad",School Bus,Route-08,B+,Active,2026-08-18 10:34:08
61763,ADM61763,Ishita,Kulkarni,U,Female,2016-03-12,5,2,D,2023-04-26,Hindi,Telugu,Sahithi Kulkarni,Krishna Kulkarni,9190858158,8953788151,ishita.kulkarni61763@parentmail.com,Sri Chaitanya School,"310, Secunderabad, Hyderabad",Walk,,AB-,Active,2026-09-14 10:11:21
61764,ADM61764,Kavya,Chowdary,S,Female,2014-01-05,7,1,A,2020-07-20,Hindi,Telugu,Aadhya Chowdary,Rohan Chowdary,9984318607,8969234597,kavya.chowdary61764@parentmail.com,No Previous School,"879, Kondapur, Hyderabad",Walk,,O+,Active,2026-09-08 09:32:50
61765,ADM61765,Sahithi,Iyer,J,Female,2017-01-11,4,2,C,2024-04-18,Hindi,Telugu,Deepika Iyer,Rohan Iyer,9135004132,8990661382,sahithi.iyer61765@parentmail.com,Green Valley School,"205, Manikonda, Hyderabad",School Bus,Route-10,AB+,Active,2026-09-01 10:41:59
61766,ADM61766,Aishwarya,Nair,K,Female,2012-12-12,9,9,E,2026-06-09,Telugu,Hindi,Neha Nair,Nikhil Nair,9466603940,8334702389,aishwarya.nair61766@parentmail.com,New Horizon School,"200, Manikonda, Hyderabad",School Bus,Route-08,B-,Active,2026-08-13 09:41:57
61767,ADM61767,Ishita,Patel,F,Female,2014-02-03,7,3,B,2022-04-09,Telugu,Hindi,Bhavya Patel,Akash Patel,9615148791,8390743661,ishita.patel61767@parentmail.com,St. Mary's School,"904, LB Nagar, Hyderabad",Parent Drop,,B-,Active,2026-08-26 17:49:47
61768,ADM61768,Aditya,Goud,E,Male,2012-07-23,9,3,A,2020-06-11,Hindi,Telugu,Bhavya Goud,Aarav Goud,9731133589,8291460027,aditya.goud61768@parentmail.com,Brilliant Grammar School,"73, Ameerpet, Hyderabad",Bicycle,,B+,Active,2026-08-26 08:49:49
61769,ADM61769,Aadhya,Reddy,W,Female,2018-12-01,3,2,D,2025-05-04,Hindi,Telugu,Bhavya Reddy,Krishna Reddy,9918622621,8907898115,aadhya.reddy61769@parentmail.com,Green Valley School,"563, Kukatpally, Hyderabad",Bicycle,,AB+,Active,2026-08-03 14:50:51
61770,ADM61770,Harini,Menon,D,Female,2011-03-20,10,10,B,2026-05-07,Telugu,Hindi,Pooja Menon,Tarun Menon,9283645146,8898612726,harini.menon61770@parentmail.com,Vikas High School,"252, Manikonda, Hyderabad",Parent Drop,,O-,Active,2026-08-18 15:13:59
61771,ADM61771,Manish,Kulkarni,Q,Male,2014-07-19,7,1,B,2020-04-11,Hindi,Telugu,Aadhya Kulkarni,Karthik Kulkarni,9614605131,8640887397,manish.kulkarni61771@parentmail.com,No Previous School,"123, Ameerpet, Hyderabad",Parent Drop,,O-,Active,2026-08-31 08:35:26
61772,ADM61772,Sneha,Verma,T,Female,2019-01-10,2,1,C,2025-06-10,Telugu,Hindi,Pooja Verma,Harsha Verma,9152657227,8166243922,sneha.verma61772@parentmail.com,No Previous School,"746, Madhapur, Hyderabad",Parent Drop,,AB+,Active,2026-08-04 16:58:09
61773,ADM61773,Harini,Kumar,Z,Female,2019-07-26,2,1,E,2025-05-17,Hindi,Telugu,Sahithi Kumar,Nikhil Kumar,9488041373,8643577914,harini.kumar61773@parentmail.com,No Previous School,"992, Nizampet, Hyderabad",Walk,,O+,Active,2026-08-23 17:30:25
61774,ADM61774,Divya,Iyer,H,Female,2012-06-24,9,9,E,2026-07-17,Telugu,Hindi,Bhavya Iyer,Nikhil Iyer,9807913663,8768796904,divya.iyer61774@parentmail.com,Green Valley School,"212, Uppal, Hyderabad",School Bus,Route-01,A-,Active,2026-08-30 10:18:06
61775,ADM61775,Nandini,Das,E,Female,2018-09-16,3,1,B,2024-06-24,Telugu,Hindi,Vaishnavi Das,Karthik Das,9989989484,8693543990,nandini.das61775@parentmail.com,No Previous School,"74, Secunderabad, Hyderabad",School Bus,Route-02,A-,Active,2026-08-17 13:57:52
61776,ADM61776,Varun,Rao,L,Male,2012-02-12,9,2,A,2019-06-16,Telugu,Hindi,Deepika Rao,Karthik Rao,9748406113,8934446406,varun.rao61776@parentmail.com,Brilliant Grammar School,"588, Bachupally, Hyderabad",Walk,,AB+,Active,2026-08-08 15:13:57
61777,ADM61777,Pooja,Reddy,U,Female,2015-01-13,6,1,A,2021-06-12,Hindi,Telugu,Vaishnavi Reddy,Surya Reddy,9168994638,8906061097,pooja.reddy61777@parentmail.com,No Previous School,"506, LB Nagar, Hyderabad",School Bus,Route-04,O-,Active,2026-08-15 09:38:59
61778,ADM61778,Aarav,Chowdary,E,Male,2015-08-11,6,4,C,2024-06-03,Telugu,Hindi,Swathi Chowdary,Rahul Chowdary,9333247326,8173819314,aarav.chowdary61778@parentmail.com,Little Flower School,"624, Ameerpet, Hyderabad",Public Transport,,O-,Transferred,2026-08-02 18:40:27
61779,ADM61779,Pooja,Goud,I,Female,2018-05-18,3,1,A,2024-04-08,Hindi,Telugu,Keerthi Goud,Pranav Goud,9667966497,8608811841,pooja.goud61779@parentmail.com,No Previous School,"988, Manikonda, Hyderabad",Parent Drop,,AB-,Active,2026-08-24 14:39:35
61780,ADM61780,Keerthi,Das,L,Female,2016-01-05,5,1,B,2022-05-21,Hindi,Telugu,Ananya Das,Rohan Das,9938282673,8435117896,keerthi.das61780@parentmail.com,No Previous School,"819, Ameerpet, Hyderabad",Parent Drop,,AB-,Inactive,2026-08-13 12:25:32
61781,ADM61781,Sahithi,Joshi,Q,Female,2013-06-14,8,3,D,2021-07-16,Telugu,Hindi,Priya Joshi,Vishal Joshi,9849627449,8617946942,sahithi.joshi61781@parentmail.com,Brilliant Grammar School,"217, Kukatpally, Hyderabad",School Bus,Route-02,B+,Active,2026-08-08 16:17:02
61782,ADM61782,Surya,Menon,P,Male,2014-08-14,7,2,E,2021-06-18,Hindi,Telugu,Nandini Menon,Karthik Menon,9413971749,8603501610,surya.menon61782@parentmail.com,Oxford Public School,"512, Ameerpet, Hyderabad",Walk,,AB+,Active,2026-08-02 13:22:34
61783,ADM61783,Lakshmi,Nair,S,Female,2019-03-21,2,1,E,2025-06-16,Telugu,Hindi,Divya Nair,Pranav Nair,9230646642,8535196637,lakshmi.nair61783@parentmail.com,No Previous School,"383, Miyapur, Hyderabad",Parent Drop,,A-,Active,2026-08-09 07:22:03
61784,ADM61784,Aishwarya,Kulkarni,P,Female,2018-09-07,3,1,D,2024-04-14,Telugu,Hindi,Nandini Kulkarni,Rahul Kulkarni,9997789621,8220984903,aishwarya.kulkarni61784@parentmail.com,No Previous School,"383, Secunderabad, Hyderabad",Private Van,Route-08,A+,Active,2026-08-05 08:09:55
61785,ADM61785,Meghana,Yadav,V,Female,2013-12-27,8,3,A,2021-06-12,Telugu,Hindi,Bhavya Yadav,Arjun Yadav,9555500581,8824023583,meghana.yadav61785@parentmail.com,Sunrise Model School,"16, Secunderabad, Hyderabad",School Bus,Route-07,AB+,Active,2026-08-03 10:45:49
61786,ADM61786,Priya,Iyer,I,Female,2014-10-16,7,3,B,2022-04-13,Hindi,Telugu,Keerthi Iyer,Krishna Iyer,9412645464,8347033972,priya.iyer61786@parentmail.com,Sri Chaitanya School,"782, Madhapur, Hyderabad",Walk,,O+,Active,2026-08-10 12:45:22
61787,ADM61787,Keerthi,Verma,Y,Female,2019-04-08,2,1,A,2025-06-26,Hindi,Telugu,Meghana Verma,Pranav Verma,9594314396,8491464594,keerthi.verma61787@parentmail.com,No Previous School,"542, Madhapur, Hyderabad",Parent Drop,,A-,Active,2026-08-26 19:38:57
61788,ADM61788,Harsha,Kulkarni,S,Male,2016-04-13,5,1,A,2022-04-28,Hindi,Telugu,Neha Kulkarni,Aarav Kulkarni,9917320296,8200865776,harsha.kulkarni61788@parentmail.com,No Previous School,"271, Nizampet, Hyderabad",Private Van,Route-05,O+,Active,2026-09-06 19:50:01
61789,ADM61789,Aadhya,Reddy,Q,Female,2013-09-07,8,1,B,2019-06-28,Hindi,Telugu,Swathi Reddy,Rohan Reddy,9676509207,8775401848,aadhya.reddy61789@parentmail.com,No Previous School,"302, Bachupally, Hyderabad",Walk,,A-,Active,2026-08-10 14:23:45
61790,ADM61790,Varun,Joshi,F,Male,2015-02-01,6,1,D,2021-05-25,Telugu,Hindi,Vaishnavi Joshi,Akash Joshi,9390895757,8727650505,varun.joshi61790@parentmail.com,No Previous School,"91, Madhapur, Hyderabad",School Bus,Route-04,AB-,Active,2026-08-17 17:57:46
61791,ADM61791,Divya,Shetty,P,Female,2011-03-01,10,1,E,2017-05-26,Hindi,Telugu,Sneha Shetty,Varun Shetty,9836896095,8626940025,divya.shetty61791@parentmail.com,No Previous School,"335, Dilsukhnagar, Hyderabad",School Bus,Route-05,AB-,Active,2026-08-16 11:07:05
61792,ADM61792,Vijay,Verma,O,Male,2013-02-06,8,2,B,2020-06-20,Telugu,Hindi,Bhavya Verma,Rohan Verma,9120428376,8545678384,vijay.verma61792@parentmail.com,Green Valley School,"597, Nizampet, Hyderabad",Walk,,O-,Active,2026-08-14 12:44:17
61793,ADM61793,Charan,Naidu,P,Male,2020-05-10,1,1,B,2026-05-20,Telugu,Hindi,Deepika Naidu,Tarun Naidu,9139731519,8971745985,charan.naidu61793@parentmail.com,No Previous School,"315, Bachupally, Hyderabad",Bicycle,,O+,Inactive,2026-09-04 13:37:13
61794,ADM61794,Karthik,Menon,O,Male,2016-06-05,5,4,D,2025-07-18,Telugu,Hindi,Meghana Menon,Vishal Menon,9707955700,8100041864,karthik.menon61794@parentmail.com,Sri Vidya High School,"547, Manikonda, Hyderabad",School Bus,Route-10,A+,Inactive,2026-08-20 08:44:04
61795,ADM61795,Sahithi,Das,V,Female,2017-03-25,4,1,C,2023-05-05,Telugu,Hindi,Meghana Das,Manish Das,9375443062,8562121479,sahithi.das61795@parentmail.com,No Previous School,"240, LB Nagar, Hyderabad",Walk,,O+,Active,2026-08-12 19:11:33
61796,ADM61796,Sahithi,Kumar,F,Female,2011-03-22,10,3,B,2019-04-20,Telugu,Hindi,Sahithi Kumar,Sai Kumar,9204210931,8284976300,sahithi.kumar61796@parentmail.com,Narayana School,"720, Secunderabad, Hyderabad",School Bus,Route-03,AB-,Active,2026-09-09 09:33:09
61797,ADM61797,Neha,Kumar,W,Female,2012-01-11,9,7,D,2024-05-10,Hindi,Telugu,Nandini Kumar,Varun Kumar,9678143548,8277863647,neha.kumar61797@parentmail.com,Green Valley School,"97, Kondapur, Hyderabad",School Bus,Route-03,A-,Active,2026-09-10 10:22:59
61798,ADM61798,Varun,Kumar,Y,Male,2011-06-11,10,3,B,2019-04-16,Hindi,Telugu,Deepika Kumar,Aarav Kumar,9849039721,8428319806,varun.kumar61798@parentmail.com,New Horizon School,"878, Secunderabad, Hyderabad",School Bus,Route-02,B+,Active,2026-08-23 18:06:34
61799,ADM61799,Rohan,Verma,X,Male,2019-12-27,2,2,C,2026-05-10,Telugu,Hindi,Kavya Verma,Aarav Verma,9595506272,8829376301,rohan.verma61799@parentmail.com,Vikas High School,"893, Manikonda, Hyderabad",School Bus,Route-04,O-,Active,2026-08-17 09:12:02
61800,ADM61800,Tarun,Mishra,D,Male,2011-08-03,10,9,B,2025-06-24,Telugu,Hindi,Lakshmi Mishra,Karthik Mishra,9921018759,8542876555,tarun.mishra61800@parentmail.com,Narayana School,"195, Uppal, Hyderabad",Parent Drop,,B-,Active,2026-09-02 07:57:19
