customer_id,customer_code,first_name,last_name,gender,date_of_birth,email,primary_phone,alternate_phone,customer_segment,customer_type,registration_date,loyalty_tier,loyalty_points,preferred_language,preferred_contact_method,address_line_1,address_line_2,city,state,postal_code,country,is_active,kyc_status,credit_limit,marketing_opt_in,record_created_timestamp,last_updated_timestamp
100001,CUST100001,Bhavya,Goud,Female,1955-09-03,bhavya.goud100001@examplemail.com,9742543536,8332008117,Senior Citizen,Individual,2026-08-19,Bronze,4987,Kannada,Email,"554, Green Hills",Beside Community Park,Mumbai,Maharashtra,400076,India,Y,Pending,13016.70,Y,2026-08-19 19:43:00,2026-09-08 03:25:00
100002,CUST100002,Kavya,Gupta,Female,1961-07-21,kavya.gupta100002@examplemail.com,9295342944,8267580397,Retail,Business,2025-02-25,Bronze,23265,Kannada,Email,"184, Lake View Road",,Bengaluru,Karnataka,560037,India,Y,Verified,59980.02,Y,2025-02-25 12:31:00,2025-09-23 15:35:00
100003,CUST100003,Karthik,Kulkarni,Male,2001-04-01,karthik.kulkarni100003@examplemail.com,9941740717,8329804480,Senior Citizen,Individual,2024-12-24,Silver,19482,Kannada,Phone,"10, Lake View Road",Phase 2,Visakhapatnam,Andhra Pradesh,530017,India,Y,Verified,15977.97,Y,2024-12-24 09:03:00,2025-11-30 19:36:00
100004,CUST100004,Rahul,Kumar,Male,1988-05-07,rahul.kumar100004@examplemail.com,9684973457,8241201576,Retail,Individual,2026-09-08,Bronze,8780,Hindi,Phone,"336, MG Road",Beside Community Park,Chennai,Tamil Nadu,600042,India,Y,Not Required,58642.15,Y,2026-09-08 15:37:00,2026-09-12 15:59:00
100005,CUST100005,Tarun,Patel,Male,1958-05-05,tarun.patel100005@examplemail.com,9142017122,8980208988,Retail,Individual,2025-03-10,Silver,21294,Tamil,WhatsApp,"461, River View",Phase 2,Pune,Maharashtra,411014,India,Y,Pending,31189.67,N,2025-03-10 20:41:00,2026-06-29 02:49:00
100006,CUST100006,Ishita,Yadav,Female,1990-05-09,ishita.yadav100006@examplemail.com,9982547302,8344758722,Student,Individual,2026-06-05,Gold,12506,Telugu,Email,"390, Station Road",Near Metro Station,Hyderabad,Telangana,500081,India,Y,Verified,11253.31,N,2026-06-05 08:49:00,2026-06-11 11:52:00
100007,CUST100007,Rohan,Gupta,Male,1979-03-05,rohan.gupta100007@examplemail.com,9653036948,8587369765,Corporate,Business,2026-07-08,Gold,20922,English,WhatsApp,"170, Temple Street",Opp. City Mall,Mumbai,Maharashtra,400076,India,Y,Verified,405334.28,N,2026-07-08 16:46:00,2026-08-17 01:15:00
100008,CUST100008,Varun,Iyer,Male,1998-09-09,varun.iyer100008@examplemail.com,9785882807,8377993312,Student,Individual,2025-09-02,Bronze,12129,Hindi,SMS,"462, Lake View Road",Phase 2,Delhi,Delhi,110017,India,Y,Verified,12706.13,Y,2025-09-02 17:51:00,2026-05-24 02:08:00
100009,CUST100009,Aadhya,Mishra,Female,1967-03-18,aadhya.mishra100009@examplemail.com,9418279256,8409387047,Corporate,Individual,2025-05-12,Bronze,10308,Telugu,Phone,"256, MG Road",,Vijayawada,Andhra Pradesh,520010,India,Y,Pending,864285.92,N,2025-05-12 09:48:00,2025-12-20 10:45:00
100010,CUST100010,Ishita,Kumar,Female,1956-09-06,ishita.kumar100010@examplemail.com,9812289545,8452330106,Corporate,Individual,2024-02-10,Silver,7618,Tamil,WhatsApp,"462, Green Hills",Opp. City Mall,Visakhapatnam,Andhra Pradesh,530017,India,N,Verified,951131.43,N,2024-02-10 19:08:00,2025-05-17 05:22:00
100011,CUST100011,Sanjay,Chowdary,Male,1995-08-10,sanjay.chowdary100011@examplemail.com,9890271258,8260074059,Corporate,Individual,2025-09-02,Silver,20702,Telugu,Email,"438, Central Colony",Phase 2,Delhi,Delhi,110017,India,Y,Verified,427510.76,N,2025-09-02 17:49:00,2026-07-30 20:04:00
100012,CUST100012,Charan,Singh,Male,1997-07-25,charan.singh100012@examplemail.com,9785063241,8173206840,Retail,Individual,2024-09-24,Platinum,23391,Hindi,Email,"844, River View",,Visakhapatnam,Andhra Pradesh,530017,India,Y,Not Required,16193.33,N,2024-09-24 13:31:00,2026-05-28 17:14:00
100013,CUST100013,Aadhya,Iyer,Female,1955-11-28,aadhya.iyer100013@examplemail.com,9962679585,8948922568,Corporate,Individual,2025-05-07,Silver,23552,Hindi,Email,"346, Station Road",Opp. City Mall,Bengaluru,Karnataka,560037,India,Y,Verified,540518.28,Y,2025-05-07 11:51:00,2025-12-13 16:08:00
100014,CUST100014,Karthik,Gupta,Male,1979-09-14,karthik.gupta100014@examplemail.com,9846700309,8418098634,Retail,Individual,2025-03-13,Gold,2247,Tamil,Phone,"913, Central Colony",,Warangal,Telangana,506002,India,Y,Verified,40969.45,N,2025-03-13 15:56:00,2026-01-18 18:13:00
100015,CUST100015,Harini,Reddy,Female,1989-08-10,harini.reddy100015@examplemail.com,9660501284,8836838395,Corporate,Individual,2026-07-16,Gold,17058,English,Email,"277, Temple Street",Near Metro Station,Secunderabad,Telangana,500003,India,Y,Verified,460657.87,Y,2026-07-16 12:45:00,2026-07-27 18:21:00
100016,CUST100016,Manish,Kulkarni,Male,2004-06-05,manish.kulkarni100016@examplemail.com,9297982767,8428293486,Student,Individual,2025-11-29,Gold,13532,Tamil,WhatsApp,"53, Market Road",,Bengaluru,Karnataka,560037,India,Y,Verified,23993.20,Y,2025-11-29 18:18:00,2026-01-29 00:30:00
100017,CUST100017,Charan,Iyer,Male,1999-11-25,charan.iyer100017@examplemail.com,9317162631,8343339094,Corporate,Individual,2025-08-09,Gold,10209,Tamil,Phone,"984, Lake View Road",Opp. City Mall,Pune,Maharashtra,411014,India,Y,Verified,482774.54,N,2025-08-09 12:56:00,2025-09-17 17:35:00
100018,CUST100018,Priya,Yadav,Female,2000-06-12,priya.yadav100018@examplemail.com,9475391647,8115530529,Corporate,Individual,2025-05-17,Silver,11954,Telugu,WhatsApp,"87, Temple Street",Phase 2,Warangal,Telangana,506002,India,Y,Verified,953655.59,N,2025-05-17 12:50:00,2025-10-10 14:11:00
100019,CUST100019,Harsha,Chowdary,Male,1987-04-23,harsha.chowdary100019@examplemail.com,9448246294,8536870742,Premium,Individual,2026-01-15,Gold,2981,English,SMS,"840, Green Hills",Phase 2,Visakhapatnam,Andhra Pradesh,530017,India,N,Not Required,270421.12,N,2026-01-15 14:08:00,2026-04-28 22:52:00
100020,CUST100020,Surya,Patel,Male,1956-07-25,surya.patel100020@examplemail.com,9319058959,8905603438,Premium,Individual,2024-02-29,Silver,10288,Tamil,Email,"70, Green Hills",Opp. City Mall,Hyderabad,Telangana,500081,India,Y,Verified,175652.69,N,2024-02-29 12:00:00,2026-07-09 17:17:00
100021,CUST100021,Nandini,Goud,Female,1980-07-15,nandini.goud100021@examplemail.com,9324767437,8484299749,Premium,Individual,2025-12-30,Bronze,2152,Telugu,SMS,"483, Park Lane",Opp. City Mall,Pune,Maharashtra,411014,India,Y,Verified,210013.59,Y,2025-12-30 10:51:00,2026-04-29 10:54:00
100022,CUST100022,Aditya,Verma,Male,2002-06-03,aditya.verma100022@examplemail.com,9960028625,8422836965,Retail,Individual,2024-09-21,Bronze,12882,Kannada,Phone,"517, Market Road",Opp. City Mall,Chennai,Tamil Nadu,600042,India,Y,Pending,63449.94,N,2024-09-21 09:51:00,2026-07-08 16:06:00
100023,CUST100023,Vishal,Gupta,Male,1976-07-08,vishal.gupta100023@examplemail.com,9812531015,8488816905,Premium,Individual,2025-11-02,Gold,17829,Tamil,WhatsApp,"591, Lake View Road",,Hyderabad,Telangana,500081,India,Y,Pending,158491.59,N,2025-11-02 19:55:00,2026-02-15 01:16:00
100024,CUST100024,Rahul,Kulkarni,Male,1968-07-21,rahul.kulkarni100024@examplemail.com,9650801874,8380802092,Senior Citizen,Individual,2025-10-18,Platinum,15041,Hindi,Email,"883, Station Road",Phase 2,Bengaluru,Karnataka,560037,India,Y,Verified,35921.76,N,2025-10-18 19:41:00,2026-06-02 21:20:00
100025,CUST100025,Aadhya,Kulkarni,Female,1982-07-04,aadhya.kulkarni100025@examplemail.com,9838147662,8300658274,Retail,Individual,2024-08-18,Silver,22037,Kannada,Email,"777, Park Lane",Opp. City Mall,Visakhapatnam,Andhra Pradesh,530017,India,Y,Not Required,23269.42,N,2024-08-18 12:00:00,2024-10-17 14:55:00
100026,CUST100026,Harsha,Singh,Male,2005-02-19,harsha.singh100026@examplemail.com,9927426513,8409830741,Premium,Individual,2024-03-10,Gold,13627,English,WhatsApp,"96, Temple Street",Opp. City Mall,Bengaluru,Karnataka,560037,India,Y,Verified,276254.54,N,2024-03-10 18:28:00,2025-10-15 00:56:00
100027,CUST100027,Sahithi,Iyer,Female,1992-06-26,sahithi.iyer100027@examplemail.com,9413870730,8847971131,Senior Citizen,Individual,2024-02-26,Silver,13638,Hindi,WhatsApp,"483, Tech Park Avenue",,Pune,Maharashtra,411014,India,Y,Pending,50755.43,Y,2024-02-26 10:29:00,2025-04-02 11:58:00
100028,CUST100028,Meghana,Gupta,Female,1971-03-26,meghana.gupta100028@examplemail.com,9759110764,8803482940,Student,Business,2026-04-16,Gold,5274,Telugu,Phone,"379, River View",Near Metro Station,Chennai,Tamil Nadu,600042,India,Y,Verified,9790.43,Y,2026-04-16 11:19:00,2026-05-10 19:36:00
100029,CUST100029,Bhavya,Gupta,Female,2005-09-19,bhavya.gupta100029@examplemail.com,9458220726,8898503340,Retail,Individual,2026-06-29,Silver,12620,Hindi,SMS,"680, Central Colony",,Bengaluru,Karnataka,560037,India,Y,Verified,49604.32,N,2026-06-29 20:33:00,2026-08-17 04:02:00
100030,CUST100030,Neha,Reddy,Female,1978-08-26,neha.reddy100030@examplemail.com,9610235998,8715715458,Premium,Individual,2025-12-12,Silver,3956,Hindi,WhatsApp,"746, Green Hills",,Chennai,Tamil Nadu,600042,India,Y,Verified,279091.98,Y,2025-12-12 08:55:00,2026-09-04 11:42:00
100031,CUST100031,Akash,Patel,Male,1965-02-25,akash.patel100031@examplemail.com,9368950607,8392085130,Corporate,Individual,2026-03-13,Platinum,14521,Telugu,Phone,"550, Lake View Road",Opp. City Mall,Bengaluru,Karnataka,560037,India,Y,Verified,769613.61,N,2026-03-13 15:03:00,2026-04-08 20:00:00
100032,CUST100032,Aadhya,Rao,Female,1962-11-03,aadhya.rao100032@examplemail.com,9360019553,8877431370,Premium,Individual,2026-01-18,Gold,14830,Hindi,WhatsApp,"264, Market Road",,Visakhapatnam,Andhra Pradesh,530017,India,Y,Verified,124840.41,Y,2026-01-18 15:43:00,2026-09-14 21:06:00
100033,CUST100033,Harsha,Rao,Male,1991-09-23,harsha.rao100033@examplemail.com,9506304466,8383878938,Senior Citizen,Individual,2026-06-14,Silver,22695,Hindi,WhatsApp,"689, Central Colony",Opp. City Mall,Warangal,Telangana,506002,India,Y,Verified,46668.54,N,2026-06-14 17:56:00,2026-08-27 21:50:00
100034,CUST100034,Neha,Chowdary,Female,1961-01-01,neha.chowdary100034@examplemail.com,9528189642,8882871576,Senior Citizen,Business,2025-08-11,Bronze,16778,Kannada,WhatsApp,"50, MG Road",Near Metro Station,Warangal,Telangana,506002,India,Y,Verified,12780.21,N,2025-08-11 10:34:00,2025-09-09 13:35:00
100035,CUST100035,Sneha,Nair,Female,1987-08-25,sneha.nair100035@examplemail.com,9559013456,8281772997,Retail,Individual,2026-06-18,Platinum,24163,Kannada,WhatsApp,"1, Temple Street",Near Metro Station,Vijayawada,Andhra Pradesh,520010,India,N,Verified,22991.60,Y,2026-06-18 19:07:00,2026-06-24 22:05:00
100036,CUST100036,Karthik,Kumar,Male,1995-01-19,karthik.kumar100036@examplemail.com,9982312244,8452342741,Premium,Individual,2025-12-21,Bronze,502,Hindi,WhatsApp,"857, Temple Street",Near Metro Station,Vijayawada,Andhra Pradesh,520010,India,Y,Verified,228885.32,N,2025-12-21 20:30:00,2026-06-20 05:41:00
100037,CUST100037,Priya,Kulkarni,Female,1997-07-06,priya.kulkarni100037@examplemail.com,9398558848,8880266015,Retail,Individual,2026-04-11,Bronze,19779,Tamil,Phone,"589, Station Road",,Visakhapatnam,Andhra Pradesh,530017,India,Y,Verified,12093.89,N,2026-04-11 13:50:00,2026-05-13 18:26:00
100038,CUST100038,Akash,Shetty,Male,1959-04-15,akash.shetty100038@examplemail.com,9217010555,8369034671,Retail,Individual,2026-02-27,Bronze,2834,Kannada,Phone,"116, Station Road",Opp. City Mall,Bengaluru,Karnataka,560037,India,Y,Verified,31536.13,N,2026-02-27 08:05:00,2026-03-24 15:02:00
100039,CUST100039,Sai,Naidu,Male,1990-11-06,sai.naidu100039@examplemail.com,9636135933,8220271003,Retail,Business,2026-02-07,Silver,13953,Kannada,Email,"154, Green Hills",Near Metro Station,Bengaluru,Karnataka,560037,India,Y,Verified,12982.31,N,2026-02-07 19:21:00,2026-08-26 01:46:00
100040,CUST100040,Sanjay,Patel,Male,1958-09-23,sanjay.patel100040@examplemail.com,9513300176,8307560594,Senior Citizen,Individual,2026-07-10,Bronze,23279,English,Email,"149, Green Hills",,Vijayawada,Andhra Pradesh,520010,India,Y,Verified,23523.90,Y,2026-07-10 18:42:00,2026-08-31 21:27:00
100041,CUST100041,Neha,Verma,Female,1977-02-08,neha.verma100041@examplemail.com,9603914735,8345370283,Student,Individual,2024-02-21,Platinum,11610,Tamil,SMS,"138, Green Hills",Phase 2,Bengaluru,Karnataka,560037,India,Y,Verified,24026.51,Y,2024-02-21 11:33:00,2024-12-20 21:42:00
100042,CUST100042,Priya,Shetty,Female,1972-02-13,priya.shetty100042@examplemail.com,9146548225,8117863117,Retail,Individual,2025-07-14,Silver,15420,Telugu,Email,"520, Central Colony",Opp. City Mall,Bengaluru,Karnataka,560037,India,Y,Not Required,53235.48,Y,2025-07-14 15:27:00,2026-03-05 21:01:00
100043,CUST100043,Aarav,Reddy,Male,1994-10-11,aarav.reddy100043@examplemail.com,9591634133,8436468665,Premium,Individual,2026-08-31,Bronze,15489,Hindi,Phone,"189, Central Colony",Opp. City Mall,Vijayawada,Andhra Pradesh,520010,India,Y,Verified,81851.87,N,2026-08-31 18:03:00,2026-09-06 20:57:00
100044,CUST100044,Sneha,Kulkarni,Female,1988-10-21,sneha.kulkarni100044@examplemail.com,9967865609,8329041264,Premium,Individual,2024-02-11,Gold,1134,Kannada,SMS,"566, Park Lane",Beside Community Park,Delhi,Delhi,110017,India,Y,Verified,112512.93,N,2024-02-11 11:49:00,2025-06-19 13:06:00
100045,CUST100045,Deepika,Chowdary,Female,2004-12-11,deepika.chowdary100045@examplemail.com,9601533178,8989994988,Retail,Individual,2024-04-29,Bronze,9640,Telugu,Email,"749, Central Colony",Beside Community Park,Bengaluru,Karnataka,560037,India,Y,Verified,19988.93,Y,2024-04-29 14:01:00,2024-07-08 19:08:00
100046,CUST100046,Ishita,Naidu,Female,1996-11-17,ishita.naidu100046@examplemail.com,9852329768,8600077386,Premium,Individual,2024-02-15,Silver,18520,Telugu,Email,"204, MG Road",Phase 2,Delhi,Delhi,110017,India,Y,Verified,288605.96,Y,2024-02-15 08:17:00,2024-06-14 15:29:00
100047,CUST100047,Sanjay,Kulkarni,Male,2000-09-09,sanjay.kulkarni100047@examplemail.com,9235668598,8180879843,Retail,Individual,2026-02-06,Silver,5447,Telugu,WhatsApp,"404, Park Lane",Phase 2,Secunderabad,Telangana,500003,India,Y,Not Required,15261.61,Y,2026-02-06 10:53:00,2026-06-27 17:05:00
100048,CUST100048,Akash,Gupta,Male,1966-07-01,akash.gupta100048@examplemail.com,9638153171,8639098875,Corporate,Individual,2024-05-24,Silver,5574,English,WhatsApp,"653, Market Road",Phase 2,Bengaluru,Karnataka,560037,India,Y,Verified,563187.67,N,2024-05-24 12:39:00,2026-01-21 23:10:00
100049,CUST100049,Ishita,Sharma,Female,1965-05-12,ishita.sharma100049@examplemail.com,9726937981,8530507011,Student,Individual,2025-09-20,Platinum,4841,Kannada,SMS,"900, Tech Park Avenue",Phase 2,Secunderabad,Telangana,500003,India,Y,Verified,19555.86,Y,2025-09-20 17:45:00,2025-10-27 02:23:00
100050,CUST100050,Deepika,Das,Female,1963-11-25,deepika.das100050@examplemail.com,9857965622,8678262020,Premium,Individual,2026-06-09,Silver,24198,Tamil,Phone,"759, River View",Near Metro Station,Hyderabad,Telangana,500081,India,Y,Not Required,211193.29,Y,2026-06-09 18:50:00,2026-09-09 01:29:00
100051,CUST100051,Arjun,Kumar,Male,2004-03-02,arjun.kumar100051@examplemail.com,9721764647,8308007203,Student,Individual,2026-06-25,Platinum,13451,Tamil,Phone,"334, Station Road",Near Metro Station,Chennai,Tamil Nadu,600042,India,N,Verified,5144.69,N,2026-06-25 08:05:00,2026-07-25 10:14:00
100052,CUST100052,Deepika,Rao,Female,1975-05-28,deepika.rao100052@examplemail.com,9286269616,8439302120,Premium,Individual,2024-09-18,Silver,16336,Hindi,Phone,"827, Tech Park Avenue",,Delhi,Delhi,110017,India,Y,Verified,147905.30,Y,2024-09-18 11:16:00,2025-07-05 15:35:00
100053,CUST100053,Pranav,Goud,Male,1992-04-12,pranav.goud100053@examplemail.com,9517414488,8784096776,Retail,Business,2025-08-08,Bronze,1451,Hindi,Email,"600, Park Lane",Phase 2,Secunderabad,Telangana,500003,India,Y,Verified,56564.78,Y,2025-08-08 17:33:00,2026-07-19 21:11:00
100054,CUST100054,Aadhya,Goud,Female,1976-10-25,aadhya.goud100054@examplemail.com,9310595453,8368816085,Corporate,Business,2024-01-15,Bronze,16350,Telugu,SMS,"574, Park Lane",Near Metro Station,Hyderabad,Telangana,500081,India,Y,Verified,753337.70,Y,2024-01-15 08:50:00,2025-09-05 11:46:00
100055,CUST100055,Bhavya,Mishra,Female,1965-12-08,bhavya.mishra100055@examplemail.com,9690921331,8403990932,Premium,Individual,2026-03-04,Gold,13518,Hindi,Phone,"553, Tech Park Avenue",,Secunderabad,Telangana,500003,India,Y,Verified,198349.08,Y,2026-03-04 12:10:00,2026-07-14 13:50:00
100056,CUST100056,Swathi,Patel,Female,1963-05-27,swathi.patel100056@examplemail.com,9144193027,8907274238,Student,Individual,2024-04-07,Bronze,6627,Tamil,Phone,"694, Park Lane",Phase 2,Bengaluru,Karnataka,560037,India,Y,Pending,23386.56,N,2024-04-07 17:19:00,2026-05-14 23:52:00
100057,CUST100057,Divya,Verma,Female,1970-09-15,divya.verma100057@examplemail.com,9274810174,8384851646,Corporate,Individual,2026-08-20,Bronze,4973,Kannada,Email,"482, Park Lane",Opp. City Mall,Visakhapatnam,Andhra Pradesh,530017,India,Y,Verified,968280.08,N,2026-08-20 11:41:00,2026-09-13 13:26:00
100058,CUST100058,Vishal,Sharma,Male,1986-10-28,vishal.sharma100058@examplemail.com,9232523661,8371924635,Corporate,Individual,2026-04-17,Bronze,17474,Kannada,Phone,"785, Lake View Road",Phase 2,Hyderabad,Telangana,500081,India,Y,Verified,975317.32,N,2026-04-17 18:12:00,2026-07-23 00:47:00
100059,CUST100059,Aishwarya,Singh,Female,1973-11-06,aishwarya.singh100059@examplemail.com,9978347418,8506587882,Student,Individual,2025-10-05,Silver,3093,English,WhatsApp,"344, Green Hills",Opp. City Mall,Chennai,Tamil Nadu,600042,India,Y,Verified,11443.77,Y,2025-10-05 08:00:00,2026-07-18 16:49:00
100060,CUST100060,Lakshmi,Goud,Female,1966-06-09,lakshmi.goud100060@examplemail.com,9962552707,8713220724,Retail,Individual,2025-08-14,Silver,17974,English,Email,"51, Park Lane",Near Metro Station,Hyderabad,Telangana,500081,India,Y,Verified,73075.18,Y,2025-08-14 18:03:00,2026-09-11 20:46:00
100061,CUST100061,Tarun,Joshi,Male,1963-04-10,tarun.joshi100061@examplemail.com,9433048407,8663885871,Premium,Individual,2025-12-22,Bronze,13702,Tamil,WhatsApp,"642, Tech Park Avenue",,Hyderabad,Telangana,500081,India,Y,Verified,130642.27,N,2025-12-22 12:18:00,2026-02-08 22:29:00
100062,CUST100062,Rahul,Das,Male,1995-03-13,rahul.das100062@examplemail.com,9295567281,8739007781,Retail,Individual,2025-03-08,Bronze,19961,English,WhatsApp,"271, Park Lane",,Pune,Maharashtra,411014,India,Y,Verified,59499.77,N,2025-03-08 10:48:00,2025-12-12 19:00:00
100063,CUST100063,Varun,Patel,Male,1982-06-16,varun.patel100063@examplemail.com,9993923460,8345233338,Student,Individual,2025-07-17,Gold,22939,Hindi,WhatsApp,"712, Temple Street",Opp. City Mall,Secunderabad,Telangana,500003,India,Y,Verified,12230.12,Y,2025-07-17 08:46:00,2026-09-09 13:55:00
100064,CUST100064,Bhavya,Das,Female,1995-09-27,bhavya.das100064@examplemail.com,9719896442,8279669293,Retail,Individual,2026-01-30,Silver,20430,Telugu,SMS,"939, Station Road",Opp. City Mall,Visakhapatnam,Andhra Pradesh,530017,India,Y,Pending,45391.27,Y,2026-01-30 19:59:00,2026-04-21 04:41:00
100065,CUST100065,Swathi,Sharma,Female,1986-01-15,swathi.sharma100065@examplemail.com,9942641159,8880638981,Student,Individual,2024-06-24,Bronze,4060,Tamil,Email,"19, Lake View Road",,Hyderabad,Telangana,500081,India,N,Verified,24731.76,N,2024-06-24 11:41:00,2026-02-02 22:30:00
100066,CUST100066,Krishna,Chowdary,Male,1955-11-19,krishna.chowdary100066@examplemail.com,9978137115,8616474244,Corporate,Individual,2025-11-25,Bronze,3338,Hindi,WhatsApp,"9, Market Road",Near Metro Station,Chennai,Tamil Nadu,600042,India,Y,Verified,998827.16,Y,2025-11-25 14:14:00,2026-09-10 00:49:00
100067,CUST100067,Vaishnavi,Naidu,Female,1957-08-12,vaishnavi.naidu100067@examplemail.com,9611356671,8922686566,Retail,Individual,2024-08-15,Silver,10096,English,WhatsApp,"674, MG Road",,Pune,Maharashtra,411014,India,Y,Verified,54850.85,Y,2024-08-15 15:42:00,2026-08-12 00:46:00
100068,CUST100068,Keerthi,Das,Female,1978-11-21,keerthi.das100068@examplemail.com,9648973893,8996715070,Senior Citizen,Individual,2025-07-29,Gold,17715,Tamil,SMS,"3, Temple Street",,Warangal,Telangana,506002,India,Y,Verified,15598.50,Y,2025-07-29 11:13:00,2025-12-25 17:00:00
100069,CUST100069,Aishwarya,Gupta,Female,1996-01-27,aishwarya.gupta100069@examplemail.com,9322538305,8784788693,Retail,Individual,2026-04-14,Platinum,5180,Telugu,SMS,"515, Green Hills",Phase 2,Vijayawada,Andhra Pradesh,520010,India,Y,Verified,70614.43,N,2026-04-14 14:45:00,2026-07-31 21:35:00
100070,CUST100070,Rohan,Naidu,Male,1998-04-10,rohan.naidu100070@examplemail.com,9570587972,8421935787,Student,Business,2024-01-21,Bronze,15155,English,WhatsApp,"497, Tech Park Avenue",Near Metro Station,Mumbai,Maharashtra,400076,India,Y,Verified,15731.57,Y,2024-01-21 08:52:00,2025-01-14 13:43:00
100071,CUST100071,Sahithi,Chowdary,Female,2003-11-17,sahithi.chowdary100071@examplemail.com,9642903449,8679618181,Corporate,Individual,2025-12-27,Platinum,16440,Tamil,Phone,"845, Central Colony",Opp. City Mall,Hyderabad,Telangana,500081,India,Y,Verified,681722.60,Y,2025-12-27 10:15:00,2026-02-13 13:18:00
100072,CUST100072,Aditya,Sharma,Male,1998-05-09,aditya.sharma100072@examplemail.com,9945241714,8336624841,Senior Citizen,Individual,2025-07-17,Bronze,14875,Hindi,Email,"571, Market Road",Near Metro Station,Chennai,Tamil Nadu,600042,India,Y,Not Required,31692.34,Y,2025-07-17 18:50:00,2025-07-31 22:13:00
100073,CUST100073,Pranav,Menon,Male,1955-09-05,pranav.menon100073@examplemail.com,9290563601,8231823085,Retail,Individual,2025-07-16,Gold,18077,Hindi,WhatsApp,"259, Market Road",Near Metro Station,Pune,Maharashtra,411014,India,Y,Verified,58178.69,N,2025-07-16 20:24:00,2026-07-03 20:59:00
100074,CUST100074,Aishwarya,Patel,Female,1975-02-08,aishwarya.patel100074@examplemail.com,9635015215,8135606483,Retail,Individual,2024-05-27,Gold,19191,Kannada,Phone,"656, Central Colony",Near Metro Station,Delhi,Delhi,110017,India,Y,Not Required,53474.53,Y,2024-05-27 10:27:00,2025-02-23 13:22:00
100075,CUST100075,Harsha,Naidu,Male,1960-05-02,harsha.naidu100075@examplemail.com,9223501811,8968966853,Premium,Individual,2024-02-04,Bronze,22665,English,Email,"427, Central Colony",Phase 2,Secunderabad,Telangana,500003,India,Y,Not Required,83932.86,N,2024-02-04 11:01:00,2024-08-06 19:25:00
100076,CUST100076,Krishna,Reddy,Male,1994-07-03,krishna.reddy100076@examplemail.com,9385785178,8109305319,Student,Individual,2024-03-30,Silver,1552,Hindi,SMS,"807, Lake View Road",Opp. City Mall,Hyderabad,Telangana,500081,India,N,Verified,12115.64,N,2024-03-30 17:38:00,2024-11-07 19:03:00
100077,CUST100077,Bhavya,Rao,Female,1959-09-01,bhavya.rao100077@examplemail.com,9763372132,8943836825,Student,Individual,2026-04-23,Gold,8713,Hindi,WhatsApp,"23, Central Colony",Near Metro Station,Pune,Maharashtra,411014,India,Y,Not Required,22347.07,Y,2026-04-23 18:42:00,2026-07-16 19:29:00
100078,CUST100078,Kavya,Reddy,Female,1978-01-08,kavya.reddy100078@examplemail.com,9325622252,8551484352,Corporate,Individual,2025-02-25,Silver,12198,Kannada,Email,"353, Market Road",Beside Community Park,Mumbai,Maharashtra,400076,India,Y,Verified,279237.16,N,2025-02-25 16:34:00,2025-09-07 01:07:00
100079,CUST100079,Swathi,Rao,Female,2003-11-06,swathi.rao100079@examplemail.com,9163367411,8783439632,Retail,Individual,2024-07-31,Bronze,7920,English,SMS,"774, River View",Phase 2,Warangal,Telangana,506002,India,Y,Verified,39681.96,N,2024-07-31 08:32:00,2025-12-16 09:28:00
100080,CUST100080,Aadhya,Das,Female,1965-06-27,aadhya.das100080@examplemail.com,9423094134,8864284127,Retail,Individual,2026-08-12,Bronze,16418,Tamil,Email,"852, River View",,Bengaluru,Karnataka,560037,India,Y,Verified,31903.10,Y,2026-08-12 09:44:00,2026-09-13 14:20:00
100081,CUST100081,Nikhil,Chowdary,Male,1977-11-02,nikhil.chowdary100081@examplemail.com,9688763372,8990441911,Student,Individual,2025-01-30,Bronze,15668,Hindi,Phone,"257, Station Road",,Bengaluru,Karnataka,560037,India,Y,Verified,12575.65,Y,2025-01-30 09:48:00,2026-08-24 17:59:00
100082,CUST100082,Ananya,Naidu,Female,1994-07-09,ananya.naidu100082@examplemail.com,9283650717,8250234898,Retail,Individual,2026-04-15,Platinum,2020,Tamil,Email,"236, Market Road",Opp. City Mall,Chennai,Tamil Nadu,600042,India,Y,Verified,58812.04,N,2026-04-15 10:41:00,2026-08-24 16:28:00
100083,CUST100083,Surya,Patel,Male,1974-06-14,surya.patel100083@examplemail.com,9157248672,8756208399,Student,Individual,2026-09-09,Bronze,5386,English,Email,"313, Central Colony",Beside Community Park,Visakhapatnam,Andhra Pradesh,530017,India,Y,Not Required,12674.01,N,2026-09-09 11:12:00,2026-09-12 20:48:00
100084,CUST100084,Surya,Chowdary,Male,1985-07-22,surya.chowdary100084@examplemail.com,9502917647,8729851202,Premium,Individual,2026-06-11,Bronze,6935,Tamil,SMS,"458, Green Hills",Opp. City Mall,Hyderabad,Telangana,500081,India,Y,Verified,214472.02,Y,2026-06-11 09:39:00,2026-08-09 19:32:00
100085,CUST100085,Swathi,Shetty,Female,1967-09-07,swathi.shetty100085@examplemail.com,9892003448,8602928530,Retail,Individual,2026-05-16,Gold,6836,Hindi,Email,"56, Tech Park Avenue",Near Metro Station,Warangal,Telangana,506002,India,Y,Verified,39442.66,N,2026-05-16 11:58:00,2026-08-31 20:07:00
100086,CUST100086,Vishal,Nair,Male,1988-12-04,vishal.nair100086@examplemail.com,9240857304,8453758433,Premium,Individual,2025-09-17,Gold,20040,English,SMS,"692, Central Colony",Phase 2,Chennai,Tamil Nadu,600042,India,Y,Verified,143490.38,N,2025-09-17 12:01:00,2025-12-12 12:20:00
100087,CUST100087,Deepika,Menon,Female,1955-08-05,deepika.menon100087@examplemail.com,9712313405,8897640013,Premium,Individual,2024-03-19,Bronze,8486,Kannada,Phone,"358, Central Colony",Opp. City Mall,Chennai,Tamil Nadu,600042,India,Y,Verified,252563.28,Y,2024-03-19 18:57:00,2025-06-05 20:17:00
100088,CUST100088,Harsha,Mishra,Male,1980-10-06,harsha.mishra100088@examplemail.com,9346046605,8463262052,Senior Citizen,Individual,2026-01-10,Silver,5151,Kannada,SMS,"932, Temple Street",Phase 2,Visakhapatnam,Andhra Pradesh,530017,India,Y,Verified,14064.78,Y,2026-01-10 15:55:00,2026-01-25 19:36:00
100089,CUST100089,Charan,Patel,Male,1975-01-23,charan.patel100089@examplemail.com,9730161318,8586162762,Premium,Individual,2025-04-14,Platinum,4436,English,WhatsApp,"956, Station Road",,Pune,Maharashtra,411014,India,Y,Not Required,108905.73,Y,2025-04-14 09:54:00,2025-05-21 19:47:00
100090,CUST100090,Lakshmi,Kumar,Female,1964-06-18,lakshmi.kumar100090@examplemail.com,9819493488,8131917468,Retail,Individual,2024-09-03,Bronze,4735,Hindi,Email,"728, River View",Beside Community Park,Secunderabad,Telangana,500003,India,Y,Verified,68502.91,Y,2024-09-03 13:49:00,2026-06-24 23:05:00
100091,CUST100091,Nandini,Goud,Female,2005-01-12,nandini.goud100091@examplemail.com,9581626736,8963869579,Senior Citizen,Individual,2025-10-19,Bronze,13998,Telugu,WhatsApp,"973, Lake View Road",,Secunderabad,Telangana,500003,India,Y,Verified,18690.04,N,2025-10-19 17:42:00,2026-08-08 18:15:00
100092,CUST100092,Neha,Rao,Female,1955-10-11,neha.rao100092@examplemail.com,9316724890,8677861380,Retail,Individual,2024-02-11,Bronze,6694,Kannada,Phone,"81, Station Road",Near Metro Station,Pune,Maharashtra,411014,India,Y,Verified,19554.65,N,2024-02-11 13:50:00,2026-08-20 17:28:00
100093,CUST100093,Pranav,Joshi,Male,1980-09-02,pranav.joshi100093@examplemail.com,9565975116,8978465246,Premium,Individual,2026-06-11,Platinum,8558,Hindi,Phone,"999, Temple Street",Phase 2,Pune,Maharashtra,411014,India,Y,Verified,157578.37,Y,2026-06-11 09:51:00,2026-07-15 12:27:00
100094,CUST100094,Meghana,Singh,Female,1995-03-25,meghana.singh100094@examplemail.com,9594352594,8839089916,Corporate,Individual,2025-09-15,Bronze,8246,Hindi,Phone,"960, River View",Near Metro Station,Hyderabad,Telangana,500081,India,Y,Verified,483673.28,N,2025-09-15 15:36:00,2026-06-11 00:22:00
100095,CUST100095,Vishal,Sharma,Male,1973-12-12,vishal.sharma100095@examplemail.com,9772556659,8487752223,Corporate,Individual,2025-11-08,Bronze,20192,English,SMS,"310, River View",Opp. City Mall,Warangal,Telangana,506002,India,Y,Verified,716750.86,N,2025-11-08 15:56:00,2026-05-25 21:59:00
100096,CUST100096,Meghana,Singh,Female,1959-09-22,meghana.singh100096@examplemail.com,9957716301,8208431629,Corporate,Individual,2025-03-31,Silver,3345,Hindi,Phone,"961, Lake View Road",Opp. City Mall,Pune,Maharashtra,411014,India,Y,Verified,921532.78,N,2025-03-31 09:35:00,2025-10-11 11:36:00
100097,CUST100097,Meghana,Reddy,Female,1972-03-05,meghana.reddy100097@examplemail.com,9681146252,8560065806,Student,Individual,2025-07-25,Silver,20964,Kannada,WhatsApp,"586, Central Colony",Opp. City Mall,Secunderabad,Telangana,500003,India,Y,Verified,15806.67,Y,2025-07-25 17:37:00,2026-04-14 03:51:00
100098,CUST100098,Karthik,Joshi,Male,2001-06-11,karthik.joshi100098@examplemail.com,9943332562,8178242485,Corporate,Individual,2026-08-01,Platinum,15743,Tamil,Email,"361, Station Road",Opp. City Mall,Hyderabad,Telangana,500081,India,Y,Not Required,217351.82,N,2026-08-01 18:52:00,2026-09-06 20:57:00
100099,CUST100099,Keerthi,Sharma,Female,1967-02-19,keerthi.sharma100099@examplemail.com,9642991225,8328897869,Student,Individual,2024-01-10,Bronze,14357,Telugu,SMS,"974, Temple Street",,Warangal,Telangana,506002,India,Y,Verified,9459.15,Y,2024-01-10 11:40:00,2026-01-31 14:54:00
100100,CUST100100,Sneha,Singh,Female,1971-10-12,sneha.singh100100@examplemail.com,9263549448,8173500644,Retail,Individual,2024-04-10,Silver,7501,Tamil,SMS,"667, River View",Beside Community Park,Chennai,Tamil Nadu,600042,India,Y,Verified,70250.04,N,2024-04-10 08:03:00,2025-04-11 11:42:00
100101,CUST100101,Vishal,Kulkarni,Male,2004-05-09,vishal.kulkarni100101@examplemail.com,9208148194,8822435456,Corporate,Individual,2026-03-01,Silver,7727,Hindi,Phone,"166, MG Road",Opp. City Mall,Delhi,Delhi,110017,India,Y,Verified,396423.02,Y,2026-03-01 08:40:00,2026-05-28 18:23:00
100102,CUST100102,Pranav,Nair,Male,1962-09-17,pranav.nair100102@examplemail.com,9587317751,8388307289,Student,Individual,2025-03-26,Gold,19225,Tamil,WhatsApp,"300, Green Hills",Beside Community Park,Delhi,Delhi,110017,India,Y,Verified,12634.32,Y,2025-03-26 12:07:00,2025-04-23 17:41:00
100103,CUST100103,Lakshmi,Patel,Female,1966-05-24,lakshmi.patel100103@examplemail.com,9620099368,8710252498,Student,Business,2024-06-23,Bronze,21567,Kannada,WhatsApp,"400, Park Lane",Beside Community Park,Visakhapatnam,Andhra Pradesh,530017,India,Y,Verified,14743.11,Y,2024-06-23 13:34:00,2025-05-09 14:40:00
100104,CUST100104,Aarav,Verma,Male,1965-04-22,aarav.verma100104@examplemail.com,9897359248,8536825855,Corporate,Individual,2024-05-11,Platinum,338,Kannada,WhatsApp,"920, Central Colony",Beside Community Park,Delhi,Delhi,110017,India,Y,Verified,584506.75,Y,2024-05-11 15:05:00,2026-01-23 20:41:00
100105,CUST100105,Akash,Naidu,Male,1989-07-06,akash.naidu100105@examplemail.com,9500890039,8710027911,Premium,Individual,2026-02-17,Platinum,5140,Tamil,Email,"735, Lake View Road",,Visakhapatnam,Andhra Pradesh,530017,India,Y,Verified,116007.53,N,2026-02-17 12:16:00,2026-04-08 13:22:00
100106,CUST100106,Charan,Yadav,Male,1963-09-06,charan.yadav100106@examplemail.com,9462561523,8590513235,Retail,Individual,2025-11-25,Silver,23573,Telugu,Phone,"791, Green Hills",,Hyderabad,Telangana,500081,India,Y,Pending,28864.99,N,2025-11-25 19:07:00,2026-07-06 04:40:00
100107,CUST100107,Vishal,Shetty,Male,2004-04-17,vishal.shetty100107@examplemail.com,9630083750,8283803775,Retail,Individual,2024-02-07,Silver,7935,Tamil,SMS,"845, Market Road",Phase 2,Delhi,Delhi,110017,India,Y,Verified,54575.50,N,2024-02-07 19:51:00,2024-03-25 22:35:00
100108,CUST100108,Charan,Goud,Male,1993-07-03,charan.goud100108@examplemail.com,9712315754,8589363313,Retail,Individual,2025-11-29,Gold,21392,Hindi,Phone,"560, River View",Phase 2,Visakhapatnam,Andhra Pradesh,530017,India,Y,Pending,51609.02,Y,2025-11-29 15:37:00,2026-03-15 19:08:00
100109,CUST100109,Surya,Das,Male,1969-10-13,surya.das100109@examplemail.com,9551258580,8704935908,Retail,Individual,2024-02-05,Gold,22007,Kannada,SMS,"4, Green Hills",Phase 2,Vijayawada,Andhra Pradesh,520010,India,Y,Verified,48248.47,N,2024-02-05 17:37:00,2025-07-17 20:13:00
100110,CUST100110,Nandini,Gupta,Female,1993-12-24,nandini.gupta100110@examplemail.com,9607776439,8872129586,Premium,Individual,2024-09-28,Gold,6750,Kannada,Phone,"761, Green Hills",Opp. City Mall,Vijayawada,Andhra Pradesh,520010,India,Y,Verified,94664.38,N,2024-09-28 11:48:00,2024-10-16 17:01:00
100111,CUST100111,Surya,Kulkarni,Male,1977-02-04,surya.kulkarni100111@examplemail.com,9169358526,8871594757,Student,Individual,2024-10-06,Bronze,5234,Kannada,SMS,"994, River View",,Chennai,Tamil Nadu,600042,India,Y,Verified,6390.46,Y,2024-10-06 15:19:00,2025-06-01 17:29:00
100112,CUST100112,Vaishnavi,Das,Female,2001-04-11,vaishnavi.das100112@examplemail.com,9518775962,8684610825,Corporate,Individual,2024-05-03,Bronze,13880,Telugu,SMS,"501, River View",Phase 2,Pune,Maharashtra,411014,India,Y,Verified,275043.34,Y,2024-05-03 14:45:00,2025-08-28 16:35:00
100113,CUST100113,Krishna,Kulkarni,Male,1994-07-10,krishna.kulkarni100113@examplemail.com,9502146454,8753213522,Student,Business,2025-06-16,Silver,16631,Hindi,WhatsApp,"712, River View",Phase 2,Secunderabad,Telangana,500003,India,Y,Verified,12817.24,Y,2025-06-16 10:29:00,2025-09-19 14:16:00
100114,CUST100114,Aadhya,Singh,Female,1987-05-18,aadhya.singh100114@examplemail.com,9999499405,8722732345,Student,Individual,2026-08-02,Bronze,13160,Kannada,WhatsApp,"127, MG Road",Beside Community Park,Bengaluru,Karnataka,560037,India,Y,Verified,22215.32,Y,2026-08-02 14:22:00,2026-08-07 22:34:00
100115,CUST100115,Varun,Mishra,Male,1967-08-21,varun.mishra100115@examplemail.com,9600323168,8585767980,Corporate,Individual,2026-01-08,Silver,3974,Tamil,Email,"897, Temple Street",Near Metro Station,Secunderabad,Telangana,500003,India,Y,Pending,476278.40,Y,2026-01-08 20:57:00,2026-01-09 07:50:00
100116,CUST100116,Tarun,Sharma,Male,1984-02-23,tarun.sharma100116@examplemail.com,9556830497,8717182293,Student,Individual,2025-08-16,Silver,17683,English,SMS,"699, Tech Park Avenue",Opp. City Mall,Delhi,Delhi,110017,India,Y,Verified,24439.71,N,2025-08-16 18:10:00,2025-09-21 01:46:00
100117,CUST100117,Sai,Kulkarni,Male,2000-08-07,sai.kulkarni100117@examplemail.com,9292514069,8326276224,Senior Citizen,Individual,2024-05-28,Bronze,11259,Kannada,Phone,"31, Central Colony",Beside Community Park,Hyderabad,Telangana,500081,India,Y,Verified,37238.52,N,2024-05-28 19:07:00,2026-02-05 20:39:00
100118,CUST100118,Sanjay,Kulkarni,Male,1955-10-13,sanjay.kulkarni100118@examplemail.com,9580694557,8763285566,Retail,Individual,2024-03-05,Silver,17845,Tamil,Phone,"756, Lake View Road",Opp. City Mall,Delhi,Delhi,110017,India,Y,Pending,37867.14,N,2024-03-05 10:09:00,2024-10-05 19:23:00
100119,CUST100119,Aadhya,Naidu,Female,1978-02-06,aadhya.naidu100119@examplemail.com,9459526613,8676656273,Retail,Individual,2026-05-31,Silver,10911,English,WhatsApp,"103, Lake View Road",Beside Community Park,Vijayawada,Andhra Pradesh,520010,India,Y,Verified,26664.15,N,2026-05-31 12:55:00,2026-06-23 18:40:00
100120,CUST100120,Surya,Reddy,Male,1955-02-19,surya.reddy100120@examplemail.com,9892737787,8742355779,Premium,Individual,2025-08-12,Bronze,15272,Telugu,SMS,"142, Lake View Road",Opp. City Mall,Visakhapatnam,Andhra Pradesh,530017,India,Y,Verified,240848.59,Y,2025-08-12 11:03:00,2025-11-04 15:39:00
100121,CUST100121,Krishna,Singh,Male,1967-08-16,krishna.singh100121@examplemail.com,9948752759,8387134611,Student,Individual,2026-06-22,Bronze,17242,Hindi,Email,"359, Temple Street",Opp. City Mall,Mumbai,Maharashtra,400076,India,Y,Verified,6185.37,Y,2026-06-22 16:01:00,2026-09-07 21:59:00
100122,CUST100122,Pooja,Kulkarni,Female,1977-07-15,pooja.kulkarni100122@examplemail.com,9345441411,8871265489,Premium,Individual,2025-03-26,Bronze,17283,Telugu,WhatsApp,"790, Lake View Road",Phase 2,Secunderabad,Telangana,500003,India,Y,Not Required,168258.06,Y,2025-03-26 17:37:00,2026-07-17 03:31:00
100123,CUST100123,Nikhil,Yadav,Male,1998-06-02,nikhil.yadav100123@examplemail.com,9678760098,8337214637,Premium,Individual,2024-06-13,Gold,22762,Telugu,WhatsApp,"15, Lake View Road",Opp. City Mall,Secunderabad,Telangana,500003,India,Y,Verified,129478.65,N,2024-06-13 14:11:00,2025-12-02 20:17:00
100124,CUST100124,Neha,Singh,Female,1991-03-25,neha.singh100124@examplemail.com,9597722419,8741006294,Corporate,Individual,2025-12-13,Bronze,15647,English,WhatsApp,"685, Park Lane",Near Metro Station,Secunderabad,Telangana,500003,India,Y,Verified,821451.13,Y,2025-12-13 12:48:00,2026-05-09 19:23:00
100125,CUST100125,Manish,Menon,Male,1971-12-16,manish.menon100125@examplemail.com,9440264736,8667817535,Corporate,Individual,2026-04-26,Bronze,16105,Tamil,SMS,"918, River View",Phase 2,Chennai,Tamil Nadu,600042,India,Y,Verified,527822.78,N,2026-04-26 11:52:00,2026-09-01 21:27:00
100126,CUST100126,Pranav,Das,Male,1998-05-20,pranav.das100126@examplemail.com,9531017002,8255007962,Corporate,Individual,2024-07-28,Gold,15360,Kannada,Phone,"618, Market Road",Opp. City Mall,Chennai,Tamil Nadu,600042,India,Y,Verified,596809.02,Y,2024-07-28 08:58:00,2026-05-27 13:38:00
100127,CUST100127,Harsha,Yadav,Male,1988-07-02,harsha.yadav100127@examplemail.com,9793083755,8305258202,Premium,Individual,2024-08-14,Gold,24631,Kannada,SMS,"785, Temple Street",Beside Community Park,Bengaluru,Karnataka,560037,India,N,Rejected,182619.07,N,2024-08-14 13:01:00,2025-07-02 17:38:00
100128,CUST100128,Rohan,Shetty,Male,1967-11-11,rohan.shetty100128@examplemail.com,9771179980,8678335556,Premium,Individual,2024-05-10,Bronze,3789,Telugu,Phone,"309, Lake View Road",,Mumbai,Maharashtra,400076,India,Y,Verified,247990.01,Y,2024-05-10 15:36:00,2024-12-01 17:46:00
100129,CUST100129,Charan,Joshi,Male,1963-01-14,charan.joshi100129@examplemail.com,9298106231,8792567945,Retail,Individual,2024-08-07,Silver,6884,Telugu,Email,"132, Green Hills",Near Metro Station,Bengaluru,Karnataka,560037,India,Y,Verified,45143.46,N,2024-08-07 14:37:00,2026-03-28 22:56:00
100130,CUST100130,Swathi,Joshi,Female,1971-07-25,swathi.joshi100130@examplemail.com,9564448775,8800689044,Premium,Individual,2024-07-23,Gold,24868,Kannada,WhatsApp,"394, Green Hills",Near Metro Station,Secunderabad,Telangana,500003,India,Y,Verified,149835.29,N,2024-07-23 12:18:00,2025-02-25 13:39:00
100131,CUST100131,Akash,Patel,Male,1998-09-24,akash.patel100131@examplemail.com,9786343857,8429089453,Corporate,Individual,2024-02-24,Gold,1424,English,Phone,"73, River View",Phase 2,Secunderabad,Telangana,500003,India,Y,Verified,222704.43,N,2024-02-24 19:47:00,2024-03-13 06:13:00
100132,CUST100132,Pranav,Das,Male,1966-08-24,pranav.das100132@examplemail.com,9596988762,8867470905,Retail,Individual,2024-06-14,Bronze,16064,Telugu,Phone,"323, Central Colony",,Visakhapatnam,Andhra Pradesh,530017,India,Y,Not Required,57039.29,Y,2024-06-14 12:31:00,2025-04-02 17:02:00
100133,CUST100133,Priya,Shetty,Female,1966-11-23,priya.shetty100133@examplemail.com,9584883503,8369417929,Retail,Individual,2024-01-21,Platinum,427,Kannada,Email,"875, Central Colony",Opp. City Mall,Hyderabad,Telangana,500081,India,N,Pending,45415.23,Y,2024-01-21 18:05:00,2024-07-12 18:30:00
100134,CUST100134,Ishita,Mishra,Female,2005-09-03,ishita.mishra100134@examplemail.com,9482456947,8538506563,Retail,Individual,2024-01-10,Platinum,24131,Kannada,Phone,"557, Station Road",,Pune,Maharashtra,411014,India,Y,Verified,18846.97,N,2024-01-10 19:34:00,2024-11-10 00:36:00
100135,CUST100135,Kavya,Patel,Female,1986-11-04,kavya.patel100135@examplemail.com,9144450241,8871124692,Student,Individual,2024-12-06,Platinum,619,Kannada,SMS,"997, Tech Park Avenue",Opp. City Mall,Bengaluru,Karnataka,560037,India,Y,Verified,10233.23,Y,2024-12-06 15:28:00,2025-04-21 22:39:00
100136,CUST100136,Vijay,Verma,Male,2002-12-23,vijay.verma100136@examplemail.com,9812454796,8562081527,Retail,Individual,2025-08-19,Bronze,16086,Tamil,SMS,"290, Tech Park Avenue",Beside Community Park,Pune,Maharashtra,411014,India,Y,Verified,52347.43,Y,2025-08-19 18:27:00,2026-04-19 19:03:00
100137,CUST100137,Kavya,Singh,Female,1989-04-01,kavya.singh100137@examplemail.com,9536156291,8519108046,Retail,Individual,2026-05-17,Bronze,20399,English,SMS,"261, Tech Park Avenue",,Hyderabad,Telangana,500081,India,Y,Verified,65355.92,N,2026-05-17 19:38:00,2026-07-09 03:20:00
100138,CUST100138,Meghana,Sharma,Female,1982-10-14,meghana.sharma100138@examplemail.com,9337991622,8565001711,Senior Citizen,Individual,2025-03-13,Bronze,1666,Hindi,WhatsApp,"312, Green Hills",Opp. City Mall,Vijayawada,Andhra Pradesh,520010,India,Y,Verified,43474.14,Y,2025-03-13 14:04:00,2025-07-31 18:43:00
100139,CUST100139,Kavya,Nair,Female,2002-05-16,kavya.nair100139@examplemail.com,9196794580,8874356037,Student,Individual,2025-05-31,Bronze,5929,English,Email,"451, River View",,Bengaluru,Karnataka,560037,India,Y,Verified,23081.86,Y,2025-05-31 15:08:00,2025-12-19 21:22:00
100140,CUST100140,Ishita,Kumar,Female,1972-02-06,ishita.kumar100140@examplemail.com,9764786726,8866132759,Retail,Individual,2026-03-02,Bronze,7734,Kannada,Phone,"518, Tech Park Avenue",,Warangal,Telangana,506002,India,Y,Verified,53011.12,Y,2026-03-02 12:14:00,2026-08-02 13:48:00
100141,CUST100141,Sahithi,Iyer,Female,1969-03-04,sahithi.iyer100141@examplemail.com,9449671371,8922962749,Premium,Individual,2024-06-13,Silver,17656,Hindi,WhatsApp,"205, Temple Street",Beside Community Park,Secunderabad,Telangana,500003,India,Y,Verified,115593.36,Y,2024-06-13 15:45:00,2025-10-01 21:52:00
100142,CUST100142,Bhavya,Goud,Female,1992-11-09,bhavya.goud100142@examplemail.com,9722148435,8494809409,Student,Individual,2024-08-12,Bronze,16551,Hindi,WhatsApp,"508, Park Lane",Phase 2,Vijayawada,Andhra Pradesh,520010,India,Y,Verified,19646.19,N,2024-08-12 17:25:00,2025-04-02 18:39:00
100143,CUST100143,Vishal,Patel,Male,1955-10-10,vishal.patel100143@examplemail.com,9591858496,8649659763,Premium,Individual,2026-06-22,Silver,11579,Telugu,WhatsApp,"335, MG Road",Opp. City Mall,Visakhapatnam,Andhra Pradesh,530017,India,Y,Verified,109179.85,Y,2026-06-22 10:08:00,2026-06-23 11:22:00
100144,CUST100144,Akash,Joshi,Male,1978-08-10,akash.joshi100144@examplemail.com,9622140044,8612322652,Senior Citizen,Individual,2025-11-10,Silver,11022,Telugu,SMS,"83, River View",,Pune,Maharashtra,411014,India,Y,Verified,26152.64,N,2025-11-10 12:09:00,2026-04-23 21:42:00
100145,CUST100145,Harini,Menon,Female,1985-06-04,harini.menon100145@examplemail.com,9358905660,8440724559,Premium,Individual,2024-09-24,Silver,10572,Tamil,SMS,"104, River View",Near Metro Station,Vijayawada,Andhra Pradesh,520010,India,N,Pending,273440.60,Y,2024-09-24 14:20:00,2025-09-25 20:13:00
100146,CUST100146,Swathi,Kumar,Female,1957-08-24,swathi.kumar100146@examplemail.com,9335180323,8261014924,Senior Citizen,Individual,2024-06-18,Bronze,20027,Tamil,Phone,"97, Tech Park Avenue",Near Metro Station,Secunderabad,Telangana,500003,India,Y,Verified,36382.01,Y,2024-06-18 18:42:00,2026-09-11 02:36:00
100147,CUST100147,Varun,Kumar,Male,1987-11-08,varun.kumar100147@examplemail.com,9544922127,8812053713,Senior Citizen,Individual,2025-10-28,Bronze,1556,Hindi,Email,"630, Market Road",Phase 2,Pune,Maharashtra,411014,India,Y,Not Required,27095.67,Y,2025-10-28 14:57:00,2026-04-28 20:55:00
100148,CUST100148,Charan,Verma,Male,2004-06-13,charan.verma100148@examplemail.com,9325316378,8603020489,Retail,Individual,2026-06-26,Gold,12161,Kannada,SMS,"55, Central Colony",Near Metro Station,Warangal,Telangana,506002,India,Y,Verified,35439.88,Y,2026-06-26 09:21:00,2026-07-26 16:47:00
100149,CUST100149,Keerthi,Nair,Female,1955-09-24,keerthi.nair100149@examplemail.com,9265654456,8988008767,Premium,Individual,2024-06-29,Gold,17918,Telugu,Email,"429, Green Hills",Near Metro Station,Mumbai,Maharashtra,400076,India,Y,Verified,271984.44,Y,2024-06-29 20:08:00,2024-10-12 05:34:00
100150,CUST100150,Priya,Mishra,Female,1963-02-27,priya.mishra100150@examplemail.com,9721736673,8691540538,Student,Individual,2024-05-31,Silver,13213,Kannada,SMS,"316, Park Lane",Opp. City Mall,Visakhapatnam,Andhra Pradesh,530017,India,Y,Not Required,6393.25,Y,2024-05-31 13:43:00,2025-02-18 23:32:00
100151,CUST100151,Harsha,Singh,Male,1992-06-28,harsha.singh100151@examplemail.com,9433382863,8396476983,Premium,Individual,2024-09-08,Silver,14998,Tamil,SMS,"848, Station Road",Beside Community Park,Visakhapatnam,Andhra Pradesh,530017,India,Y,Verified,257261.90,Y,2024-09-08 11:11:00,2026-07-31 18:40:00
100152,CUST100152,Rohan,Sharma,Male,1996-11-19,rohan.sharma100152@examplemail.com,9985877538,8892918117,Corporate,Individual,2024-05-29,Gold,8755,English,WhatsApp,"831, Market Road",Near Metro Station,Bengaluru,Karnataka,560037,India,Y,Verified,571801.47,Y,2024-05-29 16:33:00,2024-07-14 01:47:00
100153,CUST100153,Karthik,Reddy,Male,1964-02-05,karthik.reddy100153@examplemail.com,9259624202,8199958319,Retail,Individual,2024-02-10,Bronze,528,Hindi,SMS,"463, Park Lane",,Mumbai,Maharashtra,400076,India,N,Verified,58615.28,Y,2024-02-10 10:13:00,2025-04-22 15:53:00
100154,CUST100154,Deepika,Shetty,Female,1971-06-16,deepika.shetty100154@examplemail.com,9465213066,8612111603,Premium,Individual,2026-01-12,Bronze,23164,Telugu,Phone,"936, Temple Street",Phase 2,Chennai,Tamil Nadu,600042,India,Y,Verified,147404.80,Y,2026-01-12 16:29:00,2026-05-28 16:30:00
100155,CUST100155,Aadhya,Yadav,Female,1998-10-11,aadhya.yadav100155@examplemail.com,9807352261,8792041080,Premium,Individual,2024-12-05,Bronze,9486,Telugu,Email,"482, Tech Park Avenue",,Pune,Maharashtra,411014,India,Y,Verified,228054.44,N,2024-12-05 10:52:00,2026-07-01 11:39:00
100156,CUST100156,Sai,Chowdary,Male,1956-09-02,sai.chowdary100156@examplemail.com,9141549334,8208459409,Premium,Individual,2026-02-02,Gold,19306,Telugu,WhatsApp,"203, Green Hills",,Vijayawada,Andhra Pradesh,520010,India,Y,Pending,253292.70,N,2026-02-02 14:50:00,2026-05-22 19:18:00
100157,CUST100157,Nikhil,Chowdary,Male,1968-04-16,nikhil.chowdary100157@examplemail.com,9241334091,8850411854,Retail,Individual,2025-10-19,Bronze,19815,English,WhatsApp,"347, Lake View Road",,Hyderabad,Telangana,500081,India,N,Verified,33528.45,N,2025-10-19 15:20:00,2026-06-30 20:26:00
100158,CUST100158,Keerthi,Reddy,Female,1977-07-22,keerthi.reddy100158@examplemail.com,9246799305,8243960760,Premium,Individual,2025-09-16,Bronze,8940,Telugu,Phone,"55, Station Road",Phase 2,Hyderabad,Telangana,500081,India,Y,Verified,276599.00,N,2025-09-16 19:30:00,2026-03-29 23:16:00
100159,CUST100159,Harsha,Singh,Male,1982-05-10,harsha.singh100159@examplemail.com,9267154893,8300503683,Student,Individual,2025-04-02,Silver,10952,Kannada,WhatsApp,"461, MG Road",Opp. City Mall,Chennai,Tamil Nadu,600042,India,Y,Verified,8625.35,N,2025-04-02 09:49:00,2025-06-29 15:35:00
100160,CUST100160,Tarun,Nair,Male,1992-09-10,tarun.nair100160@examplemail.com,9124236963,8278237113,Senior Citizen,Individual,2026-07-11,Silver,15603,Kannada,Phone,"547, Green Hills",Beside Community Park,Visakhapatnam,Andhra Pradesh,530017,India,Y,Not Required,17824.89,Y,2026-07-11 20:13:00,2026-08-13 04:18:00
100161,CUST100161,Kavya,Shetty,Female,1992-06-13,kavya.shetty100161@examplemail.com,9467753504,8482888832,Premium,Individual,2026-06-08,Bronze,20356,Telugu,WhatsApp,"404, Lake View Road",,Secunderabad,Telangana,500003,India,Y,Verified,262380.90,N,2026-06-08 13:37:00,2026-07-14 23:53:00
100162,CUST100162,Karthik,Reddy,Male,1961-05-05,karthik.reddy100162@examplemail.com,9544459619,8104709028,Corporate,Individual,2025-05-20,Bronze,6735,Kannada,Phone,"333, MG Road",Opp. City Mall,Mumbai,Maharashtra,400076,India,Y,Verified,956255.04,Y,2025-05-20 12:27:00,2025-08-25 16:45:00
100163,CUST100163,Ananya,Iyer,Female,1972-08-17,ananya.iyer100163@examplemail.com,9224176414,8554546131,Senior Citizen,Individual,2024-11-08,Bronze,24587,Tamil,Email,"864, MG Road",Opp. City Mall,Chennai,Tamil Nadu,600042,India,Y,Pending,16329.44,N,2024-11-08 19:46:00,2025-03-07 03:37:00
100164,CUST100164,Sneha,Naidu,Female,1999-12-23,sneha.naidu100164@examplemail.com,9867052297,8445842586,Student,Individual,2026-04-10,Bronze,14574,Hindi,SMS,"310, Lake View Road",Beside Community Park,Chennai,Tamil Nadu,600042,India,Y,Verified,13207.65,N,2026-04-10 08:51:00,2026-05-06 17:01:00
100165,CUST100165,Divya,Singh,Female,1985-11-12,divya.singh100165@examplemail.com,9187110190,8148399788,Senior Citizen,Individual,2024-07-25,Bronze,17126,Kannada,SMS,"131, Green Hills",Opp. City Mall,Secunderabad,Telangana,500003,India,Y,Verified,59161.20,N,2024-07-25 15:01:00,2024-12-24 21:03:00
100166,CUST100166,Ananya,Patel,Female,1980-12-06,ananya.patel100166@examplemail.com,9704342056,8124875240,Student,Individual,2024-05-19,Gold,22332,Tamil,Email,"265, River View",Near Metro Station,Warangal,Telangana,506002,India,Y,Verified,22547.34,N,2024-05-19 15:05:00,2026-07-29 01:21:00
100167,CUST100167,Vishal,Reddy,Male,2000-03-19,vishal.reddy100167@examplemail.com,9537367381,8136715325,Senior Citizen,Individual,2025-03-09,Platinum,22468,Telugu,WhatsApp,"416, MG Road",Near Metro Station,Pune,Maharashtra,411014,India,Y,Verified,59650.52,Y,2025-03-09 17:55:00,2026-03-28 22:17:00
100168,CUST100168,Akash,Gupta,Male,1996-11-24,akash.gupta100168@examplemail.com,9615884751,8734386068,Retail,Individual,2024-05-23,Gold,1533,Kannada,WhatsApp,"781, MG Road",,Bengaluru,Karnataka,560037,India,Y,Verified,24318.20,Y,2024-05-23 11:05:00,2024-07-30 18:49:00
100169,CUST100169,Charan,Naidu,Male,1994-01-23,charan.naidu100169@examplemail.com,9607468331,8986721555,Student,Individual,2026-03-25,Silver,16602,Hindi,Email,"694, Tech Park Avenue",Beside Community Park,Chennai,Tamil Nadu,600042,India,N,Verified,21950.04,Y,2026-03-25 11:17:00,2026-05-02 19:55:00
100170,CUST100170,Vijay,Naidu,Male,2001-11-22,vijay.naidu100170@examplemail.com,9175171857,8823205010,Student,Individual,2026-07-08,Gold,1496,Kannada,SMS,"249, Central Colony",Near Metro Station,Chennai,Tamil Nadu,600042,India,Y,Verified,19246.23,Y,2026-07-08 17:46:00,2026-09-12 01:26:00
100171,CUST100171,Nikhil,Yadav,Male,1976-02-25,nikhil.yadav100171@examplemail.com,9727149378,8256889703,Senior Citizen,Individual,2024-06-04,Bronze,1098,English,WhatsApp,"637, Station Road",Beside Community Park,Warangal,Telangana,506002,India,Y,Verified,22066.70,Y,2024-06-04 15:04:00,2025-08-02 01:39:00
100172,CUST100172,Krishna,Kulkarni,Male,2003-11-01,krishna.kulkarni100172@examplemail.com,9534066024,8518946961,Retail,Individual,2024-10-28,Bronze,2262,Kannada,Email,"5, Station Road",Phase 2,Chennai,Tamil Nadu,600042,India,Y,Verified,41171.40,Y,2024-10-28 19:43:00,2025-01-17 03:22:00
100173,CUST100173,Nikhil,Iyer,Male,1968-03-19,nikhil.iyer100173@examplemail.com,9406685131,8712861693,Premium,Individual,2026-01-14,Platinum,18039,Hindi,WhatsApp,"476, Tech Park Avenue",Near Metro Station,Pune,Maharashtra,411014,India,Y,Verified,217383.02,N,2026-01-14 10:53:00,2026-08-14 12:30:00
100174,CUST100174,Kavya,Shetty,Female,1967-03-18,kavya.shetty100174@examplemail.com,9606198807,8970601245,Senior Citizen,Individual,2024-08-07,Silver,20187,Hindi,SMS,"360, Park Lane",Opp. City Mall,Bengaluru,Karnataka,560037,India,Y,Verified,39807.99,Y,2024-08-07 08:27:00,2025-06-10 18:36:00
100175,CUST100175,Divya,Joshi,Female,1977-05-24,divya.joshi100175@examplemail.com,9470840713,8730301933,Retail,Individual,2025-10-18,Bronze,5712,Hindi,Phone,"608, River View",Phase 2,Vijayawada,Andhra Pradesh,520010,India,Y,Verified,59118.60,N,2025-10-18 20:22:00,2026-02-18 02:53:00
100176,CUST100176,Pranav,Singh,Male,1996-01-13,pranav.singh100176@examplemail.com,9874800608,8427041422,Student,Individual,2025-01-30,Bronze,13289,Tamil,Phone,"23, Green Hills",Beside Community Park,Warangal,Telangana,506002,India,Y,Verified,6061.33,Y,2025-01-30 17:45:00,2026-08-25 02:31:00
100177,CUST100177,Rahul,Kumar,Male,1956-08-24,rahul.kumar100177@examplemail.com,9192182992,8393384433,Retail,Individual,2026-06-26,Silver,10189,Telugu,SMS,"481, Station Road",Opp. City Mall,Chennai,Tamil Nadu,600042,India,Y,Verified,23759.87,Y,2026-06-26 15:41:00,2026-08-24 01:30:00
100178,CUST100178,Bhavya,Naidu,Female,1976-12-08,bhavya.naidu100178@examplemail.com,9249742848,8211316742,Student,Individual,2024-06-18,Platinum,18296,English,Phone,"359, Lake View Road",,Warangal,Telangana,506002,India,Y,Verified,22612.22,Y,2024-06-18 15:01:00,2026-04-22 19:28:00
100179,CUST100179,Sneha,Patel,Female,1963-05-28,sneha.patel100179@examplemail.com,9302252511,8304011692,Premium,Individual,2024-10-26,Bronze,7867,Kannada,Email,"610, Temple Street",Phase 2,Visakhapatnam,Andhra Pradesh,530017,India,Y,Verified,221099.93,Y,2024-10-26 20:05:00,2025-09-18 00:35:00
100180,CUST100180,Akash,Yadav,Male,1969-05-06,akash.yadav100180@examplemail.com,9830916701,8466415571,Corporate,Individual,2025-07-15,Silver,12273,Telugu,Email,"643, Station Road",,Chennai,Tamil Nadu,600042,India,Y,Verified,871834.34,N,2025-07-15 19:36:00,2025-11-26 02:45:00
100181,CUST100181,Harini,Naidu,Female,1986-05-12,harini.naidu100181@examplemail.com,9989885158,8354370740,Senior Citizen,Individual,2025-09-03,Bronze,4698,Hindi,WhatsApp,"784, Station Road",Near Metro Station,Chennai,Tamil Nadu,600042,India,Y,Not Required,33623.08,Y,2025-09-03 19:37:00,2025-10-12 06:23:00
100182,CUST100182,Ananya,Reddy,Female,1999-05-02,ananya.reddy100182@examplemail.com,9746223001,8430399954,Retail,Individual,2025-03-25,Bronze,14949,Telugu,SMS,"554, Temple Street",Opp. City Mall,Pune,Maharashtra,411014,India,Y,Pending,16064.61,Y,2025-03-25 20:26:00,2025-11-28 06:31:00
100183,CUST100183,Kavya,Yadav,Female,2004-05-16,kavya.yadav100183@examplemail.com,9975350322,8445052356,Senior Citizen,Individual,2026-04-30,Silver,23970,Hindi,WhatsApp,"473, Green Hills",Beside Community Park,Delhi,Delhi,110017,India,Y,Verified,44482.84,Y,2026-04-30 13:05:00,2026-08-24 17:25:00
100184,CUST100184,Deepika,Sharma,Female,1980-04-13,deepika.sharma100184@examplemail.com,9305359058,8399771329,Student,Individual,2025-09-28,Bronze,17050,English,WhatsApp,"432, Park Lane",Near Metro Station,Hyderabad,Telangana,500081,India,Y,Verified,20583.70,N,2025-09-28 20:26:00,2026-08-11 02:26:00
100185,CUST100185,Bhavya,Rao,Female,1971-01-08,bhavya.rao100185@examplemail.com,9296612142,8887004666,Retail,Individual,2024-09-28,Bronze,2933,Telugu,SMS,"826, River View",Beside Community Park,Warangal,Telangana,506002,India,Y,Pending,39136.00,N,2024-09-28 13:54:00,2026-03-11 14:25:00
100186,CUST100186,Sahithi,Verma,Female,1979-07-01,sahithi.verma100186@examplemail.com,9623242495,8745030486,Senior Citizen,Individual,2025-01-14,Silver,6709,Tamil,SMS,"432, Park Lane",Phase 2,Chennai,Tamil Nadu,600042,India,Y,Pending,39208.59,N,2025-01-14 15:28:00,2025-09-13 20:26:00
100187,CUST100187,Rohan,Goud,Male,1989-10-10,rohan.goud100187@examplemail.com,9606196778,8442775678,Corporate,Business,2025-06-30,Bronze,7378,Hindi,WhatsApp,"570, Green Hills",Near Metro Station,Chennai,Tamil Nadu,600042,India,Y,Verified,393185.19,N,2025-06-30 16:25:00,2025-08-31 01:12:00
100188,CUST100188,Karthik,Iyer,Male,1975-05-01,karthik.iyer100188@examplemail.com,9509189972,8619596582,Retail,Individual,2026-07-23,Bronze,614,Telugu,SMS,"223, Central Colony",,Secunderabad,Telangana,500003,India,Y,Verified,23927.39,N,2026-07-23 08:07:00,2026-08-10 13:17:00
100189,CUST100189,Krishna,Das,Male,1988-03-21,krishna.das100189@examplemail.com,9393759784,8199852480,Corporate,Individual,2026-02-01,Bronze,22660,Telugu,Phone,"202, Market Road",,Vijayawada,Andhra Pradesh,520010,India,Y,Verified,712502.63,Y,2026-02-01 18:30:00,2026-05-05 04:51:00
100190,CUST100190,Sneha,Gupta,Female,1963-01-28,sneha.gupta100190@examplemail.com,9290485194,8434544510,Senior Citizen,Individual,2026-09-03,Bronze,5517,Tamil,SMS,"13, Lake View Road",Near Metro Station,Mumbai,Maharashtra,400076,India,Y,Verified,27785.90,N,2026-09-03 15:11:00,2026-09-13 00:10:00
100191,CUST100191,Surya,Reddy,Male,1966-06-19,surya.reddy100191@examplemail.com,9728562254,8749756429,Senior Citizen,Individual,2024-03-11,Bronze,24823,Tamil,SMS,"794, Lake View Road",Phase 2,Bengaluru,Karnataka,560037,India,Y,Verified,31578.69,Y,2024-03-11 09:40:00,2025-06-20 14:33:00
100192,CUST100192,Arjun,Verma,Male,2002-03-05,arjun.verma100192@examplemail.com,9651598121,8727163045,Corporate,Individual,2024-04-19,Silver,21938,Hindi,WhatsApp,"130, Market Road",,Hyderabad,Telangana,500081,India,Y,Verified,654963.80,Y,2024-04-19 09:32:00,2024-06-06 15:35:00
100193,CUST100193,Charan,Kulkarni,Male,1987-02-26,charan.kulkarni100193@examplemail.com,9188231361,8183461806,Retail,Individual,2025-01-28,Bronze,11107,Hindi,WhatsApp,"62, Station Road",Phase 2,Pune,Maharashtra,411014,India,Y,Verified,48667.58,N,2025-01-28 14:19:00,2025-08-05 16:18:00
100194,CUST100194,Bhavya,Rao,Female,1958-04-01,bhavya.rao100194@examplemail.com,9241790062,8578712813,Premium,Individual,2026-03-30,Silver,7967,Tamil,SMS,"525, Temple Street",Opp. City Mall,Delhi,Delhi,110017,India,Y,Verified,211705.97,N,2026-03-30 14:17:00,2026-07-26 22:44:00
100195,CUST100195,Karthik,Das,Male,1993-08-03,karthik.das100195@examplemail.com,9821867832,8211204321,Senior Citizen,Individual,2025-01-23,Bronze,21188,Tamil,Phone,"312, Green Hills",Near Metro Station,Pune,Maharashtra,411014,India,Y,Verified,25753.45,N,2025-01-23 17:12:00,2026-03-05 18:58:00
100196,CUST100196,Harsha,Singh,Male,1995-05-14,harsha.singh100196@examplemail.com,9780342472,8879211063,Corporate,Business,2024-07-15,Bronze,8389,Telugu,WhatsApp,"366, Park Lane",Near Metro Station,Hyderabad,Telangana,500081,India,Y,Not Required,906078.94,Y,2024-07-15 11:23:00,2025-10-13 15:48:00
100197,CUST100197,Sneha,Mishra,Female,2004-01-18,sneha.mishra100197@examplemail.com,9477099902,8626483246,Student,Individual,2026-06-04,Silver,21923,Hindi,SMS,"42, Lake View Road",Opp. City Mall,Hyderabad,Telangana,500081,India,Y,Verified,17669.55,N,2026-06-04 18:18:00,2026-09-06 23:35:00
100198,CUST100198,Rohan,Mishra,Male,1984-05-06,rohan.mishra100198@examplemail.com,9796452132,8512920311,Student,Individual,2026-08-15,Bronze,8404,English,Email,"355, Station Road",Near Metro Station,Secunderabad,Telangana,500003,India,N,Verified,21922.13,Y,2026-08-15 13:18:00,2026-08-17 19:25:00
100199,CUST100199,Swathi,Chowdary,Female,1959-05-22,swathi.chowdary100199@examplemail.com,9221988609,8889957160,Premium,Individual,2025-05-08,Silver,4023,Hindi,Phone,"410, MG Road",Beside Community Park,Bengaluru,Karnataka,560037,India,Y,Not Required,197799.11,N,2025-05-08 12:55:00,2026-02-24 22:44:00
100200,CUST100200,Ishita,Naidu,Female,1961-02-12,ishita.naidu100200@examplemail.com,9148696303,8361126708,Retail,Individual,2024-07-10,Bronze,18266,English,Email,"926, Park Lane",,Visakhapatnam,Andhra Pradesh,530017,India,Y,Pending,59798.76,Y,2024-07-10 12:21:00,2025-04-18 19:46:00
100201,CUST100201,Karthik,Singh,Male,1972-09-24,karthik.singh100201@examplemail.com,9713083171,8119202553,Student,Individual,2025-07-12,Platinum,9897,Tamil,WhatsApp,"915, Park Lane",,Visakhapatnam,Andhra Pradesh,530017,India,Y,Verified,11280.02,N,2025-07-12 15:38:00,2026-01-06 16:00:00
100202,CUST100202,Deepika,Sharma,Female,1956-01-24,deepika.sharma100202@examplemail.com,9546840664,8975453724,Senior Citizen,Individual,2024-03-10,Bronze,2520,English,Phone,"837, Station Road",Opp. City Mall,Mumbai,Maharashtra,400076,India,Y,Verified,53881.24,Y,2024-03-10 17:29:00,2025-11-13 20:23:00
100203,CUST100203,Charan,Iyer,Male,1975-03-27,charan.iyer100203@examplemail.com,9549103200,8506668309,Retail,Individual,2025-01-04,Silver,7655,Hindi,SMS,"111, Tech Park Avenue",Opp. City Mall,Chennai,Tamil Nadu,600042,India,N,Pending,66424.91,Y,2025-01-04 16:24:00,2025-05-02 20:01:00
100204,CUST100204,Keerthi,Joshi,Female,1961-07-14,keerthi.joshi100204@examplemail.com,9494466020,8821515330,Corporate,Individual,2026-07-10,Silver,13622,Telugu,Email,"686, MG Road",Phase 2,Chennai,Tamil Nadu,600042,India,Y,Verified,717975.32,N,2026-07-10 19:02:00,2026-08-11 23:03:00
100205,CUST100205,Rohan,Verma,Male,1971-06-05,rohan.verma100205@examplemail.com,9545360928,8322363310,Student,Individual,2024-10-31,Bronze,3922,Tamil,WhatsApp,"8, Lake View Road",Near Metro Station,Chennai,Tamil Nadu,600042,India,Y,Verified,13775.01,N,2024-10-31 15:01:00,2026-01-06 23:42:00
100206,CUST100206,Karthik,Naidu,Male,1979-08-13,karthik.naidu100206@examplemail.com,9928510978,8688789124,Corporate,Business,2025-04-05,Silver,7679,English,Email,"321, Lake View Road",,Visakhapatnam,Andhra Pradesh,530017,India,Y,Verified,594503.80,Y,2025-04-05 08:36:00,2026-01-01 17:56:00
100207,CUST100207,Neha,Das,Female,1979-10-28,neha.das100207@examplemail.com,9295193786,8480640593,Senior Citizen,Individual,2024-08-15,Silver,22521,Telugu,SMS,"48, Green Hills",,Hyderabad,Telangana,500081,India,Y,Verified,16456.04,N,2024-08-15 12:50:00,2025-03-07 13:54:00
100208,CUST100208,Deepika,Kumar,Female,1997-07-22,deepika.kumar100208@examplemail.com,9403233210,8320823539,Corporate,Individual,2026-03-09,Bronze,19176,Hindi,WhatsApp,"950, Park Lane",Near Metro Station,Hyderabad,Telangana,500081,India,Y,Verified,241105.10,N,2026-03-09 20:15:00,2026-05-01 22:46:00
100209,CUST100209,Surya,Sharma,Male,2003-01-08,surya.sharma100209@examplemail.com,9451925472,8777864840,Student,Individual,2025-06-19,Bronze,5181,Tamil,WhatsApp,"228, Station Road",Phase 2,Hyderabad,Telangana,500081,India,Y,Verified,13089.54,N,2025-06-19 17:42:00,2025-08-23 03:19:00
100210,CUST100210,Aishwarya,Sharma,Female,1984-06-16,aishwarya.sharma100210@examplemail.com,9931379529,8933144523,Student,Individual,2025-03-06,Bronze,11558,Tamil,Phone,"661, Station Road",Phase 2,Hyderabad,Telangana,500081,India,Y,Verified,24393.51,Y,2025-03-06 16:02:00,2025-10-22 19:37:00
100211,CUST100211,Deepika,Mishra,Female,2000-03-25,deepika.mishra100211@examplemail.com,9241503476,8674926758,Retail,Individual,2024-10-02,Bronze,4522,English,Email,"218, River View",Opp. City Mall,Vijayawada,Andhra Pradesh,520010,India,Y,Verified,56673.14,N,2024-10-02 12:38:00,2026-02-28 16:20:00
100212,CUST100212,Deepika,Das,Female,1961-04-07,deepika.das100212@examplemail.com,9683274914,8354229974,Retail,Individual,2024-07-02,Silver,636,Telugu,Email,"769, Market Road",,Secunderabad,Telangana,500003,India,Y,Verified,52317.06,Y,2024-07-02 18:23:00,2026-07-21 02:47:00
100213,CUST100213,Karthik,Kulkarni,Male,1957-03-28,karthik.kulkarni100213@examplemail.com,9873662751,8169345920,Premium,Individual,2024-12-10,Bronze,23319,Hindi,SMS,"481, Station Road",Phase 2,Visakhapatnam,Andhra Pradesh,530017,India,Y,Verified,138858.32,N,2024-12-10 09:01:00,2026-08-30 16:55:00
100214,CUST100214,Ananya,Menon,Female,1967-10-14,ananya.menon100214@examplemail.com,9123348829,8840237980,Corporate,Individual,2025-04-10,Bronze,3456,Kannada,SMS,"601, Market Road",,Secunderabad,Telangana,500003,India,Y,Verified,676415.06,N,2025-04-10 17:27:00,2025-11-01 21:39:00
100215,CUST100215,Arjun,Kulkarni,Male,1955-11-06,arjun.kulkarni100215@examplemail.com,9279377657,8895589626,Corporate,Individual,2025-04-30,Silver,10840,Kannada,SMS,"919, Temple Street",Beside Community Park,Hyderabad,Telangana,500081,India,Y,Verified,553517.35,Y,2025-04-30 09:13:00,2025-06-28 19:17:00
100216,CUST100216,Aditya,Nair,Male,2000-11-01,aditya.nair100216@examplemail.com,9930297727,8868781690,Retail,Individual,2026-01-10,Silver,24089,Tamil,Phone,"938, River View",Phase 2,Chennai,Tamil Nadu,600042,India,Y,Verified,66783.00,N,2026-01-10 16:00:00,2026-05-30 16:10:00
100217,CUST100217,Pranav,Das,Male,1955-12-18,pranav.das100217@examplemail.com,9513330413,8283654188,Student,Individual,2024-09-25,Silver,19628,Hindi,Phone,"361, Temple Street",Opp. City Mall,Vijayawada,Andhra Pradesh,520010,India,Y,Verified,7917.75,N,2024-09-25 20:11:00,2026-02-01 20:29:00
100218,CUST100218,Harini,Shetty,Female,1960-07-03,harini.shetty100218@examplemail.com,9126179096,8331803383,Retail,Business,2026-03-02,Bronze,4689,Tamil,Phone,"885, Lake View Road",,Bengaluru,Karnataka,560037,India,Y,Verified,15646.69,Y,2026-03-02 18:57:00,2026-08-06 22:08:00
100219,CUST100219,Manish,Kulkarni,Male,1961-04-07,manish.kulkarni100219@examplemail.com,9577373071,8982429201,Senior Citizen,Individual,2025-06-25,Gold,16245,Tamil,SMS,"268, Tech Park Avenue",Beside Community Park,Warangal,Telangana,506002,India,N,Not Required,25776.13,Y,2025-06-25 19:58:00,2026-08-06 22:00:00
100220,CUST100220,Varun,Chowdary,Male,1984-12-26,varun.chowdary100220@examplemail.com,9674639385,8756661267,Student,Individual,2025-09-27,Gold,24435,Kannada,SMS,"756, Station Road",Phase 2,Delhi,Delhi,110017,India,Y,Verified,19281.90,N,2025-09-27 10:44:00,2026-09-12 18:26:00
100221,CUST100221,Aadhya,Iyer,Female,1992-04-07,aadhya.iyer100221@examplemail.com,9473404206,8423097187,Student,Individual,2025-02-13,Silver,20348,Hindi,SMS,"149, Temple Street",Opp. City Mall,Secunderabad,Telangana,500003,India,Y,Verified,24570.96,N,2025-02-13 11:53:00,2025-05-25 18:34:00
100222,CUST100222,Surya,Sharma,Male,1961-04-28,surya.sharma100222@examplemail.com,9272516848,8579837525,Student,Individual,2024-09-17,Bronze,13874,Kannada,Email,"668, Temple Street",,Mumbai,Maharashtra,400076,India,Y,Verified,22031.69,Y,2024-09-17 08:23:00,2025-05-16 14:14:00
100223,CUST100223,Deepika,Das,Female,1988-07-28,deepika.das100223@examplemail.com,9176476659,8778437349,Student,Individual,2025-12-24,Gold,13782,Kannada,WhatsApp,"536, MG Road",Beside Community Park,Delhi,Delhi,110017,India,Y,Verified,10298.48,N,2025-12-24 15:26:00,2026-08-12 21:20:00
100224,CUST100224,Neha,Chowdary,Female,1987-02-11,neha.chowdary100224@examplemail.com,9265761242,8772006265,Premium,Individual,2024-07-16,Bronze,24734,Tamil,Email,"12, Station Road",Opp. City Mall,Warangal,Telangana,506002,India,Y,Verified,235514.22,N,2024-07-16 19:20:00,2024-11-11 03:56:00
100225,CUST100225,Ishita,Mishra,Female,1960-11-21,ishita.mishra100225@examplemail.com,9973393849,8764747901,Student,Business,2024-11-19,Silver,15355,Hindi,SMS,"787, Central Colony",Phase 2,Mumbai,Maharashtra,400076,India,Y,Verified,17768.98,Y,2024-11-19 18:42:00,2025-11-21 20:11:00
100226,CUST100226,Aarav,Chowdary,Male,1996-04-13,aarav.chowdary100226@examplemail.com,9558566756,8880979204,Corporate,Individual,2025-08-27,Gold,22667,Hindi,SMS,"328, Park Lane",Phase 2,Chennai,Tamil Nadu,600042,India,Y,Verified,375439.14,N,2025-08-27 15:23:00,2025-11-01 18:33:00
100227,CUST100227,Neha,Singh,Female,1988-02-11,neha.singh100227@examplemail.com,9754917443,8316390679,Retail,Individual,2026-02-21,Gold,1591,Tamil,WhatsApp,"720, Park Lane",Opp. City Mall,Bengaluru,Karnataka,560037,India,Y,Verified,57185.07,N,2026-02-21 14:02:00,2026-03-15 14:06:00
100228,CUST100228,Aishwarya,Sharma,Female,1984-09-01,aishwarya.sharma100228@examplemail.com,9654387812,8721688796,Student,Individual,2025-12-02,Silver,76,Kannada,Phone,"771, Central Colony",Near Metro Station,Bengaluru,Karnataka,560037,India,Y,Not Required,18883.09,Y,2025-12-02 15:56:00,2026-03-04 19:04:00
100229,CUST100229,Arjun,Yadav,Male,1985-07-10,arjun.yadav100229@examplemail.com,9862073206,8802804253,Student,Individual,2025-07-17,Gold,24620,Tamil,SMS,"1, Park Lane",Beside Community Park,Warangal,Telangana,506002,India,Y,Verified,15417.78,N,2025-07-17 17:49:00,2026-05-10 22:20:00
100230,CUST100230,Charan,Sharma,Male,1957-01-16,charan.sharma100230@examplemail.com,9886018885,8401003994,Student,Individual,2024-06-09,Gold,17676,Hindi,WhatsApp,"240, Lake View Road",Near Metro Station,Bengaluru,Karnataka,560037,India,Y,Verified,8661.10,Y,2024-06-09 10:43:00,2026-09-06 21:30:00
100231,CUST100231,Meghana,Singh,Female,1981-07-23,meghana.singh100231@examplemail.com,9252198551,8466108124,Retail,Individual,2026-09-04,Silver,1,Telugu,Email,"258, Park Lane",Phase 2,Warangal,Telangana,506002,India,Y,Not Required,70262.13,N,2026-09-04 11:27:00,2026-09-05 18:14:00
100232,CUST100232,Pranav,Shetty,Male,1998-09-09,pranav.shetty100232@examplemail.com,9702138158,8599865915,Senior Citizen,Individual,2024-05-17,Silver,13979,Kannada,SMS,"8, Tech Park Avenue",Beside Community Park,Bengaluru,Karnataka,560037,India,Y,Pending,15426.24,Y,2024-05-17 20:35:00,2025-12-29 22:52:00
100233,CUST100233,Aishwarya,Goud,Female,1980-12-19,aishwarya.goud100233@examplemail.com,9998591144,8608856648,Senior Citizen,Individual,2025-10-12,Silver,18706,English,WhatsApp,"356, Market Road",Phase 2,Chennai,Tamil Nadu,600042,India,Y,Verified,53049.54,Y,2025-10-12 16:18:00,2025-11-06 22:44:00
100234,CUST100234,Ishita,Gupta,Female,1964-12-05,ishita.gupta100234@examplemail.com,9881471681,8416435117,Retail,Individual,2026-03-29,Silver,15292,Telugu,WhatsApp,"480, Station Road",Phase 2,Bengaluru,Karnataka,560037,India,Y,Verified,69020.78,Y,2026-03-29 12:45:00,2026-05-14 20:05:00
100235,CUST100235,Manish,Menon,Male,1970-03-10,manish.menon100235@examplemail.com,9845419224,8777796705,Premium,Individual,2025-11-05,Bronze,16725,Kannada,WhatsApp,"505, River View",Opp. City Mall,Vijayawada,Andhra Pradesh,520010,India,Y,Verified,204637.36,Y,2025-11-05 12:07:00,2026-04-20 18:10:00
100236,CUST100236,Vijay,Chowdary,Male,1980-11-15,vijay.chowdary100236@examplemail.com,9566355706,8992202563,Retail,Individual,2025-03-02,Bronze,24881,Hindi,Phone,"931, River View",Beside Community Park,Chennai,Tamil Nadu,600042,India,Y,Verified,69465.35,N,2025-03-02 08:58:00,2025-10-21 16:00:00
100237,CUST100237,Surya,Shetty,Male,1978-11-14,surya.shetty100237@examplemail.com,9992720656,8792623029,Retail,Individual,2026-01-04,Platinum,8661,Telugu,Phone,"352, Station Road",Beside Community Park,Vijayawada,Andhra Pradesh,520010,India,Y,Verified,52572.41,Y,2026-01-04 18:06:00,2026-03-25 19:57:00
100238,CUST100238,Pranav,Goud,Male,1976-01-26,pranav.goud100238@examplemail.com,9583332600,8208124612,Premium,Individual,2024-03-12,Silver,1742,Tamil,WhatsApp,"938, Temple Street",Beside Community Park,Secunderabad,Telangana,500003,India,Y,Verified,285788.29,Y,2024-03-12 11:45:00,2024-04-01 20:02:00
100239,CUST100239,Meghana,Kumar,Female,1973-11-19,meghana.kumar100239@examplemail.com,9564841847,8788463881,Senior Citizen,Individual,2025-09-19,Silver,19429,Tamil,Phone,"53, MG Road",Near Metro Station,Chennai,Tamil Nadu,600042,India,Y,Verified,24211.39,N,2025-09-19 17:25:00,2026-05-14 19:32:00
100240,CUST100240,Krishna,Sharma,Male,2000-01-06,krishna.sharma100240@examplemail.com,9691274330,8841187961,Premium,Individual,2024-07-27,Silver,20157,Tamil,WhatsApp,"807, Central Colony",Opp. City Mall,Mumbai,Maharashtra,400076,India,Y,Verified,149638.78,N,2024-07-27 19:10:00,2024-10-05 06:05:00
100241,CUST100241,Ishita,Patel,Female,1978-02-03,ishita.patel100241@examplemail.com,9689249000,8757970038,Premium,Business,2025-12-16,Silver,12209,Kannada,Phone,"702, Station Road",Beside Community Park,Delhi,Delhi,110017,India,Y,Verified,244986.95,N,2025-12-16 17:58:00,2026-02-08 02:53:00
100242,CUST100242,Vishal,Goud,Male,1957-12-18,vishal.goud100242@examplemail.com,9479173894,8650561844,Student,Individual,2024-01-05,Platinum,10685,Hindi,Email,"246, River View",Near Metro Station,Secunderabad,Telangana,500003,India,Y,Verified,18016.47,N,2024-01-05 17:49:00,2025-08-11 01:50:00
100243,CUST100243,Priya,Patel,Female,1993-08-04,priya.patel100243@examplemail.com,9733911360,8620209980,Retail,Individual,2025-09-14,Silver,4022,Hindi,WhatsApp,"712, Green Hills",,Visakhapatnam,Andhra Pradesh,530017,India,Y,Verified,35853.26,N,2025-09-14 10:34:00,2026-08-01 13:40:00
100244,CUST100244,Pooja,Singh,Female,1958-04-01,pooja.singh100244@examplemail.com,9776283903,8611422738,Senior Citizen,Individual,2024-12-09,Bronze,2718,Tamil,Phone,"932, Temple Street",,Hyderabad,Telangana,500081,India,Y,Not Required,18647.25,N,2024-12-09 15:42:00,2026-03-06 17:24:00
100245,CUST100245,Priya,Rao,Female,2001-12-16,priya.rao100245@examplemail.com,9736851997,8752477961,Student,Individual,2026-06-04,Platinum,18239,Tamil,Phone,"650, Central Colony",Opp. City Mall,Pune,Maharashtra,411014,India,Y,Verified,16449.67,N,2026-06-04 10:23:00,2026-08-13 14:17:00
100246,CUST100246,Krishna,Nair,Male,2001-05-05,krishna.nair100246@examplemail.com,9847297874,8630385509,Senior Citizen,Business,2024-03-25,Bronze,10375,Kannada,Email,"555, Park Lane",,Mumbai,Maharashtra,400076,India,N,Verified,30202.43,Y,2024-03-25 13:32:00,2025-02-21 13:39:00
100247,CUST100247,Kavya,Sharma,Female,1976-08-18,kavya.sharma100247@examplemail.com,9464422860,8419065231,Premium,Individual,2025-05-07,Silver,20815,Kannada,Phone,"535, Lake View Road",Near Metro Station,Hyderabad,Telangana,500081,India,Y,Verified,286369.44,N,2025-05-07 12:16:00,2026-05-25 21:08:00
100248,CUST100248,Lakshmi,Joshi,Female,1973-03-19,lakshmi.joshi100248@examplemail.com,9652859047,8615748931,Student,Individual,2024-11-29,Silver,10051,Hindi,SMS,"445, Tech Park Avenue",Opp. City Mall,Chennai,Tamil Nadu,600042,India,Y,Verified,12884.90,Y,2024-11-29 13:31:00,2026-03-18 17:16:00
100249,CUST100249,Divya,Patel,Female,2004-02-23,divya.patel100249@examplemail.com,9969351909,8281743277,Retail,Individual,2025-07-15,Bronze,23373,Kannada,WhatsApp,"884, Station Road",,Chennai,Tamil Nadu,600042,India,Y,Verified,28984.77,Y,2025-07-15 18:44:00,2026-08-28 21:09:00
100250,CUST100250,Vijay,Reddy,Male,1999-07-11,vijay.reddy100250@examplemail.com,9434791908,8537080577,Senior Citizen,Individual,2025-01-08,Platinum,23372,English,WhatsApp,"758, Green Hills",,Secunderabad,Telangana,500003,India,Y,Verified,25149.38,N,2025-01-08 19:38:00,2026-02-03 22:36:00
100251,CUST100251,Pooja,Naidu,Female,1983-05-07,pooja.naidu100251@examplemail.com,9888671232,8627396473,Premium,Individual,2026-04-14,Silver,970,Kannada,WhatsApp,"514, River View",Beside Community Park,Warangal,Telangana,506002,India,Y,Verified,147391.88,Y,2026-04-14 19:10:00,2026-06-17 04:03:00
100252,CUST100252,Aadhya,Joshi,Female,1968-07-18,aadhya.joshi100252@examplemail.com,9876542947,8658819449,Senior Citizen,Individual,2026-06-23,Silver,16887,Hindi,Email,"830, Station Road",Beside Community Park,Warangal,Telangana,506002,India,N,Verified,11970.70,N,2026-06-23 12:50:00,2026-07-08 17:38:00
100253,CUST100253,Pranav,Verma,Male,1985-05-04,pranav.verma100253@examplemail.com,9855847325,8289922830,Senior Citizen,Individual,2024-04-15,Bronze,173,Hindi,Phone,"577, Central Colony",Phase 2,Pune,Maharashtra,411014,India,N,Verified,40431.73,N,2024-04-15 19:16:00,2025-10-20 05:29:00
100254,CUST100254,Krishna,Reddy,Male,2004-04-16,krishna.reddy100254@examplemail.com,9478626303,8777525661,Retail,Individual,2024-01-14,Silver,24716,Telugu,Email,"424, Tech Park Avenue",Phase 2,Bengaluru,Karnataka,560037,India,N,Verified,27456.51,Y,2024-01-14 14:44:00,2026-08-26 20:03:00
100255,CUST100255,Manish,Singh,Male,1991-12-21,manish.singh100255@examplemail.com,9983196990,8802759272,Corporate,Individual,2026-07-14,Silver,21208,Hindi,SMS,"87, Green Hills",Beside Community Park,Pune,Maharashtra,411014,India,Y,Not Required,442843.69,Y,2026-07-14 09:06:00,2026-08-21 20:00:00
100256,CUST100256,Surya,Mishra,Male,1980-12-23,surya.mishra100256@examplemail.com,9154899675,8551031068,Senior Citizen,Individual,2025-05-06,Bronze,17316,English,WhatsApp,"412, MG Road",Opp. City Mall,Bengaluru,Karnataka,560037,India,Y,Verified,22106.23,N,2025-05-06 19:29:00,2026-01-19 21:51:00
100257,CUST100257,Aarav,Mishra,Male,1971-08-09,aarav.mishra100257@examplemail.com,9967377681,8739244714,Corporate,Individual,2025-07-08,Bronze,17184,Kannada,WhatsApp,"640, Central Colony",Opp. City Mall,Secunderabad,Telangana,500003,India,Y,Verified,996201.28,Y,2025-07-08 16:23:00,2026-05-10 21:56:00
100258,CUST100258,Deepika,Shetty,Female,1986-02-20,deepika.shetty100258@examplemail.com,9179500168,8531888680,Corporate,Individual,2025-08-27,Gold,10701,Telugu,Phone,"849, Lake View Road",Phase 2,Vijayawada,Andhra Pradesh,520010,India,Y,Not Required,579447.15,N,2025-08-27 15:07:00,2026-07-30 02:06:00
100259,CUST100259,Aishwarya,Gupta,Female,1974-02-13,aishwarya.gupta100259@examplemail.com,9558834068,8265732471,Student,Individual,2026-07-09,Bronze,21447,Hindi,WhatsApp,"261, Temple Street",Opp. City Mall,Pune,Maharashtra,411014,India,Y,Verified,12557.51,N,2026-07-09 12:44:00,2026-08-30 17:37:00
100260,CUST100260,Charan,Verma,Male,1965-03-20,charan.verma100260@examplemail.com,9891409242,8475459917,Premium,Individual,2025-05-22,Platinum,8614,English,SMS,"971, Market Road",,Visakhapatnam,Andhra Pradesh,530017,India,Y,Not Required,212699.25,Y,2025-05-22 09:02:00,2026-04-06 10:50:00
100261,CUST100261,Sneha,Gupta,Female,1993-08-14,sneha.gupta100261@examplemail.com,9598265590,8802466730,Premium,Individual,2024-02-02,Gold,24660,Telugu,SMS,"335, Lake View Road",,Bengaluru,Karnataka,560037,India,Y,Verified,259401.12,Y,2024-02-02 12:31:00,2024-11-05 15:19:00
100262,CUST100262,Surya,Iyer,Male,1969-02-14,surya.iyer100262@examplemail.com,9986712823,8333608109,Corporate,Individual,2025-03-24,Silver,22474,Hindi,SMS,"140, Park Lane",Beside Community Park,Delhi,Delhi,110017,India,Y,Pending,391916.61,N,2025-03-24 17:29:00,2025-04-19 00:32:00
100263,CUST100263,Aadhya,Kulkarni,Female,2000-04-08,aadhya.kulkarni100263@examplemail.com,9405857178,8217551083,Premium,Individual,2025-02-20,Gold,8033,English,Phone,"816, Market Road",Phase 2,Secunderabad,Telangana,500003,India,Y,Verified,291227.48,N,2025-02-20 10:54:00,2026-05-21 15:33:00
100264,CUST100264,Aditya,Singh,Male,1992-09-14,aditya.singh100264@examplemail.com,9764475997,8544734769,Retail,Individual,2026-03-05,Platinum,12141,Tamil,SMS,"288, Market Road",Near Metro Station,Visakhapatnam,Andhra Pradesh,530017,India,Y,Verified,44898.95,Y,2026-03-05 20:58:00,2026-08-06 04:14:00
100265,CUST100265,Krishna,Kumar,Male,1963-06-01,krishna.kumar100265@examplemail.com,9344334014,8310717948,Retail,Individual,2024-11-06,Bronze,15523,Telugu,Phone,"616, Park Lane",Phase 2,Vijayawada,Andhra Pradesh,520010,India,Y,Verified,13299.93,N,2024-11-06 13:22:00,2025-08-26 19:44:00
100266,CUST100266,Pranav,Singh,Male,1968-05-02,pranav.singh100266@examplemail.com,9710035525,8868121208,Premium,Individual,2025-07-14,Bronze,24110,Hindi,Phone,"790, MG Road",Phase 2,Chennai,Tamil Nadu,600042,India,Y,Verified,155177.66,N,2025-07-14 18:37:00,2026-02-08 05:09:00
100267,CUST100267,Rohan,Iyer,Male,1958-09-01,rohan.iyer100267@examplemail.com,9608550586,8752364404,Corporate,Individual,2026-01-12,Silver,3817,English,Phone,"796, Market Road",,Chennai,Tamil Nadu,600042,India,Y,Verified,453234.20,Y,2026-01-12 09:16:00,2026-06-03 19:10:00
100268,CUST100268,Manish,Singh,Male,1983-04-13,manish.singh100268@examplemail.com,9735160448,8142449445,Corporate,Individual,2025-01-11,Gold,4986,English,Email,"829, River View",Phase 2,Vijayawada,Andhra Pradesh,520010,India,N,Verified,251302.95,Y,2025-01-11 11:57:00,2026-07-29 15:10:00
100269,CUST100269,Aishwarya,Das,Female,1963-06-18,aishwarya.das100269@examplemail.com,9983884127,8553605527,Premium,Individual,2025-03-30,Silver,24876,Kannada,WhatsApp,"408, Market Road",Beside Community Park,Secunderabad,Telangana,500003,India,Y,Not Required,89643.05,Y,2025-03-30 19:37:00,2026-06-15 04:52:00
100270,CUST100270,Harini,Joshi,Female,1987-08-21,harini.joshi100270@examplemail.com,9940357542,8772485410,Senior Citizen,Business,2025-09-21,Gold,1754,Kannada,Email,"685, Tech Park Avenue",Phase 2,Visakhapatnam,Andhra Pradesh,530017,India,Y,Verified,54679.01,Y,2025-09-21 17:16:00,2026-03-26 03:48:00
100271,CUST100271,Kavya,Gupta,Female,1982-08-05,kavya.gupta100271@examplemail.com,9242459134,8828676395,Corporate,Individual,2024-07-09,Gold,19067,Tamil,WhatsApp,"210, River View",,Vijayawada,Andhra Pradesh,520010,India,N,Verified,503170.39,Y,2024-07-09 17:49:00,2026-03-28 22:39:00
100272,CUST100272,Divya,Das,Female,1986-11-26,divya.das100272@examplemail.com,9737155499,8230223415,Premium,Individual,2025-02-18,Bronze,18962,Hindi,WhatsApp,"708, Temple Street",,Secunderabad,Telangana,500003,India,Y,Verified,184069.92,Y,2025-02-18 10:14:00,2026-05-21 13:35:00
100273,CUST100273,Aishwarya,Das,Female,1986-11-15,aishwarya.das100273@examplemail.com,9538232247,8553515242,Premium,Individual,2026-05-27,Gold,22087,English,Phone,"195, Station Road",Opp. City Mall,Secunderabad,Telangana,500003,India,Y,Verified,191495.42,N,2026-05-27 09:23:00,2026-09-06 10:27:00
100274,CUST100274,Karthik,Iyer,Male,1985-09-04,karthik.iyer100274@examplemail.com,9298794070,8354931357,Premium,Individual,2024-11-15,Bronze,14880,Telugu,Phone,"142, Lake View Road",Near Metro Station,Hyderabad,Telangana,500081,India,Y,Verified,213349.29,N,2024-11-15 18:12:00,2026-02-09 02:38:00
100275,CUST100275,Aarav,Yadav,Male,1976-10-25,aarav.yadav100275@examplemail.com,9637317844,8179531079,Student,Individual,2026-01-24,Gold,4742,Tamil,Email,"663, Station Road",Opp. City Mall,Bengaluru,Karnataka,560037,India,Y,Pending,6568.41,N,2026-01-24 15:14:00,2026-05-09 19:23:00
100276,CUST100276,Sanjay,Yadav,Male,1958-11-13,sanjay.yadav100276@examplemail.com,9976190622,8792780012,Senior Citizen,Individual,2025-02-02,Bronze,481,Kannada,Email,"714, Market Road",Beside Community Park,Visakhapatnam,Andhra Pradesh,530017,India,Y,Verified,17285.00,N,2025-02-02 09:02:00,2025-08-22 09:35:00
100277,CUST100277,Vaishnavi,Patel,Female,1957-08-04,vaishnavi.patel100277@examplemail.com,9296397521,8188699818,Corporate,Individual,2025-12-15,Silver,16245,Kannada,WhatsApp,"717, Station Road",,Delhi,Delhi,110017,India,Y,Verified,241632.46,Y,2025-12-15 15:03:00,2026-08-04 21:22:00
100278,CUST100278,Swathi,Das,Female,2004-10-11,swathi.das100278@examplemail.com,9129204013,8665164355,Student,Individual,2025-07-28,Silver,11364,Telugu,Email,"425, Station Road",Phase 2,Pune,Maharashtra,411014,India,Y,Verified,17236.74,N,2025-07-28 16:11:00,2026-02-12 19:32:00
100279,CUST100279,Sahithi,Joshi,Female,1981-07-03,sahithi.joshi100279@examplemail.com,9724742431,8939046877,Student,Individual,2025-09-11,Gold,11281,Telugu,WhatsApp,"387, Temple Street",Phase 2,Pune,Maharashtra,411014,India,Y,Verified,8702.54,Y,2025-09-11 14:25:00,2026-06-11 23:11:00
100280,CUST100280,Keerthi,Shetty,Female,1989-01-19,keerthi.shetty100280@examplemail.com,9865949385,8148247018,Retail,Individual,2024-08-14,Silver,12158,Tamil,WhatsApp,"724, Tech Park Avenue",Near Metro Station,Warangal,Telangana,506002,India,Y,Rejected,67902.98,N,2024-08-14 15:24:00,2026-04-29 16:11:00
100281,CUST100281,Swathi,Goud,Female,1980-06-24,swathi.goud100281@examplemail.com,9335412049,8848843064,Corporate,Individual,2026-02-15,Silver,18075,Tamil,Phone,"342, Tech Park Avenue",Phase 2,Warangal,Telangana,506002,India,Y,Not Required,398412.51,N,2026-02-15 08:07:00,2026-07-18 10:19:00
100282,CUST100282,Keerthi,Menon,Female,1962-01-03,keerthi.menon100282@examplemail.com,9478026996,8228974758,Corporate,Individual,2026-04-17,Bronze,2420,Hindi,Email,"901, River View",Beside Community Park,Bengaluru,Karnataka,560037,India,Y,Verified,462691.49,Y,2026-04-17 10:26:00,2026-06-15 12:45:00
100283,CUST100283,Harsha,Shetty,Male,2003-11-13,harsha.shetty100283@examplemail.com,9677836738,8544162132,Senior Citizen,Individual,2026-02-16,Bronze,16095,Kannada,SMS,"77, Market Road",,Hyderabad,Telangana,500081,India,Y,Not Required,45713.11,Y,2026-02-16 18:47:00,2026-06-05 02:15:00
100284,CUST100284,Sneha,Iyer,Female,1971-11-22,sneha.iyer100284@examplemail.com,9871547974,8659298680,Student,Individual,2026-08-22,Gold,2781,Kannada,Email,"104, Temple Street",Opp. City Mall,Warangal,Telangana,506002,India,Y,Verified,17279.63,Y,2026-08-22 13:22:00,2026-09-14 22:18:00
100285,CUST100285,Rahul,Das,Male,1958-04-04,rahul.das100285@examplemail.com,9146521159,8556339922,Premium,Individual,2025-09-14,Platinum,4312,Kannada,SMS,"16, Temple Street",Near Metro Station,Secunderabad,Telangana,500003,India,Y,Pending,94968.81,N,2025-09-14 09:34:00,2025-09-29 15:36:00
100286,CUST100286,Deepika,Verma,Female,1998-05-22,deepika.verma100286@examplemail.com,9537953666,8185226555,Retail,Individual,2024-12-01,Bronze,5144,English,SMS,"720, River View",Opp. City Mall,Hyderabad,Telangana,500081,India,Y,Verified,53464.53,N,2024-12-01 19:09:00,2026-01-06 03:10:00
100287,CUST100287,Meghana,Verma,Female,1964-03-10,meghana.verma100287@examplemail.com,9626676340,8371927060,Student,Individual,2024-04-30,Gold,22037,English,WhatsApp,"288, Tech Park Avenue",Phase 2,Visakhapatnam,Andhra Pradesh,530017,India,Y,Verified,8998.19,Y,2024-04-30 09:59:00,2025-07-09 18:47:00
100288,CUST100288,Vishal,Kumar,Male,1966-12-18,vishal.kumar100288@examplemail.com,9179606643,8959224373,Retail,Individual,2025-07-31,Bronze,15184,English,SMS,"247, Green Hills",Near Metro Station,Pune,Maharashtra,411014,India,N,Verified,31509.37,Y,2025-07-31 19:27:00,2025-10-27 19:33:00
100289,CUST100289,Rahul,Verma,Male,1963-03-01,rahul.verma100289@examplemail.com,9478405704,8787413975,Student,Individual,2024-08-02,Gold,1118,English,SMS,"617, Market Road",Near Metro Station,Chennai,Tamil Nadu,600042,India,Y,Verified,14705.50,N,2024-08-02 11:31:00,2026-03-04 18:09:00
100290,CUST100290,Rohan,Kulkarni,Male,1962-04-25,rohan.kulkarni100290@examplemail.com,9240220717,8289092693,Senior Citizen,Individual,2024-09-09,Silver,13427,Tamil,WhatsApp,"843, Station Road",Phase 2,Delhi,Delhi,110017,India,Y,Verified,54126.71,N,2024-09-09 16:48:00,2025-09-07 03:03:00
100291,CUST100291,Deepika,Goud,Female,1974-06-05,deepika.goud100291@examplemail.com,9741408376,8249043850,Corporate,Individual,2025-08-30,Bronze,22874,Telugu,SMS,"991, Park Lane",Opp. City Mall,Visakhapatnam,Andhra Pradesh,530017,India,Y,Rejected,766123.81,Y,2025-08-30 11:06:00,2026-07-10 13:44:00
100292,CUST100292,Rohan,Chowdary,Male,1988-09-24,rohan.chowdary100292@examplemail.com,9816185723,8427251684,Corporate,Individual,2026-03-04,Gold,4881,Kannada,Phone,"474, Temple Street",Near Metro Station,Warangal,Telangana,506002,India,Y,Pending,572775.23,N,2026-03-04 09:35:00,2026-05-09 14:07:00
100293,CUST100293,Pranav,Kumar,Male,1962-08-18,pranav.kumar100293@examplemail.com,9409831094,8499148251,Premium,Individual,2024-01-12,Gold,4206,Telugu,Email,"329, Park Lane",Phase 2,Hyderabad,Telangana,500081,India,Y,Verified,279349.41,N,2024-01-12 11:08:00,2025-07-20 18:10:00
100294,CUST100294,Aarav,Sharma,Male,1990-09-07,aarav.sharma100294@examplemail.com,9456968793,8731194961,Premium,Individual,2025-05-22,Bronze,2697,Telugu,WhatsApp,"861, Park Lane",Beside Community Park,Chennai,Tamil Nadu,600042,India,Y,Verified,283167.07,N,2025-05-22 11:13:00,2026-02-08 19:11:00
100295,CUST100295,Nikhil,Menon,Male,1964-04-25,nikhil.menon100295@examplemail.com,9863145552,8877985992,Student,Individual,2025-05-06,Gold,2451,Kannada,WhatsApp,"224, Green Hills",Near Metro Station,Secunderabad,Telangana,500003,India,Y,Verified,19704.39,N,2025-05-06 08:20:00,2026-07-12 08:37:00
100296,CUST100296,Pooja,Chowdary,Female,1993-10-05,pooja.chowdary100296@examplemail.com,9678216470,8270747440,Retail,Individual,2026-04-06,Bronze,5887,Kannada,Email,"569, Central Colony",Phase 2,Bengaluru,Karnataka,560037,India,Y,Verified,72641.32,Y,2026-04-06 15:22:00,2026-06-10 21:50:00
100297,CUST100297,Deepika,Menon,Female,1986-02-21,deepika.menon100297@examplemail.com,9655249042,8151069439,Corporate,Individual,2024-07-12,Gold,15777,Telugu,SMS,"848, Park Lane",Beside Community Park,Vijayawada,Andhra Pradesh,520010,India,Y,Pending,952283.87,Y,2024-07-12 09:30:00,2024-08-04 09:49:00
100298,CUST100298,Aadhya,Kulkarni,Female,2001-09-26,aadhya.kulkarni100298@examplemail.com,9743149526,8807461453,Retail,Individual,2026-04-16,Bronze,9861,Hindi,Email,"124, River View",Phase 2,Mumbai,Maharashtra,400076,India,Y,Verified,44689.58,N,2026-04-16 16:08:00,2026-06-20 00:43:00
100299,CUST100299,Manish,Joshi,Male,1985-06-13,manish.joshi100299@examplemail.com,9294296753,8836960725,Corporate,Individual,2024-06-22,Gold,24204,English,Phone,"273, Temple Street",Phase 2,Secunderabad,Telangana,500003,India,Y,Verified,743944.68,N,2024-06-22 13:26:00,2025-09-28 22:47:00
100300,CUST100300,Sneha,Reddy,Female,1965-03-16,sneha.reddy100300@examplemail.com,9313284525,8675260706,Corporate,Individual,2024-02-19,Bronze,8185,Telugu,Email,"905, Station Road",,Warangal,Telangana,506002,India,N,Verified,970257.20,Y,2024-02-19 14:39:00,2024-03-25 18:18:00
100301,CUST100301,Lakshmi,Joshi,Female,1998-12-11,lakshmi.joshi100301@examplemail.com,9381623975,8786892108,Corporate,Individual,2026-08-06,Platinum,15843,Telugu,Email,"330, Station Road",Phase 2,Delhi,Delhi,110017,India,Y,Pending,246676.47,Y,2026-08-06 15:59:00,2026-08-23 19:13:00
100302,CUST100302,Sai,Goud,Male,1996-03-21,sai.goud100302@examplemail.com,9915738610,8218906284,Corporate,Individual,2024-10-25,Gold,8722,English,SMS,"109, Park Lane",Phase 2,Bengaluru,Karnataka,560037,India,Y,Verified,303985.49,Y,2024-10-25 19:58:00,2026-08-24 04:10:00
100303,CUST100303,Pooja,Yadav,Female,1974-09-25,pooja.yadav100303@examplemail.com,9671485688,8819376876,Senior Citizen,Individual,2024-12-31,Silver,15364,Telugu,Phone,"849, Market Road",Opp. City Mall,Hyderabad,Telangana,500081,India,Y,Verified,42950.03,Y,2024-12-31 17:39:00,2025-01-05 17:41:00
100304,CUST100304,Priya,Yadav,Female,2004-10-24,priya.yadav100304@examplemail.com,9174504069,8362863374,Corporate,Individual,2024-07-10,Silver,1300,English,Email,"509, Station Road",,Vijayawada,Andhra Pradesh,520010,India,Y,Verified,253125.70,N,2024-07-10 18:46:00,2025-06-06 04:38:00
100305,CUST100305,Nikhil,Verma,Male,1974-09-05,nikhil.verma100305@examplemail.com,9242207741,8383574924,Corporate,Individual,2025-03-09,Gold,21458,Tamil,Phone,"914, Temple Street",Beside Community Park,Vijayawada,Andhra Pradesh,520010,India,Y,Not Required,691294.74,Y,2025-03-09 15:05:00,2025-04-13 22:40:00
100306,CUST100306,Priya,Kumar,Female,1981-12-09,priya.kumar100306@examplemail.com,9353490981,8775053237,Student,Individual,2026-03-21,Bronze,5232,Tamil,Email,"217, Temple Street",Beside Community Park,Vijayawada,Andhra Pradesh,520010,India,Y,Pending,19624.49,N,2026-03-21 19:28:00,2026-07-02 04:27:00
100307,CUST100307,Surya,Joshi,Male,1971-01-22,surya.joshi100307@examplemail.com,9872254323,8967825242,Corporate,Business,2024-01-19,Gold,15365,English,SMS,"284, MG Road",Opp. City Mall,Secunderabad,Telangana,500003,India,Y,Verified,482137.80,Y,2024-01-19 19:12:00,2026-02-05 23:17:00
100308,CUST100308,Sahithi,Kumar,Female,1980-08-16,sahithi.kumar100308@examplemail.com,9695112418,8543206591,Student,Individual,2024-05-18,Platinum,18079,English,WhatsApp,"787, Temple Street",Near Metro Station,Delhi,Delhi,110017,India,Y,Pending,22909.90,Y,2024-05-18 18:16:00,2026-02-17 22:30:00
100309,CUST100309,Varun,Yadav,Male,1990-02-11,varun.yadav100309@examplemail.com,9413242699,8535360979,Premium,Business,2024-01-08,Gold,15994,Hindi,SMS,"530, Central Colony",Phase 2,Visakhapatnam,Andhra Pradesh,530017,India,Y,Verified,235728.31,N,2024-01-08 16:53:00,2026-05-26 21:41:00
100310,CUST100310,Ishita,Verma,Female,1978-01-26,ishita.verma100310@examplemail.com,9417456576,8557863454,Retail,Individual,2025-09-06,Silver,13919,Hindi,WhatsApp,"492, Lake View Road",,Bengaluru,Karnataka,560037,India,Y,Verified,31135.92,Y,2025-09-06 18:15:00,2026-04-18 03:42:00
100311,CUST100311,Kavya,Chowdary,Female,2004-05-08,kavya.chowdary100311@examplemail.com,9151851406,8267975999,Corporate,Individual,2025-02-24,Bronze,22226,Telugu,Email,"185, MG Road",Opp. City Mall,Secunderabad,Telangana,500003,India,Y,Verified,540018.87,Y,2025-02-24 08:22:00,2025-06-29 16:56:00
100312,CUST100312,Lakshmi,Joshi,Female,1974-02-18,lakshmi.joshi100312@examplemail.com,9945200156,8511270637,Senior Citizen,Individual,2026-03-23,Bronze,24557,English,Phone,"690, Lake View Road",Phase 2,Mumbai,Maharashtra,400076,India,Y,Pending,15555.82,Y,2026-03-23 17:13:00,2026-08-31 03:49:00
100313,CUST100313,Bhavya,Iyer,Female,1998-02-11,bhavya.iyer100313@examplemail.com,9830607972,8919401615,Premium,Business,2024-09-10,Bronze,14002,Hindi,SMS,"393, MG Road",Beside Community Park,Visakhapatnam,Andhra Pradesh,530017,India,Y,Verified,118024.83,N,2024-09-10 14:13:00,2025-01-27 16:39:00
100314,CUST100314,Akash,Yadav,Male,1979-06-14,akash.yadav100314@examplemail.com,9558853519,8663575830,Premium,Individual,2024-08-29,Gold,8193,Hindi,Email,"664, Temple Street",,Visakhapatnam,Andhra Pradesh,530017,India,Y,Verified,142360.68,Y,2024-08-29 17:18:00,2024-11-01 04:01:00
100315,CUST100315,Vaishnavi,Reddy,Female,1958-06-02,vaishnavi.reddy100315@examplemail.com,9836006744,8937670153,Premium,Individual,2025-04-03,Bronze,9023,Telugu,SMS,"531, Lake View Road",Near Metro Station,Pune,Maharashtra,411014,India,Y,Verified,206831.15,N,2025-04-03 13:04:00,2025-06-27 19:11:00
100316,CUST100316,Nikhil,Mishra,Male,1965-12-24,nikhil.mishra100316@examplemail.com,9943345098,8478884188,Corporate,Individual,2026-04-23,Gold,17390,Hindi,Email,"535, Park Lane",Near Metro Station,Visakhapatnam,Andhra Pradesh,530017,India,Y,Verified,842612.76,N,2026-04-23 11:13:00,2026-07-04 14:01:00
100317,CUST100317,Sanjay,Kulkarni,Male,1984-06-09,sanjay.kulkarni100317@examplemail.com,9418436122,8686377971,Senior Citizen,Individual,2025-02-06,Bronze,1005,English,Phone,"548, Green Hills",Phase 2,Vijayawada,Andhra Pradesh,520010,India,Y,Rejected,31339.26,Y,2025-02-06 17:09:00,2025-07-21 03:03:00
100318,CUST100318,Swathi,Das,Female,1971-10-26,swathi.das100318@examplemail.com,9677173267,8729846643,Retail,Business,2026-01-17,Bronze,17196,English,Phone,"360, Green Hills",Beside Community Park,Pune,Maharashtra,411014,India,N,Verified,39745.35,Y,2026-01-17 16:30:00,2026-02-16 00:31:00
100319,CUST100319,Manish,Goud,Male,1973-05-15,manish.goud100319@examplemail.com,9475437309,8442619984,Corporate,Individual,2025-09-11,Bronze,15637,Tamil,Phone,"8, Central Colony",Beside Community Park,Chennai,Tamil Nadu,600042,India,Y,Verified,655544.56,N,2025-09-11 20:25:00,2026-09-09 21:47:00
100320,CUST100320,Vijay,Sharma,Male,1992-06-19,vijay.sharma100320@examplemail.com,9877224408,8706813359,Student,Individual,2024-01-22,Silver,22543,English,SMS,"540, Lake View Road",Beside Community Park,Pune,Maharashtra,411014,India,Y,Verified,8962.96,Y,2024-01-22 15:49:00,2024-07-14 02:00:00
100321,CUST100321,Vaishnavi,Reddy,Female,1994-03-20,vaishnavi.reddy100321@examplemail.com,9849227112,8512074448,Retail,Business,2026-08-21,Gold,624,English,Email,"637, Park Lane",Beside Community Park,Mumbai,Maharashtra,400076,India,Y,Verified,53970.71,N,2026-08-21 14:10:00,2026-09-07 00:10:00
100322,CUST100322,Pranav,Shetty,Male,1987-11-26,pranav.shetty100322@examplemail.com,9896475950,8313788740,Student,Individual,2024-04-06,Bronze,10674,Tamil,SMS,"778, MG Road",,Secunderabad,Telangana,500003,India,Y,Verified,20251.25,N,2024-04-06 16:46:00,2025-03-23 03:27:00
100323,CUST100323,Kavya,Reddy,Female,1989-08-14,kavya.reddy100323@examplemail.com,9133784570,8353714267,Premium,Individual,2025-12-15,Gold,14591,English,SMS,"428, Green Hills",Opp. City Mall,Visakhapatnam,Andhra Pradesh,530017,India,Y,Verified,104228.62,N,2025-12-15 11:28:00,2026-07-24 14:11:00
100324,CUST100324,Sahithi,Chowdary,Female,2005-09-11,sahithi.chowdary100324@examplemail.com,9702070758,8150042869,Senior Citizen,Individual,2025-08-25,Bronze,14174,Telugu,Email,"890, Market Road",Phase 2,Secunderabad,Telangana,500003,India,Y,Verified,27985.94,Y,2025-08-25 20:22:00,2025-11-15 01:35:00
100325,CUST100325,Kavya,Verma,Female,1960-05-10,kavya.verma100325@examplemail.com,9140720662,8451827363,Retail,Individual,2026-03-20,Silver,3972,Kannada,Phone,"480, Park Lane",Near Metro Station,Pune,Maharashtra,411014,India,Y,Verified,59105.27,Y,2026-03-20 19:18:00,2026-07-26 20:30:00
100326,CUST100326,Vishal,Sharma,Male,1975-04-27,vishal.sharma100326@examplemail.com,9970150990,8898312417,Premium,Individual,2024-04-27,Gold,23275,English,Email,"506, Green Hills",Phase 2,Bengaluru,Karnataka,560037,India,Y,Verified,95762.52,N,2024-04-27 12:26:00,2024-12-03 16:23:00
100327,CUST100327,Vijay,Iyer,Male,1960-05-24,vijay.iyer100327@examplemail.com,9592586021,8377577596,Student,Individual,2024-12-29,Bronze,5980,Hindi,SMS,"234, Park Lane",Opp. City Mall,Mumbai,Maharashtra,400076,India,Y,Verified,10794.16,N,2024-12-29 12:02:00,2025-01-26 21:43:00
100328,CUST100328,Harsha,Singh,Male,1977-05-03,harsha.singh100328@examplemail.com,9682650340,8895416529,Student,Individual,2025-03-06,Silver,12548,Telugu,Email,"259, Lake View Road",Near Metro Station,Warangal,Telangana,506002,India,Y,Verified,10655.98,N,2025-03-06 11:56:00,2025-03-15 16:20:00
100329,CUST100329,Sai,Verma,Male,1988-06-11,sai.verma100329@examplemail.com,9317303600,8889625314,Corporate,Individual,2025-05-10,Bronze,7662,Hindi,SMS,"150, Green Hills",Near Metro Station,Delhi,Delhi,110017,India,Y,Verified,296129.26,N,2025-05-10 13:27:00,2026-07-03 15:22:00
100330,CUST100330,Aadhya,Das,Female,1963-07-01,aadhya.das100330@examplemail.com,9805674722,8813428391,Premium,Individual,2025-08-14,Platinum,5400,English,Phone,"338, Central Colony",Opp. City Mall,Warangal,Telangana,506002,India,Y,Pending,78508.66,N,2025-08-14 16:35:00,2025-09-23 16:55:00
100331,CUST100331,Karthik,Reddy,Male,1989-05-25,karthik.reddy100331@examplemail.com,9375587727,8429492616,Corporate,Individual,2025-05-16,Bronze,15331,Hindi,Phone,"444, Green Hills",Beside Community Park,Chennai,Tamil Nadu,600042,India,Y,Verified,645985.87,N,2025-05-16 20:49:00,2026-06-02 06:20:00
100332,CUST100332,Ishita,Verma,Female,1988-02-23,ishita.verma100332@examplemail.com,9536286386,8974617875,Corporate,Individual,2025-01-19,Bronze,2932,Tamil,WhatsApp,"815, Central Colony",Opp. City Mall,Vijayawada,Andhra Pradesh,520010,India,N,Verified,350759.74,N,2025-01-19 12:55:00,2025-06-18 16:55:00
100333,CUST100333,Rohan,Goud,Male,1990-05-15,rohan.goud100333@examplemail.com,9938499694,8721169825,Senior Citizen,Business,2025-04-09,Silver,21909,Hindi,Phone,"55, Market Road",Opp. City Mall,Pune,Maharashtra,411014,India,Y,Verified,56648.30,Y,2025-04-09 13:04:00,2026-09-13 22:36:00
100334,CUST100334,Aditya,Verma,Male,1994-03-16,aditya.verma100334@examplemail.com,9805363585,8233108248,Premium,Individual,2024-12-03,Silver,20153,English,WhatsApp,"333, Park Lane",Near Metro Station,Hyderabad,Telangana,500081,India,Y,Verified,242362.54,Y,2024-12-03 18:40:00,2025-02-15 02:32:00
100335,CUST100335,Sneha,Gupta,Female,1964-04-16,sneha.gupta100335@examplemail.com,9707727997,8714623361,Premium,Business,2024-06-05,Bronze,13411,Tamil,WhatsApp,"156, Central Colony",Near Metro Station,Vijayawada,Andhra Pradesh,520010,India,Y,Verified,246152.34,Y,2024-06-05 15:35:00,2025-04-30 23:00:00
100336,CUST100336,Keerthi,Verma,Female,1957-05-12,keerthi.verma100336@examplemail.com,9612967493,8734312931,Student,Individual,2025-08-26,Silver,15544,Kannada,Email,"933, Station Road",Opp. City Mall,Chennai,Tamil Nadu,600042,India,Y,Not Required,8179.52,N,2025-08-26 11:21:00,2025-11-13 18:35:00
100337,CUST100337,Tarun,Sharma,Male,1961-12-06,tarun.sharma100337@examplemail.com,9569833521,8903818789,Retail,Individual,2025-08-26,Silver,14188,English,Phone,"180, Tech Park Avenue",,Warangal,Telangana,506002,India,Y,Verified,26862.74,N,2025-08-26 13:30:00,2026-07-08 21:47:00
100338,CUST100338,Charan,Goud,Male,1964-01-08,charan.goud100338@examplemail.com,9449293929,8285644518,Corporate,Individual,2024-11-10,Silver,19741,Hindi,Email,"97, Market Road",Phase 2,Secunderabad,Telangana,500003,India,N,Verified,205732.02,N,2024-11-10 16:15:00,2026-01-15 22:21:00
100339,CUST100339,Harini,Kumar,Female,1990-06-12,harini.kumar100339@examplemail.com,9230158336,8565526037,Corporate,Individual,2024-11-12,Silver,1089,Telugu,WhatsApp,"566, Temple Street",Opp. City Mall,Vijayawada,Andhra Pradesh,520010,India,Y,Pending,939762.57,N,2024-11-12 18:43:00,2026-05-07 21:02:00
100340,CUST100340,Vaishnavi,Singh,Female,1999-03-05,vaishnavi.singh100340@examplemail.com,9205347196,8127548515,Premium,Individual,2025-03-10,Bronze,13965,English,WhatsApp,"597, Tech Park Avenue",Near Metro Station,Delhi,Delhi,110017,India,Y,Not Required,163928.16,N,2025-03-10 18:51:00,2025-11-27 00:10:00
100341,CUST100341,Divya,Das,Female,1975-02-07,divya.das100341@examplemail.com,9122881049,8252505373,Student,Individual,2026-05-28,Platinum,23884,Telugu,WhatsApp,"77, Market Road",Phase 2,Visakhapatnam,Andhra Pradesh,530017,India,Y,Verified,19835.11,Y,2026-05-28 08:01:00,2026-07-13 15:42:00
100342,CUST100342,Sai,Mishra,Male,1969-10-13,sai.mishra100342@examplemail.com,9274793174,8892901176,Student,Individual,2024-04-09,Bronze,4496,Kannada,SMS,"818, Market Road",Opp. City Mall,Warangal,Telangana,506002,India,Y,Verified,12454.91,N,2024-04-09 09:34:00,2025-09-21 18:02:00
100343,CUST100343,Vaishnavi,Verma,Female,1979-08-22,vaishnavi.verma100343@examplemail.com,9916708256,8979705347,Premium,Individual,2026-07-23,Bronze,67,English,Email,"958, Park Lane",Beside Community Park,Delhi,Delhi,110017,India,Y,Verified,134032.90,Y,2026-07-23 09:33:00,2026-07-24 16:56:00
100344,CUST100344,Sai,Singh,Male,1969-12-25,sai.singh100344@examplemail.com,9904861461,8106486852,Senior Citizen,Individual,2024-06-21,Gold,4513,English,Phone,"839, Lake View Road",,Chennai,Tamil Nadu,600042,India,Y,Verified,25786.48,Y,2024-06-21 08:30:00,2026-09-14 09:18:00
100345,CUST100345,Harini,Patel,Female,1970-02-06,harini.patel100345@examplemail.com,9584913429,8818359621,Retail,Individual,2026-01-29,Silver,11157,English,Phone,"890, Central Colony",Beside Community Park,Chennai,Tamil Nadu,600042,India,Y,Verified,35967.42,Y,2026-01-29 20:07:00,2026-03-24 21:48:00
100346,CUST100346,Deepika,Nair,Female,1976-09-01,deepika.nair100346@examplemail.com,9881668019,8886202626,Retail,Individual,2024-10-09,Bronze,8865,Hindi,Phone,"356, Green Hills",Phase 2,Mumbai,Maharashtra,400076,India,Y,Verified,30980.75,Y,2024-10-09 11:09:00,2025-05-10 16:02:00
100347,CUST100347,Nandini,Sharma,Female,1961-09-27,nandini.sharma100347@examplemail.com,9991364091,8917398091,Senior Citizen,Individual,2026-03-04,Platinum,17008,Tamil,SMS,"89, Station Road",Beside Community Park,Secunderabad,Telangana,500003,India,Y,Verified,19749.80,N,2026-03-04 18:46:00,2026-03-28 00:27:00
100348,CUST100348,Ishita,Sharma,Female,1996-03-20,ishita.sharma100348@examplemail.com,9556363972,8702563591,Retail,Individual,2024-08-04,Silver,292,English,Email,"846, Station Road",Near Metro Station,Pune,Maharashtra,411014,India,Y,Rejected,55795.48,Y,2024-08-04 18:39:00,2025-07-01 21:09:00
100349,CUST100349,Harini,Reddy,Female,1979-10-24,harini.reddy100349@examplemail.com,9182234394,8719262538,Retail,Individual,2026-05-29,Bronze,7761,English,Email,"931, Park Lane",Near Metro Station,Secunderabad,Telangana,500003,India,Y,Verified,46090.88,N,2026-05-29 12:28:00,2026-09-13 13:48:00
100350,CUST100350,Vijay,Nair,Male,1999-02-17,vijay.nair100350@examplemail.com,9138294183,8610208409,Retail,Individual,2026-04-27,Gold,10341,Hindi,Email,"56, Green Hills",Beside Community Park,Vijayawada,Andhra Pradesh,520010,India,Y,Verified,14852.84,N,2026-04-27 14:36:00,2026-07-16 17:09:00
100351,CUST100351,Vaishnavi,Verma,Female,1992-02-09,vaishnavi.verma100351@examplemail.com,9342879827,8783455302,Senior Citizen,Business,2024-08-08,Silver,22826,English,Phone,"969, Station Road",,Mumbai,Maharashtra,400076,India,Y,Verified,46219.50,N,2024-08-08 16:32:00,2026-04-25 01:30:00
100352,CUST100352,Meghana,Verma,Female,1969-04-04,meghana.verma100352@examplemail.com,9493435390,8270864427,Student,Individual,2026-02-08,Bronze,21951,Telugu,SMS,"591, MG Road",Beside Community Park,Delhi,Delhi,110017,India,Y,Verified,23514.94,Y,2026-02-08 19:04:00,2026-06-06 04:23:00
100353,CUST100353,Nikhil,Singh,Male,1960-04-15,nikhil.singh100353@examplemail.com,9269648179,8257976232,Senior Citizen,Individual,2024-11-25,Bronze,3993,English,Email,"782, Station Road",Beside Community Park,Warangal,Telangana,506002,India,Y,Verified,50511.53,Y,2024-11-25 09:18:00,2026-01-30 13:24:00
100354,CUST100354,Keerthi,Reddy,Female,1959-07-13,keerthi.reddy100354@examplemail.com,9298190532,8184157281,Premium,Individual,2025-01-04,Bronze,13664,English,SMS,"973, Tech Park Avenue",Opp. City Mall,Bengaluru,Karnataka,560037,India,Y,Rejected,92794.13,Y,2025-01-04 08:46:00,2025-06-20 18:14:00
100355,CUST100355,Kavya,Chowdary,Female,1960-07-14,kavya.chowdary100355@examplemail.com,9544994183,8924016297,Student,Individual,2025-08-25,Bronze,1281,Telugu,WhatsApp,"682, Central Colony",Beside Community Park,Warangal,Telangana,506002,India,Y,Verified,11728.39,Y,2025-08-25 12:55:00,2026-04-10 17:06:00
100356,CUST100356,Surya,Rao,Male,1999-06-23,surya.rao100356@examplemail.com,9313846896,8425517944,Retail,Individual,2024-10-18,Gold,19646,Tamil,Phone,"546, Station Road",Phase 2,Vijayawada,Andhra Pradesh,520010,India,Y,Verified,56628.19,N,2024-10-18 13:03:00,2026-08-14 21:52:00
100357,CUST100357,Vaishnavi,Mishra,Female,1991-11-20,vaishnavi.mishra100357@examplemail.com,9813244913,8353154751,Premium,Business,2026-07-03,Bronze,10282,English,SMS,"745, Market Road",Near Metro Station,Secunderabad,Telangana,500003,India,Y,Pending,112168.86,Y,2026-07-03 14:07:00,2026-09-14 00:31:00
100358,CUST100358,Karthik,Naidu,Male,1985-04-05,karthik.naidu100358@examplemail.com,9837251409,8909833483,Retail,Individual,2026-03-19,Bronze,21301,Kannada,SMS,"579, Tech Park Avenue",Beside Community Park,Bengaluru,Karnataka,560037,India,Y,Pending,41624.30,N,2026-03-19 20:07:00,2026-05-24 03:09:00
100359,CUST100359,Aishwarya,Naidu,Female,1962-07-15,aishwarya.naidu100359@examplemail.com,9188615476,8152689003,Premium,Individual,2026-07-14,Gold,22406,English,Email,"241, Park Lane",Near Metro Station,Delhi,Delhi,110017,India,Y,Verified,237313.24,Y,2026-07-14 11:58:00,2026-08-29 19:55:00
100360,CUST100360,Harsha,Mishra,Male,1962-09-13,harsha.mishra100360@examplemail.com,9138029697,8642126378,Corporate,Individual,2024-12-12,Gold,4147,English,Email,"326, Market Road",Phase 2,Warangal,Telangana,506002,India,N,Verified,356982.21,Y,2024-12-12 08:31:00,2024-12-18 14:41:00
100361,CUST100361,Nandini,Mishra,Female,1960-03-25,nandini.mishra100361@examplemail.com,9730659672,8739837286,Senior Citizen,Individual,2024-11-29,Silver,4469,Telugu,Phone,"986, River View",Phase 2,Secunderabad,Telangana,500003,India,Y,Verified,47522.49,Y,2024-11-29 09:57:00,2025-05-22 10:14:00
100362,CUST100362,Deepika,Gupta,Female,1999-08-23,deepika.gupta100362@examplemail.com,9450122164,8408847313,Corporate,Individual,2025-05-20,Platinum,19052,Tamil,Phone,"269, Park Lane",,Pune,Maharashtra,411014,India,Y,Verified,448683.81,N,2025-05-20 20:48:00,2025-06-10 06:09:00
100363,CUST100363,Ananya,Das,Female,1971-04-27,ananya.das100363@examplemail.com,9375782105,8544382966,Retail,Individual,2025-03-09,Silver,20881,Tamil,SMS,"335, MG Road",,Visakhapatnam,Andhra Pradesh,530017,India,Y,Pending,53288.51,N,2025-03-09 14:58:00,2026-01-15 23:10:00
100364,CUST100364,Arjun,Yadav,Male,1964-12-21,arjun.yadav100364@examplemail.com,9875683392,8798414611,Student,Individual,2026-04-09,Gold,14154,Telugu,Email,"190, River View",Beside Community Park,Mumbai,Maharashtra,400076,India,Y,Verified,16746.63,Y,2026-04-09 20:21:00,2026-07-05 01:16:00
100365,CUST100365,Krishna,Kulkarni,Male,1982-01-21,krishna.kulkarni100365@examplemail.com,9394521188,8772802535,Premium,Individual,2024-04-10,Silver,842,Hindi,Phone,"909, Lake View Road",Near Metro Station,Secunderabad,Telangana,500003,India,Y,Verified,124904.37,Y,2024-04-10 16:13:00,2026-05-29 01:09:00
100366,CUST100366,Rahul,Chowdary,Male,1977-08-10,rahul.chowdary100366@examplemail.com,9321117953,8621153639,Corporate,Individual,2024-01-16,Bronze,9710,Hindi,Email,"591, River View",Beside Community Park,Hyderabad,Telangana,500081,India,Y,Verified,220533.25,N,2024-01-16 18:48:00,2025-06-22 22:12:00
100367,CUST100367,Sneha,Reddy,Female,1983-12-03,sneha.reddy100367@examplemail.com,9489141740,8668365157,Senior Citizen,Individual,2024-10-18,Gold,1767,Hindi,SMS,"485, Temple Street",,Hyderabad,Telangana,500081,India,Y,Pending,32926.59,Y,2024-10-18 10:44:00,2025-07-04 14:55:00
100368,CUST100368,Deepika,Das,Female,1994-05-12,deepika.das100368@examplemail.com,9674563188,8684599078,Senior Citizen,Individual,2025-09-18,Silver,16269,Telugu,SMS,"769, Station Road",Opp. City Mall,Visakhapatnam,Andhra Pradesh,530017,India,Y,Verified,34410.84,N,2025-09-18 11:11:00,2025-09-26 12:15:00
100369,CUST100369,Ananya,Gupta,Female,1995-10-21,ananya.gupta100369@examplemail.com,9225083214,8442710724,Student,Individual,2026-02-25,Bronze,7000,Tamil,Phone,"705, Market Road",Opp. City Mall,Hyderabad,Telangana,500081,India,Y,Verified,12282.91,Y,2026-02-25 13:34:00,2026-06-03 23:01:00
100370,CUST100370,Neha,Naidu,Female,1972-06-16,neha.naidu100370@examplemail.com,9363862738,8444497241,Student,Business,2025-10-11,Bronze,23754,Kannada,Phone,"516, River View",Beside Community Park,Bengaluru,Karnataka,560037,India,Y,Verified,5929.37,Y,2025-10-11 10:41:00,2026-05-07 16:23:00
100371,CUST100371,Swathi,Goud,Female,1960-09-07,swathi.goud100371@examplemail.com,9761941597,8957742168,Senior Citizen,Individual,2026-07-20,Bronze,1428,English,WhatsApp,"677, Market Road",Opp. City Mall,Vijayawada,Andhra Pradesh,520010,India,Y,Rejected,30639.42,N,2026-07-20 20:38:00,2026-09-07 05:10:00
100372,CUST100372,Neha,Naidu,Female,1965-09-08,neha.naidu100372@examplemail.com,9772952322,8611472093,Retail,Individual,2024-04-06,Bronze,6259,Kannada,Phone,"973, Tech Park Avenue",Opp. City Mall,Warangal,Telangana,506002,India,Y,Verified,36500.35,N,2024-04-06 11:56:00,2024-06-22 20:37:00
100373,CUST100373,Vijay,Das,Male,1993-11-08,vijay.das100373@examplemail.com,9718485582,8435753260,Student,Individual,2024-08-07,Gold,1931,Hindi,SMS,"828, Temple Street",Beside Community Park,Vijayawada,Andhra Pradesh,520010,India,Y,Verified,20978.69,Y,2024-08-07 18:17:00,2026-08-04 23:53:00
100374,CUST100374,Sai,Das,Male,1993-09-21,sai.das100374@examplemail.com,9751370384,8793495305,Retail,Individual,2024-02-07,Gold,1380,Telugu,Phone,"306, MG Road",Near Metro Station,Secunderabad,Telangana,500003,India,Y,Not Required,45541.90,Y,2024-02-07 09:32:00,2024-10-18 13:49:00
100375,CUST100375,Kavya,Chowdary,Female,2005-10-13,kavya.chowdary100375@examplemail.com,9928970015,8925765986,Retail,Individual,2025-02-23,Gold,19560,Hindi,SMS,"585, Lake View Road",Beside Community Park,Chennai,Tamil Nadu,600042,India,N,Verified,26995.81,Y,2025-02-23 08:12:00,2025-11-01 15:29:00
100376,CUST100376,Nandini,Sharma,Female,1968-05-02,nandini.sharma100376@examplemail.com,9681066148,8372060892,Retail,Individual,2026-04-08,Platinum,20461,Telugu,Email,"606, Station Road",Beside Community Park,Bengaluru,Karnataka,560037,India,Y,Verified,30064.90,Y,2026-04-08 10:47:00,2026-06-26 15:18:00
100377,CUST100377,Ananya,Singh,Female,1955-06-08,ananya.singh100377@examplemail.com,9299761642,8185577114,Premium,Individual,2025-03-06,Silver,5035,English,Email,"696, Park Lane",Opp. City Mall,Mumbai,Maharashtra,400076,India,Y,Verified,251690.36,Y,2025-03-06 11:59:00,2025-11-29 16:36:00
100378,CUST100378,Krishna,Gupta,Male,1982-02-27,krishna.gupta100378@examplemail.com,9226326155,8719274453,Premium,Business,2024-05-20,Bronze,3866,Tamil,SMS,"318, MG Road",,Delhi,Delhi,110017,India,Y,Verified,226200.07,Y,2024-05-20 14:53:00,2025-08-05 19:33:00
100379,CUST100379,Sai,Mishra,Male,1989-04-21,sai.mishra100379@examplemail.com,9570924429,8944459833,Premium,Individual,2024-01-19,Gold,6722,Tamil,Email,"672, Temple Street",Near Metro Station,Secunderabad,Telangana,500003,India,Y,Verified,231919.85,Y,2024-01-19 20:52:00,2024-09-06 07:35:00
100380,CUST100380,Sneha,Yadav,Female,2002-05-11,sneha.yadav100380@examplemail.com,9159916200,8302877137,Corporate,Individual,2025-09-25,Bronze,10675,Tamil,WhatsApp,"876, River View",Beside Community Park,Vijayawada,Andhra Pradesh,520010,India,Y,Not Required,552585.58,N,2025-09-25 14:13:00,2026-05-31 21:03:00
100381,CUST100381,Varun,Reddy,Male,2004-10-09,varun.reddy100381@examplemail.com,9344166351,8616921068,Corporate,Individual,2024-01-03,Bronze,5719,English,Email,"492, Tech Park Avenue",Opp. City Mall,Vijayawada,Andhra Pradesh,520010,India,Y,Verified,296515.17,Y,2024-01-03 08:46:00,2025-07-01 08:52:00
100382,CUST100382,Deepika,Kumar,Female,1956-02-25,deepika.kumar100382@examplemail.com,9815845275,8623559972,Senior Citizen,Individual,2024-12-10,Bronze,819,Hindi,Email,"899, MG Road",,Visakhapatnam,Andhra Pradesh,530017,India,Y,Verified,50658.76,N,2024-12-10 10:54:00,2025-09-13 13:30:00
100383,CUST100383,Bhavya,Gupta,Female,1983-08-20,bhavya.gupta100383@examplemail.com,9635003496,8174737627,Retail,Individual,2024-04-11,Bronze,13706,Kannada,SMS,"427, Green Hills",Phase 2,Vijayawada,Andhra Pradesh,520010,India,Y,Verified,30856.90,N,2024-04-11 09:34:00,2026-01-08 19:08:00
100384,CUST100384,Divya,Kumar,Female,1968-03-13,divya.kumar100384@examplemail.com,9576460601,8681175427,Student,Individual,2025-05-15,Bronze,8701,Telugu,WhatsApp,"835, Green Hills",Beside Community Park,Pune,Maharashtra,411014,India,Y,Verified,16466.44,Y,2025-05-15 08:16:00,2026-08-23 18:21:00
100385,CUST100385,Pranav,Naidu,Male,1958-11-15,pranav.naidu100385@examplemail.com,9824648029,8756003713,Senior Citizen,Individual,2024-01-20,Platinum,19199,Kannada,Email,"842, MG Road",,Vijayawada,Andhra Pradesh,520010,India,Y,Rejected,18513.37,N,2024-01-20 19:01:00,2024-09-25 02:17:00
100386,CUST100386,Akash,Iyer,Male,1986-10-10,akash.iyer100386@examplemail.com,9586679685,8399754716,Senior Citizen,Individual,2026-07-17,Bronze,19119,Tamil,SMS,"175, MG Road",,Delhi,Delhi,110017,India,Y,Verified,57969.25,Y,2026-07-17 10:38:00,2026-07-27 19:29:00
100387,CUST100387,Aarav,Menon,Male,1963-04-01,aarav.menon100387@examplemail.com,9767380457,8615041133,Premium,Individual,2026-07-12,Silver,11417,Telugu,WhatsApp,"863, Temple Street",Opp. City Mall,Warangal,Telangana,506002,India,Y,Pending,135271.84,Y,2026-07-12 11:30:00,2026-08-09 19:21:00
100388,CUST100388,Meghana,Verma,Female,1999-05-24,meghana.verma100388@examplemail.com,9748747712,8170707420,Premium,Individual,2024-07-30,Platinum,3861,Telugu,Email,"426, Temple Street",,Chennai,Tamil Nadu,600042,India,Y,Not Required,171450.81,N,2024-07-30 09:34:00,2025-05-17 10:16:00
100389,CUST100389,Karthik,Iyer,Male,1981-01-15,karthik.iyer100389@examplemail.com,9913528045,8369891574,Senior Citizen,Individual,2025-11-06,Bronze,15591,Kannada,Email,"997, MG Road",,Mumbai,Maharashtra,400076,India,Y,Verified,39797.69,Y,2025-11-06 08:16:00,2026-01-14 08:38:00
100390,CUST100390,Harini,Shetty,Female,1967-12-21,harini.shetty100390@examplemail.com,9543288127,8873540948,Premium,Individual,2025-04-16,Gold,20638,Kannada,WhatsApp,"54, Station Road",Near Metro Station,Pune,Maharashtra,411014,India,Y,Verified,268485.51,Y,2025-04-16 14:43:00,2026-09-14 19:50:00
100391,CUST100391,Vaishnavi,Kumar,Female,1997-09-27,vaishnavi.kumar100391@examplemail.com,9150819036,8911365147,Premium,Individual,2025-12-01,Gold,2274,Telugu,Email,"165, Lake View Road",Beside Community Park,Visakhapatnam,Andhra Pradesh,530017,India,Y,Verified,96609.73,Y,2025-12-01 19:37:00,2026-04-21 22:53:00
100392,CUST100392,Aditya,Reddy,Male,1967-06-25,aditya.reddy100392@examplemail.com,9421490105,8274056248,Student,Individual,2024-01-28,Bronze,18045,Telugu,SMS,"634, Tech Park Avenue",Near Metro Station,Mumbai,Maharashtra,400076,India,Y,Verified,21602.15,N,2024-01-28 11:32:00,2025-07-25 21:38:00
100393,CUST100393,Ishita,Kumar,Female,1964-05-19,ishita.kumar100393@examplemail.com,9576833537,8305463659,Senior Citizen,Business,2026-02-11,Gold,12834,English,Phone,"537, Station Road",,Delhi,Delhi,110017,India,Y,Pending,29060.71,Y,2026-02-11 08:02:00,2026-08-22 14:13:00
100394,CUST100394,Divya,Reddy,Female,1962-09-09,divya.reddy100394@examplemail.com,9625480965,8934278278,Student,Individual,2025-08-04,Bronze,21012,Telugu,Email,"271, Tech Park Avenue",Beside Community Park,Vijayawada,Andhra Pradesh,520010,India,Y,Verified,11385.63,N,2025-08-04 16:36:00,2025-09-02 17:17:00
100395,CUST100395,Varun,Iyer,Male,1966-11-04,varun.iyer100395@examplemail.com,9293629293,8658839056,Corporate,Individual,2026-01-23,Bronze,5491,Tamil,SMS,"189, Temple Street",Phase 2,Pune,Maharashtra,411014,India,Y,Verified,437362.30,Y,2026-01-23 20:51:00,2026-04-22 21:09:00
100396,CUST100396,Vaishnavi,Mishra,Female,1988-10-06,vaishnavi.mishra100396@examplemail.com,9790033726,8994859567,Student,Individual,2026-09-07,Silver,659,Kannada,Phone,"365, Tech Park Avenue",Near Metro Station,Vijayawada,Andhra Pradesh,520010,India,Y,Verified,9896.33,Y,2026-09-07 12:48:00,2026-09-09 21:22:00
100397,CUST100397,Ishita,Das,Female,1962-10-06,ishita.das100397@examplemail.com,9648712962,8699521915,Student,Individual,2026-02-01,Silver,5591,Hindi,Email,"406, MG Road",Opp. City Mall,Bengaluru,Karnataka,560037,India,Y,Verified,16523.06,Y,2026-02-01 13:49:00,2026-02-10 19:30:00
100398,CUST100398,Vishal,Das,Male,1959-11-22,vishal.das100398@examplemail.com,9730357747,8614559656,Senior Citizen,Individual,2024-07-21,Bronze,23727,Kannada,Phone,"895, River View",Phase 2,Pune,Maharashtra,411014,India,Y,Verified,54252.68,N,2024-07-21 18:27:00,2024-11-22 18:34:00
100399,CUST100399,Pranav,Kulkarni,Male,1997-01-11,pranav.kulkarni100399@examplemail.com,9133597747,8709557356,Senior Citizen,Individual,2025-03-28,Bronze,15381,Hindi,SMS,"161, Park Lane",Phase 2,Visakhapatnam,Andhra Pradesh,530017,India,Y,Verified,31611.20,Y,2025-03-28 15:42:00,2025-04-15 16:23:00
100400,CUST100400,Aarav,Naidu,Male,1984-03-18,aarav.naidu100400@examplemail.com,9761574957,8232090435,Premium,Individual,2026-08-01,Silver,3978,Tamil,SMS,"213, Tech Park Avenue",Phase 2,Warangal,Telangana,506002,India,Y,Verified,190411.83,Y,2026-08-01 15:13:00,2026-09-07 21:35:00
100401,CUST100401,Priya,Iyer,Female,1981-06-27,priya.iyer100401@examplemail.com,9119640950,8816593460,Senior Citizen,Individual,2024-10-08,Bronze,19472,Hindi,WhatsApp,"821, River View",Near Metro Station,Delhi,Delhi,110017,India,Y,Verified,47671.76,Y,2024-10-08 08:39:00,2024-11-25 10:11:00
100402,CUST100402,Bhavya,Menon,Female,1998-01-02,bhavya.menon100402@examplemail.com,9325831137,8511314735,Corporate,Individual,2024-04-06,Bronze,14833,Telugu,WhatsApp,"984, Lake View Road",Beside Community Park,Bengaluru,Karnataka,560037,India,Y,Not Required,391842.53,N,2024-04-06 12:45:00,2024-07-12 14:15:00
100403,CUST100403,Vishal,Gupta,Male,1965-09-23,vishal.gupta100403@examplemail.com,9290487874,8300083238,Retail,Individual,2026-05-29,Silver,1130,English,Phone,"376, MG Road",,Delhi,Delhi,110017,India,Y,Verified,66039.90,N,2026-05-29 16:46:00,2026-06-05 22:11:00
100404,CUST100404,Varun,Shetty,Male,1996-08-19,varun.shetty100404@examplemail.com,9994898004,8432775190,Senior Citizen,Individual,2025-03-07,Gold,2130,Telugu,WhatsApp,"328, Temple Street",Phase 2,Delhi,Delhi,110017,India,N,Verified,20225.77,N,2025-03-07 13:38:00,2026-04-03 19:51:00
100405,CUST100405,Swathi,Joshi,Female,2005-08-02,swathi.joshi100405@examplemail.com,9343191135,8882045318,Premium,Individual,2025-11-19,Gold,23145,Telugu,Email,"480, Station Road",Near Metro Station,Visakhapatnam,Andhra Pradesh,530017,India,N,Verified,146293.55,Y,2025-11-19 14:18:00,2026-07-13 20:52:00
100406,CUST100406,Divya,Verma,Female,1961-03-26,divya.verma100406@examplemail.com,9459613710,8116810395,Senior Citizen,Individual,2025-04-18,Silver,21364,Telugu,Phone,"394, MG Road",Opp. City Mall,Bengaluru,Karnataka,560037,India,Y,Verified,52065.61,Y,2025-04-18 13:58:00,2025-11-16 15:45:00
100407,CUST100407,Neha,Nair,Female,1994-02-11,neha.nair100407@examplemail.com,9637877316,8894196069,Premium,Individual,2025-05-24,Platinum,1059,Tamil,SMS,"193, Station Road",Beside Community Park,Mumbai,Maharashtra,400076,India,Y,Verified,186800.32,Y,2025-05-24 17:28:00,2026-02-07 01:51:00
100408,CUST100408,Sai,Rao,Male,2002-06-26,sai.rao100408@examplemail.com,9517866915,8721359471,Student,Individual,2024-09-09,Silver,8857,English,Email,"288, Lake View Road",Near Metro Station,Visakhapatnam,Andhra Pradesh,530017,India,Y,Verified,22216.72,N,2024-09-09 14:47:00,2026-06-22 16:43:00
100409,CUST100409,Keerthi,Reddy,Female,1991-02-27,keerthi.reddy100409@examplemail.com,9631763184,8216248520,Retail,Individual,2025-02-23,Bronze,17225,English,Email,"373, Tech Park Avenue",,Visakhapatnam,Andhra Pradesh,530017,India,Y,Not Required,74604.78,N,2025-02-23 14:32:00,2026-03-26 00:09:00
100410,CUST100410,Divya,Chowdary,Female,1994-03-21,divya.chowdary100410@examplemail.com,9783584687,8890165230,Student,Individual,2024-08-17,Bronze,7603,English,SMS,"149, Market Road",Phase 2,Bengaluru,Karnataka,560037,India,Y,Verified,7797.78,Y,2024-08-17 10:33:00,2025-12-13 15:06:00
100411,CUST100411,Arjun,Nair,Male,1974-04-16,arjun.nair100411@examplemail.com,9601925914,8880389588,Premium,Individual,2026-03-26,Gold,17130,Hindi,Phone,"564, Market Road",Opp. City Mall,Bengaluru,Karnataka,560037,India,Y,Verified,160336.93,Y,2026-03-26 19:46:00,2026-09-06 05:18:00
100412,CUST100412,Nikhil,Reddy,Male,1970-07-22,nikhil.reddy100412@examplemail.com,9178489079,8770538584,Retail,Individual,2025-04-20,Platinum,21083,Telugu,Phone,"742, Station Road",,Mumbai,Maharashtra,400076,India,Y,Verified,43472.24,N,2025-04-20 13:06:00,2026-03-04 23:13:00
100413,CUST100413,Sai,Chowdary,Male,2003-06-08,sai.chowdary100413@examplemail.com,9918252573,8235613725,Corporate,Individual,2024-01-13,Platinum,7236,Tamil,SMS,"363, Station Road",Phase 2,Delhi,Delhi,110017,India,Y,Pending,704962.60,Y,2024-01-13 13:08:00,2024-07-18 15:13:00
100414,CUST100414,Sanjay,Nair,Male,1997-08-06,sanjay.nair100414@examplemail.com,9189244824,8121703663,Premium,Individual,2025-12-06,Bronze,17289,Hindi,Phone,"334, Tech Park Avenue",Opp. City Mall,Mumbai,Maharashtra,400076,India,Y,Verified,108279.58,N,2025-12-06 18:31:00,2026-06-08 20:07:00
100415,CUST100415,Pranav,Gupta,Male,1998-01-04,pranav.gupta100415@examplemail.com,9413722187,8690891790,Student,Individual,2024-12-18,Silver,3339,Kannada,SMS,"706, Market Road",,Warangal,Telangana,506002,India,Y,Verified,13836.53,N,2024-12-18 16:21:00,2025-08-04 17:18:00
100416,CUST100416,Aarav,Das,Male,1966-01-02,aarav.das100416@examplemail.com,9699202934,8128568864,Retail,Individual,2026-03-15,Silver,12474,Telugu,SMS,"699, Green Hills",Beside Community Park,Visakhapatnam,Andhra Pradesh,530017,India,Y,Rejected,28897.07,N,2026-03-15 11:44:00,2026-05-31 16:24:00
100417,CUST100417,Ishita,Kulkarni,Female,2003-09-09,ishita.kulkarni100417@examplemail.com,9176998318,8608129199,Corporate,Individual,2025-10-29,Bronze,17789,Hindi,SMS,"605, Tech Park Avenue",Near Metro Station,Hyderabad,Telangana,500081,India,Y,Verified,528064.34,N,2025-10-29 11:46:00,2026-03-31 18:26:00
100418,CUST100418,Priya,Das,Female,1991-08-05,priya.das100418@examplemail.com,9506345120,8840080498,Retail,Individual,2024-10-08,Bronze,11840,Kannada,SMS,"916, Tech Park Avenue",Near Metro Station,Secunderabad,Telangana,500003,India,Y,Pending,53855.95,Y,2024-10-08 12:40:00,2026-05-01 18:07:00
100419,CUST100419,Krishna,Naidu,Male,1955-02-10,krishna.naidu100419@examplemail.com,9437985975,8615859256,Corporate,Individual,2025-07-20,Bronze,406,Kannada,Email,"259, Station Road",Beside Community Park,Mumbai,Maharashtra,400076,India,Y,Verified,315675.45,N,2025-07-20 16:37:00,2026-05-20 00:59:00
100420,CUST100420,Bhavya,Yadav,Female,1967-12-21,bhavya.yadav100420@examplemail.com,9886006166,8148336096,Corporate,Individual,2026-01-16,Bronze,745,English,SMS,"897, Green Hills",,Chennai,Tamil Nadu,600042,India,Y,Verified,337892.94,N,2026-01-16 14:10:00,2026-04-14 21:48:00
100421,CUST100421,Neha,Shetty,Female,1989-07-19,neha.shetty100421@examplemail.com,9608105172,8260453089,Premium,Individual,2025-06-01,Silver,6410,Tamil,Phone,"525, Tech Park Avenue",Beside Community Park,Delhi,Delhi,110017,India,Y,Verified,171789.54,N,2025-06-01 08:37:00,2026-02-09 13:49:00
100422,CUST100422,Charan,Joshi,Male,1968-12-08,charan.joshi100422@examplemail.com,9440560848,8108154228,Student,Individual,2026-07-18,Gold,8091,Kannada,WhatsApp,"126, Tech Park Avenue",,Delhi,Delhi,110017,India,Y,Verified,11265.85,N,2026-07-18 12:19:00,2026-07-18 16:56:00
100423,CUST100423,Harini,Kulkarni,Female,1955-09-19,harini.kulkarni100423@examplemail.com,9386900594,8109334988,Retail,Individual,2026-06-19,Bronze,11363,Tamil,Phone,"460, Temple Street",Beside Community Park,Mumbai,Maharashtra,400076,India,Y,Pending,32882.27,N,2026-06-19 12:06:00,2026-07-25 19:02:00
100424,CUST100424,Arjun,Sharma,Male,1980-08-25,arjun.sharma100424@examplemail.com,9975080843,8646661118,Student,Individual,2026-09-03,Gold,10663,Hindi,Email,"251, Market Road",Beside Community Park,Secunderabad,Telangana,500003,India,Y,Verified,5418.41,Y,2026-09-03 19:28:00,2026-09-14 20:20:00
100425,CUST100425,Pooja,Joshi,Female,1966-07-20,pooja.joshi100425@examplemail.com,9468697308,8169605953,Senior Citizen,Individual,2025-09-01,Gold,6523,Kannada,WhatsApp,"943, Temple Street",,Visakhapatnam,Andhra Pradesh,530017,India,Y,Verified,33543.36,N,2025-09-01 14:12:00,2025-10-08 22:00:00
100426,CUST100426,Meghana,Sharma,Female,1986-03-09,meghana.sharma100426@examplemail.com,9122795638,8414963105,Corporate,Individual,2025-02-17,Bronze,793,Tamil,WhatsApp,"299, Green Hills",Beside Community Park,Bengaluru,Karnataka,560037,India,Y,Verified,906311.85,Y,2025-02-17 15:00:00,2025-11-24 00:57:00
100427,CUST100427,Varun,Nair,Male,1964-01-15,varun.nair100427@examplemail.com,9525483504,8580487908,Corporate,Individual,2025-02-26,Silver,20849,Telugu,Email,"819, Station Road",Opp. City Mall,Hyderabad,Telangana,500081,India,Y,Verified,270523.98,Y,2025-02-26 08:35:00,2025-04-07 11:19:00
100428,CUST100428,Neha,Goud,Female,1986-04-02,neha.goud100428@examplemail.com,9510082907,8727080681,Corporate,Individual,2026-08-23,Bronze,8361,Tamil,Phone,"731, Central Colony",Phase 2,Hyderabad,Telangana,500081,India,Y,Verified,599261.76,Y,2026-08-23 08:34:00,2026-08-30 12:27:00
100429,CUST100429,Harsha,Kumar,Male,1995-07-20,harsha.kumar100429@examplemail.com,9739052262,8413075935,Corporate,Individual,2024-10-20,Silver,3052,Kannada,Email,"586, River View",Beside Community Park,Pune,Maharashtra,411014,India,Y,Verified,250200.79,Y,2024-10-20 20:37:00,2024-12-06 03:46:00
100430,CUST100430,Rohan,Gupta,Male,1958-02-17,rohan.gupta100430@examplemail.com,9383404325,8296730041,Retail,Individual,2026-05-16,Gold,5158,Kannada,Email,"574, Park Lane",Phase 2,Visakhapatnam,Andhra Pradesh,530017,India,Y,Verified,68114.42,N,2026-05-16 09:36:00,2026-09-06 14:59:00
100431,CUST100431,Tarun,Sharma,Male,1966-11-19,tarun.sharma100431@examplemail.com,9671073538,8793097183,Student,Individual,2026-04-28,Silver,22461,Hindi,WhatsApp,"270, MG Road",Near Metro Station,Chennai,Tamil Nadu,600042,India,Y,Verified,17775.34,N,2026-04-28 14:53:00,2026-07-06 22:04:00
100432,CUST100432,Akash,Verma,Male,1970-02-13,akash.verma100432@examplemail.com,9999115877,8979622049,Corporate,Business,2026-05-28,Gold,12335,Tamil,Email,"347, Station Road",Opp. City Mall,Mumbai,Maharashtra,400076,India,N,Verified,832505.61,N,2026-05-28 15:05:00,2026-08-26 19:43:00
100433,CUST100433,Karthik,Patel,Male,1974-12-09,karthik.patel100433@examplemail.com,9686913779,8611064147,Retail,Individual,2026-07-30,Silver,14791,Telugu,WhatsApp,"855, MG Road",,Visakhapatnam,Andhra Pradesh,530017,India,Y,Verified,47418.45,N,2026-07-30 08:45:00,2026-09-03 11:15:00
100434,CUST100434,Krishna,Gupta,Male,1996-10-24,krishna.gupta100434@examplemail.com,9817005787,8858649082,Student,Individual,2024-11-18,Silver,12463,Telugu,WhatsApp,"66, Lake View Road",Phase 2,Delhi,Delhi,110017,India,Y,Verified,14800.57,N,2024-11-18 16:25:00,2025-09-13 00:42:00
100435,CUST100435,Pranav,Yadav,Male,1989-05-18,pranav.yadav100435@examplemail.com,9714483812,8182741527,Corporate,Individual,2024-12-29,Platinum,8243,English,Email,"61, Market Road",Phase 2,Delhi,Delhi,110017,India,Y,Verified,464261.38,N,2024-12-29 10:40:00,2026-03-20 17:32:00
100436,CUST100436,Surya,Iyer,Male,1968-07-14,surya.iyer100436@examplemail.com,9956468738,8530980658,Student,Individual,2024-01-26,Bronze,16657,Tamil,Email,"717, Central Colony",Near Metro Station,Delhi,Delhi,110017,India,Y,Verified,5817.21,Y,2024-01-26 12:59:00,2025-11-09 21:00:00
100437,CUST100437,Deepika,Chowdary,Female,2001-06-16,deepika.chowdary100437@examplemail.com,9528115408,8676016227,Retail,Individual,2024-01-20,Silver,4980,Hindi,Phone,"442, Market Road",Beside Community Park,Bengaluru,Karnataka,560037,India,Y,Pending,32199.21,Y,2024-01-20 11:21:00,2024-11-18 22:11:00
100438,CUST100438,Akash,Naidu,Male,1970-10-13,akash.naidu100438@examplemail.com,9778542803,8982579300,Corporate,Individual,2024-01-17,Platinum,23559,Tamil,SMS,"497, Station Road",Phase 2,Mumbai,Maharashtra,400076,India,Y,Rejected,344679.01,Y,2024-01-17 13:50:00,2024-11-24 14:34:00
100439,CUST100439,Rohan,Chowdary,Male,2003-08-10,rohan.chowdary100439@examplemail.com,9288989518,8235572667,Student,Individual,2025-12-10,Bronze,5480,Kannada,Email,"40, River View",,Delhi,Delhi,110017,India,Y,Verified,10399.26,N,2025-12-10 18:11:00,2026-03-26 02:03:00
100440,CUST100440,Vijay,Yadav,Male,1961-01-07,vijay.yadav100440@examplemail.com,9198450942,8267268874,Retail,Individual,2026-06-02,Platinum,21343,English,Email,"8, Tech Park Avenue",Opp. City Mall,Vijayawada,Andhra Pradesh,520010,India,Y,Verified,23490.73,Y,2026-06-02 17:12:00,2026-06-22 18:17:00
100441,CUST100441,Rohan,Joshi,Male,1968-04-24,rohan.joshi100441@examplemail.com,9551993815,8968657379,Premium,Individual,2024-07-24,Bronze,5970,Kannada,Phone,"851, Green Hills",Near Metro Station,Vijayawada,Andhra Pradesh,520010,India,Y,Not Required,151129.07,Y,2024-07-24 12:56:00,2024-11-16 17:01:00
100442,CUST100442,Aditya,Patel,Male,2002-02-02,aditya.patel100442@examplemail.com,9160239962,8266674646,Premium,Individual,2024-03-14,Bronze,19935,Kannada,WhatsApp,"724, Park Lane",,Secunderabad,Telangana,500003,India,Y,Verified,77155.42,Y,2024-03-14 14:04:00,2025-03-11 23:53:00
100443,CUST100443,Aadhya,Iyer,Female,1955-02-20,aadhya.iyer100443@examplemail.com,9124020243,8810647171,Corporate,Individual,2026-06-25,Bronze,22017,Telugu,Phone,"471, Market Road",,Mumbai,Maharashtra,400076,India,Y,Verified,720229.62,Y,2026-06-25 17:23:00,2026-08-17 17:33:00
100444,CUST100444,Vishal,Patel,Male,1984-05-28,vishal.patel100444@examplemail.com,9803219753,8514641469,Student,Individual,2026-04-24,Silver,2265,English,Phone,"379, Lake View Road",Beside Community Park,Hyderabad,Telangana,500081,India,Y,Verified,22007.23,N,2026-04-24 17:44:00,2026-08-07 23:26:00
100445,CUST100445,Sai,Sharma,Male,1961-09-21,sai.sharma100445@examplemail.com,9814879008,8899194616,Senior Citizen,Individual,2024-02-24,Platinum,20095,English,WhatsApp,"81, Temple Street",Phase 2,Chennai,Tamil Nadu,600042,India,Y,Verified,22809.57,Y,2024-02-24 19:30:00,2025-02-23 00:10:00
100446,CUST100446,Harini,Chowdary,Female,1973-05-20,harini.chowdary100446@examplemail.com,9123082109,8598064055,Corporate,Individual,2026-07-27,Silver,5793,English,SMS,"928, Tech Park Avenue",Near Metro Station,Chennai,Tamil Nadu,600042,India,Y,Pending,737768.67,Y,2026-07-27 12:12:00,2026-09-07 16:35:00
100447,CUST100447,Aarav,Kumar,Male,1962-10-03,aarav.kumar100447@examplemail.com,9591794872,8939708349,Senior Citizen,Individual,2026-08-18,Gold,15084,Hindi,WhatsApp,"593, Lake View Road",,Delhi,Delhi,110017,India,Y,Verified,12853.73,Y,2026-08-18 09:03:00,2026-08-18 19:27:00
100448,CUST100448,Deepika,Verma,Female,1997-04-21,deepika.verma100448@examplemail.com,9913263876,8383873518,Retail,Individual,2024-06-12,Platinum,3184,Hindi,Phone,"711, Temple Street",,Mumbai,Maharashtra,400076,India,Y,Verified,47326.49,N,2024-06-12 08:38:00,2025-07-13 10:20:00
100449,CUST100449,Harsha,Naidu,Male,1980-12-17,harsha.naidu100449@examplemail.com,9797427210,8866235258,Student,Individual,2025-12-19,Silver,11046,Kannada,Email,"876, Central Colony",Phase 2,Chennai,Tamil Nadu,600042,India,Y,Verified,11306.58,N,2025-12-19 18:40:00,2026-07-10 03:43:00
100450,CUST100450,Kavya,Verma,Female,1966-03-16,kavya.verma100450@examplemail.com,9182103198,8127068300,Student,Individual,2024-12-14,Bronze,23654,Tamil,Phone,"487, Tech Park Avenue",Opp. City Mall,Secunderabad,Telangana,500003,India,Y,Verified,15833.01,N,2024-12-14 17:47:00,2025-12-29 18:10:00
100451,CUST100451,Ananya,Singh,Female,1960-01-15,ananya.singh100451@examplemail.com,9220573596,8388880647,Corporate,Individual,2025-05-21,Bronze,10300,Tamil,Email,"588, Park Lane",,Pune,Maharashtra,411014,India,Y,Verified,683330.29,Y,2025-05-21 10:43:00,2025-06-08 17:46:00
100452,CUST100452,Aditya,Reddy,Male,1961-02-05,aditya.reddy100452@examplemail.com,9704265804,8941320423,Premium,Business,2025-12-31,Bronze,12573,Tamil,Phone,"14, Market Road",Beside Community Park,Visakhapatnam,Andhra Pradesh,530017,India,Y,Verified,192023.03,N,2025-12-31 10:55:00,2026-04-23 17:57:00
100453,CUST100453,Bhavya,Sharma,Female,1966-01-17,bhavya.sharma100453@examplemail.com,9624493763,8472109514,Retail,Individual,2026-01-16,Platinum,6983,Hindi,WhatsApp,"406, Station Road",Near Metro Station,Vijayawada,Andhra Pradesh,520010,India,Y,Verified,20299.96,Y,2026-01-16 12:00:00,2026-08-25 16:05:00
100454,CUST100454,Krishna,Sharma,Male,1988-08-27,krishna.sharma100454@examplemail.com,9822239332,8345484989,Student,Individual,2026-08-21,Bronze,2968,English,Phone,"683, Green Hills",,Vijayawada,Andhra Pradesh,520010,India,Y,Not Required,24515.32,Y,2026-08-21 20:21:00,2026-09-09 23:23:00
100455,CUST100455,Sai,Iyer,Male,1990-02-21,sai.iyer100455@examplemail.com,9161648532,8487739373,Retail,Individual,2024-08-24,Bronze,1613,Tamil,Email,"426, MG Road",Beside Community Park,Bengaluru,Karnataka,560037,India,Y,Verified,14206.88,N,2024-08-24 13:00:00,2025-10-01 19:39:00
100456,CUST100456,Arjun,Reddy,Male,1970-06-20,arjun.reddy100456@examplemail.com,9752781266,8642171895,Senior Citizen,Individual,2026-08-11,Platinum,3557,Telugu,WhatsApp,"905, River View",Near Metro Station,Visakhapatnam,Andhra Pradesh,530017,India,Y,Verified,39023.75,Y,2026-08-11 13:25:00,2026-08-11 21:33:00
100457,CUST100457,Rohan,Patel,Male,1984-03-03,rohan.patel100457@examplemail.com,9898283367,8697463178,Senior Citizen,Individual,2026-08-14,Bronze,16457,English,Email,"146, Market Road",Phase 2,Mumbai,Maharashtra,400076,India,Y,Verified,22948.37,N,2026-08-14 20:15:00,2026-08-23 03:10:00
100458,CUST100458,Aarav,Mishra,Male,2000-02-12,aarav.mishra100458@examplemail.com,9253032956,8867372971,Student,Individual,2024-03-19,Silver,24232,Tamil,SMS,"782, River View",Opp. City Mall,Hyderabad,Telangana,500081,India,Y,Verified,17560.17,N,2024-03-19 18:05:00,2025-01-01 23:13:00
100459,CUST100459,Divya,Mishra,Female,2003-10-28,divya.mishra100459@examplemail.com,9819198234,8860391601,Retail,Individual,2024-06-19,Silver,11680,Tamil,Phone,"412, River View",Opp. City Mall,Delhi,Delhi,110017,India,Y,Verified,47047.02,Y,2024-06-19 08:18:00,2026-03-04 14:26:00
100460,CUST100460,Nandini,Sharma,Female,1961-04-19,nandini.sharma100460@examplemail.com,9180008304,8665975006,Senior Citizen,Individual,2024-07-29,Silver,7219,Hindi,Email,"703, Central Colony",Opp. City Mall,Secunderabad,Telangana,500003,India,Y,Verified,39637.64,N,2024-07-29 10:35:00,2026-04-16 17:43:00
100461,CUST100461,Tarun,Kulkarni,Male,1976-08-24,tarun.kulkarni100461@examplemail.com,9493971761,8678979324,Corporate,Individual,2024-01-28,Gold,8522,Hindi,Phone,"120, MG Road",Near Metro Station,Vijayawada,Andhra Pradesh,520010,India,Y,Rejected,948170.05,Y,2024-01-28 17:30:00,2026-08-16 22:12:00
100462,CUST100462,Pooja,Rao,Female,1964-12-10,pooja.rao100462@examplemail.com,9215401742,8807538068,Senior Citizen,Individual,2024-02-03,Bronze,4024,English,Phone,"9, Tech Park Avenue",Opp. City Mall,Mumbai,Maharashtra,400076,India,Y,Verified,56124.45,N,2024-02-03 20:57:00,2024-10-26 02:59:00
100463,CUST100463,Aadhya,Shetty,Female,1959-11-27,aadhya.shetty100463@examplemail.com,9630647092,8393154359,Retail,Individual,2025-10-07,Gold,1512,Telugu,Phone,"842, Park Lane",Beside Community Park,Mumbai,Maharashtra,400076,India,N,Pending,66824.41,N,2025-10-07 18:23:00,2025-11-16 22:45:00
100464,CUST100464,Kavya,Rao,Female,1957-04-01,kavya.rao100464@examplemail.com,9716878191,8635705541,Senior Citizen,Individual,2024-03-15,Silver,13417,Tamil,WhatsApp,"43, Lake View Road",Beside Community Park,Chennai,Tamil Nadu,600042,India,Y,Verified,43318.34,N,2024-03-15 10:08:00,2026-02-21 17:21:00
100465,CUST100465,Vaishnavi,Yadav,Female,1963-06-20,vaishnavi.yadav100465@examplemail.com,9219736266,8647868095,Retail,Individual,2026-01-16,Gold,3865,Telugu,Phone,"732, Tech Park Avenue",,Pune,Maharashtra,411014,India,Y,Verified,23993.27,Y,2026-01-16 11:06:00,2026-07-21 14:36:00
100466,CUST100466,Bhavya,Patel,Female,1961-04-15,bhavya.patel100466@examplemail.com,9895674093,8804475140,Corporate,Individual,2026-08-07,Platinum,10160,Telugu,Phone,"937, Tech Park Avenue",Phase 2,Secunderabad,Telangana,500003,India,Y,Verified,439012.72,N,2026-08-07 17:33:00,2026-08-29 00:13:00
100467,CUST100467,Aishwarya,Menon,Female,1957-10-02,aishwarya.menon100467@examplemail.com,9977193562,8597875077,Retail,Individual,2025-01-24,Bronze,12782,English,Email,"932, Temple Street",Phase 2,Pune,Maharashtra,411014,India,Y,Verified,38824.96,Y,2025-01-24 11:52:00,2026-01-10 16:09:00
100468,CUST100468,Vijay,Mishra,Male,1977-06-15,vijay.mishra100468@examplemail.com,9673428246,8821562071,Senior Citizen,Individual,2025-04-05,Bronze,6381,Tamil,Phone,"116, Central Colony",Phase 2,Hyderabad,Telangana,500081,India,Y,Verified,47018.80,N,2025-04-05 16:31:00,2026-01-09 18:11:00
100469,CUST100469,Nandini,Verma,Female,1992-06-03,nandini.verma100469@examplemail.com,9327529733,8986958623,Premium,Individual,2026-05-24,Gold,14069,Hindi,Phone,"373, Market Road",,Mumbai,Maharashtra,400076,India,Y,Verified,223407.02,Y,2026-05-24 12:08:00,2026-06-06 12:42:00
100470,CUST100470,Bhavya,Reddy,Female,1977-05-20,bhavya.reddy100470@examplemail.com,9868511249,8316119832,Premium,Individual,2024-07-09,Silver,15094,Hindi,Email,"855, Lake View Road",,Vijayawada,Andhra Pradesh,520010,India,Y,Not Required,208792.58,Y,2024-07-09 13:07:00,2026-03-29 20:23:00
100471,CUST100471,Akash,Das,Male,1997-02-06,akash.das100471@examplemail.com,9734757813,8902862027,Corporate,Individual,2024-10-28,Gold,7221,Tamil,Phone,"335, Temple Street",Phase 2,Mumbai,Maharashtra,400076,India,Y,Verified,533487.32,Y,2024-10-28 13:25:00,2026-02-25 19:33:00
100472,CUST100472,Priya,Das,Female,1982-06-01,priya.das100472@examplemail.com,9167535128,8251064647,Corporate,Individual,2025-12-16,Bronze,14633,Tamil,Email,"767, Green Hills",Phase 2,Pune,Maharashtra,411014,India,Y,Rejected,353073.44,Y,2025-12-16 16:15:00,2026-01-10 18:47:00
100473,CUST100473,Vishal,Singh,Male,1993-12-05,vishal.singh100473@examplemail.com,9274716099,8742803826,Retail,Individual,2024-08-13,Bronze,2402,Kannada,Phone,"984, Central Colony",Beside Community Park,Vijayawada,Andhra Pradesh,520010,India,Y,Verified,36657.44,N,2024-08-13 12:07:00,2024-10-15 14:25:00
100474,CUST100474,Aadhya,Mishra,Female,1975-05-07,aadhya.mishra100474@examplemail.com,9493596745,8767244071,Retail,Individual,2025-06-15,Silver,4842,English,WhatsApp,"928, Station Road",Near Metro Station,Visakhapatnam,Andhra Pradesh,530017,India,Y,Verified,24971.00,N,2025-06-15 11:00:00,2025-11-05 20:18:00
100475,CUST100475,Keerthi,Sharma,Female,1970-04-07,keerthi.sharma100475@examplemail.com,9491632668,8737600917,Senior Citizen,Individual,2026-05-02,Bronze,18316,English,WhatsApp,"586, Park Lane",Beside Community Park,Hyderabad,Telangana,500081,India,Y,Verified,16230.73,N,2026-05-02 20:28:00,2026-06-16 05:15:00
100476,CUST100476,Ishita,Chowdary,Female,1963-08-08,ishita.chowdary100476@examplemail.com,9227478970,8413030797,Corporate,Individual,2025-09-20,Silver,22091,English,WhatsApp,"331, Central Colony",Opp. City Mall,Visakhapatnam,Andhra Pradesh,530017,India,N,Verified,652919.59,N,2025-09-20 12:32:00,2026-03-31 17:17:00
100477,CUST100477,Charan,Reddy,Male,1998-10-17,charan.reddy100477@examplemail.com,9580047396,8886552080,Premium,Individual,2024-08-04,Silver,3929,English,SMS,"573, Lake View Road",Opp. City Mall,Chennai,Tamil Nadu,600042,India,N,Pending,188413.10,Y,2024-08-04 18:33:00,2026-08-09 01:02:00
100478,CUST100478,Akash,Kumar,Male,1966-06-21,akash.kumar100478@examplemail.com,9142909644,8590804286,Retail,Business,2026-07-12,Silver,24966,Kannada,Email,"619, MG Road",,Vijayawada,Andhra Pradesh,520010,India,Y,Rejected,60641.20,N,2026-07-12 10:38:00,2026-08-24 16:39:00
100479,CUST100479,Sanjay,Singh,Male,1977-09-04,sanjay.singh100479@examplemail.com,9714631542,8895372215,Corporate,Individual,2024-06-01,Bronze,11865,Hindi,Phone,"10, Tech Park Avenue",,Vijayawada,Andhra Pradesh,520010,India,Y,Rejected,227748.36,Y,2024-06-01 10:59:00,2026-03-08 16:47:00
100480,CUST100480,Sneha,Rao,Female,1973-11-27,sneha.rao100480@examplemail.com,9552427632,8862511019,Corporate,Individual,2026-04-26,Silver,17164,Kannada,Phone,"498, Temple Street",Near Metro Station,Bengaluru,Karnataka,560037,India,Y,Verified,946020.48,N,2026-04-26 18:48:00,2026-06-21 04:41:00
100481,CUST100481,Aarav,Verma,Male,1967-12-03,aarav.verma100481@examplemail.com,9917982657,8142034173,Student,Individual,2024-12-28,Silver,9821,Tamil,Phone,"201, Park Lane",Near Metro Station,Hyderabad,Telangana,500081,India,Y,Verified,6595.78,N,2024-12-28 15:10:00,2025-05-31 15:20:00
100482,CUST100482,Akash,Menon,Male,1957-04-22,akash.menon100482@examplemail.com,9794588784,8744003113,Premium,Business,2024-10-01,Bronze,19451,Kannada,Email,"70, Park Lane",Beside Community Park,Vijayawada,Andhra Pradesh,520010,India,Y,Verified,199787.64,Y,2024-10-01 17:24:00,2024-10-28 20:39:00
100483,CUST100483,Tarun,Iyer,Male,1972-07-06,tarun.iyer100483@examplemail.com,9960825966,8207182127,Senior Citizen,Individual,2025-03-27,Bronze,21952,Tamil,WhatsApp,"973, River View",Near Metro Station,Bengaluru,Karnataka,560037,India,Y,Verified,52169.93,Y,2025-03-27 20:24:00,2025-06-15 05:21:00
100484,CUST100484,Varun,Singh,Male,1956-03-20,varun.singh100484@examplemail.com,9272711390,8295014629,Premium,Individual,2026-01-18,Bronze,12353,Tamil,Phone,"974, Green Hills",Opp. City Mall,Vijayawada,Andhra Pradesh,520010,India,N,Verified,237456.28,N,2026-01-18 18:45:00,2026-06-27 18:47:00
100485,CUST100485,Tarun,Menon,Male,1994-10-04,tarun.menon100485@examplemail.com,9583217233,8256411528,Retail,Individual,2025-12-10,Bronze,24877,Telugu,Email,"556, Station Road",Phase 2,Secunderabad,Telangana,500003,India,Y,Verified,63411.20,N,2025-12-10 15:02:00,2026-08-02 19:05:00
100486,CUST100486,Nikhil,Gupta,Male,1958-09-03,nikhil.gupta100486@examplemail.com,9447639660,8102030500,Retail,Individual,2026-02-05,Bronze,10141,Tamil,Phone,"560, Central Colony",Opp. City Mall,Mumbai,Maharashtra,400076,India,Y,Verified,18376.17,N,2026-02-05 13:58:00,2026-04-04 16:03:00
100487,CUST100487,Charan,Kumar,Male,1960-08-06,charan.kumar100487@examplemail.com,9343649921,8297461907,Premium,Individual,2024-03-25,Silver,21223,English,Email,"973, Station Road",Beside Community Park,Pune,Maharashtra,411014,India,Y,Verified,230434.75,N,2024-03-25 14:14:00,2024-06-27 23:12:00
100488,CUST100488,Vishal,Das,Male,1981-10-18,vishal.das100488@examplemail.com,9240915578,8415970283,Senior Citizen,Individual,2025-11-27,Silver,6165,Telugu,Email,"574, Central Colony",Opp. City Mall,Pune,Maharashtra,411014,India,Y,Pending,42579.15,N,2025-11-27 14:29:00,2025-12-19 19:11:00
100489,CUST100489,Tarun,Kumar,Male,1990-03-10,tarun.kumar100489@examplemail.com,9654653243,8126478817,Retail,Individual,2024-09-22,Silver,13022,Hindi,Email,"680, Tech Park Avenue",Near Metro Station,Delhi,Delhi,110017,India,Y,Pending,28905.90,N,2024-09-22 18:35:00,2025-03-28 21:49:00
100490,CUST100490,Deepika,Kulkarni,Female,1967-12-17,deepika.kulkarni100490@examplemail.com,9775422791,8806169928,Retail,Individual,2024-11-23,Silver,8252,Tamil,Email,"837, Green Hills",Opp. City Mall,Visakhapatnam,Andhra Pradesh,530017,India,Y,Verified,36038.58,N,2024-11-23 09:46:00,2026-03-25 13:34:00
100491,CUST100491,Bhavya,Kumar,Female,1977-02-04,bhavya.kumar100491@examplemail.com,9389308303,8339737678,Senior Citizen,Individual,2024-08-06,Bronze,10131,Hindi,SMS,"841, Lake View Road",Beside Community Park,Hyderabad,Telangana,500081,India,Y,Verified,59844.01,N,2024-08-06 19:00:00,2024-11-19 22:15:00
100492,CUST100492,Bhavya,Das,Female,1963-11-25,bhavya.das100492@examplemail.com,9240181962,8293641275,Corporate,Individual,2026-08-11,Bronze,1948,Tamil,SMS,"449, River View",,Warangal,Telangana,506002,India,Y,Pending,492181.00,Y,2026-08-11 08:08:00,2026-08-18 09:01:00
100493,CUST100493,Surya,Rao,Male,1959-10-13,surya.rao100493@examplemail.com,9881557152,8498007082,Student,Individual,2024-12-25,Silver,22820,Hindi,SMS,"132, Temple Street",Near Metro Station,Delhi,Delhi,110017,India,Y,Verified,24155.75,N,2024-12-25 08:45:00,2025-09-14 16:40:00
100494,CUST100494,Varun,Patel,Male,1963-03-27,varun.patel100494@examplemail.com,9682538648,8655155980,Senior Citizen,Individual,2026-02-18,Silver,14797,English,SMS,"555, Central Colony",Beside Community Park,Secunderabad,Telangana,500003,India,Y,Verified,18164.33,N,2026-02-18 18:27:00,2026-04-11 22:51:00
100495,CUST100495,Keerthi,Shetty,Female,1975-01-14,keerthi.shetty100495@examplemail.com,9846865046,8104983079,Premium,Individual,2024-05-07,Gold,19569,Tamil,Phone,"92, Green Hills",Opp. City Mall,Chennai,Tamil Nadu,600042,India,Y,Verified,229971.26,Y,2024-05-07 08:13:00,2025-07-11 12:37:00
100496,CUST100496,Kavya,Gupta,Female,1987-03-22,kavya.gupta100496@examplemail.com,9428358988,8931370948,Corporate,Individual,2026-02-08,Bronze,11906,Tamil,Phone,"170, Park Lane",,Secunderabad,Telangana,500003,India,Y,Verified,660399.74,N,2026-02-08 18:20:00,2026-09-13 02:10:00
100497,CUST100497,Sanjay,Kulkarni,Male,1986-01-05,sanjay.kulkarni100497@examplemail.com,9569397676,8350893551,Corporate,Individual,2024-08-03,Bronze,11497,English,Email,"330, Park Lane",,Secunderabad,Telangana,500003,India,Y,Verified,317961.26,Y,2024-08-03 10:51:00,2026-02-28 14:56:00
100498,CUST100498,Keerthi,Chowdary,Female,1969-05-20,keerthi.chowdary100498@examplemail.com,9270845541,8552473896,Retail,Individual,2024-01-20,Silver,7794,English,Email,"85, Lake View Road",Near Metro Station,Warangal,Telangana,506002,India,N,Verified,14422.90,Y,2024-01-20 14:23:00,2026-03-15 17:36:00
100499,CUST100499,Vaishnavi,Naidu,Female,1972-01-23,vaishnavi.naidu100499@examplemail.com,9763996655,8136779329,Student,Individual,2024-05-28,Gold,23878,Kannada,Email,"511, Station Road",Near Metro Station,Warangal,Telangana,506002,India,Y,Verified,13058.36,N,2024-05-28 14:16:00,2025-05-02 16:15:00
100500,CUST100500,Akash,Iyer,Male,1967-12-08,akash.iyer100500@examplemail.com,9333647675,8887675377,Corporate,Individual,2024-11-14,Bronze,9354,Kannada,WhatsApp,"435, MG Road",Phase 2,Chennai,Tamil Nadu,600042,India,Y,Verified,631416.22,N,2024-11-14 18:08:00,2024-12-04 19:03:00
100501,CUST100501,Divya,Sharma,Female,1983-02-25,divya.sharma100501@examplemail.com,9850183250,8106913148,Retail,Individual,2024-02-15,Platinum,20682,Telugu,Phone,"164, Temple Street",Near Metro Station,Delhi,Delhi,110017,India,Y,Verified,12888.52,N,2024-02-15 18:39:00,2025-01-04 00:35:00
100502,CUST100502,Rahul,Das,Male,1955-06-09,rahul.das100502@examplemail.com,9500186668,8536888758,Premium,Individual,2025-06-21,Silver,8954,Tamil,WhatsApp,"9, Station Road",Phase 2,Bengaluru,Karnataka,560037,India,Y,Verified,195872.72,Y,2025-06-21 14:35:00,2025-08-08 20:11:00
100503,CUST100503,Pooja,Gupta,Female,1998-04-14,pooja.gupta100503@examplemail.com,9653845013,8124564710,Corporate,Individual,2024-12-15,Silver,16792,Kannada,Email,"783, Park Lane",Beside Community Park,Warangal,Telangana,506002,India,Y,Verified,929812.34,N,2024-12-15 09:51:00,2025-06-08 14:22:00
100504,CUST100504,Rohan,Naidu,Male,1990-02-21,rohan.naidu100504@examplemail.com,9640598393,8158041665,Retail,Individual,2025-10-14,Bronze,11057,Tamil,Email,"34, MG Road",Phase 2,Pune,Maharashtra,411014,India,Y,Verified,53119.59,N,2025-10-14 19:42:00,2026-04-03 05:48:00
100505,CUST100505,Aadhya,Nair,Female,1973-03-27,aadhya.nair100505@examplemail.com,9471531370,8348272566,Premium,Individual,2025-09-12,Silver,3521,Telugu,Email,"624, Temple Street",,Hyderabad,Telangana,500081,India,Y,Verified,248807.90,Y,2025-09-12 13:43:00,2026-01-18 15:02:00
100506,CUST100506,Surya,Nair,Male,1965-09-13,surya.nair100506@examplemail.com,9314963485,8206070116,Premium,Individual,2025-03-11,Bronze,5139,English,WhatsApp,"160, Green Hills",Phase 2,Mumbai,Maharashtra,400076,India,Y,Rejected,224228.24,N,2025-03-11 11:54:00,2026-05-07 21:23:00
100507,CUST100507,Charan,Joshi,Male,1967-03-16,charan.joshi100507@examplemail.com,9339155620,8818189242,Corporate,Individual,2024-10-14,Gold,23699,Hindi,WhatsApp,"565, Central Colony",Opp. City Mall,Chennai,Tamil Nadu,600042,India,Y,Verified,266897.41,Y,2024-10-14 16:50:00,2025-04-20 18:58:00
100508,CUST100508,Ananya,Menon,Female,1986-07-27,ananya.menon100508@examplemail.com,9485612405,8824587301,Retail,Individual,2024-05-14,Silver,534,English,WhatsApp,"911, Station Road",Opp. City Mall,Hyderabad,Telangana,500081,India,Y,Verified,42800.89,Y,2024-05-14 08:35:00,2025-02-22 14:50:00
100509,CUST100509,Varun,Naidu,Male,1963-02-23,varun.naidu100509@examplemail.com,9973450978,8115413034,Premium,Individual,2024-05-19,Silver,21865,Telugu,WhatsApp,"621, Green Hills",Beside Community Park,Vijayawada,Andhra Pradesh,520010,India,Y,Verified,85565.86,N,2024-05-19 13:02:00,2025-06-08 19:14:00
100510,CUST100510,Sahithi,Sharma,Female,1967-09-09,sahithi.sharma100510@examplemail.com,9777564477,8559833340,Retail,Individual,2026-05-24,Gold,12108,Kannada,Phone,"241, Station Road",Opp. City Mall,Pune,Maharashtra,411014,India,Y,Verified,71342.54,Y,2026-05-24 08:07:00,2026-07-21 10:27:00
100511,CUST100511,Akash,Goud,Male,1960-08-15,akash.goud100511@examplemail.com,9668176258,8830948566,Premium,Individual,2026-05-21,Gold,19961,Hindi,WhatsApp,"728, Temple Street",Opp. City Mall,Mumbai,Maharashtra,400076,India,Y,Verified,154090.95,N,2026-05-21 20:07:00,2026-09-14 22:57:59
100512,CUST100512,Tarun,Joshi,Male,1999-03-12,tarun.joshi100512@examplemail.com,9694827880,8568774591,Premium,Individual,2024-11-27,Silver,6176,Kannada,Phone,"252, Central Colony",Beside Community Park,Delhi,Delhi,110017,India,Y,Verified,191484.00,N,2024-11-27 15:24:00,2025-08-05 17:18:00
100513,CUST100513,Sahithi,Shetty,Female,1971-04-16,sahithi.shetty100513@examplemail.com,9360651178,8902117847,Senior Citizen,Individual,2026-09-02,Gold,18006,Kannada,WhatsApp,"829, Tech Park Avenue",Beside Community Park,Chennai,Tamil Nadu,600042,India,Y,Verified,36044.12,Y,2026-09-02 17:09:00,2026-09-13 22:38:00
100514,CUST100514,Aarav,Yadav,Male,1995-05-24,aarav.yadav100514@examplemail.com,9163807164,8972062843,Senior Citizen,Business,2026-02-28,Bronze,22170,English,SMS,"118, Central Colony",Near Metro Station,Delhi,Delhi,110017,India,Y,Not Required,36754.11,Y,2026-02-28 18:08:00,2026-06-06 21:06:00
100515,CUST100515,Tarun,Nair,Male,2002-12-24,tarun.nair100515@examplemail.com,9172039232,8179541416,Premium,Individual,2026-04-25,Gold,24020,Telugu,WhatsApp,"572, Green Hills",Near Metro Station,Mumbai,Maharashtra,400076,India,Y,Verified,235760.66,Y,2026-04-25 14:41:00,2026-06-26 15:27:00
100516,CUST100516,Harsha,Das,Male,1979-08-20,harsha.das100516@examplemail.com,9306914122,8801651125,Corporate,Individual,2025-01-22,Silver,11895,Kannada,SMS,"813, Tech Park Avenue",Near Metro Station,Pune,Maharashtra,411014,India,Y,Verified,770679.27,N,2025-01-22 16:14:00,2025-09-06 17:43:00
100517,CUST100517,Neha,Mishra,Female,1972-09-11,neha.mishra100517@examplemail.com,9819013248,8211218609,Senior Citizen,Individual,2026-08-02,Bronze,8387,Tamil,SMS,"356, MG Road",,Chennai,Tamil Nadu,600042,India,Y,Verified,57483.20,N,2026-08-02 20:58:00,2026-09-13 03:14:00
100518,CUST100518,Ananya,Nair,Female,1969-09-09,ananya.nair100518@examplemail.com,9698443066,8789122311,Premium,Individual,2025-10-06,Bronze,8242,Tamil,Phone,"215, Green Hills",Near Metro Station,Delhi,Delhi,110017,India,Y,Verified,114076.77,N,2025-10-06 18:33:00,2026-06-04 21:33:00
100519,CUST100519,Pooja,Gupta,Female,1984-02-20,pooja.gupta100519@examplemail.com,9738821747,8367914723,Premium,Individual,2026-03-01,Bronze,20608,Kannada,WhatsApp,"141, River View",,Warangal,Telangana,506002,India,Y,Pending,199154.85,N,2026-03-01 15:08:00,2026-06-22 17:09:00
100520,CUST100520,Karthik,Joshi,Male,1994-07-05,karthik.joshi100520@examplemail.com,9754834923,8371649188,Retail,Individual,2024-10-31,Bronze,4724,Kannada,WhatsApp,"702, Park Lane",Opp. City Mall,Hyderabad,Telangana,500081,India,Y,Verified,65912.80,N,2024-10-31 13:59:00,2025-09-14 15:50:00
100521,CUST100521,Vishal,Nair,Male,1998-07-27,vishal.nair100521@examplemail.com,9744543670,8102774436,Retail,Business,2026-02-23,Bronze,24857,Telugu,Email,"13, River View",Beside Community Park,Vijayawada,Andhra Pradesh,520010,India,Y,Verified,21945.16,Y,2026-02-23 20:01:00,2026-08-11 00:02:00
100522,CUST100522,Aditya,Nair,Male,1973-05-24,aditya.nair100522@examplemail.com,9928049889,8928317690,Corporate,Individual,2024-08-15,Gold,16298,Kannada,Email,"206, Park Lane",Near Metro Station,Vijayawada,Andhra Pradesh,520010,India,Y,Verified,884141.79,Y,2024-08-15 10:36:00,2026-07-16 19:00:00
100523,CUST100523,Ishita,Singh,Female,1984-10-06,ishita.singh100523@examplemail.com,9827749064,8775448497,Senior Citizen,Individual,2025-08-19,Bronze,20854,Tamil,WhatsApp,"746, Station Road",Opp. City Mall,Hyderabad,Telangana,500081,India,Y,Verified,51452.17,Y,2025-08-19 10:33:00,2026-01-19 21:29:00
100524,CUST100524,Sahithi,Verma,Female,1988-11-08,sahithi.verma100524@examplemail.com,9218526824,8985694556,Senior Citizen,Individual,2025-10-30,Bronze,9782,Hindi,Email,"186, Central Colony",Phase 2,Visakhapatnam,Andhra Pradesh,530017,India,Y,Pending,19467.78,Y,2025-10-30 15:01:00,2026-06-22 23:57:00
100525,CUST100525,Ananya,Iyer,Female,1967-12-07,ananya.iyer100525@examplemail.com,9107674539,8323405816,Retail,Business,2026-08-17,Gold,23304,Telugu,WhatsApp,"256, MG Road",,Visakhapatnam,Andhra Pradesh,530017,India,Y,Verified,27830.91,Y,2026-08-17 10:57:00,2026-09-05 14:19:00
100526,CUST100526,Kavya,Patel,Female,1994-01-05,kavya.patel100526@examplemail.com,9109550142,8435706738,Retail,Individual,2026-01-05,Bronze,17171,English,Phone,"480, Station Road",Beside Community Park,Secunderabad,Telangana,500003,India,Y,Rejected,28231.99,Y,2026-01-05 12:07:00,2026-02-23 19:49:00
100527,CUST100527,Sai,Gupta,Male,1998-04-25,sai.gupta100527@examplemail.com,9477413448,8377148892,Student,Individual,2024-07-11,Silver,3576,Kannada,Phone,"740, Lake View Road",Opp. City Mall,Hyderabad,Telangana,500081,India,Y,Verified,9693.02,Y,2024-07-11 11:23:00,2026-05-30 19:38:00
100528,CUST100528,Deepika,Chowdary,Female,1985-03-26,deepika.chowdary100528@examplemail.com,9210173128,8179909863,Student,Individual,2025-04-30,Bronze,8520,Telugu,Phone,"971, Station Road",Opp. City Mall,Delhi,Delhi,110017,India,Y,Verified,15621.61,Y,2025-04-30 17:51:00,2026-08-02 23:35:00
100529,CUST100529,Pooja,Kulkarni,Female,2001-11-09,pooja.kulkarni100529@examplemail.com,9380119792,8986128840,Senior Citizen,Individual,2024-11-20,Bronze,4912,Hindi,WhatsApp,"520, MG Road",,Hyderabad,Telangana,500081,India,Y,Verified,35765.62,N,2024-11-20 13:05:00,2025-11-02 18:06:00
100530,CUST100530,Swathi,Gupta,Female,1966-02-12,swathi.gupta100530@examplemail.com,9296873700,8738201578,Corporate,Individual,2026-01-16,Gold,19994,English,SMS,"234, MG Road",Beside Community Park,Mumbai,Maharashtra,400076,India,Y,Rejected,616407.44,Y,2026-01-16 13:37:00,2026-06-07 15:01:00
100531,CUST100531,Aadhya,Goud,Female,1995-12-12,aadhya.goud100531@examplemail.com,9942967662,8973246412,Premium,Business,2024-11-07,Silver,19878,Kannada,SMS,"290, Central Colony",Near Metro Station,Chennai,Tamil Nadu,600042,India,N,Verified,172003.91,N,2024-11-07 14:41:00,2026-08-10 21:13:00
100532,CUST100532,Rohan,Verma,Male,1974-08-03,rohan.verma100532@examplemail.com,9192242493,8117000123,Senior Citizen,Individual,2024-10-25,Gold,18683,English,WhatsApp,"241, Market Road",Phase 2,Pune,Maharashtra,411014,India,Y,Verified,31188.75,N,2024-10-25 19:19:00,2024-11-11 22:14:00
100533,CUST100533,Ishita,Shetty,Female,1973-05-18,ishita.shetty100533@examplemail.com,9174971911,8674667487,Retail,Individual,2024-03-15,Bronze,17990,Telugu,Email,"78, MG Road",,Secunderabad,Telangana,500003,India,Y,Verified,39724.42,N,2024-03-15 19:38:00,2024-08-10 04:03:00
100534,CUST100534,Tarun,Kulkarni,Male,1977-10-23,tarun.kulkarni100534@examplemail.com,9777285718,8443601111,Senior Citizen,Individual,2025-06-12,Bronze,7569,Hindi,WhatsApp,"471, Tech Park Avenue",Opp. City Mall,Mumbai,Maharashtra,400076,India,Y,Verified,24656.30,N,2025-06-12 12:47:00,2025-08-05 20:24:00
100535,CUST100535,Bhavya,Kulkarni,Female,1974-07-24,bhavya.kulkarni100535@examplemail.com,9791971500,8469834361,Senior Citizen,Individual,2026-07-15,Gold,19860,Hindi,SMS,"659, MG Road",,Secunderabad,Telangana,500003,India,Y,Verified,31458.38,N,2026-07-15 13:32:00,2026-08-27 23:50:00
100536,CUST100536,Tarun,Menon,Male,2001-10-07,tarun.menon100536@examplemail.com,9501337979,8394225900,Senior Citizen,Individual,2026-04-30,Bronze,1080,English,Phone,"107, Green Hills",Beside Community Park,Secunderabad,Telangana,500003,India,Y,Verified,24822.88,Y,2026-04-30 16:11:00,2026-06-23 02:08:00
100537,CUST100537,Pooja,Iyer,Female,1984-08-05,pooja.iyer100537@examplemail.com,9237067642,8346635556,Corporate,Individual,2026-08-25,Silver,8951,English,WhatsApp,"314, Lake View Road",Phase 2,Pune,Maharashtra,411014,India,Y,Verified,625256.15,Y,2026-08-25 18:10:00,2026-08-28 19:59:00
100538,CUST100538,Krishna,Kumar,Male,1975-09-18,krishna.kumar100538@examplemail.com,9639346576,8934664292,Student,Individual,2026-05-02,Bronze,1749,Telugu,Email,"436, Park Lane",Opp. City Mall,Delhi,Delhi,110017,India,N,Verified,24881.15,N,2026-05-02 11:58:00,2026-09-05 20:10:00
100539,CUST100539,Nikhil,Chowdary,Male,1995-05-13,nikhil.chowdary100539@examplemail.com,9124773221,8654561563,Retail,Individual,2026-07-12,Gold,1049,Kannada,WhatsApp,"358, Park Lane",Opp. City Mall,Chennai,Tamil Nadu,600042,India,Y,Verified,60314.39,N,2026-07-12 10:00:00,2026-07-26 19:16:00
100540,CUST100540,Vaishnavi,Joshi,Female,1991-04-24,vaishnavi.joshi100540@examplemail.com,9605920568,8580792285,Retail,Individual,2025-04-27,Silver,22642,Hindi,Email,"445, Temple Street",Phase 2,Bengaluru,Karnataka,560037,India,Y,Verified,55888.99,N,2025-04-27 15:15:00,2025-11-06 16:03:00
100541,CUST100541,Aishwarya,Kumar,Female,1956-11-20,aishwarya.kumar100541@examplemail.com,9909423621,8983689704,Senior Citizen,Individual,2026-03-10,Bronze,22362,Tamil,Phone,"536, Park Lane",,Vijayawada,Andhra Pradesh,520010,India,Y,Pending,35134.75,Y,2026-03-10 17:15:00,2026-03-18 17:33:00
100542,CUST100542,Priya,Joshi,Female,1986-05-13,priya.joshi100542@examplemail.com,9459554532,8597677238,Student,Individual,2024-09-11,Platinum,24503,Hindi,Email,"965, Park Lane",,Secunderabad,Telangana,500003,India,Y,Verified,21161.20,Y,2024-09-11 08:12:00,2025-11-26 18:54:00
100543,CUST100543,Vaishnavi,Das,Female,2000-04-15,vaishnavi.das100543@examplemail.com,9904040129,8275258847,Senior Citizen,Individual,2025-03-10,Silver,11265,English,SMS,"387, Green Hills",Near Metro Station,Delhi,Delhi,110017,India,Y,Verified,32480.79,Y,2025-03-10 17:30:00,2026-06-18 21:29:00
100544,CUST100544,Nandini,Rao,Female,1962-10-10,nandini.rao100544@examplemail.com,9230444461,8182380296,Premium,Individual,2024-07-18,Platinum,1267,Tamil,Email,"503, Market Road",Phase 2,Pune,Maharashtra,411014,India,Y,Verified,262167.51,Y,2024-07-18 20:32:00,2026-07-14 21:20:00
100545,CUST100545,Keerthi,Kulkarni,Female,1961-12-20,keerthi.kulkarni100545@examplemail.com,9972742540,8187943870,Corporate,Individual,2025-04-28,Gold,19749,Hindi,Email,"217, Central Colony",Beside Community Park,Mumbai,Maharashtra,400076,India,Y,Verified,942580.45,N,2025-04-28 13:13:00,2026-02-06 22:21:00
100546,CUST100546,Ananya,Kumar,Female,1977-11-26,ananya.kumar100546@examplemail.com,9786367250,8182377112,Student,Individual,2024-03-08,Platinum,21028,English,Email,"227, Green Hills",Opp. City Mall,Secunderabad,Telangana,500003,India,Y,Verified,21800.42,Y,2024-03-08 11:37:00,2026-05-05 11:53:00
100547,CUST100547,Rahul,Goud,Male,1973-01-10,rahul.goud100547@examplemail.com,9873214680,8168471557,Retail,Individual,2024-08-10,Bronze,4774,Hindi,Phone,"672, Central Colony",Beside Community Park,Bengaluru,Karnataka,560037,India,Y,Verified,21032.82,Y,2024-08-10 14:02:00,2026-02-12 18:48:00
100548,CUST100548,Lakshmi,Mishra,Female,1998-03-14,lakshmi.mishra100548@examplemail.com,9359612438,8709740856,Retail,Individual,2024-08-18,Gold,22466,Tamil,Email,"312, Park Lane",Opp. City Mall,Hyderabad,Telangana,500081,India,Y,Verified,69078.43,N,2024-08-18 08:38:00,2025-05-19 14:01:00
100549,CUST100549,Deepika,Shetty,Female,2004-04-15,deepika.shetty100549@examplemail.com,9508961677,8977166219,Corporate,Individual,2026-04-17,Bronze,3501,Telugu,Email,"419, Lake View Road",,Secunderabad,Telangana,500003,India,Y,Verified,447556.17,N,2026-04-17 16:56:00,2026-08-27 22:58:00
100550,CUST100550,Keerthi,Gupta,Female,1974-12-26,keerthi.gupta100550@examplemail.com,9751771419,8145574464,Corporate,Individual,2025-05-02,Bronze,14313,Hindi,Email,"620, MG Road",,Secunderabad,Telangana,500003,India,Y,Verified,214441.95,N,2025-05-02 15:46:00,2025-09-21 16:46:00
100551,CUST100551,Ishita,Rao,Female,2002-06-20,ishita.rao100551@examplemail.com,9168055252,8337174414,Student,Individual,2024-10-24,Bronze,13847,English,Phone,"725, Temple Street",Phase 2,Chennai,Tamil Nadu,600042,India,Y,Verified,18852.19,Y,2024-10-24 16:50:00,2026-06-06 19:05:00
100552,CUST100552,Aadhya,Gupta,Female,1991-05-14,aadhya.gupta100552@examplemail.com,9874534873,8724388287,Premium,Individual,2026-02-28,Silver,15949,English,SMS,"921, Green Hills",Near Metro Station,Delhi,Delhi,110017,India,Y,Verified,82468.69,Y,2026-02-28 18:19:00,2026-05-15 01:20:00
100553,CUST100553,Sahithi,Gupta,Female,1968-05-26,sahithi.gupta100553@examplemail.com,9144549924,8943042288,Retail,Individual,2024-07-11,Silver,17313,Hindi,WhatsApp,"62, MG Road",Near Metro Station,Pune,Maharashtra,411014,India,Y,Verified,70831.48,N,2024-07-11 10:42:00,2024-11-20 14:12:00
100554,CUST100554,Sai,Sharma,Male,1996-02-20,sai.sharma100554@examplemail.com,9325008442,8565684287,Student,Individual,2025-07-02,Platinum,11541,Telugu,Email,"749, Green Hills",Near Metro Station,Hyderabad,Telangana,500081,India,Y,Verified,11426.69,Y,2025-07-02 20:21:00,2025-12-12 03:09:00
100555,CUST100555,Sneha,Kulkarni,Female,1997-06-19,sneha.kulkarni100555@examplemail.com,9956426146,8382167141,Corporate,Individual,2025-01-25,Platinum,24459,Kannada,Email,"984, Station Road",Opp. City Mall,Delhi,Delhi,110017,India,Y,Not Required,216546.39,N,2025-01-25 08:22:00,2026-05-15 17:20:00
100556,CUST100556,Akash,Verma,Male,1990-06-08,akash.verma100556@examplemail.com,9556195816,8665501019,Corporate,Individual,2026-07-12,Silver,5347,Telugu,SMS,"268, Lake View Road",Beside Community Park,Vijayawada,Andhra Pradesh,520010,India,N,Verified,796330.60,N,2026-07-12 13:06:00,2026-07-18 19:55:00
100557,CUST100557,Vishal,Singh,Male,1960-03-28,vishal.singh100557@examplemail.com,9721617292,8863340454,Senior Citizen,Individual,2024-10-31,Bronze,15791,English,WhatsApp,"55, Market Road",Opp. City Mall,Visakhapatnam,Andhra Pradesh,530017,India,Y,Verified,55722.08,Y,2024-10-31 18:32:00,2025-06-08 20:23:00
100558,CUST100558,Charan,Patel,Male,1962-11-19,charan.patel100558@examplemail.com,9293922890,8960106085,Premium,Individual,2026-08-17,Gold,24281,Kannada,Phone,"593, Temple Street",,Visakhapatnam,Andhra Pradesh,530017,India,Y,Rejected,103321.06,Y,2026-08-17 19:28:00,2026-08-25 20:57:00
100559,CUST100559,Harsha,Gupta,Male,1982-06-26,harsha.gupta100559@examplemail.com,9612927136,8316861734,Premium,Individual,2024-09-13,Silver,4149,English,Email,"386, Station Road",Phase 2,Bengaluru,Karnataka,560037,India,Y,Verified,184875.09,Y,2024-09-13 15:50:00,2026-04-22 23:15:00
100560,CUST100560,Nikhil,Naidu,Male,1966-10-03,nikhil.naidu100560@examplemail.com,9633763974,8120143024,Premium,Individual,2025-09-10,Silver,19433,Tamil,Email,"811, River View",,Delhi,Delhi,110017,India,Y,Verified,159272.80,N,2025-09-10 11:31:00,2026-06-18 21:30:00
100561,CUST100561,Aarav,Nair,Male,2000-11-13,aarav.nair100561@examplemail.com,9903725806,8768791523,Student,Individual,2024-06-14,Bronze,9210,Hindi,Phone,"648, Temple Street",Opp. City Mall,Hyderabad,Telangana,500081,India,N,Verified,6545.19,N,2024-06-14 20:24:00,2026-06-18 01:10:00
100562,CUST100562,Aditya,Gupta,Male,1994-08-20,aditya.gupta100562@examplemail.com,9748078939,8421065900,Corporate,Individual,2025-10-22,Silver,6004,Kannada,WhatsApp,"384, Park Lane",Phase 2,Visakhapatnam,Andhra Pradesh,530017,India,Y,Verified,950731.09,N,2025-10-22 10:49:00,2026-07-22 20:23:00
100563,CUST100563,Priya,Joshi,Female,1961-05-15,priya.joshi100563@examplemail.com,9227270651,8229674687,Premium,Individual,2024-02-02,Gold,479,Hindi,Phone,"599, Lake View Road",Near Metro Station,Bengaluru,Karnataka,560037,India,N,Verified,181020.10,Y,2024-02-02 16:03:00,2025-03-06 17:18:00
100564,CUST100564,Akash,Das,Male,1980-09-09,akash.das100564@examplemail.com,9940098242,8108255773,Senior Citizen,Individual,2025-07-23,Bronze,12228,Kannada,WhatsApp,"747, Green Hills",Opp. City Mall,Chennai,Tamil Nadu,600042,India,Y,Not Required,25469.52,N,2025-07-23 14:13:00,2025-12-05 22:30:00
100565,CUST100565,Rahul,Nair,Male,1967-11-13,rahul.nair100565@examplemail.com,9173398882,8436177353,Corporate,Individual,2026-02-01,Silver,20875,Hindi,Email,"808, Temple Street",Phase 2,Pune,Maharashtra,411014,India,Y,Verified,411709.87,Y,2026-02-01 13:35:00,2026-05-16 13:40:00
100566,CUST100566,Pranav,Yadav,Male,2003-04-13,pranav.yadav100566@examplemail.com,9894568983,8500624995,Premium,Individual,2025-05-06,Silver,23327,Hindi,WhatsApp,"256, Green Hills",Near Metro Station,Warangal,Telangana,506002,India,Y,Verified,273878.18,Y,2025-05-06 08:57:00,2025-08-04 14:35:00
100567,CUST100567,Deepika,Goud,Female,1989-02-24,deepika.goud100567@examplemail.com,9131372899,8287528002,Corporate,Individual,2025-10-19,Platinum,6844,Tamil,WhatsApp,"355, Temple Street",Opp. City Mall,Secunderabad,Telangana,500003,India,Y,Verified,988553.40,N,2025-10-19 19:57:00,2026-01-10 21:47:00
100568,CUST100568,Aditya,Joshi,Male,2001-11-25,aditya.joshi100568@examplemail.com,9571679948,8271829506,Corporate,Individual,2024-07-04,Silver,772,Kannada,WhatsApp,"887, Tech Park Avenue",Phase 2,Visakhapatnam,Andhra Pradesh,530017,India,Y,Verified,869822.70,Y,2024-07-04 19:29:00,2026-04-29 22:48:00
100569,CUST100569,Ananya,Iyer,Female,2002-08-15,ananya.iyer100569@examplemail.com,9818868362,8235632990,Retail,Individual,2026-01-31,Bronze,6986,Telugu,WhatsApp,"492, Lake View Road",Opp. City Mall,Chennai,Tamil Nadu,600042,India,Y,Verified,40502.60,N,2026-01-31 09:08:00,2026-03-06 16:50:00
100570,CUST100570,Vijay,Rao,Male,1979-10-18,vijay.rao100570@examplemail.com,9839172884,8436244402,Premium,Business,2025-04-21,Silver,8724,Telugu,WhatsApp,"474, Park Lane",Beside Community Park,Warangal,Telangana,506002,India,Y,Verified,105968.57,Y,2025-04-21 20:16:00,2025-10-12 00:20:00
100571,CUST100571,Aadhya,Singh,Female,1956-12-18,aadhya.singh100571@examplemail.com,9406387705,8945553686,Retail,Individual,2025-01-11,Bronze,16118,English,WhatsApp,"975, Tech Park Avenue",Phase 2,Delhi,Delhi,110017,India,Y,Verified,28098.11,Y,2025-01-11 14:58:00,2026-01-02 01:13:00
100572,CUST100572,Karthik,Menon,Male,2001-03-18,karthik.menon100572@examplemail.com,9911098930,8750631357,Premium,Individual,2026-02-23,Bronze,8978,English,SMS,"224, Tech Park Avenue",,Visakhapatnam,Andhra Pradesh,530017,India,Y,Verified,257366.36,Y,2026-02-23 14:54:00,2026-05-18 21:15:00
100573,CUST100573,Karthik,Iyer,Male,1966-10-05,karthik.iyer100573@examplemail.com,9667451417,8509287619,Corporate,Business,2024-07-29,Platinum,18475,English,WhatsApp,"510, Tech Park Avenue",Opp. City Mall,Visakhapatnam,Andhra Pradesh,530017,India,Y,Verified,657973.52,Y,2024-07-29 20:28:00,2026-04-01 23:57:00
100574,CUST100574,Swathi,Verma,Female,1956-01-04,swathi.verma100574@examplemail.com,9229308891,8402807413,Premium,Individual,2026-01-03,Bronze,646,English,Email,"108, Station Road",Phase 2,Bengaluru,Karnataka,560037,India,Y,Verified,78385.06,Y,2026-01-03 09:57:00,2026-07-05 11:41:00
100575,CUST100575,Aarav,Menon,Male,1962-11-09,aarav.menon100575@examplemail.com,9136779096,8646200990,Premium,Business,2024-11-12,Gold,997,Hindi,Email,"3, Green Hills",,Secunderabad,Telangana,500003,India,Y,Pending,108755.14,Y,2024-11-12 09:20:00,2025-07-30 20:03:00
100576,CUST100576,Vijay,Yadav,Male,1962-05-23,vijay.yadav100576@examplemail.com,9985347544,8666774397,Senior Citizen,Individual,2024-12-31,Silver,8218,Kannada,WhatsApp,"148, Market Road",Near Metro Station,Vijayawada,Andhra Pradesh,520010,India,Y,Verified,16065.88,Y,2024-12-31 09:48:00,2025-08-22 13:04:00
100577,CUST100577,Rohan,Kulkarni,Male,1979-11-04,rohan.kulkarni100577@examplemail.com,9921451773,8503649012,Retail,Individual,2024-12-23,Bronze,23167,Hindi,Email,"684, Green Hills",Opp. City Mall,Hyderabad,Telangana,500081,India,Y,Verified,21862.31,N,2024-12-23 19:13:00,2025-10-25 22:35:00
100578,CUST100578,Aishwarya,Singh,Female,1956-02-06,aishwarya.singh100578@examplemail.com,9855127503,8152012410,Corporate,Business,2024-10-24,Silver,22544,Tamil,SMS,"882, MG Road",Opp. City Mall,Mumbai,Maharashtra,400076,India,Y,Verified,809231.46,N,2024-10-24 16:35:00,2026-04-08 21:50:00
100579,CUST100579,Charan,Yadav,Male,1998-09-07,charan.yadav100579@examplemail.com,9154499514,8469694426,Premium,Individual,2025-11-03,Bronze,1772,Hindi,Email,"647, River View",Phase 2,Visakhapatnam,Andhra Pradesh,530017,India,Y,Pending,245956.06,N,2025-11-03 08:04:00,2026-06-10 11:20:00
100580,CUST100580,Sneha,Iyer,Female,1986-07-03,sneha.iyer100580@examplemail.com,9937446048,8791970573,Retail,Individual,2025-08-11,Bronze,11584,English,SMS,"676, Lake View Road",Beside Community Park,Visakhapatnam,Andhra Pradesh,530017,India,Y,Verified,38463.13,Y,2025-08-11 11:28:00,2026-01-21 20:48:00
100581,CUST100581,Kavya,Singh,Female,1986-04-01,kavya.singh100581@examplemail.com,9961230083,8651699169,Retail,Individual,2024-03-02,Silver,2216,Kannada,SMS,"305, Lake View Road",Near Metro Station,Bengaluru,Karnataka,560037,India,Y,Verified,65690.63,N,2024-03-02 11:42:00,2024-10-03 18:57:00
100582,CUST100582,Neha,Singh,Female,1968-10-26,neha.singh100582@examplemail.com,9757029638,8445331969,Corporate,Individual,2026-01-11,Silver,4634,English,SMS,"951, Tech Park Avenue",Beside Community Park,Secunderabad,Telangana,500003,India,Y,Verified,566676.72,Y,2026-01-11 15:27:00,2026-06-23 21:25:00
100583,CUST100583,Swathi,Kumar,Female,1986-05-19,swathi.kumar100583@examplemail.com,9949174863,8256364171,Student,Individual,2026-05-14,Bronze,1429,Telugu,WhatsApp,"157, Park Lane",Near Metro Station,Secunderabad,Telangana,500003,India,Y,Verified,14361.48,N,2026-05-14 13:01:00,2026-06-21 17:00:00
100584,CUST100584,Manish,Kumar,Male,1980-03-05,manish.kumar100584@examplemail.com,9181325029,8675840717,Student,Individual,2025-04-22,Gold,14745,Telugu,WhatsApp,"171, River View",Phase 2,Chennai,Tamil Nadu,600042,India,Y,Verified,12540.39,N,2025-04-22 09:58:00,2026-07-26 10:47:00
100585,CUST100585,Priya,Singh,Female,2002-03-21,priya.singh100585@examplemail.com,9944090448,8764709409,Student,Individual,2024-01-26,Bronze,3507,English,WhatsApp,"921, Central Colony",Phase 2,Hyderabad,Telangana,500081,India,Y,Verified,14321.72,N,2024-01-26 10:24:00,2025-01-26 15:10:00
100586,CUST100586,Lakshmi,Mishra,Female,1999-01-04,lakshmi.mishra100586@examplemail.com,9276949867,8148666151,Retail,Individual,2024-09-08,Bronze,16812,Telugu,Email,"705, Green Hills",Beside Community Park,Delhi,Delhi,110017,India,Y,Verified,54681.90,Y,2024-09-08 15:03:00,2025-10-03 15:37:00
100587,CUST100587,Divya,Mishra,Female,1981-01-07,divya.mishra100587@examplemail.com,9478368079,8888846579,Retail,Individual,2025-03-27,Bronze,1849,Tamil,SMS,"783, MG Road",Opp. City Mall,Visakhapatnam,Andhra Pradesh,530017,India,Y,Verified,72671.40,N,2025-03-27 19:34:00,2025-07-10 05:05:00
100588,CUST100588,Krishna,Chowdary,Male,1959-12-09,krishna.chowdary100588@examplemail.com,9875336715,8604470768,Corporate,Individual,2026-02-27,Bronze,21318,Hindi,WhatsApp,"981, Tech Park Avenue",,Vijayawada,Andhra Pradesh,520010,India,Y,Verified,381641.67,Y,2026-02-27 16:44:00,2026-03-09 02:59:00
100589,CUST100589,Nikhil,Mishra,Male,1958-02-23,nikhil.mishra100589@examplemail.com,9418948763,8670552405,Student,Business,2025-02-03,Gold,20482,Kannada,Email,"362, Tech Park Avenue",Opp. City Mall,Hyderabad,Telangana,500081,India,Y,Pending,22438.08,Y,2025-02-03 11:30:00,2025-05-08 11:57:00
100590,CUST100590,Nikhil,Kumar,Male,1978-02-09,nikhil.kumar100590@examplemail.com,9250589500,8687800884,Corporate,Individual,2026-04-07,Silver,17358,Telugu,SMS,"462, Station Road",Phase 2,Hyderabad,Telangana,500081,India,Y,Not Required,909318.80,N,2026-04-07 10:26:00,2026-07-14 10:47:00
100591,CUST100591,Manish,Menon,Male,1958-06-09,manish.menon100591@examplemail.com,9131065164,8228102238,Senior Citizen,Business,2024-05-12,Silver,9555,Tamil,WhatsApp,"727, Market Road",Phase 2,Chennai,Tamil Nadu,600042,India,N,Verified,35949.55,N,2024-05-12 17:10:00,2026-07-30 21:05:00
100592,CUST100592,Vijay,Kumar,Male,1974-08-24,vijay.kumar100592@examplemail.com,9400116999,8143010778,Student,Individual,2024-10-18,Silver,18396,Tamil,Phone,"841, Park Lane",Opp. City Mall,Warangal,Telangana,506002,India,Y,Verified,18623.88,Y,2024-10-18 15:28:00,2025-09-14 21:03:00
100593,CUST100593,Neha,Joshi,Female,1959-07-04,neha.joshi100593@examplemail.com,9704141088,8217607382,Corporate,Individual,2024-01-17,Bronze,20729,Tamil,Email,"372, Lake View Road",,Bengaluru,Karnataka,560037,India,Y,Pending,576175.61,N,2024-01-17 19:36:00,2025-01-10 20:13:00
100594,CUST100594,Vishal,Naidu,Male,1962-03-18,vishal.naidu100594@examplemail.com,9863379080,8609088414,Premium,Individual,2025-05-10,Bronze,7862,English,Email,"102, Park Lane",,Secunderabad,Telangana,500003,India,Y,Verified,118842.35,N,2025-05-10 14:52:00,2025-11-21 21:37:00
100595,CUST100595,Manish,Mishra,Male,1963-06-23,manish.mishra100595@examplemail.com,9839857812,8851084647,Senior Citizen,Individual,2024-06-27,Silver,5629,Hindi,SMS,"172, River View",,Hyderabad,Telangana,500081,India,Y,Verified,46469.66,N,2024-06-27 15:21:00,2025-08-12 18:07:00
100596,CUST100596,Aditya,Rao,Male,1994-05-01,aditya.rao100596@examplemail.com,9375468641,8794378414,Student,Individual,2025-09-17,Bronze,4157,Kannada,WhatsApp,"197, Lake View Road",,Hyderabad,Telangana,500081,India,N,Verified,18755.61,Y,2025-09-17 17:43:00,2025-09-30 20:03:00
100597,CUST100597,Krishna,Gupta,Male,1963-03-03,krishna.gupta100597@examplemail.com,9144132579,8944870776,Retail,Business,2024-08-05,Silver,5278,English,SMS,"875, River View",Phase 2,Bengaluru,Karnataka,560037,India,Y,Verified,58132.50,N,2024-08-05 13:39:00,2025-02-20 13:51:00
100598,CUST100598,Varun,Nair,Male,2000-03-03,varun.nair100598@examplemail.com,9923000836,8960727660,Senior Citizen,Individual,2025-10-28,Bronze,5494,Kannada,SMS,"101, Lake View Road",Near Metro Station,Bengaluru,Karnataka,560037,India,Y,Verified,23036.39,Y,2025-10-28 17:23:00,2026-02-23 20:51:00
100599,CUST100599,Vaishnavi,Chowdary,Female,1956-10-07,vaishnavi.chowdary100599@examplemail.com,9418517199,8583418706,Corporate,Individual,2025-10-05,Gold,20902,English,WhatsApp,"19, Temple Street",Near Metro Station,Warangal,Telangana,506002,India,Y,Verified,824109.73,N,2025-10-05 08:09:00,2026-07-14 16:52:00
100600,CUST100600,Deepika,Das,Female,2000-01-03,deepika.das100600@examplemail.com,9435020696,8338692626,Student,Individual,2026-04-29,Silver,10398,Telugu,WhatsApp,"255, MG Road",Phase 2,Delhi,Delhi,110017,India,Y,Verified,14486.41,Y,2026-04-29 12:07:00,2026-08-17 14:41:00
100601,CUST100601,Kavya,Yadav,Female,1978-04-19,kavya.yadav100601@examplemail.com,9921047057,8543987371,Corporate,Individual,2024-05-28,Gold,3772,Kannada,Phone,"792, MG Road",Beside Community Park,Mumbai,Maharashtra,400076,India,Y,Not Required,771172.11,N,2024-05-28 14:12:00,2025-02-23 23:03:00
100602,CUST100602,Swathi,Shetty,Female,1961-06-24,swathi.shetty100602@examplemail.com,9381618537,8426732153,Corporate,Individual,2024-05-10,Bronze,20748,Tamil,Phone,"16, Tech Park Avenue",Near Metro Station,Warangal,Telangana,506002,India,Y,Verified,384003.37,N,2024-05-10 12:56:00,2025-04-13 14:08:00
100603,CUST100603,Pranav,Yadav,Male,1963-06-23,pranav.yadav100603@examplemail.com,9589783487,8262830760,Premium,Individual,2025-05-30,Bronze,1568,English,SMS,"874, Lake View Road",Beside Community Park,Hyderabad,Telangana,500081,India,Y,Verified,215258.76,Y,2025-05-30 12:25:00,2025-12-13 17:59:00
100604,CUST100604,Akash,Yadav,Male,1964-05-13,akash.yadav100604@examplemail.com,9865249739,8422190304,Student,Individual,2026-05-02,Bronze,15312,Kannada,WhatsApp,"998, Tech Park Avenue",,Pune,Maharashtra,411014,India,Y,Verified,16973.64,Y,2026-05-02 20:31:00,2026-05-08 00:01:00
100605,CUST100605,Pranav,Kumar,Male,1995-04-25,pranav.kumar100605@examplemail.com,9198857947,8557762527,Corporate,Individual,2026-07-06,Bronze,10727,Hindi,Phone,"570, MG Road",Near Metro Station,Delhi,Delhi,110017,India,Y,Verified,765585.09,Y,2026-07-06 20:58:00,2026-08-16 06:35:00
100606,CUST100606,Arjun,Das,Male,2005-06-27,arjun.das100606@examplemail.com,9708758559,8910012363,Corporate,Individual,2025-10-26,Bronze,8338,Kannada,SMS,"32, Green Hills",Near Metro Station,Mumbai,Maharashtra,400076,India,Y,Verified,932152.94,Y,2025-10-26 09:45:00,2026-04-16 16:58:00
100607,CUST100607,Nikhil,Iyer,Male,1957-02-18,nikhil.iyer100607@examplemail.com,9677576899,8724867651,Student,Individual,2026-03-07,Bronze,1550,Tamil,SMS,"169, River View",,Chennai,Tamil Nadu,600042,India,Y,Verified,20530.42,Y,2026-03-07 20:23:00,2026-04-30 06:14:00
100608,CUST100608,Krishna,Patel,Male,1959-07-18,krishna.patel100608@examplemail.com,9116693544,8252010186,Retail,Individual,2026-02-27,Silver,20837,English,Phone,"722, Park Lane",Near Metro Station,Bengaluru,Karnataka,560037,India,Y,Pending,30706.92,N,2026-02-27 10:38:00,2026-05-07 19:02:00
100609,CUST100609,Swathi,Menon,Female,1959-12-20,swathi.menon100609@examplemail.com,9474545769,8723436483,Student,Individual,2025-12-09,Silver,18502,English,SMS,"914, Temple Street",Opp. City Mall,Chennai,Tamil Nadu,600042,India,Y,Verified,23047.06,Y,2025-12-09 18:57:00,2026-01-24 04:08:00
100610,CUST100610,Nandini,Sharma,Female,1955-04-27,nandini.sharma100610@examplemail.com,9101920058,8297630735,Premium,Individual,2025-08-07,Bronze,16670,Kannada,Phone,"105, Central Colony",Near Metro Station,Delhi,Delhi,110017,India,Y,Verified,135239.06,N,2025-08-07 19:33:00,2026-07-20 06:18:00
100611,CUST100611,Harini,Patel,Female,1981-06-06,harini.patel100611@examplemail.com,9810385091,8105179695,Retail,Individual,2026-02-14,Bronze,3180,English,Phone,"441, Lake View Road",Phase 2,Vijayawada,Andhra Pradesh,520010,India,Y,Verified,11720.70,N,2026-02-14 15:22:00,2026-08-12 01:10:00
100612,CUST100612,Akash,Yadav,Male,1964-06-09,akash.yadav100612@examplemail.com,9673886467,8747269202,Premium,Individual,2026-09-09,Silver,9108,Hindi,Email,"701, Temple Street",,Pune,Maharashtra,411014,India,Y,Verified,246961.91,N,2026-09-09 17:17:00,2026-09-10 20:44:00
100613,CUST100613,Swathi,Mishra,Female,1963-03-19,swathi.mishra100613@examplemail.com,9489778439,8760823559,Corporate,Individual,2026-04-25,Bronze,8374,Kannada,WhatsApp,"376, Tech Park Avenue",Phase 2,Warangal,Telangana,506002,India,Y,Verified,483168.93,Y,2026-04-25 09:18:00,2026-07-21 14:26:00
100614,CUST100614,Lakshmi,Kumar,Female,1976-02-24,lakshmi.kumar100614@examplemail.com,9440220187,8263085405,Premium,Individual,2025-10-15,Silver,19376,Telugu,Email,"248, Lake View Road",Phase 2,Visakhapatnam,Andhra Pradesh,530017,India,Y,Verified,190830.46,N,2025-10-15 08:46:00,2026-02-07 15:21:00
100615,CUST100615,Divya,Sharma,Female,1999-11-22,divya.sharma100615@examplemail.com,9118897286,8256821581,Senior Citizen,Individual,2024-06-13,Silver,9201,Kannada,Phone,"784, Tech Park Avenue",Opp. City Mall,Vijayawada,Andhra Pradesh,520010,India,Y,Verified,25328.89,N,2024-06-13 15:29:00,2025-05-24 16:02:00
100616,CUST100616,Vaishnavi,Naidu,Female,1969-05-21,vaishnavi.naidu100616@examplemail.com,9270168255,8411922759,Senior Citizen,Individual,2024-08-22,Bronze,7504,English,WhatsApp,"410, Station Road",,Visakhapatnam,Andhra Pradesh,530017,India,Y,Verified,18132.99,N,2024-08-22 10:46:00,2026-02-10 11:19:00
100617,CUST100617,Deepika,Sharma,Female,1999-05-14,deepika.sharma100617@examplemail.com,9998854277,8339432800,Student,Individual,2024-02-16,Silver,23032,Hindi,Email,"233, Green Hills",Phase 2,Mumbai,Maharashtra,400076,India,Y,Pending,12864.04,Y,2024-02-16 14:46:00,2026-08-07 15:54:00
100618,CUST100618,Aishwarya,Menon,Female,2001-06-27,aishwarya.menon100618@examplemail.com,9256791429,8213191089,Senior Citizen,Individual,2026-04-07,Bronze,12178,Hindi,Email,"921, Station Road",,Vijayawada,Andhra Pradesh,520010,India,Y,Pending,57969.91,Y,2026-04-07 20:02:00,2026-05-05 05:44:00
100619,CUST100619,Divya,Shetty,Female,1960-06-11,divya.shetty100619@examplemail.com,9623580043,8761908645,Premium,Individual,2024-06-14,Silver,18196,Tamil,WhatsApp,"14, Green Hills",Opp. City Mall,Hyderabad,Telangana,500081,India,Y,Verified,136259.02,N,2024-06-14 16:33:00,2025-11-14 19:58:00
100620,CUST100620,Harini,Kumar,Female,1986-01-16,harini.kumar100620@examplemail.com,9500702634,8642465891,Retail,Individual,2024-02-29,Bronze,15929,Hindi,Email,"684, Market Road",Near Metro Station,Vijayawada,Andhra Pradesh,520010,India,Y,Verified,55441.17,N,2024-02-29 14:52:00,2025-05-23 20:22:00
100621,CUST100621,Charan,Reddy,Male,1968-12-15,charan.reddy100621@examplemail.com,9130476892,8520914897,Premium,Individual,2025-04-30,Bronze,8447,Telugu,WhatsApp,"809, Central Colony",Phase 2,Pune,Maharashtra,411014,India,Y,Verified,233208.57,Y,2025-04-30 19:43:00,2025-08-19 01:57:00
100622,CUST100622,Arjun,Menon,Male,1969-03-04,arjun.menon100622@examplemail.com,9909092204,8217393544,Retail,Individual,2024-08-04,Gold,20666,Hindi,SMS,"759, Station Road",Phase 2,Hyderabad,Telangana,500081,India,Y,Verified,55695.22,Y,2024-08-04 11:28:00,2026-03-05 13:01:00
100623,CUST100623,Aditya,Shetty,Male,2003-08-15,aditya.shetty100623@examplemail.com,9883953791,8648726893,Premium,Individual,2025-02-23,Silver,8255,English,Phone,"303, MG Road",Opp. City Mall,Warangal,Telangana,506002,India,Y,Verified,217037.02,N,2025-02-23 17:28:00,2025-06-29 02:37:00
100624,CUST100624,Aishwarya,Nair,Female,1957-07-08,aishwarya.nair100624@examplemail.com,9656535197,8975457036,Senior Citizen,Individual,2025-03-02,Gold,3136,Tamil,SMS,"519, River View",Beside Community Park,Visakhapatnam,Andhra Pradesh,530017,India,Y,Verified,10106.87,Y,2025-03-02 10:26:00,2025-11-09 16:49:00
100625,CUST100625,Harini,Yadav,Female,1956-06-09,harini.yadav100625@examplemail.com,9971310314,8336119970,Senior Citizen,Individual,2025-04-18,Bronze,8406,Telugu,Phone,"929, Park Lane",Opp. City Mall,Vijayawada,Andhra Pradesh,520010,India,Y,Verified,19745.15,Y,2025-04-18 14:15:00,2026-07-04 21:40:00
100626,CUST100626,Tarun,Joshi,Male,1966-09-19,tarun.joshi100626@examplemail.com,9997866007,8495355827,Student,Individual,2024-09-01,Silver,6986,Kannada,Email,"433, Station Road",Beside Community Park,Warangal,Telangana,506002,India,Y,Verified,11607.31,Y,2024-09-01 09:53:00,2024-10-21 14:52:00
100627,CUST100627,Meghana,Menon,Female,1958-02-27,meghana.menon100627@examplemail.com,9694766835,8375838623,Premium,Individual,2025-05-05,Silver,14091,English,WhatsApp,"924, Temple Street",,Mumbai,Maharashtra,400076,India,Y,Verified,233651.07,N,2025-05-05 17:37:00,2025-06-11 22:22:00
100628,CUST100628,Neha,Reddy,Female,1967-12-28,neha.reddy100628@examplemail.com,9645556159,8722500658,Corporate,Individual,2025-07-25,Bronze,23401,Tamil,WhatsApp,"514, Market Road",Near Metro Station,Bengaluru,Karnataka,560037,India,Y,Pending,395658.93,Y,2025-07-25 13:23:00,2025-12-19 22:34:00
100629,CUST100629,Karthik,Shetty,Male,1981-06-12,karthik.shetty100629@examplemail.com,9666312236,8485824730,Senior Citizen,Individual,2025-09-13,Silver,18922,Hindi,Email,"405, River View",Phase 2,Secunderabad,Telangana,500003,India,Y,Verified,21011.27,N,2025-09-13 12:42:00,2026-02-09 20:35:00
100630,CUST100630,Keerthi,Gupta,Female,1978-11-07,keerthi.gupta100630@examplemail.com,9119054506,8357659836,Student,Individual,2026-06-02,Bronze,24,Hindi,WhatsApp,"547, Park Lane",,Vijayawada,Andhra Pradesh,520010,India,Y,Verified,8832.46,Y,2026-06-02 10:24:00,2026-06-21 12:00:00
100631,CUST100631,Priya,Naidu,Female,1985-01-21,priya.naidu100631@examplemail.com,9887620669,8146326561,Corporate,Business,2024-02-02,Bronze,3427,Kannada,Phone,"255, Tech Park Avenue",Opp. City Mall,Secunderabad,Telangana,500003,India,Y,Verified,296324.98,N,2024-02-02 13:24:00,2026-03-27 20:07:00
100632,CUST100632,Rohan,Rao,Male,1981-09-03,rohan.rao100632@examplemail.com,9251953416,8591601985,Premium,Business,2024-01-06,Bronze,496,Kannada,SMS,"534, River View",Near Metro Station,Visakhapatnam,Andhra Pradesh,530017,India,Y,Not Required,97181.95,Y,2024-01-06 13:54:00,2025-03-04 19:16:00
100633,CUST100633,Sai,Das,Male,1984-10-16,sai.das100633@examplemail.com,9705327152,8655938955,Student,Individual,2026-04-27,Silver,16779,Kannada,Phone,"581, Green Hills",Phase 2,Bengaluru,Karnataka,560037,India,Y,Verified,23042.02,N,2026-04-27 08:32:00,2026-07-24 10:14:00
100634,CUST100634,Nandini,Iyer,Female,1985-05-06,nandini.iyer100634@examplemail.com,9368963840,8542685449,Premium,Individual,2024-01-03,Silver,12674,Telugu,WhatsApp,"620, Market Road",,Hyderabad,Telangana,500081,India,Y,Verified,160129.45,N,2024-01-03 14:02:00,2024-10-06 22:42:00
100635,CUST100635,Nandini,Mishra,Female,1957-09-06,nandini.mishra100635@examplemail.com,9425988831,8854635110,Senior Citizen,Individual,2025-02-20,Bronze,17644,Telugu,WhatsApp,"121, Station Road",Near Metro Station,Chennai,Tamil Nadu,600042,India,Y,Verified,39514.10,Y,2025-02-20 18:55:00,2025-06-29 02:39:00
100636,CUST100636,Harini,Singh,Female,2002-06-26,harini.singh100636@examplemail.com,9452934389,8729240343,Corporate,Individual,2024-11-15,Silver,22721,Hindi,Phone,"957, Park Lane",Phase 2,Hyderabad,Telangana,500081,India,Y,Verified,545795.28,N,2024-11-15 10:50:00,2024-11-16 13:50:00
100637,CUST100637,Aishwarya,Joshi,Female,1963-12-17,aishwarya.joshi100637@examplemail.com,9250109968,8699226563,Premium,Individual,2026-07-07,Platinum,16412,English,Phone,"314, Tech Park Avenue",Phase 2,Vijayawada,Andhra Pradesh,520010,India,Y,Verified,288569.66,Y,2026-07-07 10:44:00,2026-09-05 20:44:00
100638,CUST100638,Tarun,Shetty,Male,1979-04-28,tarun.shetty100638@examplemail.com,9387683179,8723265235,Corporate,Individual,2025-11-30,Gold,7849,Kannada,Email,"423, Temple Street",Opp. City Mall,Secunderabad,Telangana,500003,India,Y,Verified,925374.25,Y,2025-11-30 15:44:00,2025-12-01 17:31:00
100639,CUST100639,Bhavya,Joshi,Female,1960-01-06,bhavya.joshi100639@examplemail.com,9573630096,8635746802,Senior Citizen,Individual,2024-05-16,Silver,20215,Tamil,Email,"16, Park Lane",Beside Community Park,Delhi,Delhi,110017,India,Y,Rejected,29526.68,Y,2024-05-16 14:01:00,2026-03-01 14:36:00
100640,CUST100640,Krishna,Iyer,Male,1988-04-12,krishna.iyer100640@examplemail.com,9206746663,8428468053,Student,Individual,2026-09-02,Silver,2697,Telugu,Phone,"982, Tech Park Avenue",,Hyderabad,Telangana,500081,India,Y,Not Required,11265.15,N,2026-09-02 12:38:00,2026-09-09 15:16:00
100641,CUST100641,Kavya,Reddy,Female,1977-02-16,kavya.reddy100641@examplemail.com,9889164363,8645108753,Premium,Individual,2025-12-02,Bronze,21975,Telugu,SMS,"761, Lake View Road",,Pune,Maharashtra,411014,India,Y,Verified,213195.97,Y,2025-12-02 20:05:00,2026-08-31 01:22:00
100642,CUST100642,Manish,Menon,Male,1968-09-09,manish.menon100642@examplemail.com,9753220202,8290055914,Premium,Individual,2024-01-07,Bronze,2166,Kannada,WhatsApp,"814, Market Road",Near Metro Station,Visakhapatnam,Andhra Pradesh,530017,India,Y,Verified,136368.32,Y,2024-01-07 08:16:00,2026-06-28 19:02:00
100643,CUST100643,Neha,Yadav,Female,1978-11-20,neha.yadav100643@examplemail.com,9800819458,8610048954,Premium,Individual,2026-03-31,Silver,3860,English,Email,"911, Park Lane",Phase 2,Chennai,Tamil Nadu,600042,India,Y,Verified,234002.25,Y,2026-03-31 13:06:00,2026-05-19 16:12:00
100644,CUST100644,Divya,Menon,Female,1973-04-11,divya.menon100644@examplemail.com,9630951880,8478922532,Premium,Individual,2025-11-13,Bronze,898,Kannada,WhatsApp,"748, Lake View Road",Phase 2,Warangal,Telangana,506002,India,Y,Verified,92448.02,N,2025-11-13 20:28:00,2025-11-17 21:26:00
100645,CUST100645,Priya,Chowdary,Female,1985-09-16,priya.chowdary100645@examplemail.com,9658101996,8465185980,Premium,Individual,2025-01-28,Bronze,17132,Telugu,WhatsApp,"118, Market Road",Opp. City Mall,Hyderabad,Telangana,500081,India,Y,Verified,98149.45,N,2025-01-28 12:51:00,2026-05-26 18:44:00
100646,CUST100646,Meghana,Kulkarni,Female,1959-08-05,meghana.kulkarni100646@examplemail.com,9985864767,8961246940,Student,Individual,2026-02-22,Gold,18807,Tamil,SMS,"894, Station Road",,Visakhapatnam,Andhra Pradesh,530017,India,Y,Verified,8325.41,Y,2026-02-22 19:07:00,2026-08-20 20:58:00
100647,CUST100647,Sneha,Iyer,Female,1983-09-04,sneha.iyer100647@examplemail.com,9583080095,8392871724,Corporate,Individual,2024-02-10,Bronze,22746,English,Email,"444, MG Road",Opp. City Mall,Warangal,Telangana,506002,India,Y,Verified,952741.32,Y,2024-02-10 12:16:00,2024-12-09 23:14:00
100648,CUST100648,Rahul,Verma,Male,2000-01-23,rahul.verma100648@examplemail.com,9727331717,8638567497,Student,Individual,2025-11-07,Silver,10495,Telugu,Phone,"569, Central Colony",Opp. City Mall,Vijayawada,Andhra Pradesh,520010,India,Y,Verified,19376.51,Y,2025-11-07 16:56:00,2026-04-30 02:13:00
100649,CUST100649,Neha,Reddy,Female,1964-04-08,neha.reddy100649@examplemail.com,9964740991,8390741615,Retail,Individual,2024-03-16,Silver,21945,Hindi,Phone,"7, Lake View Road",Opp. City Mall,Bengaluru,Karnataka,560037,India,Y,Verified,72450.26,N,2024-03-16 16:49:00,2024-07-13 00:03:00
100650,CUST100650,Karthik,Reddy,Male,1984-01-01,karthik.reddy100650@examplemail.com,9827271551,8795900271,Premium,Individual,2025-10-31,Silver,3303,English,Email,"59, Green Hills",Beside Community Park,Pune,Maharashtra,411014,India,Y,Verified,168894.22,N,2025-10-31 16:42:00,2026-06-09 22:33:00
100651,CUST100651,Ishita,Mishra,Female,1966-11-12,ishita.mishra100651@examplemail.com,9626831219,8516660723,Student,Individual,2026-02-02,Gold,11976,Tamil,SMS,"898, Tech Park Avenue",Phase 2,Delhi,Delhi,110017,India,Y,Verified,5540.06,N,2026-02-02 16:49:00,2026-06-30 21:47:00
100652,CUST100652,Pooja,Menon,Female,1958-05-28,pooja.menon100652@examplemail.com,9705408340,8532049401,Retail,Individual,2026-01-17,Bronze,4586,Hindi,SMS,"158, Market Road",Opp. City Mall,Pune,Maharashtra,411014,India,Y,Verified,12029.50,N,2026-01-17 19:11:00,2026-03-16 00:52:00
100653,CUST100653,Sanjay,Nair,Male,1987-02-15,sanjay.nair100653@examplemail.com,9334306331,8893002692,Corporate,Individual,2025-12-16,Gold,5508,Hindi,SMS,"553, Park Lane",Near Metro Station,Delhi,Delhi,110017,India,Y,Verified,783970.14,N,2025-12-16 10:48:00,2026-01-19 13:15:00
100654,CUST100654,Bhavya,Chowdary,Female,1975-02-16,bhavya.chowdary100654@examplemail.com,9227751778,8548780349,Premium,Individual,2025-04-17,Bronze,21006,Tamil,SMS,"400, Tech Park Avenue",Opp. City Mall,Bengaluru,Karnataka,560037,India,Y,Pending,251140.58,Y,2025-04-17 08:29:00,2026-03-25 19:05:00
100655,CUST100655,Vijay,Mishra,Male,1978-05-25,vijay.mishra100655@examplemail.com,9486503720,8603519307,Premium,Individual,2026-04-30,Silver,12008,Hindi,Phone,"824, Station Road",,Vijayawada,Andhra Pradesh,520010,India,Y,Verified,180126.79,N,2026-04-30 14:36:00,2026-08-02 15:35:00
100656,CUST100656,Nandini,Chowdary,Female,2001-08-01,nandini.chowdary100656@examplemail.com,9655040828,8241600173,Corporate,Individual,2025-08-01,Gold,16023,Hindi,WhatsApp,"264, Park Lane",Beside Community Park,Secunderabad,Telangana,500003,India,Y,Verified,438525.49,Y,2025-08-01 20:22:00,2026-02-21 06:04:00
100657,CUST100657,Varun,Kulkarni,Male,1990-06-09,varun.kulkarni100657@examplemail.com,9164138302,8364334607,Student,Individual,2025-03-11,Bronze,9651,Kannada,Phone,"498, Station Road",Beside Community Park,Mumbai,Maharashtra,400076,India,Y,Verified,22757.85,N,2025-03-11 17:31:00,2026-02-16 21:52:00
100658,CUST100658,Surya,Chowdary,Male,1992-12-15,surya.chowdary100658@examplemail.com,9978559030,8390386867,Premium,Individual,2024-09-05,Gold,16486,Kannada,WhatsApp,"769, Central Colony",Opp. City Mall,Pune,Maharashtra,411014,India,Y,Verified,268672.09,N,2024-09-05 08:18:00,2026-06-23 09:09:00
100659,CUST100659,Charan,Kulkarni,Male,1960-06-16,charan.kulkarni100659@examplemail.com,9278787026,8626440092,Student,Individual,2024-02-10,Silver,17789,Telugu,SMS,"668, Station Road",Phase 2,Secunderabad,Telangana,500003,India,Y,Verified,18503.97,N,2024-02-10 09:02:00,2025-07-15 15:12:00
100660,CUST100660,Bhavya,Naidu,Female,1986-08-07,bhavya.naidu100660@examplemail.com,9534995141,8581181393,Retail,Individual,2025-07-10,Bronze,10966,Telugu,Email,"845, Station Road",Opp. City Mall,Delhi,Delhi,110017,India,Y,Verified,43372.50,Y,2025-07-10 16:03:00,2026-06-03 17:39:00
100661,CUST100661,Vishal,Gupta,Male,1964-04-04,vishal.gupta100661@examplemail.com,9125590501,8252518650,Premium,Individual,2024-04-07,Silver,13614,Kannada,Email,"201, Tech Park Avenue",Phase 2,Warangal,Telangana,506002,India,Y,Verified,92663.54,N,2024-04-07 15:08:00,2026-05-04 18:03:00
100662,CUST100662,Sneha,Shetty,Female,2001-04-21,sneha.shetty100662@examplemail.com,9889758800,8823075056,Retail,Individual,2025-09-27,Platinum,20359,English,SMS,"292, River View",Near Metro Station,Hyderabad,Telangana,500081,India,N,Verified,30617.80,N,2025-09-27 18:26:00,2026-07-27 00:18:00
100663,CUST100663,Ishita,Das,Female,1975-10-01,ishita.das100663@examplemail.com,9378933218,8721137627,Senior Citizen,Individual,2025-09-08,Platinum,14080,English,SMS,"137, Lake View Road",,Secunderabad,Telangana,500003,India,Y,Verified,17283.56,Y,2025-09-08 15:43:00,2026-05-11 20:05:00
100664,CUST100664,Kavya,Chowdary,Female,1964-07-23,kavya.chowdary100664@examplemail.com,9157564249,8798924076,Premium,Individual,2024-10-01,Bronze,2770,Kannada,SMS,"733, Temple Street",Phase 2,Vijayawada,Andhra Pradesh,520010,India,Y,Verified,157704.33,Y,2024-10-01 19:41:00,2024-10-28 00:17:00
100665,CUST100665,Sahithi,Singh,Female,1994-12-21,sahithi.singh100665@examplemail.com,9319646617,8389649276,Student,Individual,2024-11-14,Silver,13596,English,Phone,"616, Market Road",Near Metro Station,Vijayawada,Andhra Pradesh,520010,India,Y,Verified,17569.94,N,2024-11-14 13:21:00,2026-08-13 18:45:00
100666,CUST100666,Surya,Shetty,Male,1969-11-15,surya.shetty100666@examplemail.com,9862223694,8279419538,Retail,Individual,2025-12-16,Silver,23986,English,Phone,"963, River View",Beside Community Park,Delhi,Delhi,110017,India,Y,Verified,41469.49,N,2025-12-16 13:41:00,2026-08-11 13:53:00
100667,CUST100667,Sanjay,Yadav,Male,1980-12-14,sanjay.yadav100667@examplemail.com,9944463576,8334669885,Premium,Individual,2025-11-29,Gold,24494,Hindi,SMS,"448, Market Road",Beside Community Park,Visakhapatnam,Andhra Pradesh,530017,India,Y,Verified,249421.23,N,2025-11-29 10:19:00,2025-12-08 13:43:00
100668,CUST100668,Sahithi,Gupta,Female,2001-07-23,sahithi.gupta100668@examplemail.com,9338072564,8519987007,Retail,Individual,2025-06-23,Bronze,756,Kannada,SMS,"450, Market Road",Phase 2,Delhi,Delhi,110017,India,Y,Verified,20950.20,N,2025-06-23 18:44:00,2025-12-10 21:55:00
100669,CUST100669,Nikhil,Reddy,Male,1960-05-13,nikhil.reddy100669@examplemail.com,9335428297,8681112968,Premium,Individual,2025-12-08,Bronze,7021,Tamil,Email,"992, Park Lane",Beside Community Park,Visakhapatnam,Andhra Pradesh,530017,India,Y,Verified,267326.82,N,2025-12-08 11:13:00,2026-09-05 12:18:00
100670,CUST100670,Vaishnavi,Yadav,Female,1981-08-07,vaishnavi.yadav100670@examplemail.com,9759325179,8581575122,Senior Citizen,Individual,2024-08-22,Bronze,21539,Hindi,WhatsApp,"468, Tech Park Avenue",Near Metro Station,Delhi,Delhi,110017,India,Y,Verified,33593.96,N,2024-08-22 19:55:00,2024-11-22 21:32:00
100671,CUST100671,Aishwarya,Menon,Female,1985-04-15,aishwarya.menon100671@examplemail.com,9822431836,8137923150,Corporate,Individual,2024-08-10,Bronze,17023,Kannada,Email,"200, Green Hills",,Visakhapatnam,Andhra Pradesh,530017,India,Y,Pending,678521.72,N,2024-08-10 17:30:00,2026-01-15 23:29:00
100672,CUST100672,Tarun,Reddy,Male,2003-11-24,tarun.reddy100672@examplemail.com,9921075949,8849750658,Retail,Business,2024-05-28,Silver,15712,Kannada,Email,"206, Lake View Road",Opp. City Mall,Hyderabad,Telangana,500081,India,Y,Verified,30161.40,Y,2024-05-28 15:58:00,2025-11-17 17:57:00
100673,CUST100673,Kavya,Chowdary,Female,1955-04-17,kavya.chowdary100673@examplemail.com,9455494782,8381485250,Student,Individual,2025-07-31,Platinum,21697,Hindi,Email,"749, MG Road",,Warangal,Telangana,506002,India,Y,Verified,7142.88,Y,2025-07-31 10:19:00,2025-10-16 16:47:00
100674,CUST100674,Pooja,Shetty,Female,2003-08-27,pooja.shetty100674@examplemail.com,9828796441,8907127697,Corporate,Individual,2024-08-21,Bronze,24174,Hindi,SMS,"236, Station Road",Beside Community Park,Hyderabad,Telangana,500081,India,Y,Pending,542241.25,N,2024-08-21 17:25:00,2024-11-26 03:10:00
100675,CUST100675,Surya,Nair,Male,1995-04-22,surya.nair100675@examplemail.com,9837607824,8936916285,Corporate,Individual,2024-01-05,Gold,15915,Tamil,Email,"889, Park Lane",Beside Community Park,Vijayawada,Andhra Pradesh,520010,India,Y,Verified,943599.62,Y,2024-01-05 16:50:00,2025-03-25 00:17:00
100676,CUST100676,Krishna,Yadav,Male,1955-10-15,krishna.yadav100676@examplemail.com,9768169739,8320389004,Retail,Individual,2025-08-07,Silver,18548,Telugu,Email,"435, Central Colony",Phase 2,Warangal,Telangana,506002,India,Y,Verified,69058.26,N,2025-08-07 10:16:00,2025-08-22 18:56:00
100677,CUST100677,Nandini,Shetty,Female,1997-08-18,nandini.shetty100677@examplemail.com,9817678968,8291243134,Premium,Individual,2024-03-26,Bronze,13771,Kannada,Email,"573, Station Road",Phase 2,Mumbai,Maharashtra,400076,India,Y,Verified,279961.89,N,2024-03-26 10:28:00,2024-04-09 18:00:00
100678,CUST100678,Charan,Kumar,Male,1957-07-03,charan.kumar100678@examplemail.com,9743318074,8820208741,Senior Citizen,Individual,2025-09-02,Gold,4354,Hindi,Email,"914, Lake View Road",Near Metro Station,Vijayawada,Andhra Pradesh,520010,India,Y,Verified,52651.61,Y,2025-09-02 17:05:00,2026-06-19 21:54:00
100679,CUST100679,Tarun,Joshi,Male,2000-02-15,tarun.joshi100679@examplemail.com,9570144796,8432655922,Senior Citizen,Individual,2024-11-13,Silver,2606,English,Email,"404, Lake View Road",Near Metro Station,Bengaluru,Karnataka,560037,India,Y,Verified,19903.13,N,2024-11-13 12:46:00,2025-04-26 16:13:00
100680,CUST100680,Akash,Verma,Male,1956-02-26,akash.verma100680@examplemail.com,9843825702,8289916578,Corporate,Individual,2025-06-09,Bronze,8440,Kannada,Email,"586, Park Lane",Opp. City Mall,Bengaluru,Karnataka,560037,India,Y,Pending,320820.89,Y,2025-06-09 08:36:00,2026-05-11 14:03:00
100681,CUST100681,Priya,Menon,Female,1963-01-04,priya.menon100681@examplemail.com,9198283572,8131336638,Corporate,Individual,2026-06-23,Silver,271,English,Email,"345, Tech Park Avenue",Opp. City Mall,Secunderabad,Telangana,500003,India,Y,Verified,717471.40,N,2026-06-23 12:23:00,2026-07-06 13:59:00
100682,CUST100682,Vijay,Nair,Male,1999-06-05,vijay.nair100682@examplemail.com,9420181557,8684000078,Senior Citizen,Individual,2026-06-16,Bronze,22754,Kannada,WhatsApp,"456, Market Road",Near Metro Station,Warangal,Telangana,506002,India,Y,Pending,47819.49,Y,2026-06-16 17:33:00,2026-08-11 02:11:00
100683,CUST100683,Sneha,Sharma,Female,1992-05-14,sneha.sharma100683@examplemail.com,9330930179,8749542957,Student,Individual,2025-07-14,Bronze,20941,Telugu,Email,"561, Market Road",Phase 2,Warangal,Telangana,506002,India,Y,Verified,20356.19,Y,2025-07-14 15:19:00,2026-08-31 22:15:00
100684,CUST100684,Sneha,Singh,Female,1973-03-07,sneha.singh100684@examplemail.com,9101427013,8514772063,Senior Citizen,Business,2025-08-21,Bronze,5514,Telugu,SMS,"380, Lake View Road",Beside Community Park,Bengaluru,Karnataka,560037,India,Y,Verified,48421.57,N,2025-08-21 09:14:00,2026-08-23 19:30:00
100685,CUST100685,Surya,Kulkarni,Male,1977-03-26,surya.kulkarni100685@examplemail.com,9295614061,8387764138,Corporate,Individual,2026-08-05,Silver,7929,Kannada,SMS,"105, Temple Street",Beside Community Park,Visakhapatnam,Andhra Pradesh,530017,India,Y,Verified,697123.31,Y,2026-08-05 16:05:00,2026-09-04 00:26:00
100686,CUST100686,Tarun,Goud,Male,1967-12-03,tarun.goud100686@examplemail.com,9880943442,8767820643,Corporate,Individual,2025-10-30,Bronze,4799,Kannada,Phone,"206, River View",Near Metro Station,Bengaluru,Karnataka,560037,India,Y,Verified,769499.85,Y,2025-10-30 15:17:00,2025-11-15 22:32:00
100687,CUST100687,Rahul,Yadav,Male,1981-12-06,rahul.yadav100687@examplemail.com,9655487171,8134405941,Premium,Individual,2025-12-17,Bronze,20811,English,WhatsApp,"107, Lake View Road",Phase 2,Mumbai,Maharashtra,400076,India,Y,Verified,230239.94,Y,2025-12-17 19:16:00,2025-12-20 19:33:00
100688,CUST100688,Sanjay,Singh,Male,2000-06-02,sanjay.singh100688@examplemail.com,9557916757,8760542039,Retail,Individual,2026-07-07,Bronze,766,English,Phone,"346, Lake View Road",Phase 2,Hyderabad,Telangana,500081,India,Y,Verified,50357.80,N,2026-07-07 10:00:00,2026-08-27 16:14:00
100689,CUST100689,Bhavya,Yadav,Female,1970-08-08,bhavya.yadav100689@examplemail.com,9350370304,8926468175,Student,Individual,2026-01-23,Gold,418,English,WhatsApp,"437, MG Road",Beside Community Park,Vijayawada,Andhra Pradesh,520010,India,Y,Verified,14996.92,Y,2026-01-23 13:43:00,2026-06-30 15:53:00
100690,CUST100690,Krishna,Reddy,Male,2001-11-11,krishna.reddy100690@examplemail.com,9507967584,8720180210,Senior Citizen,Individual,2026-08-29,Bronze,4069,Tamil,WhatsApp,"278, River View",Opp. City Mall,Pune,Maharashtra,411014,India,Y,Verified,23755.12,N,2026-08-29 11:53:00,2026-09-03 22:19:00
100691,CUST100691,Kavya,Reddy,Female,1965-01-21,kavya.reddy100691@examplemail.com,9589455878,8516208361,Premium,Individual,2025-11-17,Bronze,15732,English,Phone,"652, MG Road",Near Metro Station,Pune,Maharashtra,411014,India,Y,Verified,252415.83,Y,2025-11-17 16:50:00,2026-04-17 17:18:00
100692,CUST100692,Ishita,Gupta,Female,1993-11-24,ishita.gupta100692@examplemail.com,9375932945,8290509536,Retail,Individual,2026-04-05,Silver,18587,Kannada,Email,"581, River View",Near Metro Station,Warangal,Telangana,506002,India,Y,Verified,11192.56,Y,2026-04-05 14:00:00,2026-04-21 17:15:00
100693,CUST100693,Manish,Rao,Male,1978-01-13,manish.rao100693@examplemail.com,9943121238,8537481561,Student,Individual,2025-05-17,Silver,8948,Tamil,Email,"296, MG Road",Beside Community Park,Secunderabad,Telangana,500003,India,Y,Verified,7062.33,N,2025-05-17 19:42:00,2025-08-18 22:10:00
100694,CUST100694,Aarav,Patel,Male,1978-06-05,aarav.patel100694@examplemail.com,9406178380,8503934931,Student,Individual,2025-11-07,Silver,15053,Kannada,SMS,"741, Temple Street",Phase 2,Visakhapatnam,Andhra Pradesh,530017,India,Y,Verified,6541.51,Y,2025-11-07 10:02:00,2026-03-16 17:20:00
100695,CUST100695,Lakshmi,Mishra,Female,1960-02-23,lakshmi.mishra100695@examplemail.com,9617417772,8552401386,Premium,Individual,2025-09-02,Gold,23915,English,Phone,"175, Green Hills",,Warangal,Telangana,506002,India,N,Verified,135842.90,N,2025-09-02 10:47:00,2026-07-01 12:11:00
100696,CUST100696,Sahithi,Gupta,Female,1958-01-23,sahithi.gupta100696@examplemail.com,9338973299,8261008970,Retail,Individual,2024-01-27,Gold,17451,Hindi,SMS,"42, Station Road",,Warangal,Telangana,506002,India,Y,Verified,26192.93,Y,2024-01-27 15:15:00,2024-06-28 01:40:00
100697,CUST100697,Keerthi,Kumar,Female,1991-10-17,keerthi.kumar100697@examplemail.com,9508692697,8491419255,Corporate,Individual,2026-03-19,Silver,13889,Telugu,Email,"264, Park Lane",Near Metro Station,Secunderabad,Telangana,500003,India,Y,Verified,728459.07,N,2026-03-19 12:20:00,2026-06-09 20:10:00
100698,CUST100698,Vijay,Gupta,Male,1983-01-06,vijay.gupta100698@examplemail.com,9393208909,8300324341,Corporate,Individual,2025-06-19,Silver,1939,Tamil,Phone,"167, Station Road",Phase 2,Hyderabad,Telangana,500081,India,Y,Pending,353777.38,N,2025-06-19 09:02:00,2026-01-18 19:15:00
100699,CUST100699,Pranav,Menon,Male,1990-11-20,pranav.menon100699@examplemail.com,9612202924,8252229098,Retail,Individual,2024-08-20,Gold,4816,Tamil,SMS,"356, Lake View Road",Beside Community Park,Mumbai,Maharashtra,400076,India,Y,Verified,21103.90,Y,2024-08-20 12:20:00,2025-03-01 18:40:00
100700,CUST100700,Vaishnavi,Mishra,Female,1995-12-10,vaishnavi.mishra100700@examplemail.com,9157254082,8301685680,Student,Individual,2025-01-13,Bronze,5979,Tamil,Phone,"295, Market Road",Phase 2,Pune,Maharashtra,411014,India,Y,Verified,22496.31,N,2025-01-13 12:15:00,2025-02-22 15:13:00
100701,CUST100701,Sanjay,Nair,Male,1977-08-22,sanjay.nair100701@examplemail.com,9372954681,8196227348,Student,Individual,2024-03-19,Gold,8519,English,Email,"238, Temple Street",Phase 2,Hyderabad,Telangana,500081,India,Y,Rejected,13847.45,Y,2024-03-19 16:39:00,2025-08-06 19:15:00
100702,CUST100702,Harsha,Goud,Male,1959-04-28,harsha.goud100702@examplemail.com,9630383846,8330781837,Corporate,Individual,2025-02-15,Bronze,12668,Telugu,Email,"966, Park Lane",,Chennai,Tamil Nadu,600042,India,Y,Verified,752614.35,Y,2025-02-15 15:40:00,2025-10-05 00:17:00
100703,CUST100703,Akash,Yadav,Male,1988-03-23,akash.yadav100703@examplemail.com,9109233338,8616925525,Retail,Individual,2025-12-31,Platinum,7613,Tamil,Email,"281, Lake View Road",Opp. City Mall,Mumbai,Maharashtra,400076,India,Y,Verified,22416.81,Y,2025-12-31 12:25:00,2026-02-21 17:08:00
100704,CUST100704,Surya,Gupta,Male,2005-04-06,surya.gupta100704@examplemail.com,9505349683,8914712626,Corporate,Individual,2025-12-01,Gold,18011,Telugu,SMS,"340, Market Road",,Vijayawada,Andhra Pradesh,520010,India,Y,Verified,273340.18,N,2025-12-01 08:58:00,2025-12-12 16:50:00
100705,CUST100705,Sai,Singh,Male,1979-11-06,sai.singh100705@examplemail.com,9123496186,8729522169,Retail,Individual,2026-09-08,Bronze,14987,Tamil,Phone,"350, Market Road",Beside Community Park,Mumbai,Maharashtra,400076,India,Y,Not Required,60915.03,Y,2026-09-08 16:50:00,2026-09-11 22:53:00
100706,CUST100706,Rohan,Sharma,Male,1966-10-28,rohan.sharma100706@examplemail.com,9857004266,8616514736,Premium,Individual,2024-10-15,Bronze,23148,Telugu,Phone,"370, MG Road",Beside Community Park,Pune,Maharashtra,411014,India,Y,Verified,181624.57,N,2024-10-15 13:03:00,2025-09-12 17:45:00
100707,CUST100707,Harsha,Nair,Male,1986-12-25,harsha.nair100707@examplemail.com,9225676390,8126997888,Corporate,Individual,2025-02-11,Bronze,1151,Tamil,WhatsApp,"811, River View",Phase 2,Pune,Maharashtra,411014,India,Y,Verified,272916.36,N,2025-02-11 08:16:00,2025-07-29 13:32:00
100708,CUST100708,Sanjay,Kumar,Male,2000-07-16,sanjay.kumar100708@examplemail.com,9398491501,8789242631,Retail,Individual,2024-05-23,Gold,23548,Telugu,SMS,"39, River View",,Bengaluru,Karnataka,560037,India,Y,Verified,30526.53,N,2024-05-23 20:09:00,2025-07-29 03:52:00
100709,CUST100709,Aadhya,Chowdary,Female,2000-06-06,aadhya.chowdary100709@examplemail.com,9978198787,8250787694,Corporate,Individual,2024-04-02,Gold,16960,Hindi,WhatsApp,"637, Park Lane",Beside Community Park,Delhi,Delhi,110017,India,Y,Verified,363415.36,Y,2024-04-02 08:34:00,2026-08-16 11:37:00
100710,CUST100710,Nikhil,Joshi,Male,1961-09-15,nikhil.joshi100710@examplemail.com,9604499196,8728569490,Premium,Individual,2025-07-06,Gold,13314,Telugu,WhatsApp,"649, Lake View Road",Beside Community Park,Chennai,Tamil Nadu,600042,India,Y,Verified,177021.28,N,2025-07-06 11:11:00,2026-02-17 15:28:00
100711,CUST100711,Akash,Singh,Male,1999-09-07,akash.singh100711@examplemail.com,9121977819,8669002183,Corporate,Individual,2026-08-11,Silver,15467,Tamil,WhatsApp,"28, Market Road",,Bengaluru,Karnataka,560037,India,N,Verified,384916.64,N,2026-08-11 11:59:00,2026-09-02 21:58:00
100712,CUST100712,Arjun,Mishra,Male,2002-01-12,arjun.mishra100712@examplemail.com,9103449788,8351337389,Corporate,Individual,2025-09-26,Silver,7405,Hindi,Email,"321, MG Road",Opp. City Mall,Chennai,Tamil Nadu,600042,India,Y,Verified,922924.78,N,2025-09-26 14:34:00,2026-07-19 01:33:00
100713,CUST100713,Varun,Das,Male,1956-03-25,varun.das100713@examplemail.com,9312406888,8222682154,Student,Individual,2024-09-11,Silver,422,Tamil,SMS,"224, Central Colony",Phase 2,Secunderabad,Telangana,500003,India,Y,Verified,17019.50,N,2024-09-11 17:56:00,2025-02-20 22:08:00
100714,CUST100714,Sanjay,Mishra,Male,2003-05-18,sanjay.mishra100714@examplemail.com,9717901484,8824269754,Retail,Individual,2024-08-11,Bronze,6987,Kannada,SMS,"736, Lake View Road",Beside Community Park,Bengaluru,Karnataka,560037,India,Y,Verified,32901.86,Y,2024-08-11 12:26:00,2025-06-24 14:43:00
100715,CUST100715,Ishita,Sharma,Female,1972-04-16,ishita.sharma100715@examplemail.com,9578424072,8779385658,Retail,Individual,2024-01-09,Bronze,6445,English,Email,"771, Central Colony",,Chennai,Tamil Nadu,600042,India,Y,Rejected,15390.02,Y,2024-01-09 15:08:00,2026-02-09 21:57:00
100716,CUST100716,Sai,Naidu,Male,1986-10-21,sai.naidu100716@examplemail.com,9273318314,8614449072,Premium,Individual,2026-01-17,Silver,9806,English,SMS,"567, Lake View Road",Beside Community Park,Pune,Maharashtra,411014,India,Y,Verified,222886.91,Y,2026-01-17 18:20:00,2026-03-12 04:38:00
100717,CUST100717,Akash,Naidu,Male,1989-11-09,akash.naidu100717@examplemail.com,9406226018,8192422616,Student,Individual,2026-07-09,Platinum,4759,English,SMS,"9, Station Road",Opp. City Mall,Hyderabad,Telangana,500081,India,Y,Verified,9077.26,N,2026-07-09 13:12:00,2026-09-08 15:47:00
100718,CUST100718,Pranav,Shetty,Male,1971-10-03,pranav.shetty100718@examplemail.com,9958503659,8443617238,Senior Citizen,Individual,2025-05-20,Silver,7941,Kannada,Phone,"14, Green Hills",,Mumbai,Maharashtra,400076,India,Y,Verified,57251.69,N,2025-05-20 14:31:00,2026-02-19 20:21:00
100719,CUST100719,Ishita,Goud,Female,1995-08-11,ishita.goud100719@examplemail.com,9743210894,8931050825,Student,Individual,2024-11-25,Gold,3240,Tamil,Email,"700, Green Hills",Opp. City Mall,Pune,Maharashtra,411014,India,Y,Verified,11754.66,N,2024-11-25 10:38:00,2025-08-25 14:59:00
100720,CUST100720,Meghana,Reddy,Female,1979-07-09,meghana.reddy100720@examplemail.com,9597912885,8127573269,Student,Individual,2026-03-06,Gold,19432,Telugu,WhatsApp,"654, Park Lane",,Vijayawada,Andhra Pradesh,520010,India,Y,Verified,12844.98,Y,2026-03-06 12:48:00,2026-09-03 13:08:00
100721,CUST100721,Sai,Singh,Male,1991-08-09,sai.singh100721@examplemail.com,9130219760,8655490760,Premium,Individual,2024-10-23,Silver,19918,English,WhatsApp,"922, Park Lane",Beside Community Park,Pune,Maharashtra,411014,India,Y,Verified,76721.30,N,2024-10-23 19:04:00,2026-02-05 03:42:00
100722,CUST100722,Pooja,Rao,Female,1964-02-02,pooja.rao100722@examplemail.com,9528348674,8552613684,Senior Citizen,Individual,2026-08-28,Bronze,15457,Telugu,Email,"446, Central Colony",Opp. City Mall,Mumbai,Maharashtra,400076,India,Y,Verified,39261.74,Y,2026-08-28 12:58:00,2026-09-01 14:37:00
100723,CUST100723,Neha,Gupta,Female,1980-02-01,neha.gupta100723@examplemail.com,9260255421,8952096193,Premium,Individual,2025-02-25,Bronze,2263,Hindi,WhatsApp,"145, Park Lane",Opp. City Mall,Visakhapatnam,Andhra Pradesh,530017,India,Y,Verified,132989.07,N,2025-02-25 10:22:00,2025-11-03 15:14:00
100724,CUST100724,Harsha,Shetty,Male,1994-03-16,harsha.shetty100724@examplemail.com,9879622217,8127808378,Corporate,Individual,2026-05-04,Silver,8484,Kannada,SMS,"86, MG Road",Beside Community Park,Delhi,Delhi,110017,India,Y,Verified,706584.19,Y,2026-05-04 14:25:00,2026-07-19 18:55:00
100725,CUST100725,Ishita,Reddy,Female,1957-10-10,ishita.reddy100725@examplemail.com,9789975515,8174338177,Corporate,Individual,2024-03-01,Gold,2729,Telugu,Phone,"266, Park Lane",Opp. City Mall,Pune,Maharashtra,411014,India,Y,Verified,310223.09,Y,2024-03-01 11:00:00,2026-08-15 20:36:00
100726,CUST100726,Divya,Mishra,Female,1970-01-17,divya.mishra100726@examplemail.com,9108043028,8572611103,Retail,Individual,2026-04-09,Gold,13099,Kannada,Phone,"60, River View",,Delhi,Delhi,110017,India,Y,Verified,25883.11,N,2026-04-09 18:49:00,2026-04-23 01:03:00
100727,CUST100727,Manish,Nair,Male,1978-04-19,manish.nair100727@examplemail.com,9351027365,8977231347,Corporate,Individual,2024-01-15,Gold,3163,English,SMS,"821, Central Colony",Opp. City Mall,Visakhapatnam,Andhra Pradesh,530017,India,Y,Verified,987035.42,N,2024-01-15 15:52:00,2024-02-05 17:55:00
100728,CUST100728,Lakshmi,Chowdary,Female,1987-03-16,lakshmi.chowdary100728@examplemail.com,9148197287,8473335192,Senior Citizen,Individual,2026-06-04,Bronze,13958,English,SMS,"768, Green Hills",Phase 2,Vijayawada,Andhra Pradesh,520010,India,Y,Verified,25832.85,Y,2026-06-04 10:21:00,2026-07-10 15:10:00
100729,CUST100729,Swathi,Sharma,Female,1956-09-09,swathi.sharma100729@examplemail.com,9707326674,8201157721,Retail,Individual,2024-10-24,Bronze,14057,Telugu,Phone,"951, Central Colony",Phase 2,Warangal,Telangana,506002,India,Y,Verified,32937.67,N,2024-10-24 20:47:00,2025-05-26 00:37:00
100730,CUST100730,Swathi,Naidu,Female,1987-07-21,swathi.naidu100730@examplemail.com,9661631937,8323520879,Retail,Individual,2024-11-03,Bronze,24000,Tamil,WhatsApp,"924, Tech Park Avenue",,Bengaluru,Karnataka,560037,India,Y,Rejected,46088.05,N,2024-11-03 17:21:00,2026-06-24 20:38:00
100731,CUST100731,Sneha,Joshi,Female,1970-08-06,sneha.joshi100731@examplemail.com,9413147399,8100561264,Premium,Individual,2024-12-01,Gold,15298,English,Phone,"312, Tech Park Avenue",Near Metro Station,Vijayawada,Andhra Pradesh,520010,India,Y,Verified,101726.13,N,2024-12-01 09:59:00,2026-09-01 17:23:00
100732,CUST100732,Aditya,Singh,Male,1955-09-04,aditya.singh100732@examplemail.com,9663458136,8807883072,Corporate,Individual,2025-03-29,Gold,17290,Telugu,Email,"314, Tech Park Avenue",Near Metro Station,Chennai,Tamil Nadu,600042,India,Y,Verified,747440.93,N,2025-03-29 16:26:00,2026-04-19 03:24:00
100733,CUST100733,Arjun,Yadav,Male,1969-12-04,arjun.yadav100733@examplemail.com,9696059017,8788040268,Student,Individual,2024-02-08,Bronze,11612,Tamil,SMS,"344, Park Lane",Phase 2,Mumbai,Maharashtra,400076,India,Y,Verified,17437.83,N,2024-02-08 19:40:00,2026-06-19 05:21:00
100734,CUST100734,Neha,Kulkarni,Female,1996-03-11,neha.kulkarni100734@examplemail.com,9937266201,8538815946,Premium,Business,2025-06-07,Bronze,15851,Tamil,Phone,"762, Station Road",Opp. City Mall,Hyderabad,Telangana,500081,India,Y,Verified,222959.66,N,2025-06-07 09:23:00,2026-02-13 10:54:00
100735,CUST100735,Krishna,Gupta,Male,2003-12-18,krishna.gupta100735@examplemail.com,9852085321,8319522839,Senior Citizen,Individual,2025-08-25,Bronze,4976,English,Email,"938, River View",,Bengaluru,Karnataka,560037,India,Y,Pending,47439.18,N,2025-08-25 13:57:00,2026-06-30 15:12:00
100736,CUST100736,Pooja,Patel,Female,1976-01-19,pooja.patel100736@examplemail.com,9643159445,8181570784,Student,Individual,2024-08-10,Platinum,9848,Tamil,WhatsApp,"168, MG Road",Near Metro Station,Vijayawada,Andhra Pradesh,520010,India,Y,Verified,21702.74,N,2024-08-10 19:39:00,2026-04-12 21:34:00
100737,CUST100737,Rahul,Reddy,Male,1993-09-23,rahul.reddy100737@examplemail.com,9899824031,8687584129,Corporate,Individual,2025-10-24,Gold,1965,English,Phone,"828, Green Hills",Beside Community Park,Hyderabad,Telangana,500081,India,Y,Not Required,643419.85,N,2025-10-24 09:58:00,2025-11-27 16:50:00
100738,CUST100738,Rahul,Yadav,Male,1972-07-24,rahul.yadav100738@examplemail.com,9191147074,8334829838,Student,Individual,2026-09-03,Platinum,22643,Telugu,SMS,"254, Central Colony",Phase 2,Chennai,Tamil Nadu,600042,India,Y,Pending,23348.46,Y,2026-09-03 09:10:00,2026-09-08 10:57:00
100739,CUST100739,Sahithi,Verma,Female,1981-08-06,sahithi.verma100739@examplemail.com,9944524171,8487986047,Student,Individual,2024-03-16,Platinum,24332,Tamil,WhatsApp,"476, Green Hills",,Mumbai,Maharashtra,400076,India,Y,Verified,13068.94,Y,2024-03-16 14:27:00,2025-04-16 21:12:00
100740,CUST100740,Charan,Nair,Male,1981-11-28,charan.nair100740@examplemail.com,9397667157,8453069330,Premium,Individual,2026-07-06,Gold,229,Telugu,SMS,"16, Lake View Road",Beside Community Park,Hyderabad,Telangana,500081,India,Y,Pending,119885.95,Y,2026-07-06 15:34:00,2026-07-18 02:23:00
100741,CUST100741,Tarun,Iyer,Male,1955-07-04,tarun.iyer100741@examplemail.com,9155577590,8222629172,Senior Citizen,Individual,2025-08-25,Bronze,8202,Telugu,Email,"844, MG Road",Near Metro Station,Delhi,Delhi,110017,India,Y,Not Required,16437.59,Y,2025-08-25 10:13:00,2026-06-25 15:59:00
100742,CUST100742,Pooja,Reddy,Female,1973-03-27,pooja.reddy100742@examplemail.com,9908544983,8604452614,Student,Individual,2026-04-08,Bronze,16266,Kannada,SMS,"38, Park Lane",,Warangal,Telangana,506002,India,Y,Verified,14698.92,N,2026-04-08 18:21:00,2026-05-31 01:39:00
100743,CUST100743,Sneha,Patel,Female,1972-02-28,sneha.patel100743@examplemail.com,9490013448,8282239832,Senior Citizen,Individual,2025-02-01,Bronze,12282,Hindi,WhatsApp,"4, Temple Street",,Secunderabad,Telangana,500003,India,Y,Verified,13572.77,Y,2025-02-01 12:33:00,2026-03-08 19:13:00
100744,CUST100744,Ishita,Sharma,Female,1996-03-26,ishita.sharma100744@examplemail.com,9214156103,8941712773,Retail,Individual,2024-11-15,Bronze,221,Telugu,Phone,"754, Tech Park Avenue",Phase 2,Secunderabad,Telangana,500003,India,Y,Not Required,54677.57,N,2024-11-15 18:19:00,2025-11-25 22:41:00
100745,CUST100745,Karthik,Nair,Male,1963-02-02,karthik.nair100745@examplemail.com,9733335653,8915196212,Senior Citizen,Individual,2026-06-11,Silver,17253,Hindi,WhatsApp,"681, Green Hills",Near Metro Station,Vijayawada,Andhra Pradesh,520010,India,Y,Verified,31563.87,N,2026-06-11 18:22:00,2026-07-06 03:12:00
100746,CUST100746,Akash,Shetty,Male,1975-11-10,akash.shetty100746@examplemail.com,9490265741,8438760051,Student,Individual,2024-11-20,Bronze,13652,Tamil,Email,"681, Park Lane",,Hyderabad,Telangana,500081,India,Y,Verified,15802.53,Y,2024-11-20 08:18:00,2026-01-05 18:42:00
100747,CUST100747,Sanjay,Chowdary,Male,1962-08-11,sanjay.chowdary100747@examplemail.com,9610573325,8523818387,Corporate,Individual,2024-01-29,Gold,11367,Tamil,Email,"762, Tech Park Avenue",Phase 2,Visakhapatnam,Andhra Pradesh,530017,India,Y,Verified,350726.54,N,2024-01-29 11:31:00,2025-11-08 12:45:00
100748,CUST100748,Krishna,Reddy,Male,1968-03-15,krishna.reddy100748@examplemail.com,9886331602,8213245419,Premium,Individual,2024-12-08,Platinum,6905,Tamil,Email,"320, Temple Street",,Vijayawada,Andhra Pradesh,520010,India,N,Verified,217953.74,N,2024-12-08 13:13:00,2026-05-06 17:06:00
100749,CUST100749,Tarun,Iyer,Male,1977-10-07,tarun.iyer100749@examplemail.com,9214289864,8120154167,Premium,Individual,2024-05-22,Silver,11013,English,Email,"47, Lake View Road",Near Metro Station,Chennai,Tamil Nadu,600042,India,Y,Verified,131432.65,Y,2024-05-22 18:13:00,2026-03-24 03:07:00
100750,CUST100750,Manish,Verma,Male,1980-07-01,manish.verma100750@examplemail.com,9899592476,8460355923,Corporate,Individual,2026-03-18,Bronze,19514,Hindi,Phone,"758, Temple Street",Beside Community Park,Mumbai,Maharashtra,400076,India,Y,Pending,922678.40,Y,2026-03-18 12:20:00,2026-03-20 19:11:00
100751,CUST100751,Akash,Chowdary,Male,1958-03-10,akash.chowdary100751@examplemail.com,9612776062,8116223863,Corporate,Individual,2025-05-04,Silver,8605,Telugu,Phone,"33, Temple Street",Near Metro Station,Secunderabad,Telangana,500003,India,Y,Verified,738492.35,Y,2025-05-04 13:03:00,2025-09-22 21:21:00
100752,CUST100752,Meghana,Kulkarni,Female,1958-04-20,meghana.kulkarni100752@examplemail.com,9319235546,8132939580,Student,Individual,2026-05-03,Gold,18106,English,Phone,"673, Temple Street",Near Metro Station,Mumbai,Maharashtra,400076,India,Y,Verified,20967.96,Y,2026-05-03 15:57:00,2026-09-12 20:21:00
100753,CUST100753,Meghana,Das,Female,1966-11-24,meghana.das100753@examplemail.com,9445235035,8783445173,Premium,Individual,2024-02-21,Platinum,21054,Tamil,Phone,"160, Temple Street",,Chennai,Tamil Nadu,600042,India,Y,Verified,167991.65,Y,2024-02-21 15:31:00,2024-11-29 17:12:00
100754,CUST100754,Nandini,Patel,Female,1973-12-20,nandini.patel100754@examplemail.com,9630394144,8376024065,Senior Citizen,Individual,2025-11-23,Silver,24978,Hindi,SMS,"142, Tech Park Avenue",Opp. City Mall,Mumbai,Maharashtra,400076,India,Y,Verified,58638.83,N,2025-11-23 16:02:00,2026-07-02 17:34:00
100755,CUST100755,Priya,Kumar,Female,1979-07-07,priya.kumar100755@examplemail.com,9618288558,8857783053,Senior Citizen,Individual,2025-03-08,Bronze,20256,Kannada,SMS,"388, Lake View Road",Beside Community Park,Bengaluru,Karnataka,560037,India,Y,Verified,35572.06,Y,2025-03-08 19:03:00,2025-10-23 02:59:00
100756,CUST100756,Vijay,Das,Male,1957-11-17,vijay.das100756@examplemail.com,9128670255,8513879613,Retail,Individual,2024-02-10,Bronze,11542,Hindi,WhatsApp,"317, Green Hills",Opp. City Mall,Mumbai,Maharashtra,400076,India,Y,Verified,35286.84,N,2024-02-10 20:45:00,2024-09-03 05:32:00
100757,CUST100757,Akash,Menon,Male,2004-05-22,akash.menon100757@examplemail.com,9635390038,8622881704,Premium,Individual,2024-08-08,Gold,323,Hindi,SMS,"22, Lake View Road",Phase 2,Pune,Maharashtra,411014,India,Y,Verified,81085.71,Y,2024-08-08 13:56:00,2026-01-15 15:47:00
100758,CUST100758,Kavya,Kumar,Female,2005-05-08,kavya.kumar100758@examplemail.com,9436731448,8893805922,Corporate,Individual,2025-04-04,Silver,7771,English,SMS,"775, Park Lane",Phase 2,Vijayawada,Andhra Pradesh,520010,India,Y,Verified,456373.68,N,2025-04-04 19:19:00,2026-03-05 03:56:00
100759,CUST100759,Sai,Menon,Male,1975-09-23,sai.menon100759@examplemail.com,9546528917,8714199273,Premium,Business,2025-10-16,Bronze,1314,Tamil,Phone,"75, Lake View Road",Phase 2,Visakhapatnam,Andhra Pradesh,530017,India,Y,Not Required,144925.33,N,2025-10-16 10:33:00,2025-11-29 11:04:00
100760,CUST100760,Divya,Joshi,Female,1975-04-05,divya.joshi100760@examplemail.com,9592551437,8621343990,Retail,Individual,2025-09-11,Bronze,226,Tamil,SMS,"327, River View",Opp. City Mall,Chennai,Tamil Nadu,600042,India,Y,Verified,20695.64,Y,2025-09-11 17:15:00,2025-12-04 02:14:00
100761,CUST100761,Nikhil,Reddy,Male,1986-07-03,nikhil.reddy100761@examplemail.com,9299951380,8916433043,Student,Individual,2026-02-21,Bronze,20895,Tamil,WhatsApp,"13, Market Road",Near Metro Station,Delhi,Delhi,110017,India,Y,Pending,11557.13,Y,2026-02-21 19:51:00,2026-08-12 00:58:00
100762,CUST100762,Swathi,Kulkarni,Female,1970-10-23,swathi.kulkarni100762@examplemail.com,9758035210,8690774562,Premium,Individual,2026-01-23,Silver,6869,Kannada,Phone,"219, Green Hills",Phase 2,Vijayawada,Andhra Pradesh,520010,India,Y,Verified,267760.16,Y,2026-01-23 12:22:00,2026-07-29 17:09:00
100763,CUST100763,Vishal,Gupta,Male,1962-11-01,vishal.gupta100763@examplemail.com,9337757684,8493642892,Senior Citizen,Individual,2025-10-09,Bronze,6862,Tamil,SMS,"849, Park Lane",Opp. City Mall,Bengaluru,Karnataka,560037,India,Y,Verified,47603.02,N,2025-10-09 11:44:00,2025-12-22 18:34:00
100764,CUST100764,Sai,Nair,Male,1958-05-14,sai.nair100764@examplemail.com,9456589153,8612833871,Student,Individual,2025-11-01,Silver,5838,English,Email,"925, Green Hills",Phase 2,Pune,Maharashtra,411014,India,N,Verified,10305.13,N,2025-11-01 17:47:00,2026-03-28 19:20:00
100765,CUST100765,Charan,Kulkarni,Male,1998-12-15,charan.kulkarni100765@examplemail.com,9572347810,8993073040,Senior Citizen,Individual,2025-03-28,Platinum,2467,Telugu,WhatsApp,"981, Green Hills",,Visakhapatnam,Andhra Pradesh,530017,India,Y,Verified,30310.83,N,2025-03-28 09:18:00,2026-01-26 14:27:00
100766,CUST100766,Manish,Kulkarni,Male,1965-06-01,manish.kulkarni100766@examplemail.com,9542358395,8181806026,Retail,Individual,2025-09-02,Platinum,5082,Tamil,Phone,"202, Central Colony",,Mumbai,Maharashtra,400076,India,Y,Verified,33005.09,Y,2025-09-02 16:54:00,2025-10-10 22:32:00
100767,CUST100767,Divya,Patel,Female,1974-06-13,divya.patel100767@examplemail.com,9199600613,8463518634,Premium,Individual,2026-04-15,Silver,18448,Telugu,Email,"778, Tech Park Avenue",,Hyderabad,Telangana,500081,India,Y,Verified,104801.05,N,2026-04-15 17:52:00,2026-08-17 20:08:00
100768,CUST100768,Priya,Kumar,Female,1997-08-25,priya.kumar100768@examplemail.com,9587537329,8125667613,Premium,Individual,2024-03-10,Gold,4877,Hindi,WhatsApp,"777, Tech Park Avenue",,Mumbai,Maharashtra,400076,India,Y,Verified,110045.92,Y,2024-03-10 10:42:00,2024-05-29 17:41:00
100769,CUST100769,Kavya,Yadav,Female,1999-10-19,kavya.yadav100769@examplemail.com,9194943636,8912904716,Senior Citizen,Individual,2026-07-22,Bronze,2762,Telugu,Phone,"598, Station Road",,Hyderabad,Telangana,500081,India,Y,Verified,50032.56,N,2026-07-22 10:05:00,2026-09-12 10:58:00
100770,CUST100770,Ishita,Iyer,Female,1970-06-17,ishita.iyer100770@examplemail.com,9318713926,8384419677,Senior Citizen,Individual,2025-12-09,Bronze,8976,Kannada,Email,"254, Park Lane",Beside Community Park,Delhi,Delhi,110017,India,Y,Not Required,39050.47,N,2025-12-09 11:54:00,2026-03-30 18:56:00
100771,CUST100771,Ishita,Sharma,Female,1977-03-13,ishita.sharma100771@examplemail.com,9654396403,8359666593,Student,Individual,2025-03-06,Bronze,13438,English,Email,"355, Green Hills",Opp. City Mall,Pune,Maharashtra,411014,India,Y,Not Required,23906.15,Y,2025-03-06 13:46:00,2025-10-19 18:09:00
100772,CUST100772,Krishna,Kumar,Male,1993-11-02,krishna.kumar100772@examplemail.com,9788959890,8335190670,Premium,Individual,2026-02-14,Silver,18542,English,WhatsApp,"922, Temple Street",Opp. City Mall,Vijayawada,Andhra Pradesh,520010,India,Y,Verified,221307.32,Y,2026-02-14 09:15:00,2026-05-31 16:54:00
100773,CUST100773,Neha,Iyer,Female,1967-03-11,neha.iyer100773@examplemail.com,9494167353,8303208085,Premium,Individual,2024-01-08,Bronze,2925,Hindi,Email,"854, Market Road",Opp. City Mall,Chennai,Tamil Nadu,600042,India,Y,Verified,173154.74,Y,2024-01-08 09:37:00,2025-10-23 14:29:00
100774,CUST100774,Bhavya,Naidu,Female,2004-07-02,bhavya.naidu100774@examplemail.com,9429980318,8425459887,Senior Citizen,Individual,2026-02-06,Platinum,17766,Kannada,Phone,"114, Green Hills",Opp. City Mall,Chennai,Tamil Nadu,600042,India,Y,Verified,40388.12,Y,2026-02-06 08:29:00,2026-08-06 09:51:00
100775,CUST100775,Nikhil,Chowdary,Male,1964-07-15,nikhil.chowdary100775@examplemail.com,9428020188,8511375619,Student,Individual,2025-08-16,Silver,19847,Telugu,Email,"723, MG Road",Beside Community Park,Mumbai,Maharashtra,400076,India,Y,Verified,12534.96,N,2025-08-16 20:18:00,2025-12-14 06:35:00
100776,CUST100776,Divya,Joshi,Female,1997-12-19,divya.joshi100776@examplemail.com,9131915896,8101898268,Retail,Business,2026-09-04,Silver,18065,Kannada,WhatsApp,"264, Tech Park Avenue",Beside Community Park,Secunderabad,Telangana,500003,India,Y,Verified,58288.80,N,2026-09-04 20:14:00,2026-09-06 00:20:00
100777,CUST100777,Manish,Kulkarni,Male,1977-11-01,manish.kulkarni100777@examplemail.com,9908949220,8445732030,Premium,Individual,2025-11-06,Silver,22781,Hindi,SMS,"470, Station Road",Beside Community Park,Delhi,Delhi,110017,India,Y,Verified,89816.09,Y,2025-11-06 11:08:00,2026-02-14 13:17:00
100778,CUST100778,Karthik,Patel,Male,1969-06-21,karthik.patel100778@examplemail.com,9451093392,8236751469,Corporate,Individual,2026-06-23,Bronze,14038,Tamil,SMS,"338, Market Road",Phase 2,Hyderabad,Telangana,500081,India,Y,Verified,950357.95,Y,2026-06-23 10:20:00,2026-06-27 16:05:00
100779,CUST100779,Sanjay,Iyer,Male,1955-11-24,sanjay.iyer100779@examplemail.com,9380262382,8992618431,Senior Citizen,Individual,2024-04-20,Bronze,13229,Tamil,Phone,"381, Station Road",Beside Community Park,Bengaluru,Karnataka,560037,India,Y,Not Required,30965.16,Y,2024-04-20 16:27:00,2024-06-07 23:04:00
100780,CUST100780,Rohan,Singh,Male,2002-11-07,rohan.singh100780@examplemail.com,9983070248,8553047190,Corporate,Individual,2025-01-15,Platinum,6234,Kannada,WhatsApp,"588, Tech Park Avenue",Near Metro Station,Delhi,Delhi,110017,India,Y,Verified,915318.26,N,2025-01-15 17:41:00,2026-04-05 03:18:00
100781,CUST100781,Bhavya,Iyer,Female,1958-10-17,bhavya.iyer100781@examplemail.com,9719574352,8931080696,Premium,Individual,2026-06-08,Silver,24470,Kannada,WhatsApp,"387, MG Road",Near Metro Station,Vijayawada,Andhra Pradesh,520010,India,Y,Verified,252089.36,Y,2026-06-08 19:43:00,2026-08-23 06:08:00
100782,CUST100782,Vijay,Goud,Male,1966-06-17,vijay.goud100782@examplemail.com,9529613957,8491603999,Senior Citizen,Individual,2024-07-08,Gold,12276,Telugu,Phone,"83, Park Lane",Near Metro Station,Mumbai,Maharashtra,400076,India,Y,Pending,29401.40,N,2024-07-08 17:08:00,2024-11-25 01:08:00
100783,CUST100783,Lakshmi,Menon,Female,1985-09-12,lakshmi.menon100783@examplemail.com,9363857049,8524744640,Corporate,Individual,2026-02-05,Silver,14879,Tamil,Email,"577, Lake View Road",,Chennai,Tamil Nadu,600042,India,Y,Verified,750446.63,N,2026-02-05 18:28:00,2026-04-01 22:27:00
100784,CUST100784,Deepika,Kulkarni,Female,1995-08-07,deepika.kulkarni100784@examplemail.com,9713815428,8574765265,Student,Individual,2026-03-15,Bronze,3197,Tamil,SMS,"859, Green Hills",,Warangal,Telangana,506002,India,Y,Pending,10636.21,N,2026-03-15 15:16:00,2026-08-31 21:39:00
100785,CUST100785,Vijay,Kumar,Male,1972-02-02,vijay.kumar100785@examplemail.com,9499310357,8243907063,Retail,Individual,2025-12-08,Bronze,22030,Tamil,Email,"563, Temple Street",,Hyderabad,Telangana,500081,India,Y,Verified,40071.24,Y,2025-12-08 19:47:00,2026-06-13 02:31:00
100786,CUST100786,Aditya,Kumar,Male,1969-10-19,aditya.kumar100786@examplemail.com,9792533460,8517259428,Retail,Individual,2026-02-28,Silver,7341,Kannada,Email,"174, Park Lane",Opp. City Mall,Secunderabad,Telangana,500003,India,Y,Verified,49728.51,Y,2026-02-28 18:09:00,2026-05-01 02:11:00
100787,CUST100787,Pranav,Kumar,Male,1996-01-06,pranav.kumar100787@examplemail.com,9705545584,8473951534,Corporate,Individual,2024-05-17,Silver,180,Kannada,SMS,"689, Lake View Road",Phase 2,Mumbai,Maharashtra,400076,India,Y,Verified,566767.95,Y,2024-05-17 15:35:00,2024-08-22 21:17:00
100788,CUST100788,Manish,Yadav,Male,1978-10-06,manish.yadav100788@examplemail.com,9799034796,8847297667,Retail,Individual,2024-08-29,Bronze,19629,English,SMS,"854, Central Colony",Near Metro Station,Visakhapatnam,Andhra Pradesh,530017,India,N,Verified,61417.39,Y,2024-08-29 16:22:00,2026-08-22 22:16:00
100789,CUST100789,Rahul,Kumar,Male,2002-12-12,rahul.kumar100789@examplemail.com,9948872723,8422668800,Student,Individual,2026-07-08,Bronze,6020,Kannada,SMS,"968, Station Road",Near Metro Station,Delhi,Delhi,110017,India,Y,Verified,18211.45,N,2026-07-08 13:52:00,2026-07-18 17:42:00
100790,CUST100790,Rahul,Joshi,Male,1993-10-26,rahul.joshi100790@examplemail.com,9326333539,8880256979,Student,Individual,2025-08-07,Silver,4904,English,Phone,"957, Station Road",Near Metro Station,Delhi,Delhi,110017,India,Y,Verified,17228.14,Y,2025-08-07 08:14:00,2026-01-26 11:44:00
100791,CUST100791,Meghana,Naidu,Female,1986-06-22,meghana.naidu100791@examplemail.com,9837400274,8767828574,Corporate,Individual,2025-08-31,Silver,4290,Kannada,Phone,"307, Temple Street",Phase 2,Warangal,Telangana,506002,India,Y,Verified,686204.44,Y,2025-08-31 17:28:00,2025-10-18 04:21:00
100792,CUST100792,Priya,Rao,Female,1971-01-15,priya.rao100792@examplemail.com,9903310448,8819070958,Senior Citizen,Individual,2025-10-19,Silver,19183,Hindi,WhatsApp,"759, Market Road",,Pune,Maharashtra,411014,India,Y,Verified,29939.73,Y,2025-10-19 09:08:00,2026-04-04 19:39:00
100793,CUST100793,Tarun,Kumar,Male,1989-06-06,tarun.kumar100793@examplemail.com,9749384872,8384670707,Corporate,Individual,2026-04-01,Gold,24548,Tamil,SMS,"47, Tech Park Avenue",Beside Community Park,Hyderabad,Telangana,500081,India,Y,Verified,630957.56,Y,2026-04-01 10:43:00,2026-09-06 15:06:00
100794,CUST100794,Arjun,Kulkarni,Male,1996-11-19,arjun.kulkarni100794@examplemail.com,9211385221,8265897294,Senior Citizen,Individual,2026-07-17,Bronze,15800,Telugu,Email,"883, River View",,Bengaluru,Karnataka,560037,India,N,Verified,48042.11,Y,2026-07-17 17:11:00,2026-09-06 00:50:00
100795,CUST100795,Tarun,Naidu,Male,1972-10-24,tarun.naidu100795@examplemail.com,9271539956,8197913618,Retail,Individual,2025-11-13,Bronze,12805,English,SMS,"388, MG Road",Near Metro Station,Hyderabad,Telangana,500081,India,Y,Verified,62969.38,N,2025-11-13 18:30:00,2026-07-24 20:18:00
100796,CUST100796,Rahul,Kumar,Male,1963-04-01,rahul.kumar100796@examplemail.com,9916656593,8739167567,Corporate,Individual,2025-03-29,Bronze,9095,Hindi,WhatsApp,"584, Park Lane",Opp. City Mall,Visakhapatnam,Andhra Pradesh,530017,India,Y,Verified,379787.30,N,2025-03-29 10:25:00,2025-04-19 14:01:00
100797,CUST100797,Harini,Das,Female,1958-06-28,harini.das100797@examplemail.com,9839156846,8143366979,Student,Individual,2026-05-28,Gold,8364,English,Email,"446, Green Hills",Opp. City Mall,Warangal,Telangana,506002,India,Y,Rejected,21922.63,N,2026-05-28 10:26:00,2026-09-02 19:13:00
100798,CUST100798,Harini,Reddy,Female,1964-12-23,harini.reddy100798@examplemail.com,9921226701,8432504914,Senior Citizen,Individual,2026-07-31,Gold,24623,Telugu,WhatsApp,"80, Tech Park Avenue",Near Metro Station,Vijayawada,Andhra Pradesh,520010,India,N,Verified,26857.04,Y,2026-07-31 08:44:00,2026-08-24 18:38:00
100799,CUST100799,Sanjay,Joshi,Male,1962-02-06,sanjay.joshi100799@examplemail.com,9613570817,8980741891,Senior Citizen,Individual,2024-04-18,Silver,2648,Telugu,Phone,"192, Temple Street",Near Metro Station,Hyderabad,Telangana,500081,India,Y,Verified,48351.28,Y,2024-04-18 20:23:00,2026-05-21 07:00:00
100800,CUST100800,Lakshmi,Mishra,Female,1983-01-05,lakshmi.mishra100800@examplemail.com,9382297544,8326690231,Premium,Individual,2025-04-27,Bronze,24937,Telugu,SMS,"107, Central Colony",Phase 2,Vijayawada,Andhra Pradesh,520010,India,Y,Verified,204363.87,N,2025-04-27 13:57:00,2026-03-25 19:20:00
100801,CUST100801,Sanjay,Das,Male,1999-06-23,sanjay.das100801@examplemail.com,9732786527,8401660279,Corporate,Individual,2024-02-09,Bronze,23570,Kannada,Phone,"895, Central Colony",Opp. City Mall,Secunderabad,Telangana,500003,India,Y,Verified,350887.64,N,2024-02-09 08:51:00,2025-06-29 09:27:00
100802,CUST100802,Divya,Nair,Female,1978-12-28,divya.nair100802@examplemail.com,9769008128,8136849830,Retail,Individual,2025-08-07,Silver,19856,Kannada,Email,"538, River View",Beside Community Park,Visakhapatnam,Andhra Pradesh,530017,India,Y,Verified,70968.71,N,2025-08-07 19:22:00,2025-09-10 19:54:00
100803,CUST100803,Aarav,Reddy,Male,1964-08-03,aarav.reddy100803@examplemail.com,9510939471,8362699461,Corporate,Business,2026-08-10,Silver,22013,Telugu,SMS,"70, Tech Park Avenue",Opp. City Mall,Secunderabad,Telangana,500003,India,Y,Rejected,304852.03,N,2026-08-10 08:12:00,2026-08-13 09:46:00
100804,CUST100804,Keerthi,Naidu,Female,1974-08-25,keerthi.naidu100804@examplemail.com,9830565929,8263578421,Premium,Individual,2026-05-05,Silver,22756,Kannada,Phone,"353, MG Road",,Visakhapatnam,Andhra Pradesh,530017,India,Y,Verified,219028.61,N,2026-05-05 18:35:00,2026-08-26 05:04:00
100805,CUST100805,Charan,Patel,Male,1964-07-03,charan.patel100805@examplemail.com,9114571642,8588652447,Premium,Individual,2026-09-12,Bronze,18186,Kannada,SMS,"837, Market Road",Opp. City Mall,Pune,Maharashtra,411014,India,Y,Verified,221322.38,N,2026-09-12 09:38:00,2026-09-13 10:28:00
100806,CUST100806,Akash,Rao,Male,1958-12-11,akash.rao100806@examplemail.com,9193746594,8239506754,Premium,Business,2024-08-25,Bronze,19776,Hindi,WhatsApp,"195, Central Colony",Beside Community Park,Bengaluru,Karnataka,560037,India,Y,Verified,88105.07,N,2024-08-25 10:22:00,2026-07-03 14:16:00
100807,CUST100807,Pooja,Nair,Female,1985-11-27,pooja.nair100807@examplemail.com,9707120131,8152355442,Retail,Individual,2026-06-25,Bronze,10729,English,Phone,"912, Tech Park Avenue",Phase 2,Delhi,Delhi,110017,India,Y,Verified,70185.08,N,2026-06-25 14:21:00,2026-07-30 18:03:00
100808,CUST100808,Aarav,Mishra,Male,1960-08-05,aarav.mishra100808@examplemail.com,9523926703,8873600934,Senior Citizen,Individual,2026-02-11,Silver,12273,Hindi,Email,"814, Market Road",Near Metro Station,Hyderabad,Telangana,500081,India,Y,Verified,25698.63,N,2026-02-11 18:24:00,2026-09-11 03:47:00
100809,CUST100809,Harini,Yadav,Female,1966-05-15,harini.yadav100809@examplemail.com,9290755229,8337783991,Corporate,Business,2024-09-02,Bronze,2207,English,Phone,"464, Green Hills",Near Metro Station,Visakhapatnam,Andhra Pradesh,530017,India,Y,Verified,955853.70,N,2024-09-02 16:08:00,2025-02-14 16:48:00
100810,CUST100810,Sahithi,Naidu,Female,1992-10-08,sahithi.naidu100810@examplemail.com,9799039183,8563422651,Retail,Individual,2025-08-29,Bronze,2507,English,SMS,"501, Green Hills",Beside Community Park,Chennai,Tamil Nadu,600042,India,Y,Verified,62368.69,N,2025-08-29 12:51:00,2026-03-28 21:51:00
100811,CUST100811,Divya,Joshi,Female,1991-04-17,divya.joshi100811@examplemail.com,9951698352,8902264556,Senior Citizen,Individual,2025-09-22,Bronze,7696,Hindi,Email,"400, Lake View Road",Opp. City Mall,Visakhapatnam,Andhra Pradesh,530017,India,Y,Verified,45377.49,N,2025-09-22 20:37:00,2026-05-12 20:40:00
100812,CUST100812,Pooja,Kumar,Female,1956-10-28,pooja.kumar100812@examplemail.com,9265346253,8169120673,Corporate,Individual,2025-06-19,Bronze,14619,Hindi,Phone,"498, Tech Park Avenue",Near Metro Station,Vijayawada,Andhra Pradesh,520010,India,Y,Verified,468310.48,N,2025-06-19 15:33:00,2025-08-12 16:50:00
100813,CUST100813,Priya,Naidu,Female,1973-08-06,priya.naidu100813@examplemail.com,9617213867,8127617024,Student,Individual,2025-01-12,Bronze,21637,Kannada,Phone,"435, Park Lane",Near Metro Station,Delhi,Delhi,110017,India,Y,Verified,16048.58,N,2025-01-12 17:56:00,2026-08-26 03:56:00
100814,CUST100814,Manish,Gupta,Male,1955-11-28,manish.gupta100814@examplemail.com,9697594540,8938717002,Retail,Individual,2024-10-11,Silver,2924,Kannada,SMS,"919, Lake View Road",,Vijayawada,Andhra Pradesh,520010,India,Y,Verified,57582.51,Y,2024-10-11 12:20:00,2026-01-27 22:38:00
100815,CUST100815,Aadhya,Mishra,Female,1999-06-28,aadhya.mishra100815@examplemail.com,9589865024,8678482607,Student,Individual,2026-06-11,Bronze,21040,Telugu,Phone,"990, River View",Phase 2,Visakhapatnam,Andhra Pradesh,530017,India,Y,Verified,7893.41,N,2026-06-11 15:41:00,2026-08-05 17:50:00
100816,CUST100816,Harini,Chowdary,Female,1998-01-10,harini.chowdary100816@examplemail.com,9203487049,8388939851,Corporate,Individual,2026-01-20,Silver,17428,Hindi,Phone,"104, Market Road",,Vijayawada,Andhra Pradesh,520010,India,N,Verified,537538.00,Y,2026-01-20 17:29:00,2026-05-23 20:39:00
100817,CUST100817,Pooja,Goud,Female,1968-07-25,pooja.goud100817@examplemail.com,9265454167,8689703321,Premium,Individual,2024-03-27,Silver,12412,English,WhatsApp,"177, Temple Street",Phase 2,Visakhapatnam,Andhra Pradesh,530017,India,Y,Verified,140663.97,N,2024-03-27 13:57:00,2026-03-29 19:33:00
100818,CUST100818,Vishal,Menon,Male,1999-02-19,vishal.menon100818@examplemail.com,9283309407,8295913246,Retail,Individual,2026-04-29,Gold,5728,Tamil,Email,"135, Central Colony",Opp. City Mall,Visakhapatnam,Andhra Pradesh,530017,India,Y,Verified,41650.38,Y,2026-04-29 12:38:00,2026-05-11 14:34:00
100819,CUST100819,Vijay,Joshi,Male,1977-07-27,vijay.joshi100819@examplemail.com,9304553265,8927643814,Senior Citizen,Individual,2025-06-30,Gold,9935,Tamil,SMS,"5, River View",Beside Community Park,Warangal,Telangana,506002,India,Y,Verified,25178.27,N,2025-06-30 14:38:00,2026-07-06 23:21:00
100820,CUST100820,Arjun,Iyer,Male,2002-03-17,arjun.iyer100820@examplemail.com,9894175128,8483163493,Corporate,Individual,2025-04-10,Silver,20064,Telugu,SMS,"937, Lake View Road",Opp. City Mall,Bengaluru,Karnataka,560037,India,Y,Pending,330541.30,Y,2025-04-10 12:47:00,2025-05-07 19:28:00
100821,CUST100821,Pranav,Shetty,Male,1967-11-07,pranav.shetty100821@examplemail.com,9812156611,8109957587,Retail,Individual,2024-06-10,Bronze,11626,Tamil,SMS,"529, Green Hills",Beside Community Park,Secunderabad,Telangana,500003,India,Y,Verified,13806.63,Y,2024-06-10 16:15:00,2026-01-20 20:31:00
100822,CUST100822,Krishna,Reddy,Male,2003-12-26,krishna.reddy100822@examplemail.com,9242685953,8445347170,Senior Citizen,Individual,2026-04-21,Bronze,14016,Hindi,SMS,"40, Temple Street",Near Metro Station,Bengaluru,Karnataka,560037,India,Y,Verified,47915.79,N,2026-04-21 14:05:00,2026-07-20 15:03:00
100823,CUST100823,Kavya,Das,Female,1976-05-02,kavya.das100823@examplemail.com,9772950684,8678690391,Corporate,Individual,2025-03-06,Gold,14112,Kannada,SMS,"294, Temple Street",Near Metro Station,Chennai,Tamil Nadu,600042,India,Y,Verified,890055.48,Y,2025-03-06 11:17:00,2026-03-11 11:57:00
100824,CUST100824,Ishita,Kulkarni,Female,1967-01-01,ishita.kulkarni100824@examplemail.com,9646960406,8984608959,Retail,Individual,2025-10-03,Gold,20196,English,SMS,"589, Tech Park Avenue",Opp. City Mall,Mumbai,Maharashtra,400076,India,Y,Verified,55233.72,N,2025-10-03 10:22:00,2026-08-05 15:50:00
100825,CUST100825,Deepika,Iyer,Female,1986-07-01,deepika.iyer100825@examplemail.com,9397321334,8799442744,Retail,Individual,2024-02-08,Bronze,17541,Tamil,WhatsApp,"724, River View",Opp. City Mall,Pune,Maharashtra,411014,India,Y,Pending,40260.79,Y,2024-02-08 12:45:00,2025-07-25 17:48:00
100826,CUST100826,Keerthi,Menon,Female,1967-05-27,keerthi.menon100826@examplemail.com,9745127286,8970117248,Corporate,Individual,2024-10-30,Silver,4417,Tamil,Phone,"736, Green Hills",Phase 2,Visakhapatnam,Andhra Pradesh,530017,India,Y,Verified,532341.84,N,2024-10-30 20:16:00,2026-04-07 04:10:00
100827,CUST100827,Vijay,Singh,Male,2001-05-16,vijay.singh100827@examplemail.com,9530191018,8139827837,Premium,Business,2026-03-21,Silver,15332,Kannada,Email,"142, Green Hills",Phase 2,Visakhapatnam,Andhra Pradesh,530017,India,Y,Verified,239412.56,N,2026-03-21 08:01:00,2026-05-23 11:23:00
100828,CUST100828,Divya,Menon,Female,2005-09-22,divya.menon100828@examplemail.com,9917194855,8281841374,Retail,Individual,2025-03-14,Bronze,6035,Tamil,Phone,"964, Central Colony",Opp. City Mall,Chennai,Tamil Nadu,600042,India,Y,Verified,10800.81,N,2025-03-14 09:16:00,2025-04-07 10:34:00
100829,CUST100829,Rohan,Kumar,Male,2001-06-08,rohan.kumar100829@examplemail.com,9185486474,8883644112,Corporate,Individual,2026-03-30,Silver,4897,English,SMS,"514, Lake View Road",Near Metro Station,Mumbai,Maharashtra,400076,India,Y,Verified,898104.25,Y,2026-03-30 11:26:00,2026-06-02 15:50:00
100830,CUST100830,Lakshmi,Kulkarni,Female,1975-06-04,lakshmi.kulkarni100830@examplemail.com,9549100939,8801103081,Premium,Individual,2026-05-30,Silver,7428,Tamil,WhatsApp,"964, Green Hills",Phase 2,Bengaluru,Karnataka,560037,India,Y,Verified,203191.75,N,2026-05-30 19:14:00,2026-07-25 23:13:00
100831,CUST100831,Meghana,Reddy,Female,1984-03-13,meghana.reddy100831@examplemail.com,9927235423,8489321097,Student,Individual,2024-08-18,Silver,15846,Tamil,WhatsApp,"287, MG Road",,Chennai,Tamil Nadu,600042,India,Y,Verified,20335.49,N,2024-08-18 15:53:00,2025-07-11 20:42:00
100832,CUST100832,Vishal,Kumar,Male,1987-11-07,vishal.kumar100832@examplemail.com,9584721611,8649301919,Retail,Individual,2024-11-14,Gold,18394,Hindi,Phone,"209, Tech Park Avenue",Near Metro Station,Delhi,Delhi,110017,India,Y,Verified,12987.30,N,2024-11-14 14:38:00,2025-02-28 17:55:00
100833,CUST100833,Aishwarya,Goud,Female,1965-05-19,aishwarya.goud100833@examplemail.com,9885679084,8449264832,Student,Individual,2026-04-29,Gold,11293,Hindi,SMS,"687, Tech Park Avenue",Near Metro Station,Bengaluru,Karnataka,560037,India,Y,Not Required,16403.57,Y,2026-04-29 18:34:00,2026-09-06 19:29:00
100834,CUST100834,Aditya,Goud,Male,1993-03-26,aditya.goud100834@examplemail.com,9665417446,8973271949,Student,Individual,2024-03-10,Bronze,7274,English,SMS,"786, River View",Phase 2,Vijayawada,Andhra Pradesh,520010,India,Y,Not Required,24031.03,N,2024-03-10 16:42:00,2024-08-12 17:10:00
100835,CUST100835,Bhavya,Reddy,Female,1970-07-10,bhavya.reddy100835@examplemail.com,9314523510,8134868524,Corporate,Individual,2025-01-18,Bronze,13106,Telugu,SMS,"175, River View",Opp. City Mall,Hyderabad,Telangana,500081,India,Y,Pending,368500.07,N,2025-01-18 16:09:00,2025-04-15 16:17:00
100836,CUST100836,Karthik,Goud,Male,1971-02-04,karthik.goud100836@examplemail.com,9480985186,8224442585,Retail,Individual,2024-04-03,Platinum,13996,English,Phone,"380, Central Colony",Near Metro Station,Secunderabad,Telangana,500003,India,Y,Verified,57876.03,Y,2024-04-03 14:31:00,2024-07-25 18:58:00
100837,CUST100837,Nandini,Kulkarni,Female,1957-09-23,nandini.kulkarni100837@examplemail.com,9313316084,8824784338,Student,Individual,2025-11-09,Silver,8791,English,Email,"714, Central Colony",Opp. City Mall,Delhi,Delhi,110017,India,Y,Verified,11613.70,Y,2025-11-09 10:15:00,2026-05-16 14:59:00
100838,CUST100838,Nandini,Yadav,Female,1971-01-11,nandini.yadav100838@examplemail.com,9232107781,8152930896,Corporate,Individual,2025-01-02,Gold,7930,Tamil,Email,"337, Tech Park Avenue",Phase 2,Vijayawada,Andhra Pradesh,520010,India,Y,Verified,512334.05,Y,2025-01-02 16:08:00,2026-05-06 17:45:00
100839,CUST100839,Charan,Menon,Male,1982-04-10,charan.menon100839@examplemail.com,9248449094,8976561942,Corporate,Individual,2025-01-13,Silver,21470,Hindi,Phone,"47, River View",Near Metro Station,Warangal,Telangana,506002,India,Y,Pending,891094.71,N,2025-01-13 20:44:00,2026-02-08 23:33:00
100840,CUST100840,Meghana,Verma,Female,1971-12-22,meghana.verma100840@examplemail.com,9693461996,8274466914,Student,Individual,2024-01-05,Gold,11831,English,SMS,"889, Station Road",Near Metro Station,Bengaluru,Karnataka,560037,India,Y,Pending,15106.32,N,2024-01-05 20:07:00,2026-06-23 05:23:00
100841,CUST100841,Vijay,Singh,Male,1993-10-12,vijay.singh100841@examplemail.com,9993079514,8799103814,Premium,Individual,2025-01-19,Bronze,17160,Telugu,Phone,"575, Station Road",Phase 2,Mumbai,Maharashtra,400076,India,Y,Verified,149774.64,N,2025-01-19 18:21:00,2025-03-10 19:47:00
100842,CUST100842,Karthik,Menon,Male,1960-03-16,karthik.menon100842@examplemail.com,9213549846,8491366154,Student,Individual,2025-08-06,Silver,19758,English,WhatsApp,"110, MG Road",Opp. City Mall,Pune,Maharashtra,411014,India,Y,Verified,9200.56,N,2025-08-06 16:04:00,2026-03-09 01:00:00
100843,CUST100843,Sahithi,Singh,Female,1981-11-06,sahithi.singh100843@examplemail.com,9170621508,8474922226,Retail,Individual,2026-05-22,Bronze,8968,Tamil,Phone,"412, MG Road",Phase 2,Visakhapatnam,Andhra Pradesh,530017,India,Y,Verified,18429.71,N,2026-05-22 12:48:00,2026-08-23 16:20:00
100844,CUST100844,Pranav,Chowdary,Male,1973-10-01,pranav.chowdary100844@examplemail.com,9959695620,8423296803,Senior Citizen,Individual,2026-08-16,Platinum,16236,Kannada,WhatsApp,"69, River View",Opp. City Mall,Pune,Maharashtra,411014,India,Y,Verified,36953.10,N,2026-08-16 16:59:00,2026-08-22 20:43:00
100845,CUST100845,Sai,Patel,Male,1962-03-15,sai.patel100845@examplemail.com,9836515308,8214510894,Corporate,Individual,2025-11-12,Silver,2974,English,SMS,"517, Lake View Road",Opp. City Mall,Warangal,Telangana,506002,India,Y,Verified,659623.57,N,2025-11-12 19:24:00,2026-07-22 23:10:00
100846,CUST100846,Sahithi,Reddy,Female,1973-08-24,sahithi.reddy100846@examplemail.com,9463536960,8316789616,Retail,Individual,2025-12-31,Gold,13279,Kannada,WhatsApp,"944, MG Road",Near Metro Station,Chennai,Tamil Nadu,600042,India,Y,Verified,71404.67,N,2025-12-31 10:37:00,2026-06-10 11:57:00
100847,CUST100847,Nikhil,Rao,Male,1979-08-19,nikhil.rao100847@examplemail.com,9504131109,8959531269,Student,Individual,2025-11-19,Silver,2430,Tamil,SMS,"946, Market Road",Near Metro Station,Mumbai,Maharashtra,400076,India,Y,Verified,16117.72,N,2025-11-19 08:01:00,2026-05-14 16:13:00
100848,CUST100848,Harsha,Goud,Male,1968-01-14,harsha.goud100848@examplemail.com,9649491269,8734321127,Senior Citizen,Individual,2024-05-17,Bronze,14371,Hindi,WhatsApp,"355, MG Road",Opp. City Mall,Hyderabad,Telangana,500081,India,Y,Verified,48233.34,N,2024-05-17 13:44:00,2025-02-03 22:26:00
100849,CUST100849,Kavya,Naidu,Female,1999-02-15,kavya.naidu100849@examplemail.com,9773015082,8499838055,Student,Individual,2024-09-21,Gold,16287,Hindi,Email,"208, Central Colony",Near Metro Station,Pune,Maharashtra,411014,India,Y,Verified,21400.06,N,2024-09-21 14:10:00,2025-05-04 14:54:00
100850,CUST100850,Meghana,Kumar,Female,1988-02-24,meghana.kumar100850@examplemail.com,9238719704,8457843379,Retail,Individual,2026-07-28,Platinum,24035,Telugu,Phone,"111, Park Lane",Phase 2,Mumbai,Maharashtra,400076,India,Y,Verified,60411.03,Y,2026-07-28 20:13:00,2026-09-01 01:07:00
100851,CUST100851,Surya,Das,Male,1994-11-15,surya.das100851@examplemail.com,9398376375,8168208889,Corporate,Individual,2026-06-04,Silver,24171,English,Phone,"823, Station Road",Beside Community Park,Chennai,Tamil Nadu,600042,India,Y,Verified,697962.08,Y,2026-06-04 08:40:00,2026-06-26 18:49:00
100852,CUST100852,Harini,Singh,Female,1971-01-06,harini.singh100852@examplemail.com,9870118640,8896047067,Corporate,Individual,2026-04-01,Gold,16428,Kannada,Email,"793, River View",Near Metro Station,Warangal,Telangana,506002,India,Y,Verified,242591.12,Y,2026-04-01 14:23:00,2026-08-11 17:08:00
100853,CUST100853,Neha,Shetty,Female,1995-02-26,neha.shetty100853@examplemail.com,9141418876,8913907198,Senior Citizen,Business,2025-04-29,Bronze,4020,English,SMS,"790, Tech Park Avenue",Phase 2,Pune,Maharashtra,411014,India,Y,Verified,21246.78,N,2025-04-29 11:43:00,2026-05-25 18:55:00
100854,CUST100854,Pooja,Yadav,Female,1973-05-18,pooja.yadav100854@examplemail.com,9872877694,8293675170,Student,Individual,2024-12-18,Gold,10322,English,WhatsApp,"824, Lake View Road",Opp. City Mall,Pune,Maharashtra,411014,India,Y,Pending,12251.99,Y,2024-12-18 15:17:00,2026-07-01 23:08:00
100855,CUST100855,Varun,Nair,Male,1957-07-07,varun.nair100855@examplemail.com,9539680950,8113951214,Premium,Individual,2024-08-10,Bronze,10165,Kannada,Phone,"956, Central Colony",,Bengaluru,Karnataka,560037,India,Y,Verified,110779.36,Y,2024-08-10 14:13:00,2025-01-03 22:08:00
100856,CUST100856,Nikhil,Das,Male,1974-01-18,nikhil.das100856@examplemail.com,9516715661,8548942164,Senior Citizen,Business,2026-08-19,Gold,9411,Hindi,SMS,"704, Green Hills",,Hyderabad,Telangana,500081,India,Y,Rejected,49396.10,N,2026-08-19 09:08:00,2026-09-04 18:43:00
100857,CUST100857,Vaishnavi,Joshi,Female,1966-01-12,vaishnavi.joshi100857@examplemail.com,9814612152,8941070348,Retail,Individual,2025-03-04,Gold,20273,English,SMS,"727, Tech Park Avenue",,Hyderabad,Telangana,500081,India,Y,Verified,30269.26,Y,2025-03-04 12:28:00,2026-01-19 19:33:00
100858,CUST100858,Vijay,Rao,Male,1960-05-02,vijay.rao100858@examplemail.com,9259074990,8329397770,Senior Citizen,Individual,2025-12-16,Bronze,7033,Kannada,Email,"866, MG Road",,Bengaluru,Karnataka,560037,India,Y,Pending,33860.40,Y,2025-12-16 09:38:00,2026-03-05 17:05:00
100859,CUST100859,Nikhil,Naidu,Male,1984-02-01,nikhil.naidu100859@examplemail.com,9902538652,8408423488,Retail,Individual,2024-01-21,Gold,23221,Kannada,Email,"244, Lake View Road",,Warangal,Telangana,506002,India,Y,Verified,29457.05,N,2024-01-21 17:19:00,2026-04-17 00:01:00
100860,CUST100860,Pranav,Iyer,Male,1970-12-17,pranav.iyer100860@examplemail.com,9169973294,8304759596,Premium,Individual,2024-02-05,Silver,6009,Telugu,Email,"338, Market Road",,Mumbai,Maharashtra,400076,India,Y,Pending,236208.08,N,2024-02-05 19:35:00,2024-02-16 21:09:00
100861,CUST100861,Akash,Naidu,Male,1957-07-06,akash.naidu100861@examplemail.com,9288838653,8735186848,Corporate,Individual,2025-06-17,Silver,21547,Tamil,WhatsApp,"810, Green Hills",Opp. City Mall,Mumbai,Maharashtra,400076,India,Y,Verified,606073.76,N,2025-06-17 10:43:00,2026-06-16 11:31:00
100862,CUST100862,Rohan,Kumar,Male,1991-12-23,rohan.kumar100862@examplemail.com,9268538510,8286043570,Senior Citizen,Individual,2026-04-07,Bronze,19561,Tamil,SMS,"699, Green Hills",,Pune,Maharashtra,411014,India,Y,Verified,38907.67,Y,2026-04-07 20:41:00,2026-08-19 07:34:00
100863,CUST100863,Nikhil,Gupta,Male,1956-07-02,nikhil.gupta100863@examplemail.com,9985851943,8829020928,Premium,Individual,2024-07-10,Platinum,1987,Telugu,SMS,"839, Market Road",Near Metro Station,Pune,Maharashtra,411014,India,Y,Not Required,214830.69,Y,2024-07-10 19:24:00,2026-07-17 03:14:00
100864,CUST100864,Bhavya,Chowdary,Female,1978-05-12,bhavya.chowdary100864@examplemail.com,9529257107,8449157955,Corporate,Individual,2026-03-08,Bronze,21557,Hindi,SMS,"357, Tech Park Avenue",Beside Community Park,Secunderabad,Telangana,500003,India,Y,Verified,512967.66,N,2026-03-08 12:43:00,2026-05-02 13:23:00
100865,CUST100865,Sahithi,Joshi,Female,1966-12-21,sahithi.joshi100865@examplemail.com,9294562747,8663728980,Premium,Individual,2026-07-16,Bronze,8878,English,SMS,"321, Park Lane",Opp. City Mall,Delhi,Delhi,110017,India,Y,Verified,197916.55,Y,2026-07-16 14:59:00,2026-07-16 22:33:00
100866,CUST100866,Sanjay,Patel,Male,1990-04-06,sanjay.patel100866@examplemail.com,9676360450,8666865303,Premium,Individual,2024-08-21,Gold,3441,Hindi,Phone,"75, Lake View Road",Phase 2,Hyderabad,Telangana,500081,India,Y,Verified,249332.02,Y,2024-08-21 15:22:00,2024-09-25 16:45:00
100867,CUST100867,Nandini,Kumar,Female,1993-07-06,nandini.kumar100867@examplemail.com,9381888295,8161097502,Student,Individual,2026-07-02,Bronze,15591,Hindi,WhatsApp,"681, Station Road",Opp. City Mall,Warangal,Telangana,506002,India,Y,Verified,5124.45,N,2026-07-02 08:32:00,2026-09-08 12:19:00
100868,CUST100868,Sanjay,Yadav,Male,1969-07-11,sanjay.yadav100868@examplemail.com,9957746574,8869086630,Senior Citizen,Individual,2026-01-09,Silver,13277,English,SMS,"898, Temple Street",Near Metro Station,Chennai,Tamil Nadu,600042,India,Y,Verified,23661.44,Y,2026-01-09 12:02:00,2026-05-20 18:04:00
100869,CUST100869,Harini,Kulkarni,Female,2005-05-14,harini.kulkarni100869@examplemail.com,9759699127,8952009274,Senior Citizen,Individual,2026-06-13,Silver,4379,Telugu,Email,"475, River View",Near Metro Station,Warangal,Telangana,506002,India,Y,Verified,23604.88,Y,2026-06-13 08:08:00,2026-09-14 09:36:00
100870,CUST100870,Charan,Shetty,Male,1980-03-19,charan.shetty100870@examplemail.com,9197810602,8979565721,Senior Citizen,Individual,2024-04-12,Silver,5833,English,Phone,"323, Central Colony",Phase 2,Hyderabad,Telangana,500081,India,N,Verified,40621.95,Y,2024-04-12 20:37:00,2024-06-25 00:52:00
100871,CUST100871,Bhavya,Menon,Female,1959-08-05,bhavya.menon100871@examplemail.com,9653995430,8787122921,Student,Business,2024-12-30,Silver,20048,English,Email,"697, Park Lane",Phase 2,Delhi,Delhi,110017,India,Y,Verified,10281.14,N,2024-12-30 13:09:00,2026-03-31 13:48:00
100872,CUST100872,Lakshmi,Menon,Female,1957-07-17,lakshmi.menon100872@examplemail.com,9844896442,8423306414,Retail,Individual,2026-09-10,Bronze,19985,Kannada,SMS,"216, Station Road",Near Metro Station,Hyderabad,Telangana,500081,India,Y,Verified,52881.80,Y,2026-09-10 16:17:00,2026-09-14 23:41:59
100873,CUST100873,Rohan,Verma,Male,1970-10-19,rohan.verma100873@examplemail.com,9688098747,8148776891,Senior Citizen,Individual,2024-08-12,Bronze,22454,English,Phone,"635, Market Road",Near Metro Station,Visakhapatnam,Andhra Pradesh,530017,India,Y,Verified,47286.21,Y,2024-08-12 13:16:00,2025-09-03 16:15:00
100874,CUST100874,Harsha,Kulkarni,Male,1973-09-24,harsha.kulkarni100874@examplemail.com,9992462760,8294888894,Senior Citizen,Individual,2026-03-29,Silver,15507,Kannada,SMS,"764, Park Lane",Phase 2,Warangal,Telangana,506002,India,Y,Verified,51179.06,Y,2026-03-29 16:15:00,2026-08-02 22:58:00
100875,CUST100875,Meghana,Chowdary,Female,1983-09-19,meghana.chowdary100875@examplemail.com,9575212874,8819557456,Retail,Individual,2026-09-01,Bronze,2124,Hindi,Phone,"340, Park Lane",Near Metro Station,Vijayawada,Andhra Pradesh,520010,India,Y,Verified,48151.04,N,2026-09-01 11:28:00,2026-09-07 18:32:00
100876,CUST100876,Tarun,Yadav,Male,1987-09-07,tarun.yadav100876@examplemail.com,9651949546,8437138974,Student,Individual,2025-03-03,Bronze,13308,Telugu,Phone,"879, Central Colony",Beside Community Park,Delhi,Delhi,110017,India,Y,Verified,5561.11,Y,2025-03-03 18:59:00,2025-03-27 03:57:00
100877,CUST100877,Deepika,Singh,Female,1979-02-24,deepika.singh100877@examplemail.com,9548719173,8681400528,Senior Citizen,Individual,2024-11-09,Silver,22909,Hindi,Phone,"693, Lake View Road",Near Metro Station,Chennai,Tamil Nadu,600042,India,Y,Verified,53055.32,N,2024-11-09 19:43:00,2026-07-18 03:41:00
100878,CUST100878,Varun,Verma,Male,1966-07-11,varun.verma100878@examplemail.com,9111393426,8953622125,Student,Individual,2025-12-01,Gold,20489,Hindi,WhatsApp,"98, Market Road",Opp. City Mall,Chennai,Tamil Nadu,600042,India,Y,Verified,9736.66,N,2025-12-01 09:10:00,2026-09-02 11:53:00
100879,CUST100879,Arjun,Naidu,Male,1970-07-08,arjun.naidu100879@examplemail.com,9121509138,8346935442,Student,Individual,2026-01-24,Bronze,23210,Kannada,Email,"816, Market Road",Opp. City Mall,Warangal,Telangana,506002,India,N,Verified,20769.71,N,2026-01-24 18:38:00,2026-07-02 04:23:00
100880,CUST100880,Harini,Verma,Female,1998-02-27,harini.verma100880@examplemail.com,9843175558,8128712300,Corporate,Individual,2025-06-14,Gold,17943,Kannada,SMS,"556, Station Road",Near Metro Station,Bengaluru,Karnataka,560037,India,Y,Verified,651208.59,Y,2025-06-14 19:25:00,2025-09-24 20:45:00
100881,CUST100881,Aarav,Chowdary,Male,1959-08-02,aarav.chowdary100881@examplemail.com,9657248444,8588209926,Premium,Individual,2024-05-22,Bronze,6353,Kannada,Email,"347, Green Hills",Phase 2,Secunderabad,Telangana,500003,India,Y,Verified,216181.27,N,2024-05-22 12:01:00,2025-03-16 17:58:00
100882,CUST100882,Nikhil,Kulkarni,Male,2002-08-27,nikhil.kulkarni100882@examplemail.com,9396348590,8549745581,Corporate,Individual,2024-07-17,Bronze,3211,Telugu,SMS,"143, Green Hills",,Visakhapatnam,Andhra Pradesh,530017,India,Y,Pending,277190.63,N,2024-07-17 17:01:00,2024-08-21 02:23:00
100883,CUST100883,Aishwarya,Gupta,Female,1961-02-19,aishwarya.gupta100883@examplemail.com,9856894045,8404932505,Senior Citizen,Individual,2025-10-27,Bronze,16546,English,Email,"554, River View",Near Metro Station,Mumbai,Maharashtra,400076,India,Y,Verified,19463.14,N,2025-10-27 18:53:00,2026-05-10 02:22:00
100884,CUST100884,Sanjay,Yadav,Male,1989-09-04,sanjay.yadav100884@examplemail.com,9895193036,8298780847,Premium,Individual,2024-06-18,Bronze,9561,Telugu,WhatsApp,"777, Temple Street",Near Metro Station,Mumbai,Maharashtra,400076,India,Y,Verified,156713.60,N,2024-06-18 12:28:00,2024-09-13 23:14:00
100885,CUST100885,Rohan,Chowdary,Male,1983-07-13,rohan.chowdary100885@examplemail.com,9497469374,8584201439,Student,Individual,2025-02-26,Gold,24895,Hindi,WhatsApp,"882, Tech Park Avenue",Phase 2,Hyderabad,Telangana,500081,India,Y,Verified,6874.34,Y,2025-02-26 19:38:00,2025-03-07 05:28:00
100886,CUST100886,Rohan,Iyer,Male,1994-11-04,rohan.iyer100886@examplemail.com,9826406583,8700843435,Premium,Individual,2024-04-19,Bronze,16642,English,Email,"548, Market Road",Beside Community Park,Vijayawada,Andhra Pradesh,520010,India,Y,Verified,96144.99,Y,2024-04-19 08:00:00,2024-04-29 18:45:00
100887,CUST100887,Divya,Iyer,Female,2002-06-22,divya.iyer100887@examplemail.com,9773114861,8137188647,Premium,Individual,2025-04-10,Platinum,15921,Tamil,WhatsApp,"240, Park Lane",Opp. City Mall,Hyderabad,Telangana,500081,India,Y,Verified,208494.14,N,2025-04-10 13:35:00,2026-02-10 23:25:00
100888,CUST100888,Sanjay,Kulkarni,Male,1965-06-26,sanjay.kulkarni100888@examplemail.com,9598527407,8748071499,Senior Citizen,Individual,2024-10-12,Platinum,20526,English,Email,"29, Central Colony",Opp. City Mall,Delhi,Delhi,110017,India,Y,Verified,19997.17,N,2024-10-12 08:37:00,2026-04-01 13:04:00
100889,CUST100889,Ananya,Verma,Female,1971-04-24,ananya.verma100889@examplemail.com,9349995232,8902533790,Premium,Individual,2024-09-07,Bronze,21595,Tamil,Email,"398, Park Lane",Near Metro Station,Chennai,Tamil Nadu,600042,India,Y,Verified,83551.04,Y,2024-09-07 09:24:00,2025-03-29 19:02:00
100890,CUST100890,Nikhil,Mishra,Male,1961-05-19,nikhil.mishra100890@examplemail.com,9171815109,8350963926,Corporate,Business,2024-01-04,Silver,6966,Kannada,Phone,"207, Station Road",Phase 2,Secunderabad,Telangana,500003,India,Y,Verified,963935.65,N,2024-01-04 13:15:00,2025-03-15 14:40:00
100891,CUST100891,Priya,Verma,Female,1967-06-18,priya.verma100891@examplemail.com,9356045113,8549099070,Retail,Individual,2025-12-31,Gold,15913,Kannada,Email,"340, Park Lane",Beside Community Park,Pune,Maharashtra,411014,India,Y,Verified,32910.93,Y,2025-12-31 15:27:00,2026-07-24 02:15:00
100892,CUST100892,Aishwarya,Das,Female,1983-08-17,aishwarya.das100892@examplemail.com,9584113911,8865047474,Premium,Individual,2026-07-10,Gold,7359,Hindi,WhatsApp,"602, MG Road",Opp. City Mall,Hyderabad,Telangana,500081,India,Y,Pending,268878.46,Y,2026-07-10 14:47:00,2026-08-16 00:53:00
100893,CUST100893,Ananya,Rao,Female,1962-04-23,ananya.rao100893@examplemail.com,9912204274,8895831276,Senior Citizen,Business,2026-02-11,Platinum,4688,Hindi,SMS,"978, Market Road",Beside Community Park,Vijayawada,Andhra Pradesh,520010,India,N,Verified,59374.64,N,2026-02-11 20:46:00,2026-07-22 01:16:00
100894,CUST100894,Rohan,Goud,Male,1956-12-02,rohan.goud100894@examplemail.com,9619843235,8789126201,Premium,Business,2024-01-27,Silver,24153,Tamil,SMS,"494, Market Road",Opp. City Mall,Vijayawada,Andhra Pradesh,520010,India,Y,Verified,184827.87,Y,2024-01-27 17:05:00,2024-07-01 22:38:00
100895,CUST100895,Charan,Reddy,Male,1970-07-28,charan.reddy100895@examplemail.com,9162398196,8715963467,Student,Individual,2025-08-06,Bronze,21890,English,Email,"467, Tech Park Avenue",Phase 2,Vijayawada,Andhra Pradesh,520010,India,Y,Verified,23027.24,N,2025-08-06 08:03:00,2026-08-10 10:28:00
100896,CUST100896,Harini,Kumar,Female,1994-03-21,harini.kumar100896@examplemail.com,9162583061,8300379358,Corporate,Individual,2024-07-10,Gold,1278,Tamil,Phone,"215, MG Road",Beside Community Park,Hyderabad,Telangana,500081,India,Y,Verified,920718.87,N,2024-07-10 18:18:00,2026-08-18 21:55:00
100897,CUST100897,Manish,Sharma,Male,1992-08-18,manish.sharma100897@examplemail.com,9834539839,8132109576,Corporate,Individual,2026-01-28,Bronze,9384,Hindi,SMS,"840, River View",Beside Community Park,Pune,Maharashtra,411014,India,Y,Pending,480069.33,N,2026-01-28 20:29:00,2026-01-31 23:01:00
100898,CUST100898,Vaishnavi,Shetty,Female,1990-09-26,vaishnavi.shetty100898@examplemail.com,9498328009,8250292962,Senior Citizen,Individual,2024-12-02,Silver,17120,Telugu,Phone,"425, Temple Street",Near Metro Station,Delhi,Delhi,110017,India,Y,Verified,29826.71,Y,2024-12-02 15:11:00,2026-08-28 17:07:00
100899,CUST100899,Bhavya,Nair,Female,1957-12-11,bhavya.nair100899@examplemail.com,9664249463,8158631715,Senior Citizen,Individual,2024-05-18,Silver,11171,Kannada,Email,"822, Market Road",,Chennai,Tamil Nadu,600042,India,Y,Verified,36233.21,Y,2024-05-18 09:03:00,2025-02-19 14:01:00
100900,CUST100900,Keerthi,Sharma,Female,1977-11-15,keerthi.sharma100900@examplemail.com,9893395157,8772338283,Corporate,Business,2025-12-02,Silver,3211,Hindi,SMS,"491, Park Lane",Phase 2,Bengaluru,Karnataka,560037,India,Y,Not Required,296745.84,N,2025-12-02 19:11:00,2026-07-22 02:25:00
100901,CUST100901,Vaishnavi,Joshi,Female,2004-09-25,vaishnavi.joshi100901@examplemail.com,9531354046,8951532704,Senior Citizen,Individual,2024-10-04,Bronze,9236,Telugu,Phone,"792, Tech Park Avenue",,Pune,Maharashtra,411014,India,Y,Not Required,27764.67,N,2024-10-04 15:31:00,2025-03-24 23:50:00
100902,CUST100902,Vishal,Chowdary,Male,1962-09-06,vishal.chowdary100902@examplemail.com,9763329388,8546340136,Corporate,Business,2025-03-02,Bronze,21252,Telugu,SMS,"937, Tech Park Avenue",Opp. City Mall,Hyderabad,Telangana,500081,India,Y,Verified,576720.11,N,2025-03-02 20:07:00,2026-05-15 01:55:00
100903,CUST100903,Arjun,Shetty,Male,1961-01-19,arjun.shetty100903@examplemail.com,9297974149,8744467399,Student,Individual,2024-01-02,Bronze,227,Tamil,Email,"763, Station Road",Opp. City Mall,Chennai,Tamil Nadu,600042,India,Y,Verified,8070.75,N,2024-01-02 10:23:00,2024-03-24 21:09:00
100904,CUST100904,Sai,Naidu,Male,1991-05-02,sai.naidu100904@examplemail.com,9983015729,8336320570,Retail,Individual,2026-06-13,Silver,6127,Tamil,WhatsApp,"507, Market Road",Phase 2,Mumbai,Maharashtra,400076,India,Y,Verified,32253.01,N,2026-06-13 19:04:00,2026-07-14 22:00:00
100905,CUST100905,Harini,Patel,Female,2003-04-16,harini.patel100905@examplemail.com,9848691177,8900559910,Premium,Individual,2025-05-26,Bronze,10067,Telugu,Phone,"694, Tech Park Avenue",Opp. City Mall,Bengaluru,Karnataka,560037,India,Y,Verified,211471.94,Y,2025-05-26 11:21:00,2025-07-21 16:20:00
100906,CUST100906,Akash,Sharma,Male,2005-08-19,akash.sharma100906@examplemail.com,9770190736,8822788730,Retail,Individual,2024-01-17,Bronze,19720,Tamil,Phone,"97, Station Road",Beside Community Park,Warangal,Telangana,506002,India,Y,Verified,73759.55,Y,2024-01-17 15:37:00,2025-11-27 18:21:00
100907,CUST100907,Vaishnavi,Iyer,Female,1992-03-05,vaishnavi.iyer100907@examplemail.com,9101131673,8678207010,Student,Individual,2025-07-20,Silver,3373,Hindi,Email,"273, Market Road",,Hyderabad,Telangana,500081,India,Y,Verified,5470.74,Y,2025-07-20 13:20:00,2025-12-19 22:33:00
100908,CUST100908,Krishna,Sharma,Male,1970-01-18,krishna.sharma100908@examplemail.com,9729505456,8232303095,Corporate,Individual,2025-04-01,Bronze,15841,Tamil,Email,"950, River View",Phase 2,Secunderabad,Telangana,500003,India,Y,Verified,446428.89,N,2025-04-01 14:54:00,2025-10-22 00:42:00
100909,CUST100909,Ananya,Verma,Female,1980-11-27,ananya.verma100909@examplemail.com,9249974304,8169723864,Corporate,Individual,2025-06-23,Bronze,17970,Telugu,Phone,"464, Lake View Road",,Hyderabad,Telangana,500081,India,Y,Verified,205631.15,N,2025-06-23 18:10:00,2026-05-07 02:53:00
100910,CUST100910,Tarun,Chowdary,Male,1982-03-03,tarun.chowdary100910@examplemail.com,9786439483,8961418730,Corporate,Individual,2024-01-17,Bronze,8041,Kannada,Phone,"289, Lake View Road",,Pune,Maharashtra,411014,India,Y,Verified,775992.10,N,2024-01-17 17:11:00,2026-09-09 21:13:00
100911,CUST100911,Vijay,Sharma,Male,2004-12-08,vijay.sharma100911@examplemail.com,9862024419,8390332659,Student,Individual,2025-06-29,Bronze,19331,English,Email,"765, Central Colony",Opp. City Mall,Visakhapatnam,Andhra Pradesh,530017,India,Y,Verified,24632.08,Y,2025-06-29 11:50:00,2026-08-03 22:27:00
100912,CUST100912,Ishita,Patel,Female,1958-10-16,ishita.patel100912@examplemail.com,9184531512,8827801778,Premium,Individual,2025-10-11,Platinum,16707,Kannada,Email,"731, Temple Street",,Chennai,Tamil Nadu,600042,India,Y,Verified,223256.70,N,2025-10-11 20:51:00,2025-12-01 07:46:00
100913,CUST100913,Sahithi,Reddy,Female,1957-08-05,sahithi.reddy100913@examplemail.com,9433975473,8626877378,Student,Individual,2024-12-24,Silver,9856,Tamil,Phone,"476, Temple Street",,Pune,Maharashtra,411014,India,Y,Verified,7867.00,Y,2024-12-24 10:44:00,2026-03-04 19:02:00
100914,CUST100914,Nikhil,Joshi,Male,1988-07-19,nikhil.joshi100914@examplemail.com,9897494690,8683302496,Retail,Individual,2025-01-29,Gold,3788,Telugu,Email,"777, Station Road",Beside Community Park,Pune,Maharashtra,411014,India,Y,Verified,50335.52,N,2025-01-29 19:13:00,2025-06-20 02:45:00
100915,CUST100915,Aadhya,Nair,Female,1980-04-09,aadhya.nair100915@examplemail.com,9672891770,8409699330,Corporate,Individual,2025-11-30,Gold,19516,Kannada,Email,"313, Park Lane",Near Metro Station,Vijayawada,Andhra Pradesh,520010,India,Y,Verified,299489.74,Y,2025-11-30 17:57:00,2026-02-23 21:18:00
100916,CUST100916,Manish,Rao,Male,1976-10-27,manish.rao100916@examplemail.com,9655309368,8297053973,Student,Individual,2024-06-27,Bronze,4940,English,Email,"806, Temple Street",Opp. City Mall,Warangal,Telangana,506002,India,Y,Verified,11460.07,N,2024-06-27 13:50:00,2024-12-08 16:00:00
100917,CUST100917,Sahithi,Chowdary,Female,1970-04-20,sahithi.chowdary100917@examplemail.com,9393107857,8422560817,Corporate,Individual,2026-06-05,Silver,17497,Hindi,SMS,"853, Central Colony",Beside Community Park,Secunderabad,Telangana,500003,India,Y,Verified,914302.51,N,2026-06-05 10:19:00,2026-06-12 10:20:00
100918,CUST100918,Arjun,Joshi,Male,2002-03-14,arjun.joshi100918@examplemail.com,9177961994,8390650789,Senior Citizen,Individual,2024-06-04,Bronze,5341,English,Phone,"897, Temple Street",,Pune,Maharashtra,411014,India,Y,Verified,14714.17,Y,2024-06-04 19:27:00,2025-06-16 02:30:00
100919,CUST100919,Lakshmi,Kulkarni,Female,1967-03-26,lakshmi.kulkarni100919@examplemail.com,9807762426,8285437791,Student,Individual,2026-03-07,Gold,16350,Hindi,Email,"513, Green Hills",Phase 2,Visakhapatnam,Andhra Pradesh,530017,India,Y,Verified,11680.82,N,2026-03-07 16:15:00,2026-05-25 00:03:00
100920,CUST100920,Rohan,Verma,Male,1982-04-25,rohan.verma100920@examplemail.com,9886467353,8923369552,Student,Individual,2025-12-05,Silver,8638,Tamil,WhatsApp,"252, Market Road",Opp. City Mall,Bengaluru,Karnataka,560037,India,Y,Verified,11558.05,Y,2025-12-05 10:07:00,2026-05-22 12:27:00
100921,CUST100921,Sneha,Singh,Female,1958-01-18,sneha.singh100921@examplemail.com,9829928325,8220911336,Senior Citizen,Individual,2024-05-15,Bronze,11848,Kannada,Phone,"32, Park Lane",,Bengaluru,Karnataka,560037,India,N,Verified,17582.23,N,2024-05-15 09:57:00,2025-05-17 20:41:00
100922,CUST100922,Keerthi,Kulkarni,Female,1958-11-12,keerthi.kulkarni100922@examplemail.com,9567102701,8435562732,Senior Citizen,Individual,2025-08-07,Gold,20559,Tamil,WhatsApp,"162, Market Road",Beside Community Park,Delhi,Delhi,110017,India,Y,Verified,27028.50,N,2025-08-07 14:34:00,2026-06-05 20:30:00
100923,CUST100923,Nikhil,Chowdary,Male,1966-10-18,nikhil.chowdary100923@examplemail.com,9895371831,8112451675,Premium,Individual,2026-06-06,Bronze,8320,Tamil,SMS,"874, Park Lane",Beside Community Park,Delhi,Delhi,110017,India,Y,Verified,281553.03,N,2026-06-06 20:22:00,2026-07-23 23:44:00
100924,CUST100924,Nandini,Naidu,Female,1957-05-16,nandini.naidu100924@examplemail.com,9141387641,8988441905,Retail,Individual,2024-06-29,Gold,24144,Telugu,SMS,"805, Market Road",Beside Community Park,Vijayawada,Andhra Pradesh,520010,India,Y,Pending,51175.14,Y,2024-06-29 15:25:00,2026-05-13 16:59:00
100925,CUST100925,Akash,Reddy,Male,2001-09-02,akash.reddy100925@examplemail.com,9794532174,8645573452,Retail,Individual,2026-06-17,Bronze,12946,Tamil,Phone,"972, Tech Park Avenue",Opp. City Mall,Hyderabad,Telangana,500081,India,Y,Verified,65746.37,Y,2026-06-17 10:29:00,2026-08-20 16:21:00
100926,CUST100926,Meghana,Mishra,Female,1996-08-11,meghana.mishra100926@examplemail.com,9254638105,8881087508,Premium,Individual,2026-05-09,Bronze,21715,Tamil,Phone,"85, Park Lane",Opp. City Mall,Delhi,Delhi,110017,India,Y,Verified,150391.73,N,2026-05-09 14:17:00,2026-07-29 21:38:00
100927,CUST100927,Sahithi,Kumar,Female,1980-05-17,sahithi.kumar100927@examplemail.com,9811662262,8493265239,Retail,Individual,2024-11-14,Gold,15154,Hindi,Email,"948, Tech Park Avenue",Opp. City Mall,Mumbai,Maharashtra,400076,India,Y,Verified,18979.89,Y,2024-11-14 08:13:00,2025-07-28 17:59:00
100928,CUST100928,Pranav,Singh,Male,1988-12-05,pranav.singh100928@examplemail.com,9553913837,8765310115,Premium,Individual,2024-03-12,Silver,6102,Telugu,Phone,"971, Tech Park Avenue",Beside Community Park,Hyderabad,Telangana,500081,India,Y,Verified,293295.02,N,2024-03-12 18:12:00,2025-03-21 01:23:00
100929,CUST100929,Priya,Yadav,Female,1981-01-02,priya.yadav100929@examplemail.com,9899796978,8657104714,Premium,Individual,2024-06-15,Platinum,18733,Kannada,Phone,"889, Lake View Road",,Bengaluru,Karnataka,560037,India,Y,Verified,274958.15,N,2024-06-15 20:38:00,2025-03-23 06:27:00
100930,CUST100930,Vijay,Nair,Male,1967-12-08,vijay.nair100930@examplemail.com,9497408701,8632369969,Premium,Individual,2025-04-26,Silver,12402,Hindi,Email,"82, MG Road",Opp. City Mall,Visakhapatnam,Andhra Pradesh,530017,India,Y,Verified,270182.62,Y,2025-04-26 19:34:00,2025-09-09 01:02:00
100931,CUST100931,Nandini,Patel,Female,1955-01-20,nandini.patel100931@examplemail.com,9583431039,8273059931,Student,Individual,2026-01-24,Silver,19663,Telugu,WhatsApp,"80, Market Road",Opp. City Mall,Chennai,Tamil Nadu,600042,India,Y,Verified,15286.48,Y,2026-01-24 19:44:00,2026-03-09 01:45:00
100932,CUST100932,Rahul,Verma,Male,1958-02-18,rahul.verma100932@examplemail.com,9503399737,8383533845,Student,Business,2024-01-09,Silver,18607,Tamil,Phone,"719, Green Hills",Beside Community Park,Pune,Maharashtra,411014,India,Y,Verified,21248.08,N,2024-01-09 14:17:00,2026-05-29 16:35:00
100933,CUST100933,Sai,Yadav,Male,1969-02-19,sai.yadav100933@examplemail.com,9111573740,8987998460,Corporate,Individual,2025-06-27,Bronze,18124,Telugu,WhatsApp,"988, Park Lane",Opp. City Mall,Vijayawada,Andhra Pradesh,520010,India,Y,Verified,742644.88,Y,2025-06-27 10:45:00,2025-12-14 12:22:00
100934,CUST100934,Kavya,Singh,Female,2000-12-08,kavya.singh100934@examplemail.com,9985308782,8603697979,Retail,Individual,2024-09-17,Silver,14011,Kannada,WhatsApp,"655, Lake View Road",Beside Community Park,Vijayawada,Andhra Pradesh,520010,India,Y,Verified,50562.26,Y,2024-09-17 14:24:00,2025-06-24 19:56:00
100935,CUST100935,Aditya,Singh,Male,1955-03-09,aditya.singh100935@examplemail.com,9652727272,8266101854,Premium,Individual,2026-03-13,Silver,8328,Kannada,WhatsApp,"652, Lake View Road",Beside Community Park,Delhi,Delhi,110017,India,N,Pending,237794.86,N,2026-03-13 15:36:00,2026-09-12 21:23:00
100936,CUST100936,Neha,Patel,Female,1989-01-19,neha.patel100936@examplemail.com,9972773671,8420529062,Retail,Individual,2025-11-09,Gold,15772,Telugu,Email,"480, Park Lane",Beside Community Park,Chennai,Tamil Nadu,600042,India,Y,Verified,15988.77,Y,2025-11-09 19:30:00,2025-12-19 22:54:00
100937,CUST100937,Bhavya,Mishra,Female,1967-08-22,bhavya.mishra100937@examplemail.com,9120594807,8995635977,Corporate,Individual,2025-06-30,Gold,3873,English,SMS,"432, Market Road",,Pune,Maharashtra,411014,India,Y,Verified,767279.00,Y,2025-06-30 13:42:00,2025-10-10 20:16:00
100938,CUST100938,Arjun,Reddy,Male,1994-09-10,arjun.reddy100938@examplemail.com,9127440182,8231071525,Premium,Individual,2025-03-10,Gold,17985,English,WhatsApp,"542, MG Road",Near Metro Station,Secunderabad,Telangana,500003,India,Y,Verified,119215.21,N,2025-03-10 19:33:00,2025-07-19 01:22:00
100939,CUST100939,Vaishnavi,Chowdary,Female,1985-11-02,vaishnavi.chowdary100939@examplemail.com,9748186588,8806068243,Premium,Individual,2025-03-25,Silver,1114,Telugu,Phone,"216, Green Hills",Phase 2,Hyderabad,Telangana,500081,India,Y,Pending,116789.96,N,2025-03-25 20:15:00,2026-03-13 06:35:00
100940,CUST100940,Priya,Rao,Female,1982-05-02,priya.rao100940@examplemail.com,9318305106,8208781624,Student,Individual,2024-09-24,Silver,2552,Kannada,SMS,"472, Market Road",Near Metro Station,Hyderabad,Telangana,500081,India,Y,Verified,13238.79,N,2024-09-24 14:13:00,2026-06-15 19:24:00
100941,CUST100941,Nikhil,Iyer,Male,2001-07-11,nikhil.iyer100941@examplemail.com,9655605359,8670642297,Senior Citizen,Individual,2026-08-29,Bronze,18793,Telugu,SMS,"450, River View",,Vijayawada,Andhra Pradesh,520010,India,Y,Verified,53982.24,Y,2026-08-29 13:41:00,2026-09-12 21:09:00
100942,CUST100942,Meghana,Reddy,Female,1973-06-28,meghana.reddy100942@examplemail.com,9532245656,8441452020,Corporate,Individual,2024-01-27,Silver,3327,Kannada,Phone,"988, Green Hills",Near Metro Station,Vijayawada,Andhra Pradesh,520010,India,Y,Verified,842556.17,Y,2024-01-27 13:40:00,2025-04-03 17:41:00
100943,CUST100943,Rohan,Shetty,Male,1991-09-25,rohan.shetty100943@examplemail.com,9176121137,8686954323,Senior Citizen,Individual,2024-08-24,Bronze,723,Hindi,WhatsApp,"543, Lake View Road",,Mumbai,Maharashtra,400076,India,Y,Verified,14228.45,N,2024-08-24 14:17:00,2025-06-12 16:11:00
100944,CUST100944,Arjun,Nair,Male,1995-08-08,arjun.nair100944@examplemail.com,9105948928,8664809312,Retail,Individual,2026-04-06,Silver,23556,Telugu,WhatsApp,"692, Lake View Road",,Chennai,Tamil Nadu,600042,India,Y,Verified,23540.36,N,2026-04-06 09:58:00,2026-08-01 14:46:00
100945,CUST100945,Charan,Joshi,Male,1993-04-03,charan.joshi100945@examplemail.com,9663986883,8258679465,Senior Citizen,Individual,2026-03-31,Bronze,21733,Kannada,Email,"764, MG Road",Opp. City Mall,Pune,Maharashtra,411014,India,Y,Verified,37897.35,Y,2026-03-31 19:48:00,2026-08-27 01:16:00
100946,CUST100946,Sai,Kumar,Male,1991-05-08,sai.kumar100946@examplemail.com,9145418776,8101439082,Retail,Individual,2024-04-16,Gold,9795,Telugu,Email,"206, Temple Street",Opp. City Mall,Visakhapatnam,Andhra Pradesh,530017,India,Y,Verified,54391.33,Y,2024-04-16 15:23:00,2026-08-13 22:38:00
100947,CUST100947,Sahithi,Patel,Female,2000-06-05,sahithi.patel100947@examplemail.com,9706468554,8372171149,Retail,Individual,2024-10-19,Platinum,10173,Hindi,SMS,"924, Market Road",Beside Community Park,Bengaluru,Karnataka,560037,India,Y,Verified,74015.90,Y,2024-10-19 20:39:00,2026-01-28 05:21:00
100948,CUST100948,Charan,Rao,Male,1965-03-20,charan.rao100948@examplemail.com,9336764205,8674955867,Premium,Individual,2026-02-17,Silver,4691,Tamil,SMS,"811, MG Road",Phase 2,Visakhapatnam,Andhra Pradesh,530017,India,Y,Verified,109660.45,N,2026-02-17 09:17:00,2026-04-23 13:19:00
100949,CUST100949,Aarav,Chowdary,Male,1987-04-15,aarav.chowdary100949@examplemail.com,9499195516,8408564008,Student,Individual,2025-01-30,Bronze,14789,Kannada,Phone,"193, Park Lane",Phase 2,Pune,Maharashtra,411014,India,Y,Verified,23659.80,N,2025-01-30 12:34:00,2025-08-16 18:42:00
100950,CUST100950,Kavya,Singh,Female,1962-07-27,kavya.singh100950@examplemail.com,9267734706,8986315612,Premium,Individual,2026-06-24,Bronze,10909,English,Phone,"32, Temple Street",,Vijayawada,Andhra Pradesh,520010,India,Y,Verified,295154.71,Y,2026-06-24 17:56:00,2026-08-17 04:35:00
100951,CUST100951,Aarav,Naidu,Male,1965-04-18,aarav.naidu100951@examplemail.com,9156597009,8888801971,Senior Citizen,Individual,2024-03-04,Bronze,23843,Telugu,Phone,"458, Tech Park Avenue",Beside Community Park,Visakhapatnam,Andhra Pradesh,530017,India,Y,Pending,31997.35,N,2024-03-04 16:00:00,2026-02-19 02:00:00
100952,CUST100952,Meghana,Shetty,Female,1964-11-09,meghana.shetty100952@examplemail.com,9647954391,8861905770,Student,Individual,2024-10-19,Gold,22045,Telugu,SMS,"879, MG Road",Phase 2,Hyderabad,Telangana,500081,India,Y,Verified,16239.07,N,2024-10-19 09:39:00,2024-11-12 11:50:00
100953,CUST100953,Pooja,Gupta,Female,1987-07-08,pooja.gupta100953@examplemail.com,9424933087,8229716625,Premium,Individual,2025-04-21,Bronze,9870,Telugu,SMS,"570, Market Road",,Chennai,Tamil Nadu,600042,India,Y,Verified,219811.60,N,2025-04-21 15:04:00,2026-07-09 01:53:00
100954,CUST100954,Sai,Rao,Male,1974-08-18,sai.rao100954@examplemail.com,9851185913,8525222427,Student,Individual,2024-08-22,Bronze,21107,Telugu,WhatsApp,"444, Central Colony",Phase 2,Secunderabad,Telangana,500003,India,Y,Verified,20666.00,N,2024-08-22 10:35:00,2026-02-24 20:30:00
100955,CUST100955,Meghana,Kumar,Female,1982-04-08,meghana.kumar100955@examplemail.com,9502808137,8537611783,Retail,Individual,2024-02-21,Silver,13036,Kannada,Email,"863, Park Lane",,Hyderabad,Telangana,500081,India,Y,Verified,33730.91,N,2024-02-21 12:28:00,2025-04-22 16:21:00
100956,CUST100956,Neha,Goud,Female,1957-11-18,neha.goud100956@examplemail.com,9678819361,8146685341,Corporate,Individual,2026-02-02,Platinum,1867,English,Phone,"328, MG Road",Near Metro Station,Bengaluru,Karnataka,560037,India,Y,Pending,385031.53,Y,2026-02-02 09:16:00,2026-03-31 20:02:00
100957,CUST100957,Divya,Patel,Female,1993-04-05,divya.patel100957@examplemail.com,9543590293,8879808633,Student,Individual,2025-02-26,Bronze,24889,Tamil,Phone,"323, Park Lane",Near Metro Station,Mumbai,Maharashtra,400076,India,Y,Pending,18731.48,N,2025-02-26 15:25:00,2026-08-10 00:28:00
100958,CUST100958,Vishal,Shetty,Male,1968-11-22,vishal.shetty100958@examplemail.com,9488027540,8312149927,Premium,Individual,2026-05-10,Bronze,11379,Hindi,Phone,"769, Green Hills",Near Metro Station,Chennai,Tamil Nadu,600042,India,Y,Verified,83509.41,Y,2026-05-10 14:40:00,2026-05-23 21:05:00
100959,CUST100959,Bhavya,Sharma,Female,1958-06-15,bhavya.sharma100959@examplemail.com,9456454809,8978091366,Retail,Individual,2025-02-19,Silver,13184,Kannada,SMS,"609, MG Road",Opp. City Mall,Pune,Maharashtra,411014,India,Y,Pending,60643.52,N,2025-02-19 16:02:00,2026-02-09 17:29:00
100960,CUST100960,Tarun,Das,Male,1970-11-27,tarun.das100960@examplemail.com,9507974544,8576629419,Student,Individual,2024-09-04,Gold,14159,Tamil,SMS,"796, Central Colony",,Bengaluru,Karnataka,560037,India,Y,Verified,9431.10,Y,2024-09-04 13:55:00,2026-04-16 00:00:00
100961,CUST100961,Vijay,Gupta,Male,1965-11-19,vijay.gupta100961@examplemail.com,9913500325,8624774882,Senior Citizen,Individual,2024-02-07,Bronze,24945,English,Email,"996, Temple Street",Phase 2,Mumbai,Maharashtra,400076,India,Y,Verified,31367.61,N,2024-02-07 10:01:00,2024-11-10 17:04:00
100962,CUST100962,Sahithi,Verma,Female,1971-06-07,sahithi.verma100962@examplemail.com,9937728549,8873752017,Student,Individual,2025-10-31,Bronze,4059,Kannada,Email,"371, Temple Street",Beside Community Park,Bengaluru,Karnataka,560037,India,Y,Verified,16883.84,Y,2025-10-31 09:52:00,2026-05-23 18:55:00
100963,CUST100963,Sanjay,Joshi,Male,1988-04-28,sanjay.joshi100963@examplemail.com,9471568120,8312961654,Corporate,Individual,2026-05-09,Bronze,21588,Telugu,Email,"97, Station Road",Opp. City Mall,Chennai,Tamil Nadu,600042,India,Y,Verified,619228.28,Y,2026-05-09 11:27:00,2026-06-29 20:56:00
100964,CUST100964,Kavya,Naidu,Female,1972-04-17,kavya.naidu100964@examplemail.com,9251790892,8613652827,Student,Individual,2024-01-19,Silver,9565,Hindi,Phone,"968, River View",Opp. City Mall,Mumbai,Maharashtra,400076,India,Y,Verified,16485.44,Y,2024-01-19 14:58:00,2024-07-17 17:58:00
100965,CUST100965,Pooja,Naidu,Female,1974-12-26,pooja.naidu100965@examplemail.com,9236167582,8253216434,Corporate,Individual,2024-01-06,Bronze,14965,Telugu,Phone,"486, Temple Street",Phase 2,Delhi,Delhi,110017,India,Y,Verified,570607.78,Y,2024-01-06 16:41:00,2026-03-16 20:19:00
100966,CUST100966,Sai,Shetty,Male,1971-06-21,sai.shetty100966@examplemail.com,9916825798,8379709379,Premium,Individual,2026-08-14,Platinum,22713,Tamil,Email,"803, Tech Park Avenue",Near Metro Station,Delhi,Delhi,110017,India,Y,Rejected,184159.32,Y,2026-08-14 18:34:00,2026-08-22 04:31:00
100967,CUST100967,Meghana,Patel,Female,1991-04-28,meghana.patel100967@examplemail.com,9172474245,8482370487,Senior Citizen,Individual,2025-01-01,Bronze,24615,Hindi,WhatsApp,"247, Lake View Road",Near Metro Station,Secunderabad,Telangana,500003,India,Y,Verified,43173.55,Y,2025-01-01 16:51:00,2026-01-30 00:06:00
100968,CUST100968,Karthik,Sharma,Male,1982-06-02,karthik.sharma100968@examplemail.com,9801393071,8253593880,Student,Individual,2026-03-30,Silver,23700,Kannada,SMS,"189, Temple Street",Near Metro Station,Hyderabad,Telangana,500081,India,Y,Verified,21925.84,N,2026-03-30 17:08:00,2026-07-03 21:05:00
100969,CUST100969,Harini,Patel,Female,1980-04-04,harini.patel100969@examplemail.com,9546898388,8427190480,Corporate,Individual,2025-11-19,Bronze,20328,Tamil,SMS,"65, Lake View Road",Near Metro Station,Bengaluru,Karnataka,560037,India,N,Verified,892725.31,N,2025-11-19 13:36:00,2026-07-20 22:27:00
100970,CUST100970,Nikhil,Reddy,Male,1998-06-25,nikhil.reddy100970@examplemail.com,9850503398,8163007931,Premium,Individual,2026-01-11,Bronze,24531,Kannada,Phone,"901, Green Hills",,Secunderabad,Telangana,500003,India,Y,Verified,188878.09,Y,2026-01-11 09:07:00,2026-08-12 15:26:00
100971,CUST100971,Aishwarya,Menon,Female,1968-06-18,aishwarya.menon100971@examplemail.com,9917198575,8732814616,Student,Individual,2024-10-01,Gold,13995,Hindi,SMS,"100, Temple Street",Opp. City Mall,Delhi,Delhi,110017,India,Y,Verified,9299.29,Y,2024-10-01 17:36:00,2025-01-30 18:01:00
100972,CUST100972,Meghana,Naidu,Female,1957-05-21,meghana.naidu100972@examplemail.com,9129133056,8655392590,Premium,Individual,2025-11-27,Gold,21450,Hindi,Email,"978, Station Road",Beside Community Park,Secunderabad,Telangana,500003,India,Y,Not Required,273680.99,N,2025-11-27 16:31:00,2026-07-23 21:57:00
100973,CUST100973,Kavya,Shetty,Female,1999-08-13,kavya.shetty100973@examplemail.com,9742989379,8412353585,Student,Individual,2024-07-01,Silver,19392,Kannada,Phone,"525, MG Road",Opp. City Mall,Warangal,Telangana,506002,India,N,Verified,15970.48,Y,2024-07-01 18:15:00,2025-08-27 18:42:00
100974,CUST100974,Sneha,Reddy,Female,1976-04-10,sneha.reddy100974@examplemail.com,9435063673,8847532862,Senior Citizen,Individual,2025-02-13,Gold,20772,Kannada,SMS,"35, Market Road",Phase 2,Pune,Maharashtra,411014,India,Y,Verified,39624.30,N,2025-02-13 15:09:00,2025-10-17 20:36:00
100975,CUST100975,Pooja,Gupta,Female,1986-08-07,pooja.gupta100975@examplemail.com,9174046935,8920755814,Student,Individual,2024-10-14,Bronze,14585,Kannada,Phone,"348, Green Hills",,Vijayawada,Andhra Pradesh,520010,India,Y,Rejected,21671.61,Y,2024-10-14 14:11:00,2025-01-01 21:52:00
100976,CUST100976,Krishna,Naidu,Male,1958-08-01,krishna.naidu100976@examplemail.com,9463541215,8536570308,Retail,Individual,2025-08-12,Bronze,13455,Tamil,SMS,"473, River View",Phase 2,Vijayawada,Andhra Pradesh,520010,India,Y,Verified,30310.21,Y,2025-08-12 12:52:00,2026-09-09 16:49:00
100977,CUST100977,Keerthi,Mishra,Female,1967-04-17,keerthi.mishra100977@examplemail.com,9984509249,8620546120,Retail,Individual,2024-06-25,Silver,18382,English,WhatsApp,"379, Green Hills",Opp. City Mall,Chennai,Tamil Nadu,600042,India,Y,Verified,35230.89,N,2024-06-25 10:42:00,2024-10-22 18:49:00
100978,CUST100978,Rahul,Goud,Male,1973-12-26,rahul.goud100978@examplemail.com,9498993626,8462016546,Student,Individual,2024-09-04,Silver,16336,Tamil,SMS,"982, Lake View Road",,Delhi,Delhi,110017,India,Y,Verified,13155.85,N,2024-09-04 13:14:00,2024-12-07 00:13:00
100979,CUST100979,Sahithi,Rao,Female,1961-01-15,sahithi.rao100979@examplemail.com,9211859133,8531883118,Student,Individual,2025-10-29,Bronze,10504,Telugu,WhatsApp,"802, Central Colony",Opp. City Mall,Hyderabad,Telangana,500081,India,Y,Verified,6641.28,Y,2025-10-29 17:30:00,2026-08-12 22:12:00
100980,CUST100980,Lakshmi,Iyer,Female,1968-02-10,lakshmi.iyer100980@examplemail.com,9242602394,8105707788,Retail,Individual,2024-02-28,Gold,703,Tamil,WhatsApp,"455, Temple Street",Near Metro Station,Hyderabad,Telangana,500081,India,Y,Pending,20313.11,N,2024-02-28 16:36:00,2025-04-23 02:15:00
100981,CUST100981,Akash,Iyer,Male,1994-12-14,akash.iyer100981@examplemail.com,9941308742,8408793279,Student,Individual,2026-07-23,Gold,13828,Telugu,WhatsApp,"103, Park Lane",,Vijayawada,Andhra Pradesh,520010,India,Y,Verified,18320.34,Y,2026-07-23 19:32:00,2026-08-25 05:28:00
100982,CUST100982,Ananya,Iyer,Female,1993-05-23,ananya.iyer100982@examplemail.com,9681312773,8154558259,Senior Citizen,Individual,2026-08-11,Gold,4782,Hindi,Email,"984, Central Colony",Opp. City Mall,Secunderabad,Telangana,500003,India,Y,Verified,45018.74,Y,2026-08-11 11:50:00,2026-08-27 13:46:00
100983,CUST100983,Divya,Yadav,Female,1986-12-07,divya.yadav100983@examplemail.com,9583398548,8201612633,Corporate,Individual,2024-07-21,Bronze,21602,English,Phone,"647, Green Hills",Opp. City Mall,Mumbai,Maharashtra,400076,India,Y,Verified,475864.62,Y,2024-07-21 13:33:00,2024-11-20 15:46:00
100984,CUST100984,Tarun,Joshi,Male,1975-02-12,tarun.joshi100984@examplemail.com,9114753746,8313729943,Corporate,Individual,2025-09-15,Silver,24459,Kannada,Email,"374, River View",Beside Community Park,Bengaluru,Karnataka,560037,India,Y,Verified,965977.02,N,2025-09-15 14:50:00,2026-08-29 17:49:00
100985,CUST100985,Aditya,Kulkarni,Male,1972-12-09,aditya.kulkarni100985@examplemail.com,9768082627,8441615131,Premium,Individual,2024-02-10,Gold,4355,Hindi,WhatsApp,"71, River View",Beside Community Park,Pune,Maharashtra,411014,India,Y,Rejected,92655.76,Y,2024-02-10 17:21:00,2024-12-06 21:39:00
100986,CUST100986,Vishal,Naidu,Male,2004-08-26,vishal.naidu100986@examplemail.com,9724632229,8281754791,Senior Citizen,Individual,2025-02-20,Silver,1146,Tamil,SMS,"59, Central Colony",,Secunderabad,Telangana,500003,India,Y,Verified,59747.36,N,2025-02-20 14:09:00,2025-03-24 23:14:00
100987,CUST100987,Ishita,Goud,Female,2003-09-16,ishita.goud100987@examplemail.com,9321094971,8661344442,Retail,Individual,2024-04-26,Gold,10023,English,Email,"419, Park Lane",Phase 2,Delhi,Delhi,110017,India,Y,Verified,46377.86,N,2024-04-26 13:20:00,2025-05-02 17:21:00
100988,CUST100988,Akash,Nair,Male,1993-04-13,akash.nair100988@examplemail.com,9177159345,8496445734,Premium,Business,2024-07-03,Silver,23809,Telugu,WhatsApp,"749, Central Colony",Near Metro Station,Hyderabad,Telangana,500081,India,Y,Verified,132264.12,N,2024-07-03 20:26:00,2024-12-03 03:22:00
100989,CUST100989,Aishwarya,Rao,Female,2000-02-22,aishwarya.rao100989@examplemail.com,9127988376,8239912079,Corporate,Individual,2024-09-08,Gold,8897,Telugu,Email,"228, Market Road",Near Metro Station,Warangal,Telangana,506002,India,Y,Verified,255060.51,N,2024-09-08 16:30:00,2026-02-23 01:16:00
100990,CUST100990,Varun,Goud,Male,2004-08-01,varun.goud100990@examplemail.com,9765323743,8886121575,Student,Individual,2025-02-19,Bronze,5991,Tamil,Email,"261, Market Road",Phase 2,Pune,Maharashtra,411014,India,Y,Verified,6390.24,N,2025-02-19 20:57:00,2025-09-04 21:24:00
100991,CUST100991,Rohan,Menon,Male,1987-11-25,rohan.menon100991@examplemail.com,9966212276,8632148381,Senior Citizen,Individual,2026-08-06,Silver,123,Kannada,SMS,"193, River View",,Delhi,Delhi,110017,India,Y,Verified,46393.55,Y,2026-08-06 11:53:00,2026-08-18 22:35:00
100992,CUST100992,Pooja,Shetty,Female,1955-02-25,pooja.shetty100992@examplemail.com,9118249408,8657383744,Student,Individual,2024-06-01,Gold,14715,English,Email,"162, Green Hills",,Secunderabad,Telangana,500003,India,Y,Verified,5301.94,N,2024-06-01 18:12:00,2025-03-26 03:20:00
100993,CUST100993,Sanjay,Goud,Male,1975-05-11,sanjay.goud100993@examplemail.com,9856143943,8962512437,Student,Individual,2026-02-12,Platinum,7752,Kannada,WhatsApp,"553, MG Road",Phase 2,Bengaluru,Karnataka,560037,India,Y,Verified,20499.36,Y,2026-02-12 12:12:00,2026-04-21 12:41:00
100994,CUST100994,Sanjay,Patel,Male,1962-03-15,sanjay.patel100994@examplemail.com,9821287357,8794664480,Premium,Individual,2026-03-23,Bronze,6016,Tamil,WhatsApp,"167, Lake View Road",Near Metro Station,Warangal,Telangana,506002,India,Y,Verified,175723.26,Y,2026-03-23 16:51:00,2026-06-01 03:03:00
100995,CUST100995,Deepika,Nair,Female,1973-12-15,deepika.nair100995@examplemail.com,9473443833,8166481891,Senior Citizen,Individual,2024-02-05,Silver,6774,Telugu,Phone,"368, MG Road",Beside Community Park,Mumbai,Maharashtra,400076,India,N,Verified,58341.01,Y,2024-02-05 15:48:00,2025-09-21 19:40:00
100996,CUST100996,Karthik,Singh,Male,1958-09-09,karthik.singh100996@examplemail.com,9749466433,8751582266,Retail,Individual,2026-02-09,Gold,17822,Kannada,Phone,"584, Market Road",Near Metro Station,Secunderabad,Telangana,500003,India,Y,Pending,61721.70,N,2026-02-09 20:27:00,2026-05-30 01:06:00
100997,CUST100997,Vijay,Patel,Male,1997-12-14,vijay.patel100997@examplemail.com,9774098590,8482666341,Retail,Individual,2024-11-04,Silver,17948,Tamil,WhatsApp,"297, MG Road",Beside Community Park,Vijayawada,Andhra Pradesh,520010,India,Y,Verified,63242.54,Y,2024-11-04 16:10:00,2026-05-31 23:44:00
100998,CUST100998,Sanjay,Reddy,Male,1958-01-08,sanjay.reddy100998@examplemail.com,9837693764,8886964163,Student,Business,2025-08-21,Silver,18568,Telugu,Email,"23, Lake View Road",Opp. City Mall,Vijayawada,Andhra Pradesh,520010,India,N,Verified,22731.86,N,2025-08-21 12:25:00,2025-09-04 21:24:00
100999,CUST100999,Sneha,Nair,Female,1985-11-11,sneha.nair100999@examplemail.com,9926592820,8876297112,Premium,Individual,2026-04-09,Bronze,17113,English,Phone,"356, Temple Street",Opp. City Mall,Vijayawada,Andhra Pradesh,520010,India,Y,Verified,184390.49,Y,2026-04-09 18:20:00,2026-05-12 01:44:00
101000,CUST101000,Tarun,Yadav,Male,1991-05-05,tarun.yadav101000@examplemail.com,9511829506,8377956239,Corporate,Individual,2025-01-01,Bronze,11738,Hindi,Phone,"413, River View",Opp. City Mall,Hyderabad,Telangana,500081,India,Y,Verified,203487.79,Y,2025-01-01 09:25:00,2026-09-06 13:07:00
101001,CUST101001,Nikhil,Menon,Male,1962-12-11,nikhil.menon101001@examplemail.com,9813040881,8465201172,Student,Business,2025-12-17,Silver,3521,Tamil,Email,"217, MG Road",Phase 2,Visakhapatnam,Andhra Pradesh,530017,India,Y,Verified,14747.80,N,2025-12-17 14:59:00,2026-01-17 23:58:00
101002,CUST101002,Arjun,Rao,Male,1981-05-01,arjun.rao101002@examplemail.com,9137714853,8374807850,Corporate,Individual,2025-03-18,Gold,23602,Kannada,WhatsApp,"333, River View",Phase 2,Warangal,Telangana,506002,India,Y,Verified,564534.53,Y,2025-03-18 11:48:00,2025-10-23 18:55:00
101003,CUST101003,Harsha,Rao,Male,1995-05-16,harsha.rao101003@examplemail.com,9821574648,8287364816,Senior Citizen,Individual,2025-08-05,Bronze,21198,Kannada,SMS,"680, MG Road",Phase 2,Delhi,Delhi,110017,India,Y,Verified,44379.85,N,2025-08-05 20:45:00,2025-12-11 23:31:00
101004,CUST101004,Nandini,Patel,Female,1970-03-04,nandini.patel101004@examplemail.com,9163683060,8857879492,Senior Citizen,Individual,2025-03-22,Silver,2733,Kannada,Phone,"830, River View",Opp. City Mall,Visakhapatnam,Andhra Pradesh,530017,India,Y,Verified,58893.90,N,2025-03-22 17:46:00,2026-05-11 22:39:00
101005,CUST101005,Nikhil,Gupta,Male,1992-07-03,nikhil.gupta101005@examplemail.com,9320908153,8871759121,Senior Citizen,Business,2025-10-22,Silver,16383,Tamil,WhatsApp,"378, Park Lane",Phase 2,Warangal,Telangana,506002,India,Y,Verified,12948.61,N,2025-10-22 12:58:00,2026-04-19 17:14:00
101006,CUST101006,Sahithi,Kulkarni,Female,1956-02-01,sahithi.kulkarni101006@examplemail.com,9856423482,8550548440,Retail,Individual,2024-03-23,Silver,2481,Telugu,WhatsApp,"161, River View",,Hyderabad,Telangana,500081,India,Y,Verified,16393.87,Y,2024-03-23 17:44:00,2026-04-24 02:48:00
101007,CUST101007,Karthik,Kumar,Male,1962-04-12,karthik.kumar101007@examplemail.com,9146851227,8646960038,Retail,Individual,2025-03-28,Silver,19359,English,Phone,"83, Station Road",Opp. City Mall,Warangal,Telangana,506002,India,N,Rejected,13036.69,N,2025-03-28 16:27:00,2025-04-24 23:59:00
101008,CUST101008,Neha,Singh,Female,1962-11-02,neha.singh101008@examplemail.com,9520908381,8723520243,Retail,Individual,2026-06-01,Bronze,8873,Hindi,WhatsApp,"413, River View",Near Metro Station,Delhi,Delhi,110017,India,Y,Not Required,39725.48,Y,2026-06-01 11:54:00,2026-07-04 14:34:00
101009,CUST101009,Aditya,Chowdary,Male,1995-12-16,aditya.chowdary101009@examplemail.com,9882548758,8751046787,Corporate,Individual,2026-04-30,Gold,174,Telugu,Email,"872, Temple Street",Beside Community Park,Pune,Maharashtra,411014,India,Y,Verified,371765.84,N,2026-04-30 08:51:00,2026-08-16 09:57:00
101010,CUST101010,Aadhya,Menon,Female,1977-09-22,aadhya.menon101010@examplemail.com,9209582661,8160831764,Retail,Business,2024-12-23,Gold,23849,Hindi,SMS,"607, Green Hills",Beside Community Park,Pune,Maharashtra,411014,India,Y,Verified,65988.89,N,2024-12-23 09:47:00,2026-08-13 16:05:00
101011,CUST101011,Karthik,Yadav,Male,1979-12-14,karthik.yadav101011@examplemail.com,9777958733,8223593264,Retail,Individual,2025-10-11,Bronze,15560,Tamil,Email,"820, Park Lane",,Hyderabad,Telangana,500081,India,Y,Verified,28424.49,N,2025-10-11 17:59:00,2026-01-13 20:14:00
101012,CUST101012,Priya,Gupta,Female,1973-06-25,priya.gupta101012@examplemail.com,9630160168,8938853235,Student,Individual,2025-02-26,Bronze,19738,Hindi,Phone,"956, River View",Beside Community Park,Mumbai,Maharashtra,400076,India,Y,Verified,11751.46,N,2025-02-26 13:37:00,2025-07-25 14:42:00
101013,CUST101013,Manish,Shetty,Male,1976-06-07,manish.shetty101013@examplemail.com,9345955669,8475767696,Student,Individual,2024-03-19,Silver,18002,Telugu,Phone,"370, Temple Street",Beside Community Park,Visakhapatnam,Andhra Pradesh,530017,India,Y,Verified,24611.15,Y,2024-03-19 12:01:00,2025-10-27 19:57:00
101014,CUST101014,Pooja,Gupta,Female,1961-05-28,pooja.gupta101014@examplemail.com,9520556552,8151735964,Corporate,Individual,2025-10-01,Silver,3118,Hindi,Email,"318, Park Lane",Opp. City Mall,Mumbai,Maharashtra,400076,India,Y,Verified,715514.54,Y,2025-10-01 19:22:00,2025-11-30 20:46:00
101015,CUST101015,Rohan,Joshi,Male,1975-06-17,rohan.joshi101015@examplemail.com,9940185432,8651351290,Retail,Individual,2025-06-26,Bronze,21289,Kannada,Phone,"194, Green Hills",,Visakhapatnam,Andhra Pradesh,530017,India,Y,Verified,38182.80,Y,2025-06-26 18:27:00,2025-07-16 20:31:00
101016,CUST101016,Bhavya,Gupta,Female,1981-07-10,bhavya.gupta101016@examplemail.com,9856016793,8712304105,Corporate,Individual,2024-03-01,Bronze,2793,Kannada,SMS,"313, MG Road",Phase 2,Visakhapatnam,Andhra Pradesh,530017,India,Y,Verified,768179.36,N,2024-03-01 15:13:00,2024-05-20 19:29:00
101017,CUST101017,Pooja,Mishra,Female,2003-05-14,pooja.mishra101017@examplemail.com,9370169288,8568247625,Corporate,Individual,2024-09-13,Bronze,10956,Hindi,SMS,"771, Temple Street",Near Metro Station,Warangal,Telangana,506002,India,Y,Pending,281377.78,N,2024-09-13 15:17:00,2025-10-22 02:12:00
101018,CUST101018,Pooja,Iyer,Female,1963-07-03,pooja.iyer101018@examplemail.com,9383787791,8962071995,Premium,Business,2024-09-22,Gold,11114,Tamil,Email,"582, Lake View Road",Near Metro Station,Mumbai,Maharashtra,400076,India,Y,Verified,236123.82,N,2024-09-22 08:12:00,2026-02-13 15:15:00
101019,CUST101019,Surya,Shetty,Male,2005-08-02,surya.shetty101019@examplemail.com,9716012436,8835560460,Premium,Business,2026-09-05,Silver,17650,Kannada,Email,"958, Market Road",Opp. City Mall,Pune,Maharashtra,411014,India,Y,Pending,171679.38,N,2026-09-05 17:54:00,2026-09-12 04:52:00
101020,CUST101020,Akash,Das,Male,1985-06-18,akash.das101020@examplemail.com,9474861754,8694145950,Corporate,Individual,2026-08-05,Bronze,16452,English,SMS,"73, Central Colony",Phase 2,Hyderabad,Telangana,500081,India,Y,Verified,260854.29,Y,2026-08-05 13:28:00,2026-09-01 21:34:00
101021,CUST101021,Sneha,Patel,Female,1992-10-05,sneha.patel101021@examplemail.com,9233250734,8402530499,Premium,Individual,2024-03-23,Bronze,17442,English,SMS,"311, Tech Park Avenue",Near Metro Station,Secunderabad,Telangana,500003,India,Y,Pending,297370.65,N,2024-03-23 10:27:00,2026-08-24 19:52:00
101022,CUST101022,Akash,Iyer,Male,2003-03-26,akash.iyer101022@examplemail.com,9446970221,8774938079,Premium,Individual,2025-11-18,Bronze,19924,Telugu,Email,"331, Tech Park Avenue",Near Metro Station,Visakhapatnam,Andhra Pradesh,530017,India,Y,Verified,109878.31,N,2025-11-18 15:58:00,2026-05-08 19:03:00
101023,CUST101023,Kavya,Goud,Female,2002-01-12,kavya.goud101023@examplemail.com,9397880322,8532068795,Retail,Individual,2024-11-07,Silver,23207,English,WhatsApp,"349, Station Road",Beside Community Park,Pune,Maharashtra,411014,India,Y,Verified,33527.76,Y,2024-11-07 15:51:00,2025-08-27 21:03:00
101024,CUST101024,Aadhya,Kumar,Female,2000-05-28,aadhya.kumar101024@examplemail.com,9437518948,8589102421,Retail,Individual,2024-02-18,Gold,19192,English,Phone,"584, Park Lane",,Visakhapatnam,Andhra Pradesh,530017,India,Y,Verified,13685.05,N,2024-02-18 19:48:00,2025-07-05 21:02:00
101025,CUST101025,Kavya,Nair,Female,1970-12-18,kavya.nair101025@examplemail.com,9908628992,8293732535,Senior Citizen,Individual,2025-12-08,Platinum,13859,English,Phone,"962, Park Lane",Opp. City Mall,Mumbai,Maharashtra,400076,India,Y,Rejected,44406.48,Y,2025-12-08 10:44:00,2026-06-10 20:08:00
101026,CUST101026,Manish,Patel,Male,1970-05-19,manish.patel101026@examplemail.com,9767750821,8843268965,Corporate,Individual,2026-02-19,Bronze,19580,Kannada,SMS,"437, River View",Near Metro Station,Warangal,Telangana,506002,India,Y,Not Required,248608.58,Y,2026-02-19 16:19:00,2026-08-06 17:25:00
101027,CUST101027,Bhavya,Gupta,Female,1962-12-12,bhavya.gupta101027@examplemail.com,9459958703,8614870700,Senior Citizen,Individual,2024-04-22,Gold,16867,Tamil,Phone,"999, Park Lane",Phase 2,Warangal,Telangana,506002,India,Y,Verified,59084.03,N,2024-04-22 12:40:00,2025-07-14 21:21:00
101028,CUST101028,Sanjay,Nair,Male,1956-04-25,sanjay.nair101028@examplemail.com,9883585719,8222623682,Senior Citizen,Individual,2024-10-27,Platinum,24447,Kannada,Email,"134, Station Road",Opp. City Mall,Delhi,Delhi,110017,India,Y,Verified,56374.97,N,2024-10-27 15:41:00,2025-01-08 01:53:00
101029,CUST101029,Rahul,Gupta,Male,1980-04-12,rahul.gupta101029@examplemail.com,9501064740,8780516326,Premium,Business,2026-09-12,Platinum,3843,Tamil,Email,"413, Tech Park Avenue",Beside Community Park,Delhi,Delhi,110017,India,Y,Verified,250240.00,Y,2026-09-12 15:52:00,2026-09-12 20:04:00
101030,CUST101030,Kavya,Reddy,Female,2003-05-04,kavya.reddy101030@examplemail.com,9479530193,8935527957,Premium,Individual,2024-11-17,Gold,2907,Kannada,Email,"932, Station Road",Beside Community Park,Secunderabad,Telangana,500003,India,Y,Verified,254739.25,Y,2024-11-17 08:27:00,2026-01-29 18:56:00
101031,CUST101031,Vishal,Shetty,Male,1999-03-24,vishal.shetty101031@examplemail.com,9962539670,8669695124,Retail,Individual,2025-06-28,Bronze,22680,Telugu,Phone,"762, Central Colony",Beside Community Park,Chennai,Tamil Nadu,600042,India,Y,Verified,54921.33,N,2025-06-28 20:09:00,2026-05-12 21:30:00
101032,CUST101032,Keerthi,Patel,Female,1978-04-13,keerthi.patel101032@examplemail.com,9914003018,8873216956,Corporate,Individual,2025-01-30,Bronze,204,Telugu,Phone,"810, Temple Street",Opp. City Mall,Mumbai,Maharashtra,400076,India,Y,Verified,629575.73,N,2025-01-30 10:58:00,2026-09-08 17:24:00
101033,CUST101033,Ishita,Chowdary,Female,1975-10-05,ishita.chowdary101033@examplemail.com,9178079368,8595482800,Student,Individual,2026-06-20,Bronze,6330,Kannada,Phone,"487, Station Road",Near Metro Station,Warangal,Telangana,506002,India,Y,Verified,22087.49,Y,2026-06-20 11:01:00,2026-07-10 18:05:00
101034,CUST101034,Sanjay,Joshi,Male,1982-06-04,sanjay.joshi101034@examplemail.com,9397517432,8985785117,Premium,Individual,2026-04-13,Bronze,8986,Telugu,SMS,"897, Lake View Road",Opp. City Mall,Visakhapatnam,Andhra Pradesh,530017,India,Y,Verified,255518.97,Y,2026-04-13 18:42:00,2026-05-23 22:27:00
101035,CUST101035,Nandini,Das,Female,1985-11-22,nandini.das101035@examplemail.com,9658818517,8598322756,Premium,Individual,2024-12-09,Platinum,5729,Kannada,Email,"926, Central Colony",,Hyderabad,Telangana,500081,India,Y,Verified,168218.39,N,2024-12-09 10:03:00,2025-06-05 21:02:00
101036,CUST101036,Surya,Kulkarni,Male,1984-04-03,surya.kulkarni101036@examplemail.com,9595502581,8855395616,Student,Individual,2025-05-22,Platinum,3641,Hindi,Phone,"677, Green Hills",Near Metro Station,Secunderabad,Telangana,500003,India,Y,Verified,21241.92,Y,2025-05-22 12:29:00,2026-02-09 19:47:00
101037,CUST101037,Kavya,Reddy,Female,1969-09-14,kavya.reddy101037@examplemail.com,9253795788,8249947917,Premium,Individual,2025-11-24,Silver,13871,English,Email,"362, Green Hills",,Visakhapatnam,Andhra Pradesh,530017,India,Y,Verified,145103.23,N,2025-11-24 14:56:00,2025-11-28 01:49:00
101038,CUST101038,Surya,Nair,Male,1989-01-09,surya.nair101038@examplemail.com,9566296412,8844335863,Student,Business,2026-01-05,Gold,7115,Hindi,SMS,"2, River View",Opp. City Mall,Secunderabad,Telangana,500003,India,Y,Rejected,20795.48,N,2026-01-05 13:58:00,2026-09-11 17:49:00
101039,CUST101039,Tarun,Goud,Male,1955-10-19,tarun.goud101039@examplemail.com,9777327495,8313346255,Senior Citizen,Individual,2026-04-01,Bronze,7569,Hindi,Phone,"76, River View",Beside Community Park,Bengaluru,Karnataka,560037,India,Y,Verified,35490.74,N,2026-04-01 17:45:00,2026-05-17 02:47:00
101040,CUST101040,Pranav,Menon,Male,1977-08-06,pranav.menon101040@examplemail.com,9190294158,8303138251,Corporate,Individual,2026-01-03,Bronze,1955,Hindi,WhatsApp,"112, River View",Beside Community Park,Chennai,Tamil Nadu,600042,India,Y,Pending,636498.21,Y,2026-01-03 20:41:00,2026-05-28 01:26:00
101041,CUST101041,Meghana,Reddy,Female,2003-11-14,meghana.reddy101041@examplemail.com,9517298537,8134537311,Retail,Individual,2026-08-02,Bronze,12424,Kannada,WhatsApp,"605, Lake View Road",Phase 2,Warangal,Telangana,506002,India,Y,Verified,45318.53,N,2026-08-02 20:50:00,2026-08-13 06:50:00
101042,CUST101042,Aarav,Sharma,Male,1973-05-07,aarav.sharma101042@examplemail.com,9345138256,8640563711,Retail,Individual,2025-09-17,Silver,7822,English,WhatsApp,"567, River View",Opp. City Mall,Warangal,Telangana,506002,India,Y,Rejected,12915.55,N,2025-09-17 13:10:00,2026-02-02 21:11:00
101043,CUST101043,Aditya,Reddy,Male,1998-07-02,aditya.reddy101043@examplemail.com,9857326818,8770811778,Premium,Individual,2025-03-12,Silver,1129,English,WhatsApp,"132, Station Road",,Delhi,Delhi,110017,India,Y,Verified,200478.56,N,2025-03-12 18:33:00,2025-07-27 21:39:00
101044,CUST101044,Pranav,Joshi,Male,1977-07-16,pranav.joshi101044@examplemail.com,9911829805,8251322536,Student,Business,2025-10-11,Silver,3825,Kannada,SMS,"786, Tech Park Avenue",Phase 2,Hyderabad,Telangana,500081,India,Y,Verified,18087.05,N,2025-10-11 14:28:00,2026-08-28 17:01:00
101045,CUST101045,Sai,Nair,Male,1984-09-03,sai.nair101045@examplemail.com,9529492334,8985624032,Corporate,Individual,2025-02-19,Bronze,15834,Telugu,WhatsApp,"777, River View",Opp. City Mall,Bengaluru,Karnataka,560037,India,Y,Pending,603819.41,N,2025-02-19 17:40:00,2026-03-29 21:38:00
101046,CUST101046,Aadhya,Menon,Female,1990-05-19,aadhya.menon101046@examplemail.com,9381013073,8513713439,Premium,Individual,2024-12-15,Bronze,2415,Hindi,Phone,"561, Station Road",Beside Community Park,Hyderabad,Telangana,500081,India,Y,Verified,298907.97,Y,2024-12-15 20:09:00,2026-08-14 04:24:00
101047,CUST101047,Sanjay,Yadav,Male,1986-09-27,sanjay.yadav101047@examplemail.com,9505080057,8897350868,Student,Business,2026-07-12,Silver,15443,Hindi,SMS,"87, Tech Park Avenue",Near Metro Station,Vijayawada,Andhra Pradesh,520010,India,Y,Verified,22644.30,N,2026-07-12 17:47:00,2026-08-30 22:03:00
101048,CUST101048,Varun,Joshi,Male,1955-09-24,varun.joshi101048@examplemail.com,9662829055,8984868585,Student,Individual,2025-03-28,Bronze,20868,English,WhatsApp,"924, Lake View Road",Beside Community Park,Mumbai,Maharashtra,400076,India,Y,Verified,14652.37,N,2025-03-28 20:10:00,2025-08-31 03:52:00
101049,CUST101049,Nandini,Patel,Female,1958-10-22,nandini.patel101049@examplemail.com,9768095031,8885475196,Retail,Individual,2024-06-07,Silver,23617,Hindi,SMS,"464, Green Hills",Opp. City Mall,Chennai,Tamil Nadu,600042,India,Y,Verified,17219.77,Y,2024-06-07 10:54:00,2026-08-30 14:22:00
101050,CUST101050,Ishita,Mishra,Female,1965-10-14,ishita.mishra101050@examplemail.com,9825851173,8209354277,Premium,Individual,2024-05-15,Bronze,24274,Telugu,WhatsApp,"854, River View",,Warangal,Telangana,506002,India,Y,Verified,245731.73,Y,2024-05-15 08:25:00,2026-06-20 11:53:00
101051,CUST101051,Ananya,Singh,Female,1990-06-06,ananya.singh101051@examplemail.com,9735349493,8508986034,Student,Business,2024-09-14,Gold,7063,Tamil,Email,"791, River View",Phase 2,Pune,Maharashtra,411014,India,Y,Pending,17892.51,N,2024-09-14 08:26:00,2024-12-09 15:01:00
101052,CUST101052,Vishal,Gupta,Male,1983-07-03,vishal.gupta101052@examplemail.com,9929757203,8287999534,Senior Citizen,Individual,2026-05-20,Silver,1775,Kannada,WhatsApp,"674, MG Road",Phase 2,Vijayawada,Andhra Pradesh,520010,India,Y,Verified,40333.28,Y,2026-05-20 13:22:00,2026-07-22 16:32:00
101053,CUST101053,Ananya,Chowdary,Female,1987-12-03,ananya.chowdary101053@examplemail.com,9927827639,8928822714,Senior Citizen,Individual,2025-03-25,Silver,1502,English,Phone,"502, Park Lane",,Mumbai,Maharashtra,400076,India,Y,Verified,56416.95,N,2025-03-25 17:11:00,2025-05-24 00:06:00
101054,CUST101054,Tarun,Nair,Male,1995-01-16,tarun.nair101054@examplemail.com,9979738917,8507630697,Premium,Individual,2024-01-08,Silver,2656,Telugu,Phone,"636, Station Road",Opp. City Mall,Mumbai,Maharashtra,400076,India,Y,Verified,91014.55,Y,2024-01-08 12:52:00,2026-04-04 18:05:00
101055,CUST101055,Priya,Singh,Female,1986-04-22,priya.singh101055@examplemail.com,9187081203,8510657530,Student,Individual,2024-09-13,Gold,2988,Telugu,SMS,"965, River View",Opp. City Mall,Visakhapatnam,Andhra Pradesh,530017,India,Y,Verified,7094.97,N,2024-09-13 09:12:00,2026-01-01 14:32:00
101056,CUST101056,Manish,Gupta,Male,1992-10-27,manish.gupta101056@examplemail.com,9893309706,8992684128,Student,Individual,2026-03-26,Silver,11815,Telugu,Phone,"651, MG Road",Phase 2,Mumbai,Maharashtra,400076,India,Y,Verified,7745.45,Y,2026-03-26 19:39:00,2026-05-09 05:44:00
101057,CUST101057,Karthik,Chowdary,Male,1958-03-21,karthik.chowdary101057@examplemail.com,9318963133,8945828903,Senior Citizen,Individual,2025-10-31,Silver,18966,English,Email,"338, Green Hills",,Secunderabad,Telangana,500003,India,Y,Verified,14397.45,N,2025-10-31 20:10:00,2025-11-07 00:50:00
101058,CUST101058,Aadhya,Mishra,Female,1977-06-04,aadhya.mishra101058@examplemail.com,9323563406,8329342440,Senior Citizen,Individual,2026-01-14,Bronze,21200,Tamil,SMS,"962, Park Lane",,Chennai,Tamil Nadu,600042,India,Y,Verified,39863.96,Y,2026-01-14 18:02:00,2026-04-21 19:55:00
101059,CUST101059,Nikhil,Goud,Male,1975-04-14,nikhil.goud101059@examplemail.com,9862953959,8271458906,Premium,Individual,2025-03-12,Gold,5958,Tamil,Email,"442, Lake View Road",Near Metro Station,Visakhapatnam,Andhra Pradesh,530017,India,N,Verified,127676.69,N,2025-03-12 08:26:00,2025-04-13 08:49:00
101060,CUST101060,Sneha,Patel,Female,1965-03-17,sneha.patel101060@examplemail.com,9988060415,8879783576,Retail,Individual,2024-11-21,Bronze,9755,Kannada,SMS,"887, River View",Beside Community Park,Bengaluru,Karnataka,560037,India,Y,Verified,24211.46,Y,2024-11-21 16:20:00,2025-03-26 19:02:00
101061,CUST101061,Sanjay,Chowdary,Male,2001-12-12,sanjay.chowdary101061@examplemail.com,9384941635,8164759793,Student,Individual,2024-01-10,Gold,2420,English,WhatsApp,"262, MG Road",Phase 2,Vijayawada,Andhra Pradesh,520010,India,Y,Verified,24000.07,N,2024-01-10 13:14:00,2025-05-06 21:11:00
101062,CUST101062,Pranav,Reddy,Male,1990-02-03,pranav.reddy101062@examplemail.com,9128690857,8498976919,Retail,Individual,2024-11-15,Silver,20908,Tamil,Email,"119, Lake View Road",Phase 2,Vijayawada,Andhra Pradesh,520010,India,Y,Verified,73858.45,Y,2024-11-15 09:47:00,2025-11-27 10:05:00
101063,CUST101063,Charan,Goud,Male,1990-02-13,charan.goud101063@examplemail.com,9897507704,8421468870,Corporate,Individual,2025-09-01,Gold,10510,English,WhatsApp,"612, Park Lane",Near Metro Station,Chennai,Tamil Nadu,600042,India,Y,Verified,394230.76,Y,2025-09-01 09:23:00,2026-08-11 16:29:00
101064,CUST101064,Meghana,Menon,Female,1995-07-12,meghana.menon101064@examplemail.com,9856630495,8238464980,Senior Citizen,Individual,2025-07-04,Bronze,21486,Kannada,SMS,"617, MG Road",,Pune,Maharashtra,411014,India,Y,Verified,40209.69,Y,2025-07-04 15:09:00,2025-08-19 20:52:00
101065,CUST101065,Meghana,Patel,Female,1968-03-25,meghana.patel101065@examplemail.com,9261531969,8835386213,Corporate,Individual,2025-03-12,Bronze,14037,Tamil,SMS,"354, Lake View Road",Opp. City Mall,Chennai,Tamil Nadu,600042,India,Y,Verified,596367.02,N,2025-03-12 20:32:00,2026-03-28 03:40:00
101066,CUST101066,Vijay,Menon,Male,1976-09-20,vijay.menon101066@examplemail.com,9372089572,8633060112,Corporate,Individual,2026-03-01,Bronze,2477,Tamil,Email,"804, MG Road",Near Metro Station,Delhi,Delhi,110017,India,Y,Verified,749225.27,Y,2026-03-01 18:02:00,2026-07-08 23:54:00
101067,CUST101067,Ananya,Sharma,Female,1980-10-14,ananya.sharma101067@examplemail.com,9466929502,8963950932,Premium,Individual,2026-02-12,Silver,15167,Kannada,SMS,"867, Green Hills",Opp. City Mall,Pune,Maharashtra,411014,India,Y,Verified,91089.13,N,2026-02-12 20:35:00,2026-03-05 06:14:00
101068,CUST101068,Ananya,Mishra,Female,1980-03-25,ananya.mishra101068@examplemail.com,9242446711,8725955881,Student,Individual,2024-02-04,Bronze,9835,Telugu,SMS,"495, Lake View Road",Near Metro Station,Delhi,Delhi,110017,India,Y,Verified,23074.73,Y,2024-02-04 20:24:00,2024-11-11 23:39:00
101069,CUST101069,Vaishnavi,Iyer,Female,1968-05-17,vaishnavi.iyer101069@examplemail.com,9920811803,8342904651,Retail,Individual,2025-11-14,Bronze,10787,Telugu,WhatsApp,"995, Tech Park Avenue",Opp. City Mall,Warangal,Telangana,506002,India,Y,Verified,50053.43,N,2025-11-14 15:51:00,2026-08-29 19:48:00
101070,CUST101070,Swathi,Kumar,Female,1986-07-10,swathi.kumar101070@examplemail.com,9484160437,8373701809,Premium,Individual,2026-02-16,Bronze,21296,Telugu,WhatsApp,"225, Lake View Road",Beside Community Park,Pune,Maharashtra,411014,India,Y,Verified,275035.89,Y,2026-02-16 08:00:00,2026-07-22 10:19:00
101071,CUST101071,Lakshmi,Menon,Female,1982-12-04,lakshmi.menon101071@examplemail.com,9274448678,8627824575,Corporate,Individual,2024-05-13,Silver,2996,Hindi,Email,"479, Tech Park Avenue",Phase 2,Mumbai,Maharashtra,400076,India,Y,Verified,689910.44,N,2024-05-13 13:42:00,2025-05-03 19:58:00
101072,CUST101072,Divya,Chowdary,Female,1978-03-14,divya.chowdary101072@examplemail.com,9680128091,8258014743,Premium,Individual,2025-03-04,Bronze,10661,English,WhatsApp,"71, Tech Park Avenue",Near Metro Station,Warangal,Telangana,506002,India,Y,Verified,246287.27,N,2025-03-04 10:02:00,2026-03-09 18:39:00
101073,CUST101073,Arjun,Goud,Male,1971-05-11,arjun.goud101073@examplemail.com,9753832442,8702661546,Premium,Individual,2025-03-24,Silver,23031,Telugu,WhatsApp,"257, Park Lane",,Vijayawada,Andhra Pradesh,520010,India,Y,Verified,281049.05,Y,2025-03-24 09:47:00,2026-03-26 16:55:00
101074,CUST101074,Sanjay,Rao,Male,1977-06-27,sanjay.rao101074@examplemail.com,9745698861,8252845494,Student,Individual,2025-04-23,Gold,19821,Telugu,SMS,"741, Green Hills",Opp. City Mall,Bengaluru,Karnataka,560037,India,Y,Verified,11900.04,Y,2025-04-23 18:00:00,2025-07-05 21:33:00
101075,CUST101075,Deepika,Verma,Female,1969-12-07,deepika.verma101075@examplemail.com,9657761801,8422974277,Retail,Individual,2026-07-18,Gold,13115,English,Email,"123, Park Lane",Near Metro Station,Secunderabad,Telangana,500003,India,Y,Pending,30870.50,Y,2026-07-18 09:52:00,2026-09-09 15:00:00
101076,CUST101076,Aishwarya,Rao,Female,1979-01-11,aishwarya.rao101076@examplemail.com,9622264133,8655418276,Premium,Individual,2024-09-04,Bronze,21397,English,Email,"916, Central Colony",Opp. City Mall,Hyderabad,Telangana,500081,India,Y,Verified,107117.77,Y,2024-09-04 13:17:00,2025-03-22 14:40:00
101077,CUST101077,Divya,Nair,Female,1962-10-24,divya.nair101077@examplemail.com,9375634374,8205597218,Student,Individual,2026-04-13,Silver,7864,English,Phone,"261, Park Lane",Beside Community Park,Bengaluru,Karnataka,560037,India,Y,Verified,11249.81,Y,2026-04-13 13:12:00,2026-06-23 14:05:00
101078,CUST101078,Sai,Yadav,Male,1964-05-27,sai.yadav101078@examplemail.com,9352062921,8118971808,Student,Individual,2025-03-17,Bronze,7518,Telugu,SMS,"706, MG Road",,Chennai,Tamil Nadu,600042,India,Y,Verified,17343.90,Y,2025-03-17 20:03:00,2026-08-05 01:03:00
101079,CUST101079,Aarav,Nair,Male,1977-05-28,aarav.nair101079@examplemail.com,9484286730,8876506858,Retail,Individual,2025-04-29,Gold,4373,Telugu,Phone,"854, Lake View Road",Beside Community Park,Delhi,Delhi,110017,India,Y,Verified,23275.17,N,2025-04-29 14:47:00,2025-07-02 15:12:00
101080,CUST101080,Meghana,Sharma,Female,1962-07-26,meghana.sharma101080@examplemail.com,9292443257,8237809786,Premium,Business,2025-10-06,Bronze,14637,Telugu,SMS,"412, Market Road",Opp. City Mall,Secunderabad,Telangana,500003,India,Y,Verified,102384.98,Y,2025-10-06 09:32:00,2026-07-19 15:22:00
101081,CUST101081,Divya,Sharma,Female,1955-03-06,divya.sharma101081@examplemail.com,9771824316,8744722887,Student,Individual,2026-07-09,Bronze,9612,English,SMS,"453, Tech Park Avenue",Near Metro Station,Vijayawada,Andhra Pradesh,520010,India,Y,Verified,12684.56,Y,2026-07-09 11:47:00,2026-07-11 17:09:00
101082,CUST101082,Keerthi,Yadav,Female,1961-06-12,keerthi.yadav101082@examplemail.com,9522439752,8773458806,Student,Individual,2025-10-04,Platinum,6105,English,SMS,"854, Temple Street",Opp. City Mall,Visakhapatnam,Andhra Pradesh,530017,India,Y,Rejected,14063.03,Y,2025-10-04 14:31:00,2026-08-06 19:47:00
101083,CUST101083,Harini,Verma,Female,2002-07-01,harini.verma101083@examplemail.com,9423567787,8105732069,Senior Citizen,Individual,2024-04-12,Bronze,24372,Hindi,Email,"282, Temple Street",Opp. City Mall,Bengaluru,Karnataka,560037,India,Y,Verified,24898.31,Y,2024-04-12 12:32:00,2025-08-09 21:02:00
101084,CUST101084,Sahithi,Goud,Female,1967-07-16,sahithi.goud101084@examplemail.com,9906575647,8646948274,Senior Citizen,Individual,2024-10-08,Bronze,14274,Telugu,Email,"1, River View",Phase 2,Pune,Maharashtra,411014,India,Y,Verified,42153.92,N,2024-10-08 19:42:00,2026-01-06 04:51:00
101085,CUST101085,Sanjay,Gupta,Male,1986-03-08,sanjay.gupta101085@examplemail.com,9872151960,8430196317,Student,Individual,2025-03-28,Bronze,12706,Telugu,Phone,"716, Green Hills",Beside Community Park,Bengaluru,Karnataka,560037,India,N,Pending,10056.62,Y,2025-03-28 08:24:00,2026-05-27 18:34:00
101086,CUST101086,Rohan,Kumar,Male,2001-08-21,rohan.kumar101086@examplemail.com,9263716847,8975581603,Student,Individual,2025-11-21,Bronze,9355,Hindi,Email,"815, Park Lane",Phase 2,Secunderabad,Telangana,500003,India,Y,Pending,20139.05,Y,2025-11-21 11:59:00,2026-05-23 18:55:00
101087,CUST101087,Krishna,Verma,Male,1986-04-17,krishna.verma101087@examplemail.com,9801143438,8103452513,Premium,Individual,2026-09-02,Platinum,24976,Tamil,WhatsApp,"768, Lake View Road",Phase 2,Mumbai,Maharashtra,400076,India,Y,Verified,186515.97,Y,2026-09-02 10:32:00,2026-09-06 14:16:00
101088,CUST101088,Sai,Singh,Male,1970-12-06,sai.singh101088@examplemail.com,9797068249,8487885509,Senior Citizen,Individual,2024-05-13,Silver,24372,Kannada,Phone,"931, Central Colony",Opp. City Mall,Vijayawada,Andhra Pradesh,520010,India,Y,Verified,22693.43,N,2024-05-13 18:37:00,2024-06-16 02:27:00
101089,CUST101089,Manish,Yadav,Male,1968-03-02,manish.yadav101089@examplemail.com,9760372662,8518622642,Corporate,Individual,2024-11-26,Gold,733,English,SMS,"313, River View",,Visakhapatnam,Andhra Pradesh,530017,India,Y,Verified,446966.93,Y,2024-11-26 12:48:00,2026-03-12 19:42:00
101090,CUST101090,Ishita,Goud,Female,1956-12-06,ishita.goud101090@examplemail.com,9911092625,8636895301,Student,Individual,2025-06-23,Gold,24663,English,SMS,"981, Green Hills",Phase 2,Secunderabad,Telangana,500003,India,Y,Verified,17877.84,Y,2025-06-23 20:45:00,2026-06-27 03:28:00
101091,CUST101091,Ananya,Mishra,Female,1977-09-05,ananya.mishra101091@examplemail.com,9583905016,8822467455,Corporate,Individual,2024-05-02,Silver,18638,Telugu,Email,"826, Green Hills",Beside Community Park,Hyderabad,Telangana,500081,India,Y,Verified,606861.26,N,2024-05-02 12:58:00,2025-12-11 22:41:00
101092,CUST101092,Surya,Goud,Male,1962-07-03,surya.goud101092@examplemail.com,9279888125,8184866944,Retail,Individual,2026-09-10,Bronze,46,Tamil,WhatsApp,"669, Park Lane",Phase 2,Vijayawada,Andhra Pradesh,520010,India,Y,Verified,37019.43,N,2026-09-10 14:14:00,2026-09-10 18:38:00
101093,CUST101093,Keerthi,Sharma,Female,1986-02-10,keerthi.sharma101093@examplemail.com,9159057110,8954171710,Senior Citizen,Individual,2025-01-07,Bronze,10575,Telugu,SMS,"945, Tech Park Avenue",Opp. City Mall,Bengaluru,Karnataka,560037,India,Y,Verified,56527.78,Y,2025-01-07 19:50:00,2026-04-06 05:01:00
101094,CUST101094,Ananya,Nair,Female,1963-06-08,ananya.nair101094@examplemail.com,9155258216,8790528751,Senior Citizen,Individual,2024-12-21,Gold,5866,Telugu,Phone,"857, Tech Park Avenue",Beside Community Park,Warangal,Telangana,506002,India,Y,Verified,20113.86,N,2024-12-21 11:36:00,2025-06-11 16:08:00
101095,CUST101095,Priya,Joshi,Female,1960-02-03,priya.joshi101095@examplemail.com,9718027706,8754619069,Premium,Individual,2026-07-27,Silver,3511,Telugu,SMS,"222, River View",Opp. City Mall,Mumbai,Maharashtra,400076,India,Y,Verified,238433.31,Y,2026-07-27 17:55:00,2026-09-12 22:53:00
101096,CUST101096,Varun,Das,Male,1958-05-04,varun.das101096@examplemail.com,9483348272,8105093391,Premium,Business,2024-09-16,Bronze,5159,English,Phone,"454, Tech Park Avenue",,Delhi,Delhi,110017,India,Y,Verified,117997.32,N,2024-09-16 20:46:00,2026-02-25 22:34:00
101097,CUST101097,Aadhya,Kulkarni,Female,2004-11-03,aadhya.kulkarni101097@examplemail.com,9446406513,8547187705,Student,Individual,2024-03-24,Bronze,4048,Kannada,SMS,"191, Park Lane",Beside Community Park,Chennai,Tamil Nadu,600042,India,Y,Verified,16219.38,N,2024-03-24 16:04:00,2024-08-21 17:37:00
101098,CUST101098,Aarav,Kumar,Male,2002-04-16,aarav.kumar101098@examplemail.com,9743203091,8360774594,Student,Individual,2024-11-13,Gold,1958,Tamil,SMS,"526, Station Road",Near Metro Station,Hyderabad,Telangana,500081,India,N,Pending,24639.44,Y,2024-11-13 13:44:00,2025-09-25 15:22:00
101099,CUST101099,Harini,Naidu,Female,1963-11-19,harini.naidu101099@examplemail.com,9365154709,8633003097,Senior Citizen,Individual,2025-04-24,Gold,5816,Telugu,WhatsApp,"526, Green Hills",,Delhi,Delhi,110017,India,Y,Verified,56358.77,N,2025-04-24 15:00:00,2025-11-08 16:30:00
101100,CUST101100,Surya,Sharma,Male,1974-03-17,surya.sharma101100@examplemail.com,9453646771,8611189428,Premium,Individual,2025-06-06,Silver,5239,Kannada,WhatsApp,"720, Temple Street",,Pune,Maharashtra,411014,India,Y,Pending,147014.89,Y,2025-06-06 13:16:00,2025-06-20 16:06:00
101101,CUST101101,Surya,Yadav,Male,1978-09-03,surya.yadav101101@examplemail.com,9906801875,8325989018,Retail,Business,2024-08-15,Silver,2879,Tamil,WhatsApp,"574, Park Lane",Beside Community Park,Bengaluru,Karnataka,560037,India,Y,Verified,16887.83,N,2024-08-15 15:00:00,2026-04-03 22:35:00
101102,CUST101102,Charan,Kulkarni,Male,1965-06-26,charan.kulkarni101102@examplemail.com,9217769381,8913487544,Premium,Individual,2024-03-29,Silver,13438,English,SMS,"428, Lake View Road",Near Metro Station,Pune,Maharashtra,411014,India,Y,Not Required,76433.34,N,2024-03-29 08:53:00,2025-04-17 19:03:00
101103,CUST101103,Krishna,Patel,Male,1959-04-04,krishna.patel101103@examplemail.com,9286470337,8611506552,Senior Citizen,Individual,2025-04-18,Gold,21598,Kannada,SMS,"411, River View",Beside Community Park,Bengaluru,Karnataka,560037,India,Y,Rejected,45014.42,N,2025-04-18 17:01:00,2025-05-10 03:10:00
101104,CUST101104,Tarun,Chowdary,Male,1958-08-21,tarun.chowdary101104@examplemail.com,9660811006,8801541945,Corporate,Individual,2026-01-19,Gold,22780,English,SMS,"439, Central Colony",,Bengaluru,Karnataka,560037,India,Y,Verified,664455.12,N,2026-01-19 13:35:00,2026-06-21 17:41:00
101105,CUST101105,Vijay,Naidu,Male,2002-01-25,vijay.naidu101105@examplemail.com,9885222847,8360550227,Retail,Individual,2026-08-06,Bronze,2601,Telugu,Email,"349, Lake View Road",Opp. City Mall,Hyderabad,Telangana,500081,India,Y,Verified,41497.43,Y,2026-08-06 19:17:00,2026-09-13 01:29:00
101106,CUST101106,Nikhil,Gupta,Male,1956-09-25,nikhil.gupta101106@examplemail.com,9439896515,8118702335,Senior Citizen,Individual,2025-09-17,Gold,15524,Tamil,Email,"155, MG Road",,Visakhapatnam,Andhra Pradesh,530017,India,Y,Pending,44258.06,N,2025-09-17 12:32:00,2026-04-22 15:00:00
101107,CUST101107,Surya,Kumar,Male,1962-01-16,surya.kumar101107@examplemail.com,9464273072,8672113343,Student,Individual,2024-10-09,Bronze,8201,Tamil,Phone,"689, Green Hills",,Delhi,Delhi,110017,India,Y,Verified,11165.25,N,2024-10-09 17:12:00,2025-05-09 22:19:00
101108,CUST101108,Sneha,Shetty,Female,1976-12-10,sneha.shetty101108@examplemail.com,9448041822,8638623696,Corporate,Individual,2025-05-14,Gold,21579,Hindi,Email,"988, River View",,Warangal,Telangana,506002,India,Y,Verified,389480.74,N,2025-05-14 11:25:00,2025-06-12 13:04:00
101109,CUST101109,Nandini,Kumar,Female,1993-07-13,nandini.kumar101109@examplemail.com,9919913227,8285085835,Premium,Business,2024-07-06,Platinum,19808,Telugu,Email,"3, Station Road",Phase 2,Hyderabad,Telangana,500081,India,Y,Verified,175954.83,Y,2024-07-06 15:21:00,2025-01-09 02:04:00
101110,CUST101110,Harsha,Verma,Male,2005-11-06,harsha.verma101110@examplemail.com,9939301115,8507423966,Premium,Individual,2024-05-31,Gold,13217,Telugu,Email,"982, MG Road",Near Metro Station,Warangal,Telangana,506002,India,Y,Verified,270300.74,Y,2024-05-31 19:19:00,2026-06-04 23:31:00
101111,CUST101111,Bhavya,Das,Female,1983-06-05,bhavya.das101111@examplemail.com,9735350788,8125956991,Retail,Individual,2026-05-27,Bronze,3050,Telugu,WhatsApp,"592, Park Lane",Opp. City Mall,Visakhapatnam,Andhra Pradesh,530017,India,Y,Verified,24315.44,N,2026-05-27 17:02:00,2026-09-08 18:58:00
101112,CUST101112,Varun,Menon,Male,1987-10-12,varun.menon101112@examplemail.com,9565085535,8825687067,Senior Citizen,Individual,2024-01-01,Silver,18191,Tamil,Phone,"862, Tech Park Avenue",Phase 2,Secunderabad,Telangana,500003,India,Y,Pending,12842.61,N,2024-01-01 13:59:00,2026-09-08 18:22:00
101113,CUST101113,Charan,Chowdary,Male,1988-10-05,charan.chowdary101113@examplemail.com,9140595405,8231313150,Student,Individual,2025-08-20,Gold,7488,Tamil,Phone,"846, Tech Park Avenue",,Bengaluru,Karnataka,560037,India,Y,Verified,7736.42,N,2025-08-20 10:10:00,2026-08-11 12:04:00
101114,CUST101114,Harsha,Das,Male,1982-07-20,harsha.das101114@examplemail.com,9179499526,8309290814,Senior Citizen,Individual,2024-03-05,Bronze,19000,Hindi,SMS,"372, Temple Street",Near Metro Station,Chennai,Tamil Nadu,600042,India,Y,Verified,47382.47,Y,2024-03-05 13:32:00,2024-10-25 20:41:00
101115,CUST101115,Swathi,Kumar,Female,1968-01-25,swathi.kumar101115@examplemail.com,9967728886,8142383728,Student,Individual,2025-12-16,Silver,14433,Telugu,Phone,"281, MG Road",Near Metro Station,Pune,Maharashtra,411014,India,Y,Verified,20632.10,N,2025-12-16 19:46:00,2026-01-24 03:32:00
101116,CUST101116,Krishna,Shetty,Male,2000-05-04,krishna.shetty101116@examplemail.com,9396634962,8123445646,Senior Citizen,Individual,2024-11-13,Bronze,15282,Kannada,Phone,"715, River View",Beside Community Park,Secunderabad,Telangana,500003,India,Y,Verified,53658.78,N,2024-11-13 10:24:00,2025-11-09 20:03:00
101117,CUST101117,Karthik,Patel,Male,1974-11-24,karthik.patel101117@examplemail.com,9443037038,8790177544,Retail,Business,2026-06-21,Silver,10520,Kannada,SMS,"980, Lake View Road",Near Metro Station,Bengaluru,Karnataka,560037,India,Y,Verified,13779.92,Y,2026-06-21 12:14:00,2026-07-04 22:43:00
101118,CUST101118,Krishna,Verma,Male,1983-06-02,krishna.verma101118@examplemail.com,9953833994,8346945905,Student,Individual,2026-01-26,Silver,17988,Telugu,SMS,"849, Tech Park Avenue",Near Metro Station,Chennai,Tamil Nadu,600042,India,Y,Verified,6123.57,Y,2026-01-26 12:26:00,2026-07-11 17:16:00
101119,CUST101119,Pranav,Kulkarni,Male,1990-06-02,pranav.kulkarni101119@examplemail.com,9990781684,8792221940,Student,Individual,2024-08-02,Silver,5421,English,SMS,"528, MG Road",Phase 2,Vijayawada,Andhra Pradesh,520010,India,Y,Verified,8024.45,Y,2024-08-02 12:41:00,2026-01-19 22:03:00
101120,CUST101120,Divya,Naidu,Female,1979-12-07,divya.naidu101120@examplemail.com,9889484173,8336971570,Senior Citizen,Business,2026-03-24,Bronze,7169,Telugu,Email,"591, Temple Street",Beside Community Park,Vijayawada,Andhra Pradesh,520010,India,Y,Verified,13497.79,Y,2026-03-24 16:23:00,2026-07-24 01:36:00
101121,CUST101121,Charan,Yadav,Male,1964-09-02,charan.yadav101121@examplemail.com,9171671165,8573402729,Premium,Individual,2024-12-03,Bronze,17645,Hindi,Email,"858, River View",Near Metro Station,Chennai,Tamil Nadu,600042,India,Y,Verified,200816.25,N,2024-12-03 16:38:00,2025-08-04 22:31:00
101122,CUST101122,Sahithi,Chowdary,Female,2001-01-10,sahithi.chowdary101122@examplemail.com,9374946190,8452257724,Senior Citizen,Business,2026-07-15,Bronze,2901,Kannada,WhatsApp,"957, Tech Park Avenue",,Hyderabad,Telangana,500081,India,Y,Verified,21609.92,N,2026-07-15 10:28:00,2026-08-11 16:54:00
101123,CUST101123,Aadhya,Goud,Female,1987-06-12,aadhya.goud101123@examplemail.com,9533153463,8889882259,Premium,Individual,2025-11-12,Bronze,12972,Tamil,SMS,"256, Central Colony",Near Metro Station,Visakhapatnam,Andhra Pradesh,530017,India,Y,Verified,111816.41,N,2025-11-12 17:57:00,2026-07-21 22:52:00
101124,CUST101124,Sanjay,Menon,Male,1979-11-03,sanjay.menon101124@examplemail.com,9446574704,8587569867,Senior Citizen,Individual,2025-07-31,Bronze,19812,Hindi,Phone,"370, Market Road",Near Metro Station,Secunderabad,Telangana,500003,India,Y,Pending,22196.51,Y,2025-07-31 16:43:00,2026-08-22 16:50:00
101125,CUST101125,Keerthi,Nair,Female,1960-09-24,keerthi.nair101125@examplemail.com,9567927373,8522615315,Student,Individual,2024-07-18,Bronze,467,Hindi,Email,"782, Park Lane",Opp. City Mall,Mumbai,Maharashtra,400076,India,Y,Verified,20153.81,Y,2024-07-18 17:55:00,2024-09-16 20:17:00
101126,CUST101126,Karthik,Sharma,Male,1975-03-08,karthik.sharma101126@examplemail.com,9321280290,8638039901,Retail,Business,2025-04-24,Platinum,14460,Telugu,SMS,"11, River View",Beside Community Park,Mumbai,Maharashtra,400076,India,Y,Not Required,50835.45,N,2025-04-24 19:49:00,2026-05-12 21:34:00
101127,CUST101127,Lakshmi,Gupta,Female,1961-06-21,lakshmi.gupta101127@examplemail.com,9976055893,8740028315,Retail,Individual,2024-07-16,Gold,9798,Hindi,WhatsApp,"545, Park Lane",Beside Community Park,Pune,Maharashtra,411014,India,Y,Pending,40882.74,N,2024-07-16 19:02:00,2024-11-21 03:41:00
101128,CUST101128,Kavya,Chowdary,Female,2001-06-01,kavya.chowdary101128@examplemail.com,9995214384,8848777542,Retail,Individual,2025-06-16,Platinum,20914,Kannada,Phone,"25, Temple Street",Phase 2,Delhi,Delhi,110017,India,Y,Verified,54383.74,Y,2025-06-16 19:19:00,2026-03-17 03:45:00
101129,CUST101129,Divya,Reddy,Female,1957-07-03,divya.reddy101129@examplemail.com,9898625632,8784922004,Corporate,Individual,2025-12-14,Silver,21921,Tamil,Email,"403, River View",Near Metro Station,Bengaluru,Karnataka,560037,India,Y,Verified,322069.59,Y,2025-12-14 19:38:00,2026-04-11 05:09:00
101130,CUST101130,Bhavya,Das,Female,1972-02-13,bhavya.das101130@examplemail.com,9687313653,8487422098,Retail,Individual,2025-08-06,Silver,9953,Kannada,Phone,"679, River View",,Visakhapatnam,Andhra Pradesh,530017,India,N,Verified,48637.65,N,2025-08-06 17:49:00,2025-11-05 23:57:00
101131,CUST101131,Manish,Yadav,Male,1973-12-21,manish.yadav101131@examplemail.com,9281123821,8849111870,Retail,Individual,2025-09-29,Silver,22746,Telugu,Phone,"677, MG Road",,Warangal,Telangana,506002,India,Y,Verified,30334.42,N,2025-09-29 08:02:00,2025-12-17 13:55:00
101132,CUST101132,Ishita,Nair,Female,1986-11-01,ishita.nair101132@examplemail.com,9841941310,8970240310,Senior Citizen,Individual,2026-07-13,Gold,2703,Hindi,Phone,"205, Green Hills",Phase 2,Bengaluru,Karnataka,560037,India,Y,Pending,53307.45,N,2026-07-13 20:02:00,2026-08-16 22:14:00
101133,CUST101133,Lakshmi,Yadav,Female,1990-03-20,lakshmi.yadav101133@examplemail.com,9372948589,8227408561,Corporate,Business,2024-02-20,Gold,6170,Tamil,SMS,"986, Central Colony",Phase 2,Chennai,Tamil Nadu,600042,India,Y,Verified,722637.70,Y,2024-02-20 18:13:00,2024-08-27 20:38:00
101134,CUST101134,Rohan,Chowdary,Male,1958-05-04,rohan.chowdary101134@examplemail.com,9259498720,8230425161,Student,Individual,2026-01-17,Bronze,6576,Hindi,WhatsApp,"223, Temple Street",Opp. City Mall,Mumbai,Maharashtra,400076,India,Y,Verified,24508.93,N,2026-01-17 10:43:00,2026-04-17 18:21:00
101135,CUST101135,Neha,Kulkarni,Female,1956-02-01,neha.kulkarni101135@examplemail.com,9307680631,8511151222,Premium,Individual,2024-01-28,Bronze,2778,English,Phone,"608, Market Road",Opp. City Mall,Hyderabad,Telangana,500081,India,Y,Rejected,172971.53,N,2024-01-28 12:45:00,2025-06-21 21:09:00
101136,CUST101136,Krishna,Kulkarni,Male,1983-08-11,krishna.kulkarni101136@examplemail.com,9984580508,8415254424,Premium,Individual,2025-02-17,Platinum,19182,Tamil,Email,"444, Central Colony",,Warangal,Telangana,506002,India,Y,Verified,255217.46,Y,2025-02-17 12:27:00,2025-03-08 21:28:00
101137,CUST101137,Vijay,Gupta,Male,1957-10-21,vijay.gupta101137@examplemail.com,9266539020,8547991815,Premium,Individual,2025-09-08,Silver,16540,Kannada,SMS,"875, Green Hills",,Visakhapatnam,Andhra Pradesh,530017,India,Y,Verified,217137.43,Y,2025-09-08 20:25:00,2026-01-15 03:11:00
101138,CUST101138,Harsha,Nair,Male,1995-10-27,harsha.nair101138@examplemail.com,9523658463,8102312003,Student,Individual,2025-02-28,Gold,7360,Telugu,Email,"326, Market Road",,Pune,Maharashtra,411014,India,Y,Verified,17511.43,Y,2025-02-28 19:46:00,2025-06-01 03:18:00
101139,CUST101139,Varun,Kulkarni,Male,1967-01-20,varun.kulkarni101139@examplemail.com,9647358305,8781466712,Premium,Individual,2026-01-19,Gold,15792,Telugu,Phone,"992, MG Road",,Secunderabad,Telangana,500003,India,Y,Pending,177680.41,N,2026-01-19 18:57:00,2026-02-06 20:20:00
101140,CUST101140,Nikhil,Joshi,Male,1966-01-07,nikhil.joshi101140@examplemail.com,9301657907,8305163656,Senior Citizen,Individual,2025-03-17,Gold,3546,Telugu,WhatsApp,"104, Lake View Road",Phase 2,Vijayawada,Andhra Pradesh,520010,India,Y,Verified,20145.40,N,2025-03-17 15:52:00,2026-05-17 23:36:00
101141,CUST101141,Aadhya,Kulkarni,Female,1980-12-17,aadhya.kulkarni101141@examplemail.com,9640510086,8291378040,Premium,Individual,2025-03-11,Silver,494,Kannada,WhatsApp,"804, Central Colony",Beside Community Park,Visakhapatnam,Andhra Pradesh,530017,India,Y,Verified,236621.36,N,2025-03-11 10:19:00,2026-07-21 18:21:00
101142,CUST101142,Varun,Shetty,Male,1972-01-12,varun.shetty101142@examplemail.com,9450887055,8885015372,Premium,Individual,2024-09-24,Bronze,22029,Tamil,Email,"916, MG Road",,Visakhapatnam,Andhra Pradesh,530017,India,Y,Not Required,88596.00,N,2024-09-24 09:01:00,2024-10-21 19:42:00
101143,CUST101143,Aadhya,Rao,Female,1956-03-17,aadhya.rao101143@examplemail.com,9389527890,8249507338,Student,Individual,2024-02-07,Silver,1806,Tamil,Email,"565, Lake View Road",Opp. City Mall,Warangal,Telangana,506002,India,Y,Verified,6630.49,N,2024-02-07 12:23:00,2024-05-27 19:35:00
101144,CUST101144,Surya,Menon,Male,1968-04-06,surya.menon101144@examplemail.com,9359746056,8130305462,Senior Citizen,Individual,2025-08-25,Platinum,17736,Kannada,SMS,"707, Central Colony",Near Metro Station,Mumbai,Maharashtra,400076,India,Y,Verified,38336.12,N,2025-08-25 09:35:00,2025-11-15 19:21:00
101145,CUST101145,Pooja,Singh,Female,1989-11-19,pooja.singh101145@examplemail.com,9565217893,8666169818,Corporate,Individual,2024-06-12,Silver,24862,Hindi,Phone,"691, MG Road",Phase 2,Vijayawada,Andhra Pradesh,520010,India,Y,Not Required,518955.67,N,2024-06-12 11:08:00,2024-08-05 19:37:00
101146,CUST101146,Pooja,Mishra,Female,1987-05-01,pooja.mishra101146@examplemail.com,9686721197,8576897893,Premium,Individual,2024-05-18,Bronze,10688,Tamil,WhatsApp,"209, Market Road",,Mumbai,Maharashtra,400076,India,Y,Verified,258857.58,N,2024-05-18 15:30:00,2025-04-28 22:32:00
101147,CUST101147,Karthik,Nair,Male,1971-08-03,karthik.nair101147@examplemail.com,9632859059,8317354455,Premium,Individual,2025-12-10,Gold,20056,Kannada,SMS,"472, Park Lane",Phase 2,Mumbai,Maharashtra,400076,India,Y,Pending,297152.06,N,2025-12-10 14:05:00,2026-03-02 19:38:00
101148,CUST101148,Varun,Joshi,Male,1980-07-09,varun.joshi101148@examplemail.com,9960847342,8879092084,Senior Citizen,Individual,2026-01-15,Bronze,7101,Kannada,SMS,"489, Park Lane",Opp. City Mall,Secunderabad,Telangana,500003,India,Y,Verified,49686.36,N,2026-01-15 14:34:00,2026-06-29 23:51:00
101149,CUST101149,Vaishnavi,Das,Female,1968-03-16,vaishnavi.das101149@examplemail.com,9985055708,8293507436,Premium,Individual,2024-01-20,Gold,341,Hindi,WhatsApp,"693, Park Lane",Phase 2,Hyderabad,Telangana,500081,India,Y,Verified,252517.47,Y,2024-01-20 12:15:00,2026-05-05 15:01:00
101150,CUST101150,Sneha,Chowdary,Female,1960-06-06,sneha.chowdary101150@examplemail.com,9367470936,8895586912,Retail,Individual,2025-12-15,Silver,6551,Telugu,WhatsApp,"29, Market Road",Phase 2,Bengaluru,Karnataka,560037,India,Y,Verified,22318.02,Y,2025-12-15 11:03:00,2026-06-11 16:32:00
101151,CUST101151,Aarav,Kumar,Male,1973-04-20,aarav.kumar101151@examplemail.com,9160233404,8956770869,Retail,Individual,2026-08-12,Bronze,10705,Telugu,Phone,"110, MG Road",Opp. City Mall,Chennai,Tamil Nadu,600042,India,Y,Verified,70066.40,N,2026-08-12 13:25:00,2026-09-02 20:13:00
101152,CUST101152,Vijay,Singh,Male,1955-10-21,vijay.singh101152@examplemail.com,9347479685,8581138842,Premium,Individual,2026-04-10,Silver,11672,Kannada,WhatsApp,"684, Park Lane",Beside Community Park,Vijayawada,Andhra Pradesh,520010,India,Y,Verified,124163.47,Y,2026-04-10 14:53:00,2026-07-24 18:33:00
101153,CUST101153,Arjun,Singh,Male,1983-08-11,arjun.singh101153@examplemail.com,9398451650,8392451534,Student,Individual,2024-09-27,Silver,6781,Kannada,Phone,"371, Lake View Road",Opp. City Mall,Chennai,Tamil Nadu,600042,India,N,Verified,24419.87,N,2024-09-27 13:28:00,2025-07-25 18:44:00
101154,CUST101154,Swathi,Das,Female,1965-10-05,swathi.das101154@examplemail.com,9582810571,8805237402,Corporate,Individual,2026-02-28,Silver,6717,English,Phone,"332, Market Road",Beside Community Park,Bengaluru,Karnataka,560037,India,N,Verified,479560.95,Y,2026-02-28 19:06:00,2026-03-10 20:57:00
101155,CUST101155,Nandini,Kulkarni,Female,1961-12-05,nandini.kulkarni101155@examplemail.com,9478434342,8175420245,Corporate,Individual,2025-09-30,Bronze,15565,English,Phone,"663, Market Road",Phase 2,Secunderabad,Telangana,500003,India,Y,Verified,650559.85,Y,2025-09-30 12:37:00,2025-12-18 18:45:00
101156,CUST101156,Keerthi,Kumar,Female,1977-01-17,keerthi.kumar101156@examplemail.com,9198358465,8335654793,Premium,Individual,2025-05-29,Bronze,7417,Hindi,SMS,"126, River View",Beside Community Park,Vijayawada,Andhra Pradesh,520010,India,Y,Verified,269386.82,Y,2025-05-29 14:08:00,2026-08-31 22:54:00
101157,CUST101157,Priya,Reddy,Female,1994-01-24,priya.reddy101157@examplemail.com,9985417115,8842880131,Corporate,Individual,2024-07-06,Bronze,6726,Telugu,Phone,"753, Station Road",Near Metro Station,Chennai,Tamil Nadu,600042,India,N,Verified,397604.79,N,2024-07-06 18:38:00,2026-08-14 00:30:00
101158,CUST101158,Vaishnavi,Kulkarni,Female,1998-10-06,vaishnavi.kulkarni101158@examplemail.com,9182463058,8281094842,Student,Individual,2024-08-20,Gold,5880,Hindi,Phone,"624, Temple Street",Beside Community Park,Vijayawada,Andhra Pradesh,520010,India,Y,Pending,14372.92,Y,2024-08-20 16:45:00,2025-10-08 21:07:00
101159,CUST101159,Harsha,Kumar,Male,1983-01-09,harsha.kumar101159@examplemail.com,9477237409,8712642312,Student,Individual,2025-06-07,Silver,697,Kannada,Email,"859, Temple Street",,Hyderabad,Telangana,500081,India,Y,Verified,5917.59,Y,2025-06-07 18:49:00,2025-09-17 04:34:00
101160,CUST101160,Aditya,Verma,Male,1990-05-19,aditya.verma101160@examplemail.com,9724159897,8601110361,Corporate,Business,2024-12-02,Platinum,1187,Telugu,Phone,"542, Lake View Road",Phase 2,Chennai,Tamil Nadu,600042,India,Y,Pending,915738.64,Y,2024-12-02 15:02:00,2026-06-20 01:15:00
101161,CUST101161,Neha,Shetty,Female,2000-09-25,neha.shetty101161@examplemail.com,9161176951,8431697707,Corporate,Individual,2026-05-31,Platinum,7132,Kannada,Phone,"498, Lake View Road",Near Metro Station,Visakhapatnam,Andhra Pradesh,530017,India,Y,Not Required,765963.36,Y,2026-05-31 08:36:00,2026-09-07 10:55:00
101162,CUST101162,Priya,Yadav,Female,2005-07-01,priya.yadav101162@examplemail.com,9765247458,8670396496,Premium,Individual,2025-07-23,Bronze,8488,Telugu,SMS,"256, Market Road",Near Metro Station,Warangal,Telangana,506002,India,Y,Pending,290146.20,N,2025-07-23 09:46:00,2025-11-02 14:13:00
101163,CUST101163,Pranav,Naidu,Male,1977-10-03,pranav.naidu101163@examplemail.com,9677274626,8115820867,Corporate,Individual,2024-09-14,Gold,14948,Hindi,Email,"443, Green Hills",Phase 2,Chennai,Tamil Nadu,600042,India,Y,Verified,540653.72,Y,2024-09-14 20:41:00,2026-04-30 21:35:00
101164,CUST101164,Varun,Reddy,Male,1977-10-24,varun.reddy101164@examplemail.com,9756461041,8594141909,Senior Citizen,Individual,2024-09-05,Gold,18148,Tamil,WhatsApp,"397, Lake View Road",,Chennai,Tamil Nadu,600042,India,Y,Verified,44718.83,Y,2024-09-05 18:45:00,2026-07-05 22:27:00
101165,CUST101165,Divya,Kulkarni,Female,1983-03-08,divya.kulkarni101165@examplemail.com,9129381084,8355145710,Premium,Individual,2026-05-21,Silver,9115,Hindi,Phone,"140, Green Hills",Opp. City Mall,Bengaluru,Karnataka,560037,India,Y,Pending,152117.05,N,2026-05-21 09:49:00,2026-06-25 20:37:00
101166,CUST101166,Swathi,Reddy,Female,1974-09-26,swathi.reddy101166@examplemail.com,9234597654,8499790557,Retail,Individual,2026-04-18,Bronze,13011,Kannada,WhatsApp,"231, Market Road",Opp. City Mall,Bengaluru,Karnataka,560037,India,Y,Pending,31408.56,Y,2026-04-18 16:32:00,2026-08-10 01:42:00
101167,CUST101167,Priya,Verma,Female,1968-01-03,priya.verma101167@examplemail.com,9368005193,8921109917,Retail,Individual,2025-06-02,Silver,39,Kannada,Phone,"619, Green Hills",,Chennai,Tamil Nadu,600042,India,N,Verified,48026.52,N,2025-06-02 19:16:00,2026-01-16 01:25:00
101168,CUST101168,Neha,Gupta,Female,1966-10-23,neha.gupta101168@examplemail.com,9418792281,8109550890,Student,Individual,2026-03-13,Gold,10812,Tamil,Email,"165, Station Road",Near Metro Station,Warangal,Telangana,506002,India,Y,Verified,17516.11,Y,2026-03-13 15:43:00,2026-06-08 17:58:00
101169,CUST101169,Pranav,Chowdary,Male,1958-12-18,pranav.chowdary101169@examplemail.com,9224116758,8922377633,Student,Individual,2025-03-26,Platinum,22989,Kannada,SMS,"439, Lake View Road",Phase 2,Delhi,Delhi,110017,India,Y,Verified,24898.28,Y,2025-03-26 14:20:00,2025-12-04 21:04:00
101170,CUST101170,Divya,Nair,Female,1964-06-07,divya.nair101170@examplemail.com,9346735055,8775910146,Student,Individual,2025-07-08,Silver,17052,Hindi,Phone,"363, Green Hills",Phase 2,Delhi,Delhi,110017,India,Y,Pending,14584.91,N,2025-07-08 10:55:00,2026-08-09 21:11:00
101171,CUST101171,Meghana,Chowdary,Female,1976-07-19,meghana.chowdary101171@examplemail.com,9108618036,8210430883,Student,Individual,2025-08-07,Platinum,13822,Tamil,Email,"668, MG Road",Phase 2,Secunderabad,Telangana,500003,India,Y,Pending,15994.69,N,2025-08-07 16:54:00,2026-09-01 02:50:00
101172,CUST101172,Neha,Patel,Female,1961-03-07,neha.patel101172@examplemail.com,9944770764,8959092574,Retail,Individual,2026-06-28,Gold,21207,Tamil,SMS,"815, Central Colony",Near Metro Station,Chennai,Tamil Nadu,600042,India,Y,Verified,55457.79,Y,2026-06-28 11:21:00,2026-07-10 18:05:00
101173,CUST101173,Rohan,Verma,Male,1986-09-26,rohan.verma101173@examplemail.com,9171251343,8414203849,Premium,Individual,2025-06-10,Gold,19160,Hindi,WhatsApp,"997, River View",Near Metro Station,Mumbai,Maharashtra,400076,India,Y,Verified,240385.13,N,2025-06-10 17:39:00,2026-04-11 23:28:00
101174,CUST101174,Swathi,Naidu,Female,1994-01-09,swathi.naidu101174@examplemail.com,9771459824,8885612595,Senior Citizen,Business,2024-05-28,Silver,15173,Hindi,Phone,"988, MG Road",Phase 2,Hyderabad,Telangana,500081,India,Y,Verified,29098.63,N,2024-05-28 15:00:00,2025-05-23 19:06:00
101175,CUST101175,Vijay,Gupta,Male,1998-04-12,vijay.gupta101175@examplemail.com,9701529451,8209280235,Corporate,Individual,2026-06-15,Gold,24402,Hindi,Phone,"754, Market Road",Beside Community Park,Chennai,Tamil Nadu,600042,India,N,Verified,541698.60,N,2026-06-15 13:55:00,2026-07-31 17:41:00
101176,CUST101176,Rahul,Reddy,Male,1992-05-10,rahul.reddy101176@examplemail.com,9381267563,8322903370,Senior Citizen,Individual,2024-12-24,Bronze,5373,Tamil,WhatsApp,"841, Lake View Road",Phase 2,Bengaluru,Karnataka,560037,India,Y,Verified,57921.81,Y,2024-12-24 15:04:00,2026-09-01 00:21:00
101177,CUST101177,Nandini,Shetty,Female,1980-05-22,nandini.shetty101177@examplemail.com,9389085310,8372074646,Student,Business,2024-07-16,Silver,9282,Tamil,WhatsApp,"104, Park Lane",,Bengaluru,Karnataka,560037,India,Y,Verified,5835.63,N,2024-07-16 17:21:00,2025-11-24 00:19:00
101178,CUST101178,Meghana,Sharma,Female,1998-09-19,meghana.sharma101178@examplemail.com,9363701828,8353725066,Premium,Individual,2025-10-04,Bronze,6029,English,Phone,"825, Lake View Road",Opp. City Mall,Vijayawada,Andhra Pradesh,520010,India,Y,Verified,285422.39,N,2025-10-04 20:17:00,2026-08-02 23:33:00
101179,CUST101179,Neha,Naidu,Female,2005-10-14,neha.naidu101179@examplemail.com,9294509575,8241308180,Corporate,Individual,2025-05-31,Bronze,10501,Tamil,SMS,"698, Tech Park Avenue",Near Metro Station,Mumbai,Maharashtra,400076,India,N,Verified,495745.76,Y,2025-05-31 17:17:00,2026-02-11 22:20:00
101180,CUST101180,Rahul,Reddy,Male,1969-10-24,rahul.reddy101180@examplemail.com,9352900935,8241415864,Senior Citizen,Individual,2026-07-02,Bronze,20906,Tamil,Email,"370, Central Colony",Beside Community Park,Pune,Maharashtra,411014,India,Y,Verified,39725.01,N,2026-07-02 14:57:00,2026-09-08 17:56:00
101181,CUST101181,Divya,Gupta,Female,1993-09-02,divya.gupta101181@examplemail.com,9830679375,8639355759,Senior Citizen,Individual,2025-10-12,Silver,20783,Hindi,Email,"937, Lake View Road",Opp. City Mall,Chennai,Tamil Nadu,600042,India,Y,Verified,11927.19,Y,2025-10-12 16:04:00,2026-08-17 02:52:00
101182,CUST101182,Neha,Kulkarni,Female,1960-03-09,neha.kulkarni101182@examplemail.com,9697601327,8243173858,Retail,Business,2025-02-18,Bronze,18916,Telugu,WhatsApp,"985, Temple Street",Near Metro Station,Mumbai,Maharashtra,400076,India,Y,Verified,46270.35,N,2025-02-18 16:48:00,2025-11-08 22:58:00
101183,CUST101183,Meghana,Menon,Female,1990-06-18,meghana.menon101183@examplemail.com,9246069078,8321727496,Premium,Individual,2024-01-16,Platinum,18061,Hindi,SMS,"846, Green Hills",Near Metro Station,Visakhapatnam,Andhra Pradesh,530017,India,Y,Verified,210245.38,N,2024-01-16 15:21:00,2025-10-01 18:15:00
101184,CUST101184,Neha,Menon,Female,1998-08-08,neha.menon101184@examplemail.com,9838483380,8886018625,Retail,Individual,2026-05-10,Bronze,1090,Kannada,Email,"402, Tech Park Avenue",Beside Community Park,Hyderabad,Telangana,500081,India,Y,Verified,69239.96,Y,2026-05-10 18:45:00,2026-06-09 19:06:00
101185,CUST101185,Lakshmi,Kulkarni,Female,1986-08-07,lakshmi.kulkarni101185@examplemail.com,9508149640,8272646393,Retail,Individual,2025-11-26,Bronze,3109,Kannada,WhatsApp,"667, Tech Park Avenue",Near Metro Station,Delhi,Delhi,110017,India,Y,Verified,11462.34,Y,2025-11-26 12:43:00,2026-06-16 22:05:00
101186,CUST101186,Lakshmi,Gupta,Female,1983-05-09,lakshmi.gupta101186@examplemail.com,9268615495,8409169440,Corporate,Individual,2025-05-24,Bronze,15864,Hindi,Phone,"325, River View",Opp. City Mall,Bengaluru,Karnataka,560037,India,Y,Verified,416303.45,N,2025-05-24 09:34:00,2026-03-02 15:59:00
101187,CUST101187,Bhavya,Naidu,Female,1980-11-01,bhavya.naidu101187@examplemail.com,9991279230,8869699489,Senior Citizen,Individual,2025-06-04,Bronze,6544,English,SMS,"317, MG Road",Phase 2,Warangal,Telangana,506002,India,Y,Verified,38973.29,Y,2025-06-04 12:43:00,2025-08-05 15:02:00
101188,CUST101188,Harini,Iyer,Female,1991-01-03,harini.iyer101188@examplemail.com,9235955004,8246088683,Retail,Individual,2025-06-06,Gold,2271,English,Phone,"853, Central Colony",Near Metro Station,Delhi,Delhi,110017,India,Y,Verified,74187.78,N,2025-06-06 16:52:00,2026-02-16 21:20:00
101189,CUST101189,Aadhya,Chowdary,Female,1978-03-19,aadhya.chowdary101189@examplemail.com,9911330027,8971996932,Corporate,Individual,2024-06-27,Bronze,15364,English,Phone,"901, Station Road",,Warangal,Telangana,506002,India,Y,Pending,804807.21,N,2024-06-27 18:03:00,2024-10-14 01:44:00
101190,CUST101190,Nikhil,Iyer,Male,1978-08-13,nikhil.iyer101190@examplemail.com,9359528724,8949014008,Corporate,Individual,2024-08-06,Platinum,21442,Telugu,Email,"702, Market Road",,Hyderabad,Telangana,500081,India,Y,Verified,329194.42,Y,2024-08-06 16:31:00,2025-08-27 17:11:00
101191,CUST101191,Varun,Sharma,Male,1985-07-02,varun.sharma101191@examplemail.com,9205135515,8749052676,Senior Citizen,Individual,2026-06-19,Bronze,22429,Hindi,Phone,"518, Market Road",Opp. City Mall,Warangal,Telangana,506002,India,Y,Verified,28565.81,N,2026-06-19 15:49:00,2026-07-27 17:32:00
101192,CUST101192,Neha,Rao,Female,1959-08-01,neha.rao101192@examplemail.com,9632094898,8837961988,Corporate,Individual,2026-09-06,Silver,24942,Tamil,SMS,"650, Lake View Road",Near Metro Station,Pune,Maharashtra,411014,India,Y,Verified,939680.81,N,2026-09-06 17:52:00,2026-09-12 22:59:00
101193,CUST101193,Aadhya,Kulkarni,Female,1979-12-12,aadhya.kulkarni101193@examplemail.com,9235318529,8660585985,Senior Citizen,Individual,2025-09-07,Silver,24995,Hindi,SMS,"128, Park Lane",Phase 2,Warangal,Telangana,506002,India,Y,Verified,37682.25,N,2025-09-07 15:22:00,2026-03-27 16:31:00
101194,CUST101194,Rahul,Kulkarni,Male,1978-09-21,rahul.kulkarni101194@examplemail.com,9386053270,8319234303,Corporate,Individual,2026-06-23,Gold,11123,English,Email,"574, MG Road",Near Metro Station,Vijayawada,Andhra Pradesh,520010,India,Y,Verified,330916.51,Y,2026-06-23 18:32:00,2026-07-14 01:18:00
101195,CUST101195,Aditya,Singh,Male,2003-03-22,aditya.singh101195@examplemail.com,9518196873,8499053475,Premium,Business,2026-04-25,Platinum,12474,English,WhatsApp,"950, Central Colony",Phase 2,Mumbai,Maharashtra,400076,India,Y,Verified,145381.00,N,2026-04-25 19:06:00,2026-05-27 20:19:00
101196,CUST101196,Aadhya,Naidu,Female,1975-10-08,aadhya.naidu101196@examplemail.com,9463167666,8153030872,Corporate,Individual,2025-08-23,Bronze,8352,Telugu,Email,"120, River View",Near Metro Station,Warangal,Telangana,506002,India,Y,Verified,240109.41,Y,2025-08-23 16:16:00,2026-05-25 21:03:00
101197,CUST101197,Bhavya,Chowdary,Female,1976-07-10,bhavya.chowdary101197@examplemail.com,9649685543,8957527262,Senior Citizen,Individual,2026-02-23,Gold,9020,Tamil,WhatsApp,"859, Market Road",Near Metro Station,Warangal,Telangana,506002,India,N,Verified,33239.37,Y,2026-02-23 13:05:00,2026-08-23 18:35:00
101198,CUST101198,Nandini,Rao,Female,1996-11-25,nandini.rao101198@examplemail.com,9123057061,8802799449,Retail,Individual,2025-11-09,Silver,24576,Telugu,Phone,"407, MG Road",Opp. City Mall,Secunderabad,Telangana,500003,India,Y,Verified,57343.51,Y,2025-11-09 11:30:00,2026-08-17 19:03:00
101199,CUST101199,Manish,Rao,Male,1976-10-19,manish.rao101199@examplemail.com,9261092181,8300651683,Student,Business,2024-04-10,Silver,7787,Telugu,Email,"660, Central Colony",Near Metro Station,Secunderabad,Telangana,500003,India,Y,Verified,20108.37,N,2024-04-10 16:29:00,2024-12-09 01:23:00
101200,CUST101200,Swathi,Joshi,Female,1955-01-28,swathi.joshi101200@examplemail.com,9296801990,8481756476,Student,Individual,2025-09-05,Silver,23040,Hindi,WhatsApp,"447, Market Road",Beside Community Park,Pune,Maharashtra,411014,India,Y,Verified,20676.52,N,2025-09-05 20:38:00,2025-10-28 02:19:00
101201,CUST101201,Sanjay,Patel,Male,1963-09-23,sanjay.patel101201@examplemail.com,9964654725,8909437678,Retail,Individual,2026-04-04,Silver,13727,Tamil,SMS,"564, River View",Near Metro Station,Hyderabad,Telangana,500081,India,Y,Verified,60776.24,N,2026-04-04 14:12:00,2026-07-01 22:29:00
101202,CUST101202,Meghana,Rao,Female,1957-12-18,meghana.rao101202@examplemail.com,9258140811,8892742242,Senior Citizen,Individual,2024-07-14,Platinum,15759,English,Email,"116, Station Road",Opp. City Mall,Secunderabad,Telangana,500003,India,Y,Verified,31345.50,Y,2024-07-14 08:51:00,2025-04-28 09:38:00
101203,CUST101203,Pranav,Reddy,Male,1995-06-08,pranav.reddy101203@examplemail.com,9393967875,8696559340,Senior Citizen,Individual,2024-09-25,Silver,22728,English,Email,"601, MG Road",Beside Community Park,Warangal,Telangana,506002,India,Y,Verified,31902.83,Y,2024-09-25 16:04:00,2025-10-15 16:45:00
101204,CUST101204,Aishwarya,Menon,Female,1970-12-21,aishwarya.menon101204@examplemail.com,9573201889,8909251216,Senior Citizen,Individual,2024-10-24,Silver,14053,English,SMS,"900, Tech Park Avenue",Opp. City Mall,Bengaluru,Karnataka,560037,India,Y,Verified,45475.89,Y,2024-10-24 10:05:00,2024-11-25 17:51:00
101205,CUST101205,Vijay,Sharma,Male,1994-11-27,vijay.sharma101205@examplemail.com,9159229805,8177948539,Senior Citizen,Individual,2024-04-23,Gold,8643,Hindi,WhatsApp,"97, Green Hills",Phase 2,Mumbai,Maharashtra,400076,India,Y,Verified,58348.94,N,2024-04-23 12:51:00,2025-01-20 22:34:00
101206,CUST101206,Vishal,Reddy,Male,1988-11-19,vishal.reddy101206@examplemail.com,9263726015,8314866518,Retail,Individual,2025-03-01,Bronze,11771,Kannada,WhatsApp,"112, Central Colony",,Warangal,Telangana,506002,India,Y,Verified,41223.09,N,2025-03-01 15:04:00,2025-11-03 19:22:00
101207,CUST101207,Sanjay,Kulkarni,Male,1957-10-20,sanjay.kulkarni101207@examplemail.com,9380861213,8208419792,Premium,Individual,2024-06-23,Silver,6802,English,WhatsApp,"143, Station Road",Opp. City Mall,Chennai,Tamil Nadu,600042,India,Y,Verified,89992.32,Y,2024-06-23 11:14:00,2024-11-09 12:50:00
101208,CUST101208,Meghana,Gupta,Female,1965-12-14,meghana.gupta101208@examplemail.com,9510912311,8501586796,Senior Citizen,Individual,2026-08-04,Bronze,8043,Tamil,SMS,"163, Central Colony",Opp. City Mall,Bengaluru,Karnataka,560037,India,Y,Rejected,12862.39,Y,2026-08-04 17:54:00,2026-08-26 00:47:00
101209,CUST101209,Vishal,Sharma,Male,1961-10-18,vishal.sharma101209@examplemail.com,9701981163,8587369787,Corporate,Individual,2026-05-25,Silver,17180,Telugu,Phone,"609, Park Lane",,Delhi,Delhi,110017,India,Y,Verified,655924.89,N,2026-05-25 19:00:00,2026-07-24 03:51:00
101210,CUST101210,Aishwarya,Goud,Female,1956-08-16,aishwarya.goud101210@examplemail.com,9164212077,8236677863,Senior Citizen,Individual,2026-07-29,Silver,5806,English,WhatsApp,"610, Station Road",Near Metro Station,Hyderabad,Telangana,500081,India,Y,Verified,26761.12,N,2026-07-29 12:32:00,2026-08-23 21:07:00
101211,CUST101211,Aditya,Rao,Male,1986-07-04,aditya.rao101211@examplemail.com,9952666100,8249260819,Corporate,Individual,2025-12-20,Silver,9314,Telugu,Email,"931, Tech Park Avenue",Phase 2,Visakhapatnam,Andhra Pradesh,530017,India,Y,Verified,214948.20,N,2025-12-20 11:17:00,2026-01-24 21:42:00
101212,CUST101212,Pranav,Sharma,Male,1999-07-11,pranav.sharma101212@examplemail.com,9302707100,8263730707,Premium,Individual,2024-01-09,Gold,19231,Hindi,Phone,"183, Station Road",Beside Community Park,Warangal,Telangana,506002,India,Y,Verified,147523.41,Y,2024-01-09 19:44:00,2025-06-30 23:22:00
101213,CUST101213,Rohan,Menon,Male,1967-02-14,rohan.menon101213@examplemail.com,9826261139,8762029868,Senior Citizen,Individual,2025-10-11,Bronze,7662,Tamil,Email,"601, Tech Park Avenue",Beside Community Park,Hyderabad,Telangana,500081,India,Y,Verified,40758.48,N,2025-10-11 13:23:00,2026-02-03 15:45:00
101214,CUST101214,Nikhil,Kulkarni,Male,1963-03-14,nikhil.kulkarni101214@examplemail.com,9407730203,8603585153,Corporate,Individual,2026-05-01,Bronze,22416,Tamil,SMS,"125, Market Road",Beside Community Park,Mumbai,Maharashtra,400076,India,Y,Verified,228096.84,Y,2026-05-01 15:35:00,2026-08-05 21:06:00
101215,CUST101215,Rahul,Rao,Male,1955-06-14,rahul.rao101215@examplemail.com,9406797713,8369057444,Student,Individual,2024-01-21,Gold,21512,Kannada,SMS,"330, Station Road",Near Metro Station,Mumbai,Maharashtra,400076,India,Y,Verified,20737.30,N,2024-01-21 17:58:00,2025-12-23 03:40:00
101216,CUST101216,Nikhil,Mishra,Male,2002-09-25,nikhil.mishra101216@examplemail.com,9798870894,8849523862,Retail,Individual,2026-01-03,Gold,5821,English,Email,"440, Temple Street",,Chennai,Tamil Nadu,600042,India,Y,Rejected,27215.39,Y,2026-01-03 16:54:00,2026-08-22 00:11:00
101217,CUST101217,Pranav,Yadav,Male,1986-02-02,pranav.yadav101217@examplemail.com,9665959334,8647189265,Premium,Individual,2024-03-20,Gold,18600,Kannada,WhatsApp,"873, Tech Park Avenue",,Vijayawada,Andhra Pradesh,520010,India,Y,Verified,295076.52,Y,2024-03-20 18:42:00,2024-07-16 02:35:00
101218,CUST101218,Meghana,Reddy,Female,1978-04-19,meghana.reddy101218@examplemail.com,9949079235,8891385778,Premium,Individual,2024-08-06,Bronze,16963,Hindi,Email,"786, Station Road",Opp. City Mall,Mumbai,Maharashtra,400076,India,Y,Verified,177851.32,Y,2024-08-06 12:44:00,2026-08-09 15:32:00
101219,CUST101219,Swathi,Chowdary,Female,1958-12-05,swathi.chowdary101219@examplemail.com,9557224673,8967337105,Senior Citizen,Individual,2024-11-22,Bronze,7966,Kannada,SMS,"714, MG Road",,Vijayawada,Andhra Pradesh,520010,India,Y,Verified,32180.61,Y,2024-11-22 18:06:00,2026-03-18 00:10:00
101220,CUST101220,Aadhya,Singh,Female,1968-09-20,aadhya.singh101220@examplemail.com,9571977175,8642144749,Retail,Individual,2024-05-19,Bronze,8308,Hindi,SMS,"56, Tech Park Avenue",Near Metro Station,Delhi,Delhi,110017,India,N,Rejected,61031.84,N,2024-05-19 18:10:00,2024-07-23 22:12:00
101221,CUST101221,Vaishnavi,Patel,Female,2004-05-19,vaishnavi.patel101221@examplemail.com,9875325435,8179090087,Senior Citizen,Individual,2026-07-14,Gold,23157,Kannada,Email,"758, Central Colony",Near Metro Station,Bengaluru,Karnataka,560037,India,Y,Verified,59574.52,N,2026-07-14 20:49:00,2026-08-17 01:42:00
101222,CUST101222,Sneha,Mishra,Female,2004-03-10,sneha.mishra101222@examplemail.com,9246546737,8613581121,Corporate,Individual,2024-08-14,Bronze,20162,English,WhatsApp,"475, Lake View Road",Opp. City Mall,Warangal,Telangana,506002,India,Y,Verified,823550.54,Y,2024-08-14 20:04:00,2024-12-07 21:36:00
101223,CUST101223,Aarav,Iyer,Male,1994-07-11,aarav.iyer101223@examplemail.com,9335236270,8447063079,Corporate,Individual,2024-04-08,Gold,17921,English,SMS,"460, Lake View Road",,Chennai,Tamil Nadu,600042,India,Y,Verified,707251.28,Y,2024-04-08 11:15:00,2024-11-18 20:11:00
101224,CUST101224,Neha,Joshi,Female,1987-06-25,neha.joshi101224@examplemail.com,9367028265,8822881080,Senior Citizen,Individual,2025-02-04,Bronze,14067,Hindi,WhatsApp,"563, Market Road",Near Metro Station,Pune,Maharashtra,411014,India,Y,Verified,52120.29,Y,2025-02-04 13:41:00,2026-06-01 20:18:00
101225,CUST101225,Vishal,Gupta,Male,2002-08-21,vishal.gupta101225@examplemail.com,9753384465,8926382740,Student,Individual,2025-08-14,Silver,17127,Kannada,SMS,"919, Temple Street",Near Metro Station,Chennai,Tamil Nadu,600042,India,Y,Verified,23971.28,N,2025-08-14 16:44:00,2026-03-05 22:53:00
101226,CUST101226,Vishal,Joshi,Male,1997-02-23,vishal.joshi101226@examplemail.com,9339728103,8588738334,Retail,Individual,2025-10-04,Silver,649,Kannada,WhatsApp,"181, MG Road",Near Metro Station,Chennai,Tamil Nadu,600042,India,Y,Verified,34768.32,N,2025-10-04 11:25:00,2026-05-02 18:40:00
101227,CUST101227,Aarav,Kulkarni,Male,1959-10-13,aarav.kulkarni101227@examplemail.com,9432206396,8213411907,Student,Individual,2025-01-09,Bronze,15775,English,SMS,"763, Central Colony",Phase 2,Hyderabad,Telangana,500081,India,Y,Verified,23920.08,Y,2025-01-09 18:09:00,2026-02-23 04:13:00
101228,CUST101228,Nikhil,Menon,Male,1959-10-19,nikhil.menon101228@examplemail.com,9599583266,8600814996,Premium,Individual,2025-10-28,Gold,16888,Kannada,SMS,"15, Green Hills",Opp. City Mall,Vijayawada,Andhra Pradesh,520010,India,Y,Verified,104866.54,Y,2025-10-28 11:22:00,2026-08-08 16:45:00
101229,CUST101229,Ananya,Shetty,Female,1996-01-04,ananya.shetty101229@examplemail.com,9308267533,8510059401,Student,Business,2025-05-17,Bronze,16255,Telugu,Phone,"579, Station Road",Near Metro Station,Warangal,Telangana,506002,India,Y,Not Required,13269.89,N,2025-05-17 10:13:00,2026-03-30 15:36:00
101230,CUST101230,Varun,Menon,Male,1999-12-11,varun.menon101230@examplemail.com,9159275042,8800563425,Retail,Individual,2025-12-06,Gold,6944,Kannada,WhatsApp,"626, MG Road",Beside Community Park,Hyderabad,Telangana,500081,India,N,Rejected,56843.28,N,2025-12-06 17:01:00,2026-06-21 02:31:00
101231,CUST101231,Priya,Menon,Female,1988-12-01,priya.menon101231@examplemail.com,9443209124,8453722530,Student,Individual,2025-07-26,Silver,13539,Tamil,Phone,"19, River View",Beside Community Park,Chennai,Tamil Nadu,600042,India,Y,Not Required,21034.13,N,2025-07-26 10:00:00,2026-09-08 11:53:00
101232,CUST101232,Aarav,Kulkarni,Male,1994-06-04,aarav.kulkarni101232@examplemail.com,9636767450,8570565213,Corporate,Individual,2025-10-13,Silver,10348,Telugu,WhatsApp,"791, Park Lane",Opp. City Mall,Vijayawada,Andhra Pradesh,520010,India,Y,Verified,808408.98,Y,2025-10-13 15:15:00,2026-05-12 00:23:00
101233,CUST101233,Sanjay,Mishra,Male,2002-06-13,sanjay.mishra101233@examplemail.com,9434003706,8356842982,Retail,Individual,2026-03-28,Gold,471,Hindi,Email,"31, Station Road",Beside Community Park,Secunderabad,Telangana,500003,India,Y,Rejected,46061.75,Y,2026-03-28 10:33:00,2026-06-02 20:13:00
101234,CUST101234,Kavya,Mishra,Female,1986-11-17,kavya.mishra101234@examplemail.com,9779959047,8570339319,Student,Individual,2026-07-22,Bronze,15353,Kannada,WhatsApp,"223, River View",Near Metro Station,Visakhapatnam,Andhra Pradesh,530017,India,N,Pending,8205.92,N,2026-07-22 19:02:00,2026-08-17 04:20:00
101235,CUST101235,Sai,Gupta,Male,1962-02-01,sai.gupta101235@examplemail.com,9210636010,8225313679,Premium,Individual,2025-05-08,Silver,17584,Kannada,Email,"678, Station Road",,Secunderabad,Telangana,500003,India,Y,Verified,217290.27,N,2025-05-08 18:15:00,2025-05-21 23:59:00
101236,CUST101236,Meghana,Kulkarni,Female,1993-02-04,meghana.kulkarni101236@examplemail.com,9407564370,8946243170,Student,Individual,2024-07-16,Bronze,23828,Telugu,SMS,"925, Lake View Road",Opp. City Mall,Chennai,Tamil Nadu,600042,India,Y,Verified,17415.75,N,2024-07-16 12:08:00,2026-08-10 19:34:00
101237,CUST101237,Keerthi,Das,Female,1973-07-04,keerthi.das101237@examplemail.com,9588488206,8363068414,Retail,Individual,2024-06-29,Bronze,20409,Kannada,Phone,"953, MG Road",Phase 2,Bengaluru,Karnataka,560037,India,Y,Verified,46978.68,N,2024-06-29 08:23:00,2026-05-31 14:16:00
101238,CUST101238,Nandini,Naidu,Female,1958-11-17,nandini.naidu101238@examplemail.com,9961992865,8629284390,Corporate,Business,2025-09-29,Gold,13252,Hindi,Phone,"216, Tech Park Avenue",Opp. City Mall,Bengaluru,Karnataka,560037,India,Y,Pending,951005.72,N,2025-09-29 19:44:00,2026-02-26 22:57:00
101239,CUST101239,Krishna,Rao,Male,1958-08-26,krishna.rao101239@examplemail.com,9894084470,8329345234,Senior Citizen,Business,2025-10-23,Bronze,16412,Kannada,Email,"240, Temple Street",Opp. City Mall,Bengaluru,Karnataka,560037,India,Y,Verified,57791.35,N,2025-10-23 16:15:00,2026-07-31 02:58:00
101240,CUST101240,Lakshmi,Verma,Female,1967-11-06,lakshmi.verma101240@examplemail.com,9241122175,8943084515,Student,Individual,2026-05-17,Silver,2772,Tamil,Phone,"369, Market Road",Phase 2,Mumbai,Maharashtra,400076,India,Y,Verified,11036.67,Y,2026-05-17 19:31:00,2026-08-07 01:34:00
101241,CUST101241,Aadhya,Das,Female,1964-08-14,aadhya.das101241@examplemail.com,9348867844,8112341581,Student,Individual,2025-10-17,Bronze,18489,Tamil,WhatsApp,"559, Park Lane",Opp. City Mall,Delhi,Delhi,110017,India,Y,Verified,23234.70,N,2025-10-17 18:00:00,2026-02-06 18:42:00
101242,CUST101242,Bhavya,Reddy,Female,1956-03-17,bhavya.reddy101242@examplemail.com,9129118657,8252418329,Corporate,Individual,2025-03-14,Bronze,23580,Hindi,Phone,"526, MG Road",Beside Community Park,Secunderabad,Telangana,500003,India,Y,Verified,945190.38,Y,2025-03-14 15:21:00,2026-07-20 16:57:00
101243,CUST101243,Harini,Goud,Female,1966-10-04,harini.goud101243@examplemail.com,9667580386,8867991849,Senior Citizen,Individual,2026-03-04,Platinum,2435,English,Phone,"379, Temple Street",Phase 2,Vijayawada,Andhra Pradesh,520010,India,Y,Verified,38336.29,N,2026-03-04 12:30:00,2026-07-27 20:11:00
101244,CUST101244,Surya,Das,Male,1998-06-01,surya.das101244@examplemail.com,9239329067,8732033851,Premium,Individual,2025-09-06,Bronze,14910,Telugu,WhatsApp,"593, Park Lane",Opp. City Mall,Bengaluru,Karnataka,560037,India,Y,Verified,98427.95,N,2025-09-06 10:06:00,2026-02-03 16:23:00
101245,CUST101245,Aditya,Shetty,Male,1999-12-01,aditya.shetty101245@examplemail.com,9238992638,8181509226,Corporate,Individual,2024-01-26,Bronze,23885,Tamil,WhatsApp,"33, Green Hills",Near Metro Station,Pune,Maharashtra,411014,India,Y,Verified,899815.15,N,2024-01-26 20:48:00,2024-07-19 21:27:00
101246,CUST101246,Ananya,Gupta,Female,1980-06-24,ananya.gupta101246@examplemail.com,9897033454,8121779651,Student,Individual,2026-07-09,Gold,24756,English,WhatsApp,"253, Market Road",Phase 2,Secunderabad,Telangana,500003,India,Y,Pending,18817.88,N,2026-07-09 19:07:00,2026-07-29 02:14:00
101247,CUST101247,Vaishnavi,Naidu,Female,1961-09-05,vaishnavi.naidu101247@examplemail.com,9914871641,8667395217,Student,Individual,2025-11-14,Gold,3380,Kannada,Phone,"994, Central Colony",Near Metro Station,Mumbai,Maharashtra,400076,India,Y,Verified,20630.75,Y,2025-11-14 16:27:00,2026-07-21 17:01:00
101248,CUST101248,Aarav,Rao,Male,1973-04-21,aarav.rao101248@examplemail.com,9452235625,8677641024,Senior Citizen,Individual,2025-04-29,Gold,13360,Kannada,Email,"969, Market Road",,Warangal,Telangana,506002,India,Y,Verified,39559.55,Y,2025-04-29 12:27:00,2026-07-15 14:34:00
101249,CUST101249,Pranav,Kulkarni,Male,1961-11-05,pranav.kulkarni101249@examplemail.com,9312849688,8128427066,Corporate,Individual,2025-09-22,Bronze,98,English,Email,"163, Park Lane",,Hyderabad,Telangana,500081,India,Y,Verified,638802.84,N,2025-09-22 16:55:00,2026-07-10 19:28:00
101250,CUST101250,Vaishnavi,Gupta,Female,1955-10-04,vaishnavi.gupta101250@examplemail.com,9312393756,8718033184,Student,Individual,2024-08-20,Gold,5652,English,SMS,"973, River View",,Secunderabad,Telangana,500003,India,Y,Verified,11377.93,N,2024-08-20 11:20:00,2026-09-04 18:36:00
101251,CUST101251,Aadhya,Chowdary,Female,1995-06-10,aadhya.chowdary101251@examplemail.com,9587847389,8549110635,Premium,Individual,2025-06-04,Silver,1443,Kannada,Email,"932, MG Road",,Secunderabad,Telangana,500003,India,Y,Verified,169371.08,Y,2025-06-04 19:14:00,2025-06-22 20:29:00
101252,CUST101252,Pranav,Menon,Male,1999-09-26,pranav.menon101252@examplemail.com,9224744752,8400840202,Retail,Individual,2024-11-06,Silver,14194,Tamil,SMS,"101, Central Colony",,Visakhapatnam,Andhra Pradesh,530017,India,Y,Not Required,59660.45,N,2024-11-06 19:30:00,2026-01-07 01:53:00
101253,CUST101253,Tarun,Nair,Male,1959-07-13,tarun.nair101253@examplemail.com,9236541909,8534505025,Senior Citizen,Individual,2026-08-31,Bronze,18608,Hindi,SMS,"527, Station Road",Beside Community Park,Secunderabad,Telangana,500003,India,N,Verified,41881.22,Y,2026-08-31 17:50:00,2026-09-02 02:08:00
101254,CUST101254,Aishwarya,Das,Female,1986-07-02,aishwarya.das101254@examplemail.com,9560372667,8899570800,Retail,Individual,2025-03-14,Silver,8657,Tamil,Phone,"694, Green Hills",Phase 2,Bengaluru,Karnataka,560037,India,Y,Rejected,41308.99,Y,2025-03-14 09:06:00,2025-07-27 13:09:00
101255,CUST101255,Manish,Naidu,Male,1964-11-14,manish.naidu101255@examplemail.com,9678117067,8325881497,Senior Citizen,Individual,2026-07-27,Silver,3023,Telugu,SMS,"628, Station Road",Near Metro Station,Visakhapatnam,Andhra Pradesh,530017,India,Y,Verified,55733.74,Y,2026-07-27 08:56:00,2026-08-16 18:52:00
101256,CUST101256,Deepika,Mishra,Female,1998-11-12,deepika.mishra101256@examplemail.com,9717835987,8439643301,Senior Citizen,Individual,2026-08-19,Bronze,23120,Telugu,Phone,"209, Market Road",,Pune,Maharashtra,411014,India,Y,Pending,32722.81,N,2026-08-19 13:35:00,2026-09-08 16:31:00
101257,CUST101257,Sai,Goud,Male,1975-04-18,sai.goud101257@examplemail.com,9422200004,8751612959,Student,Individual,2026-06-06,Bronze,16930,Telugu,Email,"86, Station Road",Beside Community Park,Bengaluru,Karnataka,560037,India,Y,Verified,16733.79,N,2026-06-06 20:46:00,2026-07-30 21:50:00
101258,CUST101258,Ishita,Patel,Female,1991-12-23,ishita.patel101258@examplemail.com,9410425543,8262533545,Premium,Individual,2024-02-17,Silver,18597,Telugu,Phone,"623, Market Road",,Vijayawada,Andhra Pradesh,520010,India,Y,Pending,193599.99,Y,2024-02-17 17:19:00,2025-12-08 20:59:00
101259,CUST101259,Pranav,Chowdary,Male,1988-02-07,pranav.chowdary101259@examplemail.com,9237435834,8197578029,Corporate,Individual,2025-03-10,Silver,8388,Hindi,Email,"910, Park Lane",Opp. City Mall,Visakhapatnam,Andhra Pradesh,530017,India,Y,Verified,305368.77,Y,2025-03-10 11:58:00,2026-06-06 16:03:00
101260,CUST101260,Sanjay,Rao,Male,1986-02-23,sanjay.rao101260@examplemail.com,9878884876,8846492196,Student,Individual,2024-07-26,Gold,16721,Hindi,SMS,"503, Tech Park Avenue",Opp. City Mall,Secunderabad,Telangana,500003,India,N,Verified,13034.50,N,2024-07-26 08:33:00,2026-07-25 19:19:00
101261,CUST101261,Priya,Mishra,Female,1971-05-14,priya.mishra101261@examplemail.com,9568127936,8481833060,Retail,Individual,2025-12-11,Silver,16650,Hindi,SMS,"163, Central Colony",Phase 2,Bengaluru,Karnataka,560037,India,Y,Verified,36290.20,Y,2025-12-11 13:04:00,2026-08-06 21:37:00
101262,CUST101262,Harsha,Iyer,Male,1982-01-27,harsha.iyer101262@examplemail.com,9614097764,8510428106,Student,Individual,2025-10-11,Bronze,3311,Tamil,Email,"269, River View",Phase 2,Mumbai,Maharashtra,400076,India,Y,Verified,6714.35,N,2025-10-11 09:58:00,2026-05-13 16:22:00
101263,CUST101263,Harsha,Shetty,Male,1970-08-06,harsha.shetty101263@examplemail.com,9455074401,8390544517,Corporate,Individual,2024-12-23,Bronze,8402,Kannada,WhatsApp,"768, Park Lane",Beside Community Park,Pune,Maharashtra,411014,India,Y,Verified,448272.64,Y,2024-12-23 12:28:00,2025-11-21 14:17:00
101264,CUST101264,Pranav,Joshi,Male,2003-02-14,pranav.joshi101264@examplemail.com,9243409600,8303530673,Premium,Individual,2025-06-04,Silver,382,Telugu,Phone,"411, MG Road",Phase 2,Visakhapatnam,Andhra Pradesh,530017,India,Y,Verified,114048.20,N,2025-06-04 15:04:00,2026-05-23 00:30:00
101265,CUST101265,Pooja,Chowdary,Female,1986-08-26,pooja.chowdary101265@examplemail.com,9792765718,8629901674,Premium,Business,2024-03-28,Gold,4912,Telugu,Phone,"774, Green Hills",,Secunderabad,Telangana,500003,India,Y,Verified,215777.68,N,2024-03-28 15:03:00,2024-08-22 20:07:00
101266,CUST101266,Harini,Chowdary,Female,1999-06-18,harini.chowdary101266@examplemail.com,9914186464,8948791610,Corporate,Individual,2024-06-12,Gold,4693,Telugu,Email,"260, River View",Phase 2,Chennai,Tamil Nadu,600042,India,N,Verified,779591.78,Y,2024-06-12 08:33:00,2025-05-18 08:53:00
101267,CUST101267,Divya,Reddy,Female,1975-12-01,divya.reddy101267@examplemail.com,9785581713,8441196733,Premium,Individual,2025-02-08,Bronze,16380,Tamil,WhatsApp,"353, Park Lane",Near Metro Station,Secunderabad,Telangana,500003,India,Y,Not Required,183562.53,Y,2025-02-08 20:12:00,2025-08-24 23:26:00
101268,CUST101268,Tarun,Singh,Male,2001-10-18,tarun.singh101268@examplemail.com,9325332124,8589200582,Senior Citizen,Individual,2026-01-05,Bronze,13030,Kannada,Email,"826, Green Hills",Opp. City Mall,Vijayawada,Andhra Pradesh,520010,India,Y,Rejected,23235.37,N,2026-01-05 12:04:00,2026-02-27 16:05:00
101269,CUST101269,Pranav,Chowdary,Male,1992-12-13,pranav.chowdary101269@examplemail.com,9310535364,8308293920,Corporate,Individual,2024-10-28,Bronze,2902,Kannada,Phone,"493, Temple Street",,Hyderabad,Telangana,500081,India,Y,Verified,219985.18,Y,2024-10-28 12:11:00,2024-10-31 16:44:00
101270,CUST101270,Arjun,Chowdary,Male,1986-01-02,arjun.chowdary101270@examplemail.com,9677557741,8853127734,Premium,Individual,2026-06-25,Silver,11172,Telugu,Email,"725, Green Hills",,Chennai,Tamil Nadu,600042,India,Y,Verified,131140.67,N,2026-06-25 16:37:00,2026-07-17 00:35:00
101271,CUST101271,Tarun,Shetty,Male,1968-03-14,tarun.shetty101271@examplemail.com,9481518560,8839975901,Student,Individual,2026-01-16,Bronze,1825,Tamil,Phone,"410, River View",Phase 2,Visakhapatnam,Andhra Pradesh,530017,India,Y,Verified,9690.84,N,2026-01-16 12:50:00,2026-04-06 20:24:00
101272,CUST101272,Karthik,Gupta,Male,1971-07-17,karthik.gupta101272@examplemail.com,9743376957,8223771132,Premium,Business,2026-03-14,Silver,399,Telugu,Phone,"684, MG Road",Phase 2,Warangal,Telangana,506002,India,Y,Pending,147359.26,Y,2026-03-14 20:05:00,2026-07-08 00:27:00
101273,CUST101273,Sai,Iyer,Male,1999-03-14,sai.iyer101273@examplemail.com,9905803208,8280306563,Corporate,Individual,2025-09-16,Bronze,6045,English,SMS,"445, Green Hills",Opp. City Mall,Secunderabad,Telangana,500003,India,Y,Verified,628673.97,N,2025-09-16 08:19:00,2026-05-24 11:03:00
101274,CUST101274,Nikhil,Rao,Male,1988-07-11,nikhil.rao101274@examplemail.com,9688046992,8389653016,Student,Individual,2024-05-25,Bronze,15307,Telugu,Email,"978, Temple Street",,Bengaluru,Karnataka,560037,India,Y,Verified,22141.48,Y,2024-05-25 16:10:00,2024-07-23 00:02:00
101275,CUST101275,Bhavya,Verma,Female,2001-05-22,bhavya.verma101275@examplemail.com,9368838674,8477667739,Senior Citizen,Individual,2025-03-01,Bronze,20788,Tamil,Phone,"278, Park Lane",,Chennai,Tamil Nadu,600042,India,Y,Verified,21195.41,N,2025-03-01 16:06:00,2025-06-03 22:39:00
101276,CUST101276,Surya,Naidu,Male,1995-05-17,surya.naidu101276@examplemail.com,9540155662,8176878661,Premium,Individual,2025-11-06,Bronze,2659,Tamil,SMS,"166, Temple Street",Phase 2,Warangal,Telangana,506002,India,Y,Pending,184798.45,Y,2025-11-06 10:38:00,2025-11-28 15:37:00
101277,CUST101277,Aishwarya,Singh,Female,1981-01-22,aishwarya.singh101277@examplemail.com,9628690415,8816835216,Retail,Individual,2026-01-07,Bronze,23953,Telugu,WhatsApp,"695, Lake View Road",Phase 2,Bengaluru,Karnataka,560037,India,Y,Verified,61068.72,N,2026-01-07 14:33:00,2026-08-19 20:57:00
101278,CUST101278,Sneha,Verma,Female,2005-11-15,sneha.verma101278@examplemail.com,9615442990,8280271638,Premium,Individual,2025-12-06,Silver,1361,Tamil,SMS,"69, Lake View Road",,Visakhapatnam,Andhra Pradesh,530017,India,Y,Verified,293938.32,Y,2025-12-06 08:22:00,2026-02-05 10:24:00
101279,CUST101279,Sneha,Patel,Female,1990-10-12,sneha.patel101279@examplemail.com,9680276555,8287553164,Student,Individual,2024-06-14,Silver,23850,Kannada,Email,"158, Tech Park Avenue",,Secunderabad,Telangana,500003,India,Y,Verified,20612.59,N,2024-06-14 18:09:00,2024-10-27 23:08:00
101280,CUST101280,Kavya,Joshi,Female,1968-11-14,kavya.joshi101280@examplemail.com,9206176093,8168758958,Premium,Individual,2026-08-30,Bronze,18978,Hindi,Email,"389, River View",Phase 2,Secunderabad,Telangana,500003,India,Y,Verified,166677.55,N,2026-08-30 20:23:00,2026-09-05 01:26:00
101281,CUST101281,Keerthi,Verma,Female,1997-11-28,keerthi.verma101281@examplemail.com,9465171710,8281085814,Premium,Individual,2025-08-03,Bronze,14434,English,WhatsApp,"917, Temple Street",Opp. City Mall,Delhi,Delhi,110017,India,N,Verified,91271.40,Y,2025-08-03 16:47:00,2026-07-27 02:07:00
101282,CUST101282,Arjun,Yadav,Male,1973-01-07,arjun.yadav101282@examplemail.com,9527343218,8583037749,Retail,Individual,2025-01-01,Bronze,2799,Hindi,Email,"219, Tech Park Avenue",,Warangal,Telangana,506002,India,Y,Pending,45897.22,Y,2025-01-01 19:09:00,2025-07-02 23:36:00
101283,CUST101283,Karthik,Sharma,Male,2005-05-18,karthik.sharma101283@examplemail.com,9778349542,8961900367,Senior Citizen,Business,2026-07-09,Silver,10982,Tamil,WhatsApp,"848, Park Lane",Near Metro Station,Hyderabad,Telangana,500081,India,Y,Verified,24127.04,Y,2026-07-09 11:42:00,2026-07-29 17:28:00
101284,CUST101284,Ananya,Nair,Female,1959-01-28,ananya.nair101284@examplemail.com,9654428316,8976451539,Premium,Individual,2024-03-14,Silver,11254,Kannada,WhatsApp,"874, River View",,Chennai,Tamil Nadu,600042,India,Y,Verified,227852.50,Y,2024-03-14 16:27:00,2024-08-26 21:58:00
101285,CUST101285,Aditya,Gupta,Male,1968-11-11,aditya.gupta101285@examplemail.com,9301300581,8757454771,Premium,Individual,2024-06-17,Silver,23853,English,SMS,"465, Park Lane",Phase 2,Secunderabad,Telangana,500003,India,Y,Pending,244024.75,N,2024-06-17 15:31:00,2025-04-16 23:51:00
101286,CUST101286,Vaishnavi,Nair,Female,1982-02-10,vaishnavi.nair101286@examplemail.com,9214210806,8514118486,Premium,Individual,2025-03-03,Bronze,8515,Hindi,SMS,"738, Lake View Road",Phase 2,Chennai,Tamil Nadu,600042,India,Y,Verified,281932.40,N,2025-03-03 17:56:00,2025-08-24 23:21:00
101287,CUST101287,Aarav,Kulkarni,Male,1982-11-16,aarav.kulkarni101287@examplemail.com,9301032870,8287772691,Retail,Business,2025-08-01,Gold,6820,Hindi,WhatsApp,"781, Market Road",Beside Community Park,Warangal,Telangana,506002,India,Y,Verified,30994.85,Y,2025-08-01 08:26:00,2025-09-08 14:45:00
101288,CUST101288,Priya,Patel,Female,1962-01-21,priya.patel101288@examplemail.com,9965883966,8760470403,Senior Citizen,Individual,2024-06-10,Gold,5277,Telugu,WhatsApp,"569, River View",Near Metro Station,Visakhapatnam,Andhra Pradesh,530017,India,Y,Verified,58984.19,Y,2024-06-10 20:29:00,2025-12-19 04:42:00
101289,CUST101289,Rohan,Chowdary,Male,1990-04-16,rohan.chowdary101289@examplemail.com,9246971300,8355147058,Retail,Individual,2026-01-07,Bronze,20823,Kannada,Email,"249, Green Hills",Opp. City Mall,Vijayawada,Andhra Pradesh,520010,India,Y,Verified,59610.52,Y,2026-01-07 12:09:00,2026-06-25 15:19:00
101290,CUST101290,Vaishnavi,Nair,Female,1979-03-02,vaishnavi.nair101290@examplemail.com,9885257880,8853589810,Retail,Individual,2024-05-14,Silver,1156,Hindi,SMS,"222, MG Road",,Hyderabad,Telangana,500081,India,Y,Verified,30142.37,Y,2024-05-14 18:32:00,2024-05-29 01:41:00
101291,CUST101291,Ananya,Naidu,Female,1958-03-04,ananya.naidu101291@examplemail.com,9153856590,8577293346,Retail,Individual,2024-12-28,Bronze,20699,Telugu,Email,"835, MG Road",,Visakhapatnam,Andhra Pradesh,530017,India,Y,Verified,57972.89,Y,2024-12-28 15:01:00,2026-08-06 15:46:00
101292,CUST101292,Krishna,Das,Male,2004-10-23,krishna.das101292@examplemail.com,9473870706,8328941620,Premium,Individual,2025-10-19,Silver,3103,Hindi,Email,"494, Central Colony",Phase 2,Chennai,Tamil Nadu,600042,India,Y,Verified,293343.40,Y,2025-10-19 14:49:00,2026-04-06 15:59:00
101293,CUST101293,Manish,Singh,Male,1982-07-20,manish.singh101293@examplemail.com,9368259788,8360300704,Student,Individual,2024-05-06,Silver,18425,English,Email,"412, River View",Opp. City Mall,Pune,Maharashtra,411014,India,Y,Verified,22699.29,Y,2024-05-06 16:25:00,2026-04-20 19:50:00
101294,CUST101294,Sahithi,Sharma,Female,2001-01-01,sahithi.sharma101294@examplemail.com,9496621643,8404244470,Senior Citizen,Individual,2025-06-16,Gold,549,Kannada,SMS,"100, Green Hills",Beside Community Park,Bengaluru,Karnataka,560037,India,Y,Verified,51634.19,Y,2025-06-16 09:03:00,2026-06-05 14:18:00
101295,CUST101295,Pooja,Gupta,Female,1963-12-10,pooja.gupta101295@examplemail.com,9253158835,8756057472,Senior Citizen,Individual,2024-01-06,Bronze,5257,English,Email,"913, Temple Street",Phase 2,Vijayawada,Andhra Pradesh,520010,India,Y,Verified,23890.87,N,2024-01-06 13:41:00,2026-07-10 22:29:00
101296,CUST101296,Akash,Shetty,Male,1958-06-27,akash.shetty101296@examplemail.com,9555953910,8423687290,Senior Citizen,Individual,2026-03-20,Silver,7488,Tamil,Phone,"665, Lake View Road",,Warangal,Telangana,506002,India,Y,Verified,38359.21,Y,2026-03-20 09:06:00,2026-05-21 20:02:00
101297,CUST101297,Sneha,Gupta,Female,1964-10-08,sneha.gupta101297@examplemail.com,9848618148,8216690547,Retail,Individual,2024-02-27,Bronze,4516,Telugu,SMS,"309, MG Road",Opp. City Mall,Vijayawada,Andhra Pradesh,520010,India,Y,Pending,51395.97,Y,2024-02-27 09:16:00,2025-06-26 09:25:00
101298,CUST101298,Nikhil,Patel,Male,1979-03-10,nikhil.patel101298@examplemail.com,9852672340,8348559138,Retail,Individual,2024-08-12,Silver,11223,Kannada,Phone,"968, Tech Park Avenue",Phase 2,Secunderabad,Telangana,500003,India,Y,Verified,49935.07,Y,2024-08-12 14:22:00,2026-09-10 16:54:00
101299,CUST101299,Rahul,Menon,Male,1957-02-24,rahul.menon101299@examplemail.com,9469107617,8927735178,Corporate,Individual,2026-06-09,Silver,23494,Telugu,Phone,"124, Green Hills",Near Metro Station,Secunderabad,Telangana,500003,India,Y,Verified,787172.24,N,2026-06-09 16:22:00,2026-07-10 17:22:00
101300,CUST101300,Meghana,Menon,Female,1980-08-07,meghana.menon101300@examplemail.com,9908253790,8470542330,Premium,Individual,2025-06-15,Gold,6969,Hindi,WhatsApp,"897, Temple Street",,Pune,Maharashtra,411014,India,Y,Verified,262932.51,N,2025-06-15 20:40:00,2026-09-12 02:04:00
101301,CUST101301,Vijay,Naidu,Male,2003-01-11,vijay.naidu101301@examplemail.com,9876279610,8784001053,Student,Individual,2026-07-26,Gold,24999,Kannada,Phone,"226, Green Hills",Opp. City Mall,Pune,Maharashtra,411014,India,Y,Verified,18121.54,Y,2026-07-26 10:54:00,2026-09-03 13:10:00
101302,CUST101302,Aditya,Verma,Male,1967-08-26,aditya.verma101302@examplemail.com,9868431073,8755053820,Corporate,Individual,2025-05-02,Silver,14377,Tamil,WhatsApp,"862, Park Lane",Phase 2,Visakhapatnam,Andhra Pradesh,530017,India,Y,Verified,852087.61,N,2025-05-02 16:14:00,2026-07-23 00:14:00
101303,CUST101303,Krishna,Shetty,Male,1980-12-01,krishna.shetty101303@examplemail.com,9319314966,8483082812,Corporate,Individual,2024-04-05,Bronze,923,Hindi,SMS,"365, Temple Street",,Bengaluru,Karnataka,560037,India,Y,Verified,548882.07,Y,2024-04-05 12:41:00,2025-07-18 13:22:00
101304,CUST101304,Charan,Shetty,Male,1986-05-10,charan.shetty101304@examplemail.com,9536936172,8744950403,Premium,Individual,2025-12-15,Silver,13434,Tamil,WhatsApp,"499, Lake View Road",Phase 2,Vijayawada,Andhra Pradesh,520010,India,Y,Verified,259501.27,N,2025-12-15 10:38:00,2026-03-11 21:01:00
101305,CUST101305,Sahithi,Shetty,Female,2003-12-18,sahithi.shetty101305@examplemail.com,9849534224,8472058177,Student,Business,2024-06-20,Silver,19707,English,WhatsApp,"686, Station Road",,Secunderabad,Telangana,500003,India,Y,Rejected,17054.51,Y,2024-06-20 08:43:00,2024-08-04 15:47:00
101306,CUST101306,Neha,Goud,Female,1958-07-04,neha.goud101306@examplemail.com,9891771420,8371050384,Premium,Individual,2026-08-22,Platinum,14902,Kannada,Phone,"612, Lake View Road",,Pune,Maharashtra,411014,India,N,Rejected,224309.40,N,2026-08-22 11:51:00,2026-08-23 17:01:00
101307,CUST101307,Vishal,Joshi,Male,1968-11-06,vishal.joshi101307@examplemail.com,9910585204,8557906499,Student,Individual,2024-06-21,Silver,9548,Kannada,WhatsApp,"514, Lake View Road",Near Metro Station,Mumbai,Maharashtra,400076,India,Y,Verified,13163.68,Y,2024-06-21 18:27:00,2025-04-28 22:07:00
101308,CUST101308,Akash,Patel,Male,1965-06-17,akash.patel101308@examplemail.com,9143086950,8593307964,Premium,Business,2025-01-25,Gold,23900,Tamil,Phone,"183, MG Road",Opp. City Mall,Warangal,Telangana,506002,India,Y,Verified,290456.05,N,2025-01-25 17:42:00,2026-06-26 00:48:00
101309,CUST101309,Harsha,Chowdary,Male,1980-09-05,harsha.chowdary101309@examplemail.com,9753856067,8672223709,Premium,Individual,2024-02-11,Bronze,16317,Tamil,Phone,"408, Tech Park Avenue",,Visakhapatnam,Andhra Pradesh,530017,India,Y,Verified,277373.42,N,2024-02-11 12:36:00,2025-01-28 13:04:00
101310,CUST101310,Swathi,Sharma,Female,1986-12-11,swathi.sharma101310@examplemail.com,9902606242,8840108655,Senior Citizen,Individual,2026-01-09,Gold,23074,English,WhatsApp,"81, Park Lane",Beside Community Park,Vijayawada,Andhra Pradesh,520010,India,Y,Verified,28204.18,Y,2026-01-09 19:16:00,2026-01-27 05:22:00
101311,CUST101311,Harsha,Kumar,Male,2005-07-09,harsha.kumar101311@examplemail.com,9243505678,8660681071,Senior Citizen,Individual,2025-04-20,Bronze,24338,Telugu,WhatsApp,"99, Market Road",Beside Community Park,Mumbai,Maharashtra,400076,India,Y,Verified,55329.11,Y,2025-04-20 13:14:00,2026-01-25 19:58:00
101312,CUST101312,Neha,Sharma,Female,2000-06-25,neha.sharma101312@examplemail.com,9114888676,8979303790,Premium,Business,2026-06-07,Bronze,10629,Kannada,SMS,"724, Green Hills",Beside Community Park,Visakhapatnam,Andhra Pradesh,530017,India,Y,Verified,130678.73,Y,2026-06-07 14:03:00,2026-07-28 19:25:00
101313,CUST101313,Harini,Mishra,Female,1996-09-22,harini.mishra101313@examplemail.com,9777102529,8631847702,Corporate,Individual,2024-10-18,Bronze,21103,Hindi,WhatsApp,"643, Central Colony",Phase 2,Hyderabad,Telangana,500081,India,Y,Verified,488197.90,Y,2024-10-18 09:44:00,2025-08-22 19:22:00
101314,CUST101314,Sai,Menon,Male,1967-11-03,sai.menon101314@examplemail.com,9419531202,8424785424,Corporate,Individual,2025-01-19,Gold,5587,Kannada,Email,"164, Market Road",Beside Community Park,Hyderabad,Telangana,500081,India,Y,Pending,910229.92,Y,2025-01-19 20:19:00,2025-05-25 04:17:00
101315,CUST101315,Lakshmi,Singh,Female,2000-12-19,lakshmi.singh101315@examplemail.com,9698071837,8166126260,Premium,Individual,2025-07-26,Bronze,18016,Hindi,SMS,"109, Central Colony",Beside Community Park,Mumbai,Maharashtra,400076,India,Y,Verified,214894.07,N,2025-07-26 11:29:00,2026-07-10 13:39:00
101316,CUST101316,Nikhil,Naidu,Male,1966-01-03,nikhil.naidu101316@examplemail.com,9441484195,8920723137,Retail,Individual,2026-01-03,Bronze,21745,Hindi,Phone,"154, Park Lane",,Pune,Maharashtra,411014,India,Y,Verified,20245.59,Y,2026-01-03 12:36:00,2026-01-15 22:56:00
101317,CUST101317,Bhavya,Nair,Female,1968-08-06,bhavya.nair101317@examplemail.com,9334586152,8518948481,Premium,Individual,2026-06-15,Bronze,15809,English,Email,"593, Green Hills",Phase 2,Secunderabad,Telangana,500003,India,Y,Not Required,290809.38,N,2026-06-15 14:31:00,2026-07-20 15:59:00
101318,CUST101318,Sanjay,Kulkarni,Male,1973-01-02,sanjay.kulkarni101318@examplemail.com,9323124795,8840245437,Student,Individual,2026-05-15,Gold,9352,Tamil,Phone,"405, Park Lane",Opp. City Mall,Delhi,Delhi,110017,India,Y,Verified,21731.26,N,2026-05-15 18:17:00,2026-05-17 01:25:00
101319,CUST101319,Aadhya,Mishra,Female,2004-08-03,aadhya.mishra101319@examplemail.com,9949870706,8885870876,Retail,Individual,2026-05-27,Gold,15688,Hindi,WhatsApp,"913, Green Hills",Opp. City Mall,Secunderabad,Telangana,500003,India,Y,Verified,22879.30,N,2026-05-27 11:27:00,2026-06-20 21:53:00
101320,CUST101320,Charan,Verma,Male,2003-03-06,charan.verma101320@examplemail.com,9172378451,8116280916,Premium,Individual,2024-10-07,Bronze,11124,English,Email,"605, Central Colony",,Pune,Maharashtra,411014,India,Y,Verified,296187.63,N,2024-10-07 15:50:00,2025-12-25 01:45:00
101321,CUST101321,Swathi,Mishra,Female,1995-12-25,swathi.mishra101321@examplemail.com,9431451924,8635421774,Retail,Individual,2024-12-07,Bronze,17766,Telugu,Email,"191, MG Road",Beside Community Park,Chennai,Tamil Nadu,600042,India,Y,Verified,21453.79,Y,2024-12-07 18:53:00,2025-02-13 04:55:00
101322,CUST101322,Tarun,Nair,Male,1973-12-23,tarun.nair101322@examplemail.com,9553803913,8813889832,Premium,Business,2025-07-13,Bronze,4807,Telugu,Phone,"988, River View",Phase 2,Delhi,Delhi,110017,India,Y,Verified,231340.97,Y,2025-07-13 20:10:00,2026-02-07 23:40:00
101323,CUST101323,Priya,Singh,Female,1991-04-18,priya.singh101323@examplemail.com,9875304133,8792609821,Student,Individual,2024-04-19,Bronze,17282,Tamil,Phone,"99, MG Road",Beside Community Park,Pune,Maharashtra,411014,India,Y,Verified,14837.11,Y,2024-04-19 19:36:00,2025-05-06 00:31:00
101324,CUST101324,Vaishnavi,Gupta,Female,1992-10-21,vaishnavi.gupta101324@examplemail.com,9202871652,8796245638,Senior Citizen,Individual,2025-03-26,Platinum,20206,English,WhatsApp,"160, MG Road",Opp. City Mall,Hyderabad,Telangana,500081,India,Y,Verified,53357.71,Y,2025-03-26 15:52:00,2025-08-21 20:32:00
101325,CUST101325,Meghana,Das,Female,1976-05-23,meghana.das101325@examplemail.com,9519157691,8807200581,Premium,Individual,2024-04-24,Silver,15730,Kannada,Phone,"811, Central Colony",Phase 2,Chennai,Tamil Nadu,600042,India,Y,Verified,145682.26,N,2024-04-24 09:41:00,2026-05-23 16:58:00
101326,CUST101326,Pranav,Nair,Male,1999-03-06,pranav.nair101326@examplemail.com,9594675069,8593556386,Corporate,Individual,2024-11-20,Silver,774,Hindi,Phone,"410, Green Hills",Beside Community Park,Pune,Maharashtra,411014,India,Y,Not Required,831239.14,Y,2024-11-20 18:21:00,2025-11-18 18:39:00
101327,CUST101327,Keerthi,Gupta,Female,1968-10-18,keerthi.gupta101327@examplemail.com,9292571473,8377568243,Student,Individual,2026-01-21,Bronze,10475,Telugu,SMS,"919, Park Lane",Near Metro Station,Warangal,Telangana,506002,India,Y,Verified,19577.44,Y,2026-01-21 17:26:00,2026-08-04 02:53:00
101328,CUST101328,Divya,Reddy,Female,1965-02-27,divya.reddy101328@examplemail.com,9603153312,8313903913,Retail,Individual,2024-06-04,Bronze,7908,Hindi,Phone,"184, Station Road",Near Metro Station,Secunderabad,Telangana,500003,India,Y,Not Required,59360.09,N,2024-06-04 08:38:00,2025-09-06 12:04:00
101329,CUST101329,Vijay,Kulkarni,Male,1960-06-05,vijay.kulkarni101329@examplemail.com,9613727459,8921246520,Senior Citizen,Individual,2025-07-11,Bronze,21245,Tamil,Phone,"615, Tech Park Avenue",,Visakhapatnam,Andhra Pradesh,530017,India,Y,Verified,21283.97,N,2025-07-11 12:18:00,2026-01-15 19:18:00
101330,CUST101330,Deepika,Singh,Female,1992-08-07,deepika.singh101330@examplemail.com,9568902036,8213723553,Premium,Individual,2025-09-27,Platinum,2905,English,WhatsApp,"131, River View",Phase 2,Chennai,Tamil Nadu,600042,India,Y,Verified,204687.34,N,2025-09-27 10:06:00,2025-11-03 12:16:00
101331,CUST101331,Priya,Rao,Female,1995-11-06,priya.rao101331@examplemail.com,9376684457,8751159160,Retail,Individual,2025-12-30,Platinum,10351,English,SMS,"711, Green Hills",Near Metro Station,Secunderabad,Telangana,500003,India,Y,Verified,69578.91,Y,2025-12-30 11:33:00,2026-07-15 15:31:00
101332,CUST101332,Vaishnavi,Mishra,Female,1972-07-11,vaishnavi.mishra101332@examplemail.com,9724690760,8709247272,Student,Individual,2024-03-10,Bronze,4197,Hindi,Phone,"138, Central Colony",Beside Community Park,Bengaluru,Karnataka,560037,India,Y,Pending,11051.69,Y,2024-03-10 19:50:00,2024-06-22 21:16:00
101333,CUST101333,Tarun,Gupta,Male,1996-09-02,tarun.gupta101333@examplemail.com,9498946197,8901837440,Retail,Individual,2024-08-02,Gold,23173,Hindi,SMS,"954, Green Hills",,Secunderabad,Telangana,500003,India,Y,Verified,40650.63,N,2024-08-02 20:41:00,2025-09-16 03:41:00
101334,CUST101334,Rohan,Shetty,Male,1958-11-01,rohan.shetty101334@examplemail.com,9806420448,8806914154,Retail,Individual,2024-10-04,Bronze,1927,Hindi,SMS,"370, Temple Street",Near Metro Station,Bengaluru,Karnataka,560037,India,Y,Verified,21123.29,Y,2024-10-04 15:50:00,2025-05-28 23:25:00
101335,CUST101335,Deepika,Patel,Female,1975-10-01,deepika.patel101335@examplemail.com,9564511972,8612425996,Senior Citizen,Individual,2024-10-27,Bronze,1664,English,SMS,"194, River View",Phase 2,Vijayawada,Andhra Pradesh,520010,India,Y,Verified,54776.25,Y,2024-10-27 15:43:00,2025-03-30 23:24:00
101336,CUST101336,Swathi,Rao,Female,1977-09-21,swathi.rao101336@examplemail.com,9582836613,8708085075,Corporate,Individual,2026-04-13,Silver,21017,Telugu,WhatsApp,"752, MG Road",Beside Community Park,Warangal,Telangana,506002,India,Y,Verified,712219.22,N,2026-04-13 17:00:00,2026-06-02 02:02:00
101337,CUST101337,Deepika,Kumar,Female,1964-02-05,deepika.kumar101337@examplemail.com,9726421439,8413906847,Retail,Individual,2026-03-23,Silver,5853,Telugu,SMS,"151, Tech Park Avenue",Beside Community Park,Chennai,Tamil Nadu,600042,India,Y,Verified,33691.91,N,2026-03-23 11:18:00,2026-04-01 13:28:00
101338,CUST101338,Kavya,Patel,Female,1989-07-09,kavya.patel101338@examplemail.com,9363651010,8241742136,Senior Citizen,Individual,2024-10-18,Silver,20522,English,Phone,"390, Lake View Road",Beside Community Park,Warangal,Telangana,506002,India,Y,Verified,23138.68,N,2024-10-18 14:03:00,2026-03-07 18:35:00
101339,CUST101339,Aditya,Reddy,Male,1970-05-26,aditya.reddy101339@examplemail.com,9224145979,8749111626,Premium,Individual,2024-04-07,Bronze,22275,English,Email,"326, Central Colony",,Delhi,Delhi,110017,India,Y,Verified,200798.37,N,2024-04-07 13:30:00,2025-09-11 18:55:00
101340,CUST101340,Kavya,Patel,Female,1965-06-07,kavya.patel101340@examplemail.com,9735145770,8786155074,Senior Citizen,Individual,2026-08-25,Silver,8858,Kannada,SMS,"228, Tech Park Avenue",Beside Community Park,Secunderabad,Telangana,500003,India,Y,Verified,23830.23,Y,2026-08-25 10:12:00,2026-09-11 18:27:00
101341,CUST101341,Aditya,Joshi,Male,1986-10-28,aditya.joshi101341@examplemail.com,9804628409,8106915359,Retail,Individual,2024-01-01,Platinum,24970,Kannada,Phone,"133, River View",Opp. City Mall,Chennai,Tamil Nadu,600042,India,Y,Verified,22961.42,Y,2024-01-01 11:17:00,2026-08-07 16:28:00
101342,CUST101342,Divya,Goud,Female,1993-09-04,divya.goud101342@examplemail.com,9597187545,8159176707,Corporate,Individual,2026-06-17,Bronze,16593,Telugu,Phone,"553, Station Road",,Pune,Maharashtra,411014,India,Y,Verified,206438.97,Y,2026-06-17 13:35:00,2026-07-19 20:51:00
101343,CUST101343,Vijay,Singh,Male,1976-08-22,vijay.singh101343@examplemail.com,9443395598,8400032319,Premium,Individual,2024-04-21,Bronze,4324,Tamil,SMS,"210, River View",Beside Community Park,Bengaluru,Karnataka,560037,India,Y,Verified,266829.72,N,2024-04-21 18:33:00,2025-02-11 04:36:00
101344,CUST101344,Vijay,Gupta,Male,1984-02-25,vijay.gupta101344@examplemail.com,9406770945,8587956989,Student,Individual,2024-08-08,Gold,14153,Tamil,Email,"972, MG Road",,Pune,Maharashtra,411014,India,Y,Verified,22025.55,Y,2024-08-08 17:03:00,2026-07-26 19:18:00
101345,CUST101345,Ishita,Rao,Female,1966-03-14,ishita.rao101345@examplemail.com,9427381412,8964738853,Retail,Individual,2024-08-09,Bronze,22957,Telugu,Email,"112, Lake View Road",Near Metro Station,Bengaluru,Karnataka,560037,India,Y,Verified,32231.97,N,2024-08-09 13:12:00,2025-12-11 22:08:00
101346,CUST101346,Charan,Singh,Male,2002-07-20,charan.singh101346@examplemail.com,9659751881,8672605232,Student,Individual,2025-01-28,Gold,11204,Kannada,Phone,"41, Station Road",Phase 2,Vijayawada,Andhra Pradesh,520010,India,Y,Verified,18667.24,N,2025-01-28 11:20:00,2025-04-25 16:37:00
101347,CUST101347,Harini,Naidu,Female,1975-08-21,harini.naidu101347@examplemail.com,9263242323,8993904128,Premium,Individual,2025-07-24,Silver,22181,Tamil,Phone,"385, Tech Park Avenue",Beside Community Park,Pune,Maharashtra,411014,India,Y,Verified,179285.58,N,2025-07-24 08:35:00,2025-08-13 17:25:00
101348,CUST101348,Nandini,Patel,Female,2000-08-23,nandini.patel101348@examplemail.com,9859077541,8618671921,Corporate,Individual,2024-12-04,Silver,18182,Hindi,WhatsApp,"475, Market Road",,Chennai,Tamil Nadu,600042,India,Y,Not Required,974269.36,N,2024-12-04 10:58:00,2025-06-30 13:26:00
101349,CUST101349,Kavya,Patel,Female,1968-02-12,kavya.patel101349@examplemail.com,9659386089,8297594568,Student,Individual,2025-11-10,Bronze,12248,Hindi,WhatsApp,"951, Lake View Road",Phase 2,Chennai,Tamil Nadu,600042,India,Y,Verified,12540.69,N,2025-11-10 18:29:00,2026-08-21 19:01:00
101350,CUST101350,Karthik,Iyer,Male,1998-07-10,karthik.iyer101350@examplemail.com,9981453001,8778908098,Corporate,Individual,2026-02-11,Gold,24534,Kannada,SMS,"863, Market Road",Opp. City Mall,Secunderabad,Telangana,500003,India,Y,Verified,480763.28,N,2026-02-11 18:10:00,2026-02-21 20:10:00
101351,CUST101351,Priya,Menon,Female,2004-02-08,priya.menon101351@examplemail.com,9981294721,8700989326,Senior Citizen,Individual,2024-11-15,Silver,23552,Telugu,WhatsApp,"229, MG Road",Beside Community Park,Delhi,Delhi,110017,India,Y,Verified,33127.75,N,2024-11-15 12:00:00,2025-02-15 14:38:00
101352,CUST101352,Bhavya,Menon,Female,1965-01-08,bhavya.menon101352@examplemail.com,9178391742,8101670907,Student,Individual,2024-05-02,Silver,6246,Telugu,WhatsApp,"628, Central Colony",Near Metro Station,Vijayawada,Andhra Pradesh,520010,India,Y,Rejected,13701.39,Y,2024-05-02 14:19:00,2025-06-12 17:51:00
101353,CUST101353,Vishal,Singh,Male,2003-02-09,vishal.singh101353@examplemail.com,9184210103,8453413824,Senior Citizen,Individual,2026-08-23,Silver,6945,Kannada,Phone,"999, Temple Street",Near Metro Station,Secunderabad,Telangana,500003,India,Y,Pending,40251.30,Y,2026-08-23 09:12:00,2026-09-03 09:33:00
101354,CUST101354,Aarav,Shetty,Male,1977-02-17,aarav.shetty101354@examplemail.com,9675348732,8190950748,Student,Individual,2024-12-25,Silver,2722,Tamil,WhatsApp,"280, Lake View Road",Phase 2,Bengaluru,Karnataka,560037,India,N,Verified,8068.36,Y,2024-12-25 17:13:00,2025-09-20 18:00:00
101355,CUST101355,Krishna,Sharma,Male,1964-05-28,krishna.sharma101355@examplemail.com,9689324546,8683582128,Corporate,Individual,2026-08-23,Gold,21805,Kannada,SMS,"320, River View",,Hyderabad,Telangana,500081,India,Y,Verified,597873.65,Y,2026-08-23 08:20:00,2026-08-29 18:55:00
101356,CUST101356,Sneha,Chowdary,Female,1981-04-20,sneha.chowdary101356@examplemail.com,9488468744,8885432654,Premium,Individual,2025-03-19,Bronze,16071,Hindi,WhatsApp,"781, River View",Phase 2,Mumbai,Maharashtra,400076,India,Y,Pending,135425.66,N,2025-03-19 16:57:00,2026-03-09 18:57:00
101357,CUST101357,Priya,Goud,Female,1975-12-09,priya.goud101357@examplemail.com,9787680758,8284083586,Student,Individual,2026-07-31,Bronze,15148,English,SMS,"698, Temple Street",Opp. City Mall,Secunderabad,Telangana,500003,India,Y,Verified,21356.49,Y,2026-07-31 08:09:00,2026-08-24 10:31:00
101358,CUST101358,Harini,Sharma,Female,1986-06-18,harini.sharma101358@examplemail.com,9670791225,8838413077,Premium,Individual,2024-02-23,Bronze,15620,English,Phone,"161, River View",Beside Community Park,Bengaluru,Karnataka,560037,India,Y,Verified,187068.31,Y,2024-02-23 20:48:00,2024-05-02 02:24:00
101359,CUST101359,Nikhil,Goud,Male,1964-03-12,nikhil.goud101359@examplemail.com,9667859215,8141376179,Retail,Individual,2025-08-13,Silver,8090,English,Phone,"181, Temple Street",Beside Community Park,Bengaluru,Karnataka,560037,India,Y,Verified,68751.30,N,2025-08-13 16:56:00,2026-05-07 22:42:00
101360,CUST101360,Aadhya,Kulkarni,Female,1992-09-17,aadhya.kulkarni101360@examplemail.com,9941984700,8531267468,Student,Business,2024-06-11,Bronze,13618,Telugu,Phone,"18, Green Hills",,Bengaluru,Karnataka,560037,India,Y,Verified,13941.18,Y,2024-06-11 20:56:00,2025-02-24 23:09:00
101361,CUST101361,Ishita,Sharma,Female,1999-05-07,ishita.sharma101361@examplemail.com,9667729319,8594584509,Student,Individual,2024-12-29,Bronze,20929,Hindi,WhatsApp,"39, MG Road",,Pune,Maharashtra,411014,India,N,Verified,24354.30,Y,2024-12-29 08:56:00,2025-01-27 14:04:00
101362,CUST101362,Sahithi,Das,Female,1960-08-20,sahithi.das101362@examplemail.com,9978385030,8696642472,Student,Individual,2026-06-28,Bronze,3845,Telugu,WhatsApp,"698, Temple Street",Opp. City Mall,Bengaluru,Karnataka,560037,India,Y,Verified,6181.75,Y,2026-06-28 16:13:00,2026-07-17 21:39:00
101363,CUST101363,Neha,Iyer,Female,1977-11-10,neha.iyer101363@examplemail.com,9729580336,8818921158,Student,Individual,2026-09-11,Silver,450,Kannada,Phone,"841, Park Lane",Phase 2,Chennai,Tamil Nadu,600042,India,Y,Verified,17236.99,N,2026-09-11 10:56:00,2026-09-12 15:54:00
101364,CUST101364,Akash,Menon,Male,1965-02-21,akash.menon101364@examplemail.com,9187827610,8378143566,Retail,Individual,2024-04-24,Bronze,502,Kannada,Phone,"111, Central Colony",Opp. City Mall,Warangal,Telangana,506002,India,Y,Verified,62248.02,Y,2024-04-24 15:31:00,2024-11-29 19:48:00
101365,CUST101365,Divya,Kumar,Female,1990-11-18,divya.kumar101365@examplemail.com,9246523709,8312423959,Senior Citizen,Individual,2026-01-30,Bronze,24229,Kannada,WhatsApp,"311, Temple Street",Phase 2,Hyderabad,Telangana,500081,India,Y,Verified,27819.79,N,2026-01-30 10:06:00,2026-08-30 11:04:00
101366,CUST101366,Tarun,Sharma,Male,2000-08-04,tarun.sharma101366@examplemail.com,9296665298,8799111974,Student,Individual,2025-05-22,Silver,11323,Telugu,SMS,"28, Temple Street",Phase 2,Mumbai,Maharashtra,400076,India,Y,Verified,23209.40,N,2025-05-22 11:08:00,2025-12-17 12:52:00
101367,CUST101367,Keerthi,Nair,Female,1960-09-05,keerthi.nair101367@examplemail.com,9712253370,8586440813,Student,Individual,2026-07-27,Bronze,23037,Hindi,Phone,"966, MG Road",,Visakhapatnam,Andhra Pradesh,530017,India,Y,Verified,24546.87,N,2026-07-27 10:30:00,2026-08-04 10:36:00
101368,CUST101368,Bhavya,Verma,Female,1983-12-03,bhavya.verma101368@examplemail.com,9477852760,8291934618,Premium,Individual,2026-08-28,Silver,3466,Kannada,SMS,"785, River View",,Vijayawada,Andhra Pradesh,520010,India,Y,Verified,284269.94,Y,2026-08-28 10:20:00,2026-09-05 16:39:00
101369,CUST101369,Akash,Singh,Male,1975-06-02,akash.singh101369@examplemail.com,9656657320,8367586492,Senior Citizen,Individual,2026-06-21,Bronze,20915,Telugu,WhatsApp,"549, MG Road",Near Metro Station,Visakhapatnam,Andhra Pradesh,530017,India,Y,Pending,37688.00,Y,2026-06-21 12:09:00,2026-08-08 15:03:00
101370,CUST101370,Varun,Kumar,Male,1960-12-19,varun.kumar101370@examplemail.com,9949010742,8345988394,Retail,Individual,2026-03-24,Bronze,19884,Tamil,WhatsApp,"595, Central Colony",Beside Community Park,Pune,Maharashtra,411014,India,Y,Verified,45009.59,Y,2026-03-24 18:38:00,2026-06-04 04:45:00
101371,CUST101371,Pooja,Nair,Female,1975-04-03,pooja.nair101371@examplemail.com,9218041921,8530140303,Student,Individual,2026-07-05,Gold,5935,Tamil,WhatsApp,"85, Lake View Road",Opp. City Mall,Warangal,Telangana,506002,India,Y,Verified,18505.99,Y,2026-07-05 19:23:00,2026-07-18 22:25:00
101372,CUST101372,Rahul,Das,Male,1996-07-07,rahul.das101372@examplemail.com,9556883830,8955062937,Senior Citizen,Individual,2025-05-09,Bronze,22840,English,Email,"181, River View",,Chennai,Tamil Nadu,600042,India,Y,Verified,46140.29,N,2025-05-09 09:53:00,2025-09-04 17:42:00
101373,CUST101373,Vijay,Mishra,Male,1979-06-01,vijay.mishra101373@examplemail.com,9751203169,8223289016,Student,Individual,2025-09-02,Bronze,3907,Kannada,Phone,"550, MG Road",Beside Community Park,Visakhapatnam,Andhra Pradesh,530017,India,Y,Not Required,17925.12,N,2025-09-02 10:25:00,2026-09-03 18:36:00
101374,CUST101374,Pranav,Shetty,Male,1961-01-05,pranav.shetty101374@examplemail.com,9958555637,8528428019,Premium,Business,2025-11-07,Bronze,13018,Kannada,Email,"245, Tech Park Avenue",,Warangal,Telangana,506002,India,Y,Verified,114124.11,N,2025-11-07 09:45:00,2026-04-12 13:18:00
101375,CUST101375,Harini,Patel,Female,1987-05-22,harini.patel101375@examplemail.com,9106672674,8209586084,Student,Individual,2025-02-08,Platinum,5275,Tamil,SMS,"861, Park Lane",Near Metro Station,Mumbai,Maharashtra,400076,India,Y,Verified,24242.40,Y,2025-02-08 08:27:00,2025-02-15 15:03:00
101376,CUST101376,Vijay,Sharma,Male,1978-08-02,vijay.sharma101376@examplemail.com,9137287017,8623820721,Senior Citizen,Individual,2024-03-17,Silver,21741,Hindi,Email,"297, River View",Phase 2,Visakhapatnam,Andhra Pradesh,530017,India,Y,Pending,13741.27,N,2024-03-17 19:26:00,2025-01-22 20:43:00
101377,CUST101377,Nikhil,Shetty,Male,1998-10-25,nikhil.shetty101377@examplemail.com,9480574584,8579845033,Senior Citizen,Individual,2024-08-02,Bronze,18831,Telugu,SMS,"624, MG Road",Phase 2,Pune,Maharashtra,411014,India,Y,Pending,11689.24,N,2024-08-02 14:25:00,2024-12-03 20:30:00
101378,CUST101378,Sanjay,Singh,Male,1997-04-11,sanjay.singh101378@examplemail.com,9656173348,8823689856,Student,Individual,2025-05-10,Silver,22486,Hindi,Email,"119, Park Lane",Beside Community Park,Bengaluru,Karnataka,560037,India,Y,Verified,15766.65,Y,2025-05-10 13:20:00,2026-05-22 14:26:00
101379,CUST101379,Meghana,Naidu,Female,2001-11-27,meghana.naidu101379@examplemail.com,9310409745,8311094158,Corporate,Individual,2025-11-28,Platinum,9283,English,Email,"889, Central Colony",Beside Community Park,Visakhapatnam,Andhra Pradesh,530017,India,Y,Pending,341093.31,Y,2025-11-28 10:21:00,2026-04-27 11:23:00
101380,CUST101380,Rohan,Sharma,Male,1991-09-19,rohan.sharma101380@examplemail.com,9641811171,8521488059,Premium,Individual,2025-07-30,Bronze,10769,Kannada,SMS,"393, Park Lane",,Bengaluru,Karnataka,560037,India,Y,Pending,204431.42,Y,2025-07-30 18:53:00,2026-09-14 19:59:00
101381,CUST101381,Aditya,Rao,Male,1994-05-14,aditya.rao101381@examplemail.com,9639635459,8635543081,Premium,Individual,2025-06-04,Silver,7468,Hindi,Phone,"731, Central Colony",,Mumbai,Maharashtra,400076,India,Y,Verified,100499.04,N,2025-06-04 12:58:00,2026-03-30 20:56:00
101382,CUST101382,Aadhya,Patel,Female,1955-03-06,aadhya.patel101382@examplemail.com,9605771810,8358895544,Senior Citizen,Individual,2026-09-11,Silver,10570,Tamil,Email,"857, Lake View Road",,Warangal,Telangana,506002,India,Y,Pending,53354.32,Y,2026-09-11 08:19:00,2026-09-11 10:13:00
101383,CUST101383,Vijay,Joshi,Male,1961-02-05,vijay.joshi101383@examplemail.com,9698039563,8389283572,Senior Citizen,Individual,2024-04-09,Silver,17598,English,SMS,"32, Station Road",Near Metro Station,Warangal,Telangana,506002,India,Y,Verified,32319.59,N,2024-04-09 18:28:00,2024-06-24 18:58:00
101384,CUST101384,Rahul,Mishra,Male,1956-12-18,rahul.mishra101384@examplemail.com,9899214987,8993233765,Senior Citizen,Individual,2024-07-12,Bronze,4148,Hindi,Phone,"610, Lake View Road",Near Metro Station,Visakhapatnam,Andhra Pradesh,530017,India,Y,Verified,30222.57,N,2024-07-12 08:55:00,2026-02-03 19:32:00
101385,CUST101385,Divya,Shetty,Female,1976-05-05,divya.shetty101385@examplemail.com,9723745753,8351710373,Corporate,Individual,2025-07-20,Bronze,22446,Tamil,Email,"478, MG Road",Phase 2,Visakhapatnam,Andhra Pradesh,530017,India,Y,Verified,214326.17,N,2025-07-20 12:30:00,2025-12-27 19:42:00
101386,CUST101386,Rohan,Naidu,Male,1956-05-09,rohan.naidu101386@examplemail.com,9308136195,8656312321,Retail,Individual,2026-07-07,Silver,11506,Telugu,Phone,"75, Park Lane",Opp. City Mall,Secunderabad,Telangana,500003,India,Y,Verified,55516.62,Y,2026-07-07 11:51:00,2026-07-28 13:51:00
101387,CUST101387,Kavya,Das,Female,1975-07-08,kavya.das101387@examplemail.com,9832231532,8818098260,Premium,Business,2024-07-28,Bronze,24667,Kannada,WhatsApp,"147, MG Road",Phase 2,Hyderabad,Telangana,500081,India,Y,Verified,286274.73,Y,2024-07-28 20:08:00,2024-09-27 04:45:00
101388,CUST101388,Bhavya,Naidu,Female,1959-07-25,bhavya.naidu101388@examplemail.com,9620413451,8584927267,Premium,Individual,2024-06-18,Bronze,13212,English,WhatsApp,"424, Lake View Road",Opp. City Mall,Mumbai,Maharashtra,400076,India,Y,Verified,186973.90,Y,2024-06-18 15:45:00,2025-03-08 00:46:00
101389,CUST101389,Sai,Yadav,Male,2000-02-21,sai.yadav101389@examplemail.com,9291954557,8365582787,Student,Individual,2024-07-07,Bronze,13455,Hindi,Phone,"573, River View",Beside Community Park,Secunderabad,Telangana,500003,India,Y,Verified,21893.71,Y,2024-07-07 08:31:00,2026-08-20 11:25:00
101390,CUST101390,Aditya,Reddy,Male,2000-12-14,aditya.reddy101390@examplemail.com,9151901054,8171637895,Premium,Individual,2025-10-15,Bronze,7711,Kannada,WhatsApp,"611, Lake View Road",Phase 2,Chennai,Tamil Nadu,600042,India,Y,Verified,117526.23,Y,2025-10-15 14:53:00,2025-11-22 20:14:00
101391,CUST101391,Charan,Verma,Male,1988-06-24,charan.verma101391@examplemail.com,9149433560,8872796578,Corporate,Individual,2025-08-31,Silver,10054,Telugu,Email,"515, Market Road",Opp. City Mall,Vijayawada,Andhra Pradesh,520010,India,Y,Verified,596054.79,N,2025-08-31 08:57:00,2026-03-21 10:39:00
101392,CUST101392,Ananya,Mishra,Female,1995-02-03,ananya.mishra101392@examplemail.com,9232028370,8572242029,Corporate,Individual,2024-11-28,Silver,9963,Telugu,Email,"297, Temple Street",Beside Community Park,Mumbai,Maharashtra,400076,India,Y,Verified,795019.43,N,2024-11-28 14:29:00,2025-12-25 00:31:00
101393,CUST101393,Divya,Chowdary,Female,1978-07-19,divya.chowdary101393@examplemail.com,9371927522,8962717179,Senior Citizen,Individual,2025-07-27,Silver,9824,English,SMS,"861, MG Road",,Warangal,Telangana,506002,India,N,Rejected,30368.63,N,2025-07-27 11:08:00,2026-05-13 12:03:00
101394,CUST101394,Meghana,Kumar,Female,1994-04-03,meghana.kumar101394@examplemail.com,9351284607,8540170145,Senior Citizen,Individual,2025-05-22,Bronze,2298,Hindi,Email,"71, MG Road",Opp. City Mall,Pune,Maharashtra,411014,India,Y,Verified,57878.56,Y,2025-05-22 14:57:00,2025-08-27 18:03:00
101395,CUST101395,Rahul,Singh,Male,1978-05-24,rahul.singh101395@examplemail.com,9608186336,8139519753,Student,Individual,2026-05-16,Silver,8957,Kannada,Phone,"841, Market Road",,Warangal,Telangana,506002,India,Y,Verified,6018.20,N,2026-05-16 14:48:00,2026-06-11 20:30:00
101396,CUST101396,Aarav,Gupta,Male,1999-12-11,aarav.gupta101396@examplemail.com,9124670862,8179937042,Corporate,Individual,2025-11-29,Platinum,12011,Hindi,Phone,"928, Station Road",Beside Community Park,Warangal,Telangana,506002,India,Y,Verified,470830.42,N,2025-11-29 16:13:00,2026-01-07 01:30:00
101397,CUST101397,Varun,Naidu,Male,1956-12-19,varun.naidu101397@examplemail.com,9673373245,8947221260,Retail,Individual,2024-09-30,Gold,8252,Kannada,WhatsApp,"710, Market Road",Beside Community Park,Pune,Maharashtra,411014,India,Y,Verified,43387.97,Y,2024-09-30 13:55:00,2025-05-21 21:42:00
101398,CUST101398,Lakshmi,Kumar,Female,1969-04-28,lakshmi.kumar101398@examplemail.com,9949470687,8380806448,Corporate,Individual,2025-09-14,Gold,11298,Hindi,Phone,"673, Tech Park Avenue",Opp. City Mall,Secunderabad,Telangana,500003,India,Y,Verified,761516.84,N,2025-09-14 11:38:00,2026-04-23 11:41:00
101399,CUST101399,Vaishnavi,Gupta,Female,1983-06-18,vaishnavi.gupta101399@examplemail.com,9737523597,8910755667,Student,Individual,2026-01-29,Gold,6965,Telugu,Phone,"338, Park Lane",Phase 2,Vijayawada,Andhra Pradesh,520010,India,Y,Verified,14326.69,N,2026-01-29 13:14:00,2026-04-28 17:47:00
101400,CUST101400,Aishwarya,Das,Female,1985-04-03,aishwarya.das101400@examplemail.com,9967608787,8799154006,Student,Individual,2025-01-07,Bronze,10226,Telugu,WhatsApp,"359, Lake View Road",Beside Community Park,Chennai,Tamil Nadu,600042,India,Y,Verified,7042.79,Y,2025-01-07 12:44:00,2026-06-30 16:07:00
101401,CUST101401,Kavya,Rao,Female,1997-06-27,kavya.rao101401@examplemail.com,9122978340,8450392435,Student,Individual,2025-05-27,Bronze,22391,Hindi,WhatsApp,"566, Temple Street",Near Metro Station,Bengaluru,Karnataka,560037,India,Y,Verified,10996.78,Y,2025-05-27 17:46:00,2025-09-15 01:37:00
101402,CUST101402,Neha,Gupta,Female,1966-09-24,neha.gupta101402@examplemail.com,9374986085,8123548357,Senior Citizen,Individual,2024-01-04,Silver,21532,Hindi,SMS,"599, Green Hills",Beside Community Park,Bengaluru,Karnataka,560037,India,Y,Verified,45547.99,Y,2024-01-04 09:12:00,2026-07-13 16:46:00
101403,CUST101403,Arjun,Kumar,Male,2005-07-09,arjun.kumar101403@examplemail.com,9278747995,8960018142,Senior Citizen,Individual,2025-08-19,Bronze,19467,Tamil,WhatsApp,"849, Central Colony",Opp. City Mall,Bengaluru,Karnataka,560037,India,Y,Verified,40761.40,Y,2025-08-19 17:23:00,2026-09-08 19:43:00
101404,CUST101404,Deepika,Chowdary,Female,1973-02-12,deepika.chowdary101404@examplemail.com,9337458331,8233574939,Premium,Business,2026-08-28,Silver,14051,Kannada,SMS,"365, Station Road",Opp. City Mall,Warangal,Telangana,506002,India,Y,Pending,171794.88,N,2026-08-28 13:45:00,2026-09-10 20:04:00
101405,CUST101405,Vishal,Gupta,Male,1992-12-21,vishal.gupta101405@examplemail.com,9671607098,8537959711,Student,Individual,2025-07-07,Platinum,3871,Hindi,Phone,"510, Tech Park Avenue",Near Metro Station,Delhi,Delhi,110017,India,Y,Verified,21388.11,Y,2025-07-07 10:57:00,2025-11-27 16:28:00
101406,CUST101406,Manish,Naidu,Male,2001-10-05,manish.naidu101406@examplemail.com,9696623064,8103947783,Corporate,Individual,2025-09-14,Silver,13414,Kannada,SMS,"997, Lake View Road",Beside Community Park,Mumbai,Maharashtra,400076,India,Y,Not Required,624961.47,N,2025-09-14 20:31:00,2026-01-26 23:45:00
101407,CUST101407,Divya,Menon,Female,1987-09-26,divya.menon101407@examplemail.com,9758412755,8847624102,Premium,Business,2025-03-01,Bronze,24384,Telugu,Phone,"920, Lake View Road",Near Metro Station,Visakhapatnam,Andhra Pradesh,530017,India,Y,Verified,152358.27,N,2025-03-01 15:13:00,2025-09-16 16:12:00
101408,CUST101408,Divya,Verma,Female,1992-08-20,divya.verma101408@examplemail.com,9355703168,8837424418,Retail,Individual,2026-04-07,Bronze,23278,English,SMS,"868, Lake View Road",Beside Community Park,Bengaluru,Karnataka,560037,India,Y,Verified,23539.46,Y,2026-04-07 19:24:00,2026-09-09 00:40:00
101409,CUST101409,Rahul,Kulkarni,Male,1956-06-15,rahul.kulkarni101409@examplemail.com,9250325174,8974854794,Corporate,Individual,2024-11-28,Bronze,21222,Kannada,WhatsApp,"144, Lake View Road",Near Metro Station,Mumbai,Maharashtra,400076,India,Y,Verified,614981.29,Y,2024-11-28 09:08:00,2025-03-26 19:33:00
101410,CUST101410,Surya,Singh,Male,1964-10-12,surya.singh101410@examplemail.com,9139479956,8540649702,Retail,Individual,2026-05-25,Bronze,47,Kannada,Phone,"863, Green Hills",,Warangal,Telangana,506002,India,Y,Verified,24562.86,Y,2026-05-25 10:06:00,2026-06-23 20:35:00
101411,CUST101411,Rahul,Joshi,Male,1957-12-18,rahul.joshi101411@examplemail.com,9473114541,8977402431,Premium,Business,2025-06-29,Platinum,9897,Tamil,Email,"904, Central Colony",Phase 2,Chennai,Tamil Nadu,600042,India,N,Verified,220929.55,N,2025-06-29 18:42:00,2026-02-07 20:12:00
101412,CUST101412,Rohan,Verma,Male,1996-05-24,rohan.verma101412@examplemail.com,9820680225,8430534393,Retail,Individual,2025-11-08,Bronze,12170,Hindi,Email,"68, Market Road",Opp. City Mall,Vijayawada,Andhra Pradesh,520010,India,Y,Verified,18895.75,Y,2025-11-08 19:10:00,2026-04-27 20:57:00
101413,CUST101413,Surya,Mishra,Male,1990-02-28,surya.mishra101413@examplemail.com,9583872083,8564074518,Senior Citizen,Individual,2025-01-20,Silver,3285,Telugu,Phone,"972, MG Road",Opp. City Mall,Vijayawada,Andhra Pradesh,520010,India,Y,Verified,11211.14,Y,2025-01-20 08:08:00,2025-09-30 14:53:00
101414,CUST101414,Harini,Verma,Female,1973-06-16,harini.verma101414@examplemail.com,9488410017,8922207819,Senior Citizen,Individual,2025-10-11,Bronze,5042,Telugu,Email,"947, Station Road",Opp. City Mall,Bengaluru,Karnataka,560037,India,Y,Verified,10262.10,N,2025-10-11 19:25:00,2025-12-17 02:47:00
101415,CUST101415,Harini,Sharma,Female,1956-09-21,harini.sharma101415@examplemail.com,9967396172,8470251486,Senior Citizen,Individual,2024-12-13,Gold,11467,English,WhatsApp,"326, River View",Beside Community Park,Pune,Maharashtra,411014,India,Y,Verified,17440.69,Y,2024-12-13 09:53:00,2026-05-06 10:50:00
101416,CUST101416,Pranav,Singh,Male,1974-11-12,pranav.singh101416@examplemail.com,9635693487,8769537383,Retail,Individual,2025-03-01,Bronze,897,Hindi,Email,"472, River View",Phase 2,Delhi,Delhi,110017,India,Y,Verified,21758.98,N,2025-03-01 12:39:00,2026-06-30 17:46:00
101417,CUST101417,Ishita,Nair,Female,1974-10-01,ishita.nair101417@examplemail.com,9227042935,8712610692,Retail,Individual,2025-02-13,Silver,9961,Kannada,WhatsApp,"497, Market Road",Near Metro Station,Pune,Maharashtra,411014,India,Y,Verified,11698.81,Y,2025-02-13 11:18:00,2025-03-21 13:41:00
101418,CUST101418,Keerthi,Yadav,Female,1977-04-20,keerthi.yadav101418@examplemail.com,9206243618,8833983680,Corporate,Individual,2025-09-12,Silver,20425,Telugu,Phone,"84, River View",Phase 2,Pune,Maharashtra,411014,India,Y,Verified,507418.47,Y,2025-09-12 14:08:00,2025-10-28 16:00:00
101419,CUST101419,Sanjay,Singh,Male,1989-10-23,sanjay.singh101419@examplemail.com,9761507414,8845878314,Senior Citizen,Individual,2024-08-14,Bronze,1039,Kannada,SMS,"173, River View",Near Metro Station,Vijayawada,Andhra Pradesh,520010,India,Y,Verified,28073.71,Y,2024-08-14 20:21:00,2026-06-17 05:01:00
101420,CUST101420,Charan,Patel,Male,1995-07-02,charan.patel101420@examplemail.com,9775691819,8101979323,Retail,Individual,2026-06-30,Gold,12412,Hindi,SMS,"970, River View",,Visakhapatnam,Andhra Pradesh,530017,India,N,Verified,51124.12,N,2026-06-30 20:48:00,2026-09-07 22:01:00
101421,CUST101421,Divya,Iyer,Female,1969-09-19,divya.iyer101421@examplemail.com,9440191373,8866947045,Premium,Individual,2026-04-23,Bronze,17095,Tamil,SMS,"326, MG Road",Beside Community Park,Bengaluru,Karnataka,560037,India,Y,Not Required,208727.58,N,2026-04-23 10:38:00,2026-08-14 19:19:00
101422,CUST101422,Karthik,Nair,Male,1964-04-25,karthik.nair101422@examplemail.com,9858149053,8604496494,Corporate,Individual,2026-04-29,Gold,16138,Hindi,Email,"281, MG Road",Phase 2,Delhi,Delhi,110017,India,Y,Verified,462642.26,N,2026-04-29 13:07:00,2026-08-08 21:46:00
101423,CUST101423,Priya,Mishra,Female,1996-02-28,priya.mishra101423@examplemail.com,9924719234,8399533578,Retail,Individual,2026-05-06,Platinum,20065,Hindi,WhatsApp,"599, River View",,Delhi,Delhi,110017,India,Y,Verified,14378.09,Y,2026-05-06 09:29:00,2026-06-25 11:54:00
101424,CUST101424,Tarun,Das,Male,1988-01-15,tarun.das101424@examplemail.com,9209569322,8228668505,Student,Individual,2024-12-23,Gold,8901,English,WhatsApp,"617, Station Road",Opp. City Mall,Hyderabad,Telangana,500081,India,Y,Not Required,24035.59,N,2024-12-23 16:32:00,2026-09-06 02:06:00
101425,CUST101425,Vishal,Nair,Male,2002-11-24,vishal.nair101425@examplemail.com,9868949915,8355624383,Retail,Individual,2025-05-12,Gold,10647,Hindi,Phone,"10, Green Hills",Phase 2,Secunderabad,Telangana,500003,India,Y,Verified,38731.68,Y,2025-05-12 20:37:00,2026-07-25 04:49:00
101426,CUST101426,Harini,Chowdary,Female,1986-12-27,harini.chowdary101426@examplemail.com,9590920365,8890280571,Student,Individual,2024-09-05,Silver,22408,Hindi,SMS,"475, Station Road",,Warangal,Telangana,506002,India,Y,Verified,14045.73,N,2024-09-05 08:15:00,2025-12-12 15:47:00
101427,CUST101427,Vaishnavi,Nair,Female,1966-01-26,vaishnavi.nair101427@examplemail.com,9607950545,8117134805,Student,Individual,2024-01-25,Bronze,6017,Tamil,Email,"693, MG Road",Beside Community Park,Vijayawada,Andhra Pradesh,520010,India,Y,Not Required,11945.83,Y,2024-01-25 14:01:00,2024-02-12 17:46:00
101428,CUST101428,Aditya,Chowdary,Male,1996-07-20,aditya.chowdary101428@examplemail.com,9188907157,8341298007,Senior Citizen,Individual,2025-10-11,Silver,4181,Kannada,Email,"525, Lake View Road",Opp. City Mall,Mumbai,Maharashtra,400076,India,Y,Verified,57933.43,N,2025-10-11 10:04:00,2026-04-28 15:06:00
101429,CUST101429,Ishita,Verma,Female,2003-09-09,ishita.verma101429@examplemail.com,9372977885,8677747367,Corporate,Individual,2024-10-26,Platinum,11571,English,WhatsApp,"40, MG Road",,Mumbai,Maharashtra,400076,India,Y,Verified,246292.84,Y,2024-10-26 08:34:00,2025-10-15 10:58:00
101430,CUST101430,Aadhya,Yadav,Female,1970-06-01,aadhya.yadav101430@examplemail.com,9121837621,8708939021,Corporate,Individual,2025-01-10,Silver,10538,Telugu,Phone,"864, Station Road",Near Metro Station,Pune,Maharashtra,411014,India,Y,Not Required,852065.62,N,2025-01-10 18:04:00,2025-09-28 03:23:00
101431,CUST101431,Pranav,Naidu,Male,1959-06-18,pranav.naidu101431@examplemail.com,9809312229,8404914787,Student,Individual,2024-08-31,Bronze,2121,English,WhatsApp,"403, MG Road",Near Metro Station,Pune,Maharashtra,411014,India,Y,Pending,18660.46,N,2024-08-31 14:43:00,2026-08-10 16:19:00
101432,CUST101432,Aarav,Reddy,Male,2000-09-11,aarav.reddy101432@examplemail.com,9166644968,8220727725,Student,Individual,2026-05-06,Platinum,3693,Hindi,WhatsApp,"924, Lake View Road",Near Metro Station,Visakhapatnam,Andhra Pradesh,530017,India,Y,Rejected,21271.45,N,2026-05-06 19:27:00,2026-06-13 23:11:00
101433,CUST101433,Rohan,Rao,Male,1966-04-22,rohan.rao101433@examplemail.com,9722519949,8815343322,Student,Individual,2024-11-24,Silver,12091,English,Email,"540, Lake View Road",,Chennai,Tamil Nadu,600042,India,Y,Verified,6872.55,Y,2024-11-24 12:08:00,2025-07-24 21:41:00
101434,CUST101434,Krishna,Singh,Male,1969-07-26,krishna.singh101434@examplemail.com,9398847155,8582860496,Premium,Individual,2026-08-28,Bronze,23350,Kannada,Phone,"199, Green Hills",Opp. City Mall,Vijayawada,Andhra Pradesh,520010,India,Y,Verified,129301.14,Y,2026-08-28 14:45:00,2026-09-06 18:59:00
101435,CUST101435,Divya,Verma,Female,1960-11-09,divya.verma101435@examplemail.com,9626423886,8664027032,Corporate,Individual,2025-05-14,Silver,2089,Hindi,SMS,"997, Green Hills",,Secunderabad,Telangana,500003,India,Y,Verified,886758.60,Y,2025-05-14 14:23:00,2025-09-14 18:58:00
101436,CUST101436,Pooja,Patel,Female,2002-02-14,pooja.patel101436@examplemail.com,9722522485,8551801682,Premium,Individual,2024-01-01,Bronze,16534,Hindi,SMS,"818, MG Road",Beside Community Park,Pune,Maharashtra,411014,India,Y,Pending,204410.38,N,2024-01-01 16:09:00,2026-07-04 19:42:00
101437,CUST101437,Surya,Kumar,Male,1979-06-14,surya.kumar101437@examplemail.com,9378266240,8553942434,Corporate,Individual,2024-03-18,Gold,14843,English,WhatsApp,"519, Temple Street",Phase 2,Secunderabad,Telangana,500003,India,Y,Verified,591556.55,Y,2024-03-18 18:36:00,2024-09-28 01:22:00
101438,CUST101438,Divya,Verma,Female,1995-12-19,divya.verma101438@examplemail.com,9165827723,8196953945,Student,Individual,2024-10-28,Bronze,9198,Hindi,Phone,"59, Temple Street",Beside Community Park,Bengaluru,Karnataka,560037,India,Y,Verified,13419.42,N,2024-10-28 12:18:00,2025-07-09 21:55:00
101439,CUST101439,Rahul,Menon,Male,1964-08-09,rahul.menon101439@examplemail.com,9260808445,8771139152,Corporate,Individual,2025-01-09,Bronze,5156,Kannada,WhatsApp,"999, Central Colony",Opp. City Mall,Vijayawada,Andhra Pradesh,520010,India,Y,Verified,922774.40,Y,2025-01-09 17:40:00,2026-02-24 21:13:00
101440,CUST101440,Aarav,Shetty,Male,1958-04-06,aarav.shetty101440@examplemail.com,9401599882,8724086522,Retail,Business,2025-06-05,Gold,2406,Kannada,Email,"973, Station Road",Opp. City Mall,Visakhapatnam,Andhra Pradesh,530017,India,Y,Verified,54102.49,N,2025-06-05 15:36:00,2025-09-22 19:45:00
101441,CUST101441,Vaishnavi,Kumar,Female,1984-01-25,vaishnavi.kumar101441@examplemail.com,9789003539,8656924033,Premium,Individual,2026-03-30,Platinum,20525,Kannada,Phone,"910, Lake View Road",Beside Community Park,Warangal,Telangana,506002,India,Y,Pending,103255.15,N,2026-03-30 14:30:00,2026-07-17 17:17:00
101442,CUST101442,Kavya,Mishra,Female,1958-03-01,kavya.mishra101442@examplemail.com,9754134766,8907209860,Student,Individual,2025-03-15,Silver,18528,Telugu,SMS,"157, Station Road",Beside Community Park,Hyderabad,Telangana,500081,India,Y,Verified,21414.83,Y,2025-03-15 17:21:00,2025-06-26 19:23:00
101443,CUST101443,Nikhil,Patel,Male,1991-07-03,nikhil.patel101443@examplemail.com,9908120279,8950986572,Senior Citizen,Individual,2025-11-03,Bronze,20484,Hindi,Email,"832, Lake View Road",Beside Community Park,Chennai,Tamil Nadu,600042,India,Y,Verified,36188.17,N,2025-11-03 13:50:00,2026-06-01 21:02:00
101444,CUST101444,Vaishnavi,Menon,Female,1975-03-17,vaishnavi.menon101444@examplemail.com,9612519520,8399123482,Corporate,Individual,2024-04-01,Bronze,7609,Hindi,Phone,"946, Central Colony",,Bengaluru,Karnataka,560037,India,Y,Verified,291650.05,Y,2024-04-01 08:30:00,2024-08-12 12:34:00
101445,CUST101445,Nandini,Verma,Female,1964-11-17,nandini.verma101445@examplemail.com,9474575468,8662171428,Student,Individual,2026-05-14,Platinum,19448,Hindi,Phone,"405, Park Lane",,Chennai,Tamil Nadu,600042,India,Y,Verified,10055.92,N,2026-05-14 15:00:00,2026-09-10 18:12:00
101446,CUST101446,Meghana,Menon,Female,1956-09-21,meghana.menon101446@examplemail.com,9752071360,8423513772,Senior Citizen,Individual,2025-09-22,Gold,22696,Kannada,WhatsApp,"364, Lake View Road",Near Metro Station,Bengaluru,Karnataka,560037,India,Y,Verified,37359.67,Y,2025-09-22 10:10:00,2025-11-20 16:37:00
101447,CUST101447,Akash,Rao,Male,1970-09-19,akash.rao101447@examplemail.com,9902820717,8237144533,Retail,Individual,2026-08-28,Silver,950,English,SMS,"565, Tech Park Avenue",Opp. City Mall,Vijayawada,Andhra Pradesh,520010,India,Y,Pending,29785.67,Y,2026-08-28 12:05:00,2026-09-14 15:33:00
101448,CUST101448,Rohan,Naidu,Male,1987-08-19,rohan.naidu101448@examplemail.com,9218354933,8583154512,Retail,Individual,2024-01-05,Silver,11320,Kannada,SMS,"601, MG Road",Phase 2,Warangal,Telangana,506002,India,Y,Pending,51256.11,Y,2024-01-05 17:46:00,2025-03-15 22:07:00
101449,CUST101449,Charan,Chowdary,Male,1960-03-04,charan.chowdary101449@examplemail.com,9319917783,8400686620,Corporate,Individual,2025-05-01,Platinum,9336,Telugu,Email,"550, Market Road",Opp. City Mall,Delhi,Delhi,110017,India,Y,Verified,683283.67,N,2025-05-01 19:53:00,2025-11-28 01:16:00
101450,CUST101450,Sneha,Reddy,Female,1986-12-28,sneha.reddy101450@examplemail.com,9289017946,8942327535,Corporate,Individual,2026-03-26,Silver,17216,Tamil,Email,"329, Temple Street",Opp. City Mall,Warangal,Telangana,506002,India,Y,Verified,496981.22,Y,2026-03-26 10:29:00,2026-04-29 16:29:00
101451,CUST101451,Rahul,Goud,Male,1990-03-05,rahul.goud101451@examplemail.com,9741910118,8625397926,Student,Individual,2025-01-06,Bronze,5444,Kannada,Email,"12, Central Colony",Near Metro Station,Mumbai,Maharashtra,400076,India,Y,Verified,11337.09,Y,2025-01-06 11:32:00,2025-05-27 21:04:00
101452,CUST101452,Nandini,Goud,Female,2000-11-21,nandini.goud101452@examplemail.com,9162336301,8642107098,Retail,Individual,2026-06-06,Silver,20807,Hindi,Email,"367, Tech Park Avenue",Opp. City Mall,Secunderabad,Telangana,500003,India,Y,Verified,13109.08,N,2026-06-06 09:27:00,2026-07-04 12:02:00
101453,CUST101453,Swathi,Chowdary,Female,1998-02-01,swathi.chowdary101453@examplemail.com,9831262637,8963389753,Retail,Individual,2024-04-22,Gold,22869,English,SMS,"556, Central Colony",,Secunderabad,Telangana,500003,India,Y,Verified,38995.39,N,2024-04-22 16:57:00,2026-02-10 17:58:00
101454,CUST101454,Harini,Rao,Female,1977-05-19,harini.rao101454@examplemail.com,9546502386,8661466245,Corporate,Individual,2026-03-14,Bronze,8688,Hindi,Email,"386, Park Lane",Opp. City Mall,Hyderabad,Telangana,500081,India,Y,Verified,775760.56,Y,2026-03-14 13:21:00,2026-03-24 19:20:00
101455,CUST101455,Swathi,Reddy,Female,1990-06-23,swathi.reddy101455@examplemail.com,9272795409,8357779862,Corporate,Individual,2025-09-17,Gold,12174,Telugu,WhatsApp,"801, Market Road",,Warangal,Telangana,506002,India,Y,Verified,685387.02,Y,2025-09-17 15:45:00,2026-02-25 01:22:00
101456,CUST101456,Karthik,Rao,Male,1994-10-01,karthik.rao101456@examplemail.com,9190605692,8545351303,Premium,Individual,2024-05-08,Bronze,22403,Kannada,Email,"359, Tech Park Avenue",,Warangal,Telangana,506002,India,Y,Verified,154225.26,Y,2024-05-08 09:16:00,2025-02-10 16:01:00
101457,CUST101457,Aditya,Singh,Male,1996-12-22,aditya.singh101457@examplemail.com,9382504438,8221774849,Corporate,Individual,2024-06-09,Platinum,2934,Telugu,WhatsApp,"874, River View",,Bengaluru,Karnataka,560037,India,Y,Verified,433180.66,N,2024-06-09 12:52:00,2025-07-20 21:59:00
101458,CUST101458,Vishal,Shetty,Male,1979-01-27,vishal.shetty101458@examplemail.com,9799942104,8199610332,Premium,Individual,2025-03-31,Bronze,24330,Telugu,WhatsApp,"513, River View",,Vijayawada,Andhra Pradesh,520010,India,Y,Verified,210627.82,N,2025-03-31 18:41:00,2026-08-27 23:13:00
101459,CUST101459,Pranav,Gupta,Male,1983-07-11,pranav.gupta101459@examplemail.com,9831410653,8569552965,Senior Citizen,Individual,2026-02-03,Silver,6244,Tamil,Phone,"103, Green Hills",,Hyderabad,Telangana,500081,India,Y,Verified,20630.44,N,2026-02-03 08:15:00,2026-05-14 09:06:00
101460,CUST101460,Ishita,Verma,Female,1958-12-11,ishita.verma101460@examplemail.com,9860077000,8640142796,Corporate,Individual,2026-05-29,Silver,7915,Telugu,WhatsApp,"767, Park Lane",,Visakhapatnam,Andhra Pradesh,530017,India,Y,Verified,836401.21,N,2026-05-29 20:32:00,2026-08-25 20:34:00
101461,CUST101461,Tarun,Goud,Male,1974-01-23,tarun.goud101461@examplemail.com,9802802468,8953836262,Student,Business,2026-04-14,Platinum,11548,Kannada,WhatsApp,"884, Temple Street",Near Metro Station,Vijayawada,Andhra Pradesh,520010,India,Y,Verified,21227.24,N,2026-04-14 17:25:00,2026-06-30 18:03:00
101462,CUST101462,Keerthi,Rao,Female,1999-02-02,keerthi.rao101462@examplemail.com,9711337609,8352728225,Senior Citizen,Individual,2025-01-14,Bronze,13468,English,SMS,"163, MG Road",Beside Community Park,Vijayawada,Andhra Pradesh,520010,India,Y,Verified,15704.98,Y,2025-01-14 13:00:00,2026-06-29 15:06:00
101463,CUST101463,Lakshmi,Singh,Female,1968-03-08,lakshmi.singh101463@examplemail.com,9867538875,8645038050,Corporate,Individual,2025-03-09,Bronze,9604,Kannada,Email,"531, Central Colony",Opp. City Mall,Warangal,Telangana,506002,India,N,Verified,999488.59,N,2025-03-09 20:23:00,2026-08-21 20:51:00
101464,CUST101464,Charan,Shetty,Male,1992-10-12,charan.shetty101464@examplemail.com,9397306251,8979022216,Student,Individual,2026-03-15,Gold,19770,Kannada,Email,"912, Temple Street",Near Metro Station,Warangal,Telangana,506002,India,Y,Verified,19632.24,Y,2026-03-15 17:47:00,2026-07-29 04:09:00
101465,CUST101465,Surya,Reddy,Male,1989-12-12,surya.reddy101465@examplemail.com,9712513230,8562994589,Student,Individual,2024-09-21,Bronze,20044,Tamil,SMS,"696, River View",Near Metro Station,Vijayawada,Andhra Pradesh,520010,India,Y,Verified,8862.90,Y,2024-09-21 14:27:00,2026-04-19 19:25:00
101466,CUST101466,Aarav,Verma,Male,1977-09-08,aarav.verma101466@examplemail.com,9606471648,8604852541,Corporate,Individual,2025-05-10,Bronze,21998,Hindi,Phone,"96, Lake View Road",Opp. City Mall,Warangal,Telangana,506002,India,Y,Verified,268523.53,Y,2025-05-10 13:34:00,2026-08-24 19:04:00
101467,CUST101467,Meghana,Naidu,Female,1995-08-24,meghana.naidu101467@examplemail.com,9763440278,8340853709,Premium,Individual,2025-03-20,Bronze,6194,Telugu,Phone,"299, Park Lane",,Vijayawada,Andhra Pradesh,520010,India,Y,Pending,257431.44,Y,2025-03-20 20:10:00,2025-12-07 00:50:00
101468,CUST101468,Krishna,Reddy,Male,1968-01-28,krishna.reddy101468@examplemail.com,9301654586,8331703532,Retail,Individual,2025-03-08,Bronze,22502,Kannada,WhatsApp,"662, Market Road",Phase 2,Visakhapatnam,Andhra Pradesh,530017,India,Y,Verified,67428.87,Y,2025-03-08 13:50:00,2026-08-11 17:18:00
101469,CUST101469,Nikhil,Goud,Male,1958-03-28,nikhil.goud101469@examplemail.com,9563187813,8900770235,Retail,Individual,2026-07-24,Silver,13562,Tamil,Phone,"389, Lake View Road",Beside Community Park,Bengaluru,Karnataka,560037,India,Y,Verified,66126.47,N,2026-07-24 11:58:00,2026-09-04 21:30:00
101470,CUST101470,Swathi,Reddy,Female,1964-08-26,swathi.reddy101470@examplemail.com,9935036366,8896386640,Student,Individual,2024-05-30,Silver,15192,Kannada,WhatsApp,"981, Green Hills",Opp. City Mall,Warangal,Telangana,506002,India,Y,Verified,9755.90,N,2024-05-30 12:12:00,2026-09-08 20:32:00
101471,CUST101471,Aditya,Chowdary,Male,1977-08-02,aditya.chowdary101471@examplemail.com,9655123508,8538461586,Corporate,Individual,2026-08-31,Silver,23707,Kannada,SMS,"869, Temple Street",Opp. City Mall,Pune,Maharashtra,411014,India,Y,Pending,736956.25,N,2026-08-31 10:39:00,2026-08-31 19:21:00
101472,CUST101472,Arjun,Sharma,Male,1984-09-25,arjun.sharma101472@examplemail.com,9986198531,8124076095,Senior Citizen,Individual,2026-01-04,Bronze,3169,Hindi,WhatsApp,"421, Market Road",Phase 2,Mumbai,Maharashtra,400076,India,Y,Verified,27115.61,Y,2026-01-04 15:15:00,2026-01-04 17:51:00
101473,CUST101473,Harsha,Patel,Male,2001-10-26,harsha.patel101473@examplemail.com,9338066849,8767479697,Student,Individual,2025-11-21,Platinum,23233,Tamil,Email,"66, Market Road",,Secunderabad,Telangana,500003,India,Y,Verified,19741.94,Y,2025-11-21 15:03:00,2025-12-08 22:33:00
101474,CUST101474,Divya,Rao,Female,1999-05-19,divya.rao101474@examplemail.com,9974928349,8791672710,Student,Individual,2025-09-15,Gold,24631,Kannada,Phone,"194, Station Road",Near Metro Station,Mumbai,Maharashtra,400076,India,Y,Verified,15814.75,Y,2025-09-15 09:12:00,2026-01-19 10:31:00
101475,CUST101475,Nikhil,Kumar,Male,1976-02-14,nikhil.kumar101475@examplemail.com,9223654456,8576706485,Retail,Individual,2024-04-15,Bronze,8258,Tamil,WhatsApp,"355, Temple Street",Opp. City Mall,Bengaluru,Karnataka,560037,India,Y,Verified,21347.37,N,2024-04-15 20:45:00,2025-07-12 06:48:00
101476,CUST101476,Arjun,Patel,Male,1982-10-21,arjun.patel101476@examplemail.com,9651927009,8936754190,Corporate,Individual,2025-06-27,Bronze,23175,Hindi,SMS,"803, MG Road",Near Metro Station,Visakhapatnam,Andhra Pradesh,530017,India,Y,Not Required,452340.40,N,2025-06-27 08:11:00,2026-04-19 15:52:00
101477,CUST101477,Tarun,Sharma,Male,1968-08-22,tarun.sharma101477@examplemail.com,9873227377,8826503457,Student,Individual,2025-03-06,Gold,24682,Telugu,SMS,"554, River View",Near Metro Station,Pune,Maharashtra,411014,India,Y,Verified,23918.68,Y,2025-03-06 12:50:00,2025-11-09 22:28:00
101478,CUST101478,Varun,Reddy,Male,1974-12-19,varun.reddy101478@examplemail.com,9960884165,8794084728,Student,Individual,2025-12-15,Bronze,15653,Kannada,SMS,"836, Lake View Road",Beside Community Park,Bengaluru,Karnataka,560037,India,Y,Verified,20810.97,Y,2025-12-15 12:05:00,2026-04-23 20:42:00
101479,CUST101479,Charan,Shetty,Male,1978-01-25,charan.shetty101479@examplemail.com,9345709512,8945410928,Senior Citizen,Individual,2024-03-24,Bronze,10351,Kannada,WhatsApp,"933, Central Colony",Opp. City Mall,Warangal,Telangana,506002,India,Y,Verified,49963.60,Y,2024-03-24 14:23:00,2025-06-26 20:29:00
101480,CUST101480,Krishna,Singh,Male,1996-02-28,krishna.singh101480@examplemail.com,9669264528,8132644099,Premium,Individual,2026-02-03,Silver,20585,Kannada,Phone,"173, MG Road",Phase 2,Hyderabad,Telangana,500081,India,Y,Verified,247790.93,Y,2026-02-03 10:28:00,2026-07-03 16:01:00
101481,CUST101481,Aishwarya,Goud,Female,1981-07-20,aishwarya.goud101481@examplemail.com,9175686201,8614884921,Corporate,Individual,2026-08-25,Silver,12445,Telugu,Email,"683, Market Road",Beside Community Park,Hyderabad,Telangana,500081,India,Y,Verified,506176.09,N,2026-08-25 12:05:00,2026-08-28 20:00:00
101482,CUST101482,Arjun,Yadav,Male,1965-12-17,arjun.yadav101482@examplemail.com,9924045190,8390666226,Senior Citizen,Individual,2024-04-17,Silver,7168,English,WhatsApp,"155, MG Road",Opp. City Mall,Vijayawada,Andhra Pradesh,520010,India,Y,Verified,25115.91,N,2024-04-17 12:42:00,2025-07-06 21:05:00
101483,CUST101483,Varun,Joshi,Male,2005-05-20,varun.joshi101483@examplemail.com,9364959098,8879415422,Retail,Business,2025-08-18,Silver,390,Kannada,WhatsApp,"78, Market Road",Opp. City Mall,Hyderabad,Telangana,500081,India,Y,Verified,65483.96,Y,2025-08-18 15:51:00,2025-09-04 18:06:00
101484,CUST101484,Sahithi,Shetty,Female,1991-06-18,sahithi.shetty101484@examplemail.com,9294303123,8521502040,Senior Citizen,Individual,2025-07-10,Bronze,4921,Kannada,SMS,"820, Park Lane",Beside Community Park,Pune,Maharashtra,411014,India,Y,Verified,11163.39,Y,2025-07-10 16:14:00,2026-06-06 18:32:00
101485,CUST101485,Deepika,Joshi,Female,2001-04-15,deepika.joshi101485@examplemail.com,9443545009,8731645134,Student,Individual,2026-05-14,Silver,5946,Tamil,SMS,"790, Lake View Road",Beside Community Park,Chennai,Tamil Nadu,600042,India,Y,Verified,6002.77,Y,2026-05-14 18:16:00,2026-05-22 23:22:00
101486,CUST101486,Keerthi,Goud,Female,1999-11-22,keerthi.goud101486@examplemail.com,9446023129,8963785283,Retail,Individual,2024-07-11,Bronze,3925,Kannada,Email,"82, Market Road",Phase 2,Pune,Maharashtra,411014,India,Y,Verified,72352.66,Y,2024-07-11 10:16:00,2024-09-04 19:13:00
101487,CUST101487,Sneha,Chowdary,Female,1959-06-09,sneha.chowdary101487@examplemail.com,9968253131,8517424251,Student,Individual,2026-04-27,Gold,18833,Tamil,Email,"370, Park Lane",Phase 2,Pune,Maharashtra,411014,India,Y,Verified,7315.25,Y,2026-04-27 15:48:00,2026-05-23 17:52:00
101488,CUST101488,Pooja,Reddy,Female,1957-11-17,pooja.reddy101488@examplemail.com,9728740003,8366041493,Retail,Individual,2024-08-22,Silver,10926,Hindi,SMS,"261, Green Hills",Phase 2,Hyderabad,Telangana,500081,India,Y,Verified,34319.97,N,2024-08-22 11:11:00,2025-04-27 12:27:00
101489,CUST101489,Akash,Das,Male,1988-02-24,akash.das101489@examplemail.com,9174903796,8682199279,Premium,Individual,2025-06-10,Silver,15556,Hindi,Email,"847, Temple Street",Phase 2,Visakhapatnam,Andhra Pradesh,530017,India,N,Verified,240650.98,Y,2025-06-10 09:01:00,2026-06-06 12:56:00
101490,CUST101490,Kavya,Joshi,Female,1970-11-19,kavya.joshi101490@examplemail.com,9777704327,8569952756,Premium,Individual,2025-05-20,Bronze,2772,Tamil,Phone,"375, Temple Street",Beside Community Park,Bengaluru,Karnataka,560037,India,Y,Not Required,284894.55,N,2025-05-20 10:22:00,2026-02-01 20:26:00
101491,CUST101491,Kavya,Chowdary,Female,1998-09-22,kavya.chowdary101491@examplemail.com,9727366034,8188137407,Senior Citizen,Individual,2026-08-06,Gold,7508,Tamil,WhatsApp,"229, Station Road",Phase 2,Visakhapatnam,Andhra Pradesh,530017,India,Y,Verified,29497.63,Y,2026-08-06 16:27:00,2026-08-07 18:43:00
101492,CUST101492,Priya,Verma,Female,1996-03-02,priya.verma101492@examplemail.com,9752050199,8642266500,Retail,Individual,2025-01-27,Silver,18877,Hindi,Email,"21, Central Colony",Phase 2,Bengaluru,Karnataka,560037,India,Y,Pending,14678.88,N,2025-01-27 13:37:00,2025-12-01 23:55:00
101493,CUST101493,Manish,Verma,Male,1967-03-21,manish.verma101493@examplemail.com,9334702389,8694279415,Corporate,Individual,2026-03-13,Gold,6394,Kannada,SMS,"966, Market Road",Beside Community Park,Vijayawada,Andhra Pradesh,520010,India,Y,Verified,473141.22,Y,2026-03-13 13:17:00,2026-07-02 17:41:00
101494,CUST101494,Vishal,Reddy,Male,1980-11-25,vishal.reddy101494@examplemail.com,9678189320,8780251327,Retail,Individual,2024-02-20,Silver,6283,Hindi,WhatsApp,"536, Green Hills",,Chennai,Tamil Nadu,600042,India,Y,Verified,18634.69,N,2024-02-20 12:07:00,2024-05-07 19:19:00
101495,CUST101495,Ananya,Nair,Female,1981-12-14,ananya.nair101495@examplemail.com,9944189966,8727917463,Corporate,Individual,2024-05-05,Silver,22100,Telugu,Phone,"26, MG Road",Beside Community Park,Vijayawada,Andhra Pradesh,520010,India,Y,Verified,689147.10,Y,2024-05-05 08:12:00,2024-10-09 09:49:00
101496,CUST101496,Sneha,Chowdary,Female,1999-01-23,sneha.chowdary101496@examplemail.com,9800391004,8368632953,Retail,Individual,2026-04-19,Bronze,12740,Telugu,WhatsApp,"702, Green Hills",Phase 2,Vijayawada,Andhra Pradesh,520010,India,Y,Verified,57606.55,Y,2026-04-19 19:50:00,2026-08-05 21:25:00
101497,CUST101497,Sneha,Verma,Female,1982-03-20,sneha.verma101497@examplemail.com,9535174069,8821514241,Student,Individual,2026-04-19,Silver,16917,Telugu,Phone,"596, Market Road",Beside Community Park,Pune,Maharashtra,411014,India,Y,Verified,18111.59,Y,2026-04-19 09:12:00,2026-06-01 16:27:00
101498,CUST101498,Sneha,Sharma,Female,1981-10-11,sneha.sharma101498@examplemail.com,9370692681,8639972758,Senior Citizen,Individual,2024-04-25,Silver,24139,Tamil,Phone,"232, Park Lane",Phase 2,Visakhapatnam,Andhra Pradesh,530017,India,Y,Verified,15976.62,N,2024-04-25 13:01:00,2024-11-25 20:17:00
101499,CUST101499,Harsha,Rao,Male,1991-03-17,harsha.rao101499@examplemail.com,9152657227,8166243922,Premium,Individual,2025-12-23,Bronze,23864,Telugu,Phone,"708, Park Lane",Beside Community Park,Pune,Maharashtra,411014,India,Y,Verified,135950.42,Y,2025-12-23 17:37:00,2026-05-25 22:05:00
101500,CUST101500,Surya,Das,Male,1998-08-13,surya.das101500@examplemail.com,9643577914,8790561954,Retail,Individual,2024-05-18,Platinum,14123,Kannada,SMS,"524, Tech Park Avenue",Near Metro Station,Hyderabad,Telangana,500081,India,Y,Verified,48946.15,Y,2024-05-18 16:47:00,2025-10-17 21:41:00
101501,CUST101501,Sanjay,Iyer,Male,1973-02-26,sanjay.iyer101501@examplemail.com,9927859318,8621157340,Student,Individual,2024-10-24,Silver,3064,English,Email,"190, Temple Street",Beside Community Park,Bengaluru,Karnataka,560037,India,Y,Pending,7275.02,N,2024-10-24 12:17:00,2024-11-26 15:50:00
101502,CUST101502,Manish,Yadav,Male,1970-09-16,manish.yadav101502@examplemail.com,9440099748,8220438156,Corporate,Individual,2025-09-13,Gold,3154,Hindi,SMS,"994, Central Colony",,Mumbai,Maharashtra,400076,India,Y,Pending,642224.73,Y,2025-09-13 11:22:00,2026-04-01 21:29:00
101503,CUST101503,Tarun,Verma,Male,1981-02-12,tarun.verma101503@examplemail.com,9715888027,8856908825,Corporate,Individual,2024-06-05,Platinum,9203,Hindi,SMS,"337, Station Road",Beside Community Park,Bengaluru,Karnataka,560037,India,Y,Verified,960764.14,Y,2024-06-05 11:57:00,2025-08-03 17:45:00
101504,CUST101504,Ishita,Kumar,Female,1993-09-04,ishita.kumar101504@examplemail.com,9906061097,8630563654,Premium,Individual,2026-03-21,Silver,16592,Tamil,Phone,"35, Temple Street",Phase 2,Hyderabad,Telangana,500081,India,N,Verified,94987.68,Y,2026-03-21 12:23:00,2026-08-23 19:39:00
101505,CUST101505,Surya,Rao,Male,1956-12-21,surya.rao101505@examplemail.com,9333247326,8173819314,Student,Business,2026-07-19,Bronze,8297,Kannada,Phone,"454, Lake View Road",Beside Community Park,Chennai,Tamil Nadu,600042,India,Y,Verified,7983.49,N,2026-07-19 18:34:00,2026-08-09 20:11:00
101506,CUST101506,Meghana,Chowdary,Female,1994-09-02,meghana.chowdary101506@examplemail.com,9834668420,8885132687,Retail,Individual,2024-11-03,Bronze,9460,Tamil,Phone,"376, Station Road",Near Metro Station,Visakhapatnam,Andhra Pradesh,530017,India,Y,Not Required,66458.00,N,2024-11-03 13:34:00,2025-03-29 17:35:00
101507,CUST101507,Sahithi,Das,Female,2003-01-05,sahithi.das101507@examplemail.com,9323040910,8901757673,Premium,Individual,2025-01-29,Silver,15670,Tamil,WhatsApp,"555, Central Colony",Phase 2,Warangal,Telangana,506002,India,Y,Verified,156928.25,Y,2025-01-29 16:39:00,2026-02-10 19:28:00
101508,CUST101508,Vishal,Nair,Male,1957-10-25,vishal.nair101508@examplemail.com,9774090801,8327461172,Student,Individual,2025-05-03,Silver,1269,Telugu,SMS,"526, Market Road",Near Metro Station,Visakhapatnam,Andhra Pradesh,530017,India,Y,Verified,18962.90,N,2025-05-03 15:38:00,2025-11-12 16:42:00
101509,CUST101509,Aadhya,Joshi,Female,1977-09-05,aadhya.joshi101509@examplemail.com,9655598649,8413971749,Corporate,Individual,2025-08-17,Gold,15365,Telugu,WhatsApp,"904, Station Road",Opp. City Mall,Pune,Maharashtra,411014,India,Y,Pending,581075.84,Y,2025-08-17 13:35:00,2026-09-01 20:33:00
101510,CUST101510,Ananya,Mishra,Female,1976-05-07,ananya.mishra101510@examplemail.com,9723084665,8230646642,Retail,Individual,2025-10-14,Silver,13281,Hindi,Email,"116, Lake View Road",Opp. City Mall,Warangal,Telangana,506002,India,Y,Verified,72562.49,Y,2025-10-14 08:34:00,2026-08-16 14:05:00
101511,CUST101511,Akash,Sharma,Male,1964-07-17,akash.sharma101511@examplemail.com,9500703586,8496245233,Retail,Individual,2026-06-07,Platinum,464,Kannada,WhatsApp,"855, River View",Phase 2,Vijayawada,Andhra Pradesh,520010,India,Y,Verified,70738.30,N,2026-06-07 18:24:00,2026-07-21 19:54:00
101512,CUST101512,Neha,Rao,Female,1957-04-23,neha.rao101512@examplemail.com,9725207783,8116039737,Student,Individual,2025-06-03,Silver,11094,Kannada,Phone,"972, Station Road",Beside Community Park,Chennai,Tamil Nadu,600042,India,Y,Verified,13484.36,N,2025-06-03 13:22:00,2025-08-03 14:40:00
101513,CUST101513,Ishita,Chowdary,Female,1964-06-23,ishita.chowdary101513@examplemail.com,9785594933,8242896240,Senior Citizen,Business,2025-09-07,Silver,9541,Telugu,WhatsApp,"782, Lake View Road",Phase 2,Bengaluru,Karnataka,560037,India,Y,Pending,53114.68,N,2025-09-07 15:28:00,2026-04-28 16:53:00
101514,CUST101514,Sanjay,Sharma,Male,1975-05-07,sanjay.sharma101514@examplemail.com,9678434977,8909238204,Student,Individual,2026-07-09,Gold,3586,Tamil,Phone,"542, Lake View Road",Phase 2,Mumbai,Maharashtra,400076,India,Y,Verified,12175.47,Y,2026-07-09 16:44:00,2026-09-09 19:59:00
101515,CUST101515,Sai,Gupta,Male,1961-03-23,sai.gupta101515@examplemail.com,9114062586,8845030621,Student,Business,2026-03-26,Silver,6329,Hindi,Email,"921, Park Lane",Opp. City Mall,Delhi,Delhi,110017,India,Y,Verified,22294.72,N,2026-03-26 08:57:00,2026-09-12 15:11:00
101516,CUST101516,Kavya,Chowdary,Female,1995-08-24,kavya.chowdary101516@examplemail.com,9728537957,8516282519,Retail,Individual,2024-09-15,Gold,8676,Kannada,SMS,"550, Station Road",,Hyderabad,Telangana,500081,India,Y,Verified,65105.11,Y,2024-09-15 10:30:00,2025-09-27 16:02:00
101517,CUST101517,Lakshmi,Kumar,Female,1989-07-01,lakshmi.kumar101517@examplemail.com,9727650505,8195190103,Retail,Individual,2024-03-13,Bronze,4652,Hindi,WhatsApp,"739, River View",Phase 2,Visakhapatnam,Andhra Pradesh,530017,India,Y,Verified,38501.02,N,2024-03-13 08:12:00,2026-04-24 17:17:00
101518,CUST101518,Varun,Singh,Male,1970-05-04,varun.singh101518@examplemail.com,9983554594,8627389759,Retail,Individual,2024-05-13,Bronze,22373,Kannada,WhatsApp,"335, Market Road",Opp. City Mall,Secunderabad,Telangana,500003,India,Y,Verified,73610.93,N,2024-05-13 16:15:00,2026-08-06 01:02:00
101519,CUST101519,Sahithi,Naidu,Female,1991-04-03,sahithi.naidu101519@examplemail.com,9120428376,8545678384,Corporate,Individual,2024-07-08,Bronze,3085,Kannada,WhatsApp,"808, MG Road",Phase 2,Vijayawada,Andhra Pradesh,520010,India,Y,Verified,561822.25,Y,2024-07-08 13:31:00,2025-07-01 22:38:00
101520,CUST101520,Akash,Rao,Male,1989-07-19,akash.rao101520@examplemail.com,9971745985,8430300724,Corporate,Individual,2024-08-03,Silver,23241,Tamil,Phone,"856, Station Road",Near Metro Station,Vijayawada,Andhra Pradesh,520010,India,N,Verified,932232.61,Y,2024-08-03 17:08:00,2026-01-03 00:51:00
101521,CUST101521,Nikhil,Sharma,Male,1999-02-03,nikhil.sharma101521@examplemail.com,9147550691,8673556127,Student,Individual,2025-01-12,Silver,19256,English,SMS,"735, Tech Park Avenue",Phase 2,Bengaluru,Karnataka,560037,India,Y,Pending,20913.39,N,2025-01-12 17:06:00,2026-05-25 02:35:00
101522,CUST101522,Harsha,Kumar,Male,1988-07-25,harsha.kumar101522@examplemail.com,9562121479,8351509540,Corporate,Individual,2024-06-14,Platinum,18288,Tamil,Email,"622, Temple Street",Phase 2,Warangal,Telangana,506002,India,Y,Pending,405221.07,Y,2024-06-14 10:23:00,2025-03-02 11:17:00
101523,CUST101523,Vishal,Kumar,Male,1988-03-13,vishal.kumar101523@examplemail.com,9204210931,8284976300,Senior Citizen,Individual,2024-02-10,Gold,11779,Hindi,Phone,"429, River View",Phase 2,Warangal,Telangana,506002,India,Y,Verified,41577.82,N,2024-02-10 17:32:00,2025-04-08 22:19:00
101524,CUST101524,Divya,Chowdary,Female,2001-11-07,divya.chowdary101524@examplemail.com,9547513769,8678143548,Corporate,Business,2026-04-11,Bronze,5427,English,Email,"197, Park Lane",Beside Community Park,Bengaluru,Karnataka,560037,India,Y,Verified,330932.88,Y,2026-04-11 14:12:00,2026-06-27 21:09:00
101525,CUST101525,Rahul,Das,Male,2001-02-18,rahul.das101525@examplemail.com,9651547301,8438715401,Corporate,Individual,2025-04-27,Silver,16827,Kannada,SMS,"949, Park Lane",,Secunderabad,Telangana,500003,India,Y,Verified,758078.08,N,2025-04-27 20:09:00,2026-08-19 20:09:00
101526,CUST101526,Varun,Verma,Male,1971-03-07,varun.verma101526@examplemail.com,9595506272,8829376301,Corporate,Business,2026-06-13,Gold,14565,Kannada,WhatsApp,"38, Lake View Road",Phase 2,Hyderabad,Telangana,500081,India,Y,Verified,784066.21,Y,2026-06-13 08:14:00,2026-07-20 12:15:00
101527,CUST101527,Sneha,Menon,Female,1995-01-28,sneha.menon101527@examplemail.com,9459143535,8304211005,Corporate,Individual,2024-03-20,Bronze,14568,Telugu,Email,"476, Tech Park Avenue",,Mumbai,Maharashtra,400076,India,Y,Verified,811706.64,N,2024-03-20 13:47:00,2025-03-03 17:16:00
101528,CUST101528,Aditya,Goud,Male,1983-02-27,aditya.goud101528@examplemail.com,9704057233,8481420690,Corporate,Individual,2024-07-31,Gold,12546,Hindi,SMS,"722, Park Lane",Opp. City Mall,Pune,Maharashtra,411014,India,Y,Verified,307391.98,Y,2024-07-31 12:06:00,2025-06-12 19:25:00
101529,CUST101529,Manish,Iyer,Male,2005-04-26,manish.iyer101529@examplemail.com,9771503337,8321534040,Student,Individual,2024-06-26,Gold,19975,English,WhatsApp,"516, Market Road",Beside Community Park,Vijayawada,Andhra Pradesh,520010,India,Y,Rejected,18937.25,Y,2024-06-26 11:11:00,2026-04-15 11:39:00
101530,CUST101530,Charan,Kulkarni,Male,1971-11-26,charan.kulkarni101530@examplemail.com,9117442575,8319137356,Student,Business,2026-05-07,Bronze,11962,Tamil,Email,"923, Tech Park Avenue",Beside Community Park,Secunderabad,Telangana,500003,India,N,Verified,16816.87,N,2026-05-07 20:19:00,2026-05-14 20:44:00
101531,CUST101531,Sahithi,Menon,Female,1994-08-28,sahithi.menon101531@examplemail.com,9474893873,8577065778,Retail,Individual,2025-02-14,Gold,1200,Hindi,WhatsApp,"663, Temple Street",,Hyderabad,Telangana,500081,India,Y,Verified,27338.41,Y,2025-02-14 08:39:00,2026-08-11 16:08:00
101532,CUST101532,Krishna,Yadav,Male,1968-02-28,krishna.yadav101532@examplemail.com,9216362772,8135192925,Corporate,Individual,2026-01-26,Bronze,15961,Hindi,WhatsApp,"375, Tech Park Avenue",Beside Community Park,Vijayawada,Andhra Pradesh,520010,India,Y,Verified,480346.40,Y,2026-01-26 14:51:00,2026-03-22 20:50:00
101533,CUST101533,Arjun,Patel,Male,1963-03-25,arjun.patel101533@examplemail.com,9418560119,8385258047,Senior Citizen,Individual,2025-01-14,Platinum,9831,Kannada,Phone,"897, Station Road",Beside Community Park,Delhi,Delhi,110017,India,Y,Verified,23177.48,Y,2025-01-14 12:00:00,2025-02-03 20:23:00
101534,CUST101534,Aadhya,Joshi,Female,1984-12-05,aadhya.joshi101534@examplemail.com,9848634205,8633394189,Senior Citizen,Individual,2026-03-22,Bronze,5776,English,Phone,"395, Park Lane",Beside Community Park,Vijayawada,Andhra Pradesh,520010,India,Y,Verified,51565.38,N,2026-03-22 20:17:00,2026-05-27 02:54:00
101535,CUST101535,Ishita,Rao,Female,1987-05-14,ishita.rao101535@examplemail.com,9452567429,8615771735,Student,Individual,2026-05-24,Bronze,18833,Tamil,SMS,"324, Green Hills",,Mumbai,Maharashtra,400076,India,Y,Verified,16728.72,N,2026-05-24 17:39:00,2026-06-16 21:37:00
101536,CUST101536,Deepika,Das,Female,1990-07-01,deepika.das101536@examplemail.com,9587007852,8972241653,Retail,Individual,2025-12-04,Silver,23470,English,Phone,"347, Market Road",Phase 2,Bengaluru,Karnataka,560037,India,Y,Pending,14147.01,N,2025-12-04 15:04:00,2026-02-28 01:52:00
101537,CUST101537,Pranav,Sharma,Male,1979-05-18,pranav.sharma101537@examplemail.com,9663858611,8535732645,Retail,Individual,2025-01-07,Silver,9444,Kannada,WhatsApp,"199, Tech Park Avenue",Near Metro Station,Secunderabad,Telangana,500003,India,Y,Verified,31293.12,Y,2025-01-07 15:31:00,2026-04-27 23:20:00
101538,CUST101538,Tarun,Goud,Male,1999-04-02,tarun.goud101538@examplemail.com,9571065358,8130802429,Retail,Individual,2025-01-28,Bronze,8529,Tamil,WhatsApp,"277, Park Lane",Phase 2,Delhi,Delhi,110017,India,Y,Verified,28855.63,Y,2025-01-28 18:09:00,2026-06-08 04:07:00
101539,CUST101539,Harini,Kumar,Female,1963-01-11,harini.kumar101539@examplemail.com,9612653951,8490227613,Student,Individual,2025-03-23,Silver,21734,Telugu,WhatsApp,"661, Lake View Road",,Pune,Maharashtra,411014,India,Y,Verified,11890.90,N,2025-03-23 14:19:00,2025-08-01 18:27:00
101540,CUST101540,Aishwarya,Naidu,Female,1981-07-19,aishwarya.naidu101540@examplemail.com,9662025241,8342310586,Student,Individual,2024-02-01,Silver,19241,English,WhatsApp,"583, River View",Phase 2,Delhi,Delhi,110017,India,Y,Verified,15677.71,N,2024-02-01 15:01:00,2025-08-11 17:14:00
101541,CUST101541,Priya,Gupta,Female,1967-11-06,priya.gupta101541@examplemail.com,9827922793,8661557778,Retail,Individual,2025-07-19,Bronze,10379,Hindi,SMS,"714, Green Hills",Near Metro Station,Warangal,Telangana,506002,India,Y,Verified,47139.78,N,2025-07-19 15:00:00,2026-09-11 20:49:00
101542,CUST101542,Vaishnavi,Reddy,Female,1969-08-06,vaishnavi.reddy101542@examplemail.com,9269936895,8767157857,Corporate,Individual,2025-08-07,Platinum,21922,English,Phone,"641, MG Road",Beside Community Park,Mumbai,Maharashtra,400076,India,Y,Verified,588947.49,Y,2025-08-07 20:03:00,2026-06-06 21:49:00
101543,CUST101543,Rahul,Sharma,Male,2001-02-27,rahul.sharma101543@examplemail.com,9847356327,8430424462,Corporate,Individual,2025-08-31,Silver,997,Telugu,WhatsApp,"80, Market Road",Near Metro Station,Delhi,Delhi,110017,India,Y,Verified,346929.64,Y,2025-08-31 15:54:00,2026-05-25 21:51:00
101544,CUST101544,Sanjay,Mishra,Male,1970-06-10,sanjay.mishra101544@examplemail.com,9764751958,8798773897,Premium,Individual,2026-08-06,Silver,1103,Tamil,Email,"79, Market Road",Opp. City Mall,Bengaluru,Karnataka,560037,India,Y,Verified,78145.01,Y,2026-08-06 18:54:00,2026-08-15 23:12:00
101545,CUST101545,Harsha,Gupta,Male,1981-02-15,harsha.gupta101545@examplemail.com,9319802194,8407244737,Premium,Individual,2025-03-27,Gold,23008,Hindi,Email,"142, Lake View Road",,Hyderabad,Telangana,500081,India,Y,Verified,180066.30,Y,2025-03-27 08:23:00,2025-06-16 15:17:00
101546,CUST101546,Lakshmi,Menon,Female,1985-09-04,lakshmi.menon101546@examplemail.com,9207080085,8641661588,Student,Individual,2026-08-01,Silver,11955,English,Email,"348, Station Road",,Secunderabad,Telangana,500003,India,Y,Pending,19910.71,Y,2026-08-01 12:07:00,2026-08-10 15:44:00
101547,CUST101547,Deepika,Patel,Female,1988-06-17,deepika.patel101547@examplemail.com,9403090767,8220617097,Premium,Individual,2025-01-16,Bronze,3669,Hindi,SMS,"996, Green Hills",Opp. City Mall,Warangal,Telangana,506002,India,Y,Verified,96829.86,Y,2025-01-16 18:29:00,2025-01-25 04:23:00
101548,CUST101548,Rohan,Das,Male,1976-09-25,rohan.das101548@examplemail.com,9434142921,8188457720,Student,Individual,2026-06-07,Bronze,1486,Kannada,WhatsApp,"531, Temple Street",Near Metro Station,Hyderabad,Telangana,500081,India,Y,Verified,10985.93,N,2026-06-07 10:36:00,2026-07-29 12:56:00
101549,CUST101549,Vijay,Patel,Male,1990-03-19,vijay.patel101549@examplemail.com,9937224888,8994862025,Student,Individual,2024-01-01,Bronze,3775,Kannada,Email,"398, MG Road",Beside Community Park,Visakhapatnam,Andhra Pradesh,530017,India,Y,Verified,24563.31,N,2024-01-01 08:03:00,2024-07-24 10:57:00
101550,CUST101550,Vijay,Goud,Male,1990-10-12,vijay.goud101550@examplemail.com,9476022400,8456202329,Premium,Individual,2026-01-11,Bronze,22705,Hindi,Email,"742, Temple Street",,Warangal,Telangana,506002,India,Y,Pending,153171.83,Y,2026-01-11 19:03:00,2026-04-09 23:01:00
101551,CUST101551,Divya,Iyer,Female,1956-10-02,divya.iyer101551@examplemail.com,9475184164,8284790977,Student,Individual,2025-01-19,Silver,3218,Telugu,Phone,"194, Green Hills",,Mumbai,Maharashtra,400076,India,Y,Pending,15672.12,N,2025-01-19 08:11:00,2026-08-23 11:34:00
101552,CUST101552,Ishita,Chowdary,Female,1969-11-03,ishita.chowdary101552@examplemail.com,9235883650,8202889773,Student,Individual,2025-03-16,Gold,23122,English,Phone,"661, MG Road",,Vijayawada,Andhra Pradesh,520010,India,Y,Verified,23407.81,Y,2025-03-16 17:07:00,2025-07-24 17:51:00
101553,CUST101553,Nandini,Sharma,Female,1960-07-08,nandini.sharma101553@examplemail.com,9418691178,8841065999,Corporate,Individual,2025-09-15,Gold,3183,Kannada,WhatsApp,"433, Market Road",,Vijayawada,Andhra Pradesh,520010,India,Y,Verified,989126.42,Y,2025-09-15 16:44:00,2026-06-11 23:56:00
101554,CUST101554,Harini,Singh,Female,1961-11-08,harini.singh101554@examplemail.com,9990122403,8885719198,Corporate,Individual,2026-07-08,Silver,786,English,SMS,"558, Temple Street",Opp. City Mall,Chennai,Tamil Nadu,600042,India,Y,Verified,831033.73,N,2026-07-08 15:31:00,2026-07-26 19:13:00
101555,CUST101555,Manish,Sharma,Male,1986-11-17,manish.sharma101555@examplemail.com,9837897739,8506304445,Senior Citizen,Individual,2024-04-18,Gold,5959,Kannada,Email,"434, MG Road",Beside Community Park,Pune,Maharashtra,411014,India,Y,Verified,15580.34,Y,2024-04-18 13:06:00,2026-04-30 18:21:00
101556,CUST101556,Charan,Joshi,Male,1986-10-16,charan.joshi101556@examplemail.com,9918452924,8413769973,Premium,Individual,2024-02-19,Silver,21400,English,Email,"316, Market Road",Phase 2,Hyderabad,Telangana,500081,India,Y,Rejected,95772.78,N,2024-02-19 16:56:00,2026-01-09 19:54:00
101557,CUST101557,Arjun,Chowdary,Male,1957-02-10,arjun.chowdary101557@examplemail.com,9273026510,8172152327,Retail,Individual,2026-05-29,Silver,14046,English,Email,"482, Green Hills",Near Metro Station,Bengaluru,Karnataka,560037,India,Y,Verified,68541.61,Y,2026-05-29 20:21:00,2026-08-28 06:51:00
101558,CUST101558,Charan,Iyer,Male,1997-11-14,charan.iyer101558@examplemail.com,9556649306,8725776193,Corporate,Individual,2026-07-10,Bronze,16016,Hindi,Email,"866, River View",Phase 2,Visakhapatnam,Andhra Pradesh,530017,India,Y,Verified,728267.81,Y,2026-07-10 08:51:00,2026-08-02 12:59:00
101559,CUST101559,Vijay,Gupta,Male,1991-12-06,vijay.gupta101559@examplemail.com,9144085491,8322228801,Retail,Individual,2026-04-06,Platinum,13827,Kannada,WhatsApp,"441, Green Hills",Phase 2,Chennai,Tamil Nadu,600042,India,Y,Verified,47313.42,N,2026-04-06 14:47:00,2026-07-18 23:18:00
101560,CUST101560,Nikhil,Goud,Male,1960-05-09,nikhil.goud101560@examplemail.com,9968896630,8571730624,Corporate,Individual,2024-01-07,Silver,9491,Kannada,WhatsApp,"224, MG Road",Near Metro Station,Visakhapatnam,Andhra Pradesh,530017,India,Y,Verified,608565.86,Y,2024-01-07 11:33:00,2026-03-15 13:12:00
101561,CUST101561,Charan,Iyer,Male,1990-08-22,charan.iyer101561@examplemail.com,9492433806,8137813526,Corporate,Individual,2026-05-05,Silver,8384,Kannada,Phone,"578, Central Colony",Near Metro Station,Pune,Maharashtra,411014,India,Y,Verified,233613.89,N,2026-05-05 20:20:00,2026-06-30 01:29:00
101562,CUST101562,Lakshmi,Patel,Female,1996-01-25,lakshmi.patel101562@examplemail.com,9143452237,8239790234,Student,Individual,2026-08-15,Gold,21445,Hindi,Email,"446, Temple Street",,Bengaluru,Karnataka,560037,India,Y,Verified,7386.25,N,2026-08-15 18:23:00,2026-08-18 00:34:00
101563,CUST101563,Rohan,Gupta,Male,1989-09-20,rohan.gupta101563@examplemail.com,9869196015,8754236455,Corporate,Individual,2024-11-28,Silver,2484,Telugu,SMS,"408, Market Road",Phase 2,Mumbai,Maharashtra,400076,India,Y,Verified,966900.54,Y,2024-11-28 11:55:00,2025-01-30 12:59:00
101564,CUST101564,Varun,Mishra,Male,1965-10-04,varun.mishra101564@examplemail.com,9852714335,8284178620,Corporate,Individual,2025-08-01,Bronze,7535,Hindi,Phone,"314, Market Road",Beside Community Park,Chennai,Tamil Nadu,600042,India,Y,Pending,345619.91,Y,2025-08-01 14:00:00,2026-06-16 16:56:00
101565,CUST101565,Krishna,Shetty,Male,2004-01-20,krishna.shetty101565@examplemail.com,9640118349,8753907935,Retail,Business,2025-10-06,Bronze,11452,Kannada,Email,"451, Park Lane",Phase 2,Visakhapatnam,Andhra Pradesh,530017,India,Y,Verified,64781.10,Y,2025-10-06 18:10:00,2026-05-06 04:45:00
101566,CUST101566,Aarav,Verma,Male,1980-08-12,aarav.verma101566@examplemail.com,9446675939,8272033918,Student,Individual,2026-07-10,Silver,10964,Telugu,Phone,"26, Temple Street",Opp. City Mall,Vijayawada,Andhra Pradesh,520010,India,Y,Pending,23146.90,Y,2026-07-10 16:13:00,2026-07-11 00:10:00
101567,CUST101567,Rohan,Shetty,Male,1977-11-01,rohan.shetty101567@examplemail.com,9842832483,8823649427,Retail,Individual,2025-05-07,Platinum,7657,Tamil,SMS,"703, Tech Park Avenue",Opp. City Mall,Hyderabad,Telangana,500081,India,Y,Verified,69767.65,Y,2025-05-07 14:59:00,2025-11-04 01:07:00
101568,CUST101568,Divya,Naidu,Female,1964-01-16,divya.naidu101568@examplemail.com,9504902042,8300835911,Premium,Individual,2025-02-27,Gold,6882,Tamil,Phone,"231, Tech Park Avenue",Beside Community Park,Warangal,Telangana,506002,India,N,Verified,255200.24,Y,2025-02-27 16:10:00,2025-05-17 18:37:00
101569,CUST101569,Tarun,Das,Male,1975-12-01,tarun.das101569@examplemail.com,9986034950,8482137792,Retail,Individual,2025-08-18,Platinum,3722,Tamil,SMS,"714, Station Road",Opp. City Mall,Secunderabad,Telangana,500003,India,Y,Verified,10352.73,Y,2025-08-18 09:16:00,2026-01-15 17:10:00
101570,CUST101570,Karthik,Joshi,Male,1978-03-25,karthik.joshi101570@examplemail.com,9968803230,8660287412,Corporate,Business,2025-06-22,Bronze,2737,English,SMS,"215, Temple Street",Opp. City Mall,Mumbai,Maharashtra,400076,India,N,Verified,411783.04,N,2025-06-22 17:51:00,2026-03-12 03:11:00
101571,CUST101571,Sneha,Naidu,Female,1991-07-11,sneha.naidu101571@examplemail.com,9941489605,8732771239,Premium,Individual,2024-03-14,Bronze,1007,Kannada,SMS,"849, Park Lane",Near Metro Station,Bengaluru,Karnataka,560037,India,Y,Verified,145173.20,Y,2024-03-14 15:40:00,2024-08-31 21:40:00
101572,CUST101572,Pranav,Yadav,Male,1995-01-21,pranav.yadav101572@examplemail.com,9310985123,8782098156,Student,Individual,2025-02-25,Bronze,22088,Kannada,Phone,"233, Tech Park Avenue",,Vijayawada,Andhra Pradesh,520010,India,Y,Verified,13697.33,N,2025-02-25 17:32:00,2025-06-02 00:48:00
101573,CUST101573,Sahithi,Kumar,Female,1964-07-20,sahithi.kumar101573@examplemail.com,9620563865,8486183604,Senior Citizen,Individual,2025-08-12,Silver,6605,Tamil,WhatsApp,"709, River View",,Mumbai,Maharashtra,400076,India,Y,Verified,50578.83,N,2025-08-12 13:11:00,2025-10-17 17:23:00
101574,CUST101574,Karthik,Rao,Male,1955-05-20,karthik.rao101574@examplemail.com,9984893292,8534162487,Premium,Individual,2025-01-27,Silver,6217,Hindi,Email,"272, Central Colony",Near Metro Station,Secunderabad,Telangana,500003,India,Y,Verified,89952.80,Y,2025-01-27 09:19:00,2026-07-11 14:34:00
101575,CUST101575,Meghana,Goud,Female,1989-06-02,meghana.goud101575@examplemail.com,9996990316,8900756912,Retail,Individual,2024-09-26,Bronze,5326,Kannada,Email,"326, Market Road",Beside Community Park,Delhi,Delhi,110017,India,Y,Verified,26100.95,N,2024-09-26 14:49:00,2026-07-24 15:39:00
101576,CUST101576,Arjun,Mishra,Male,1995-04-14,arjun.mishra101576@examplemail.com,9611951323,8213729567,Senior Citizen,Individual,2026-01-24,Silver,15952,Telugu,Email,"997, Tech Park Avenue",Near Metro Station,Mumbai,Maharashtra,400076,India,Y,Verified,32580.67,Y,2026-01-24 16:52:00,2026-03-13 22:33:00
101577,CUST101577,Kavya,Yadav,Female,1996-02-16,kavya.yadav101577@examplemail.com,9660643736,8343045738,Senior Citizen,Individual,2024-04-18,Bronze,22176,English,SMS,"473, Lake View Road",Opp. City Mall,Visakhapatnam,Andhra Pradesh,530017,India,Y,Verified,33734.68,N,2024-04-18 13:28:00,2025-09-11 16:40:00
101578,CUST101578,Deepika,Verma,Female,2005-05-02,deepika.verma101578@examplemail.com,9970469879,8170852565,Corporate,Individual,2024-11-27,Silver,11164,Hindi,Phone,"374, Green Hills",Near Metro Station,Secunderabad,Telangana,500003,India,N,Verified,573759.18,Y,2024-11-27 09:08:00,2026-07-11 13:44:00
101579,CUST101579,Sneha,Rao,Female,1997-01-05,sneha.rao101579@examplemail.com,9176353357,8697061297,Student,Individual,2026-06-03,Silver,12695,English,WhatsApp,"706, Temple Street",Phase 2,Chennai,Tamil Nadu,600042,India,Y,Verified,7927.86,Y,2026-06-03 17:24:00,2026-09-10 18:17:00
101580,CUST101580,Priya,Kumar,Female,1975-12-01,priya.kumar101580@examplemail.com,9897546646,8903279675,Student,Individual,2026-04-29,Silver,15487,Telugu,Phone,"67, Temple Street",Opp. City Mall,Vijayawada,Andhra Pradesh,520010,India,Y,Verified,24695.12,Y,2026-04-29 18:59:00,2026-05-12 20:16:00
101581,CUST101581,Surya,Yadav,Male,1989-04-04,surya.yadav101581@examplemail.com,9303707267,8528517120,Student,Business,2026-04-11,Platinum,14169,Kannada,SMS,"690, River View",Beside Community Park,Delhi,Delhi,110017,India,Y,Verified,16333.39,N,2026-04-11 18:33:00,2026-08-01 03:44:00
101582,CUST101582,Sahithi,Kumar,Female,1977-06-05,sahithi.kumar101582@examplemail.com,9815981454,8281059305,Retail,Individual,2026-09-12,Silver,1791,Tamil,WhatsApp,"389, Green Hills",Beside Community Park,Vijayawada,Andhra Pradesh,520010,India,Y,Verified,62682.28,N,2026-09-12 11:32:00,2026-09-12 16:43:00
101583,CUST101583,Divya,Sharma,Female,2005-10-05,divya.sharma101583@examplemail.com,9548554691,8971563905,Premium,Individual,2024-02-06,Gold,9626,English,SMS,"719, Central Colony",Opp. City Mall,Secunderabad,Telangana,500003,India,Y,Verified,289960.70,N,2024-02-06 11:28:00,2025-03-24 18:59:00
101584,CUST101584,Vijay,Nair,Male,1989-12-01,vijay.nair101584@examplemail.com,9791843217,8445554812,Retail,Individual,2026-07-02,Bronze,24414,Kannada,WhatsApp,"20, Market Road",Phase 2,Bengaluru,Karnataka,560037,India,Y,Verified,41302.83,N,2026-07-02 10:10:00,2026-08-23 11:21:00
101585,CUST101585,Sanjay,Goud,Male,1963-05-09,sanjay.goud101585@examplemail.com,9241288431,8425871418,Retail,Individual,2024-03-17,Platinum,6676,Kannada,Phone,"494, Tech Park Avenue",Phase 2,Vijayawada,Andhra Pradesh,520010,India,N,Not Required,46657.85,N,2024-03-17 16:35:00,2024-10-02 18:41:00
101586,CUST101586,Neha,Naidu,Female,1990-10-06,neha.naidu101586@examplemail.com,9221215437,8291504632,Senior Citizen,Business,2024-11-18,Silver,3805,Telugu,SMS,"916, River View",Phase 2,Hyderabad,Telangana,500081,India,Y,Verified,28992.00,N,2024-11-18 13:14:00,2026-04-13 14:37:00
101587,CUST101587,Divya,Nair,Female,1963-11-11,divya.nair101587@examplemail.com,9477497980,8720849540,Retail,Individual,2025-10-07,Silver,15806,Hindi,SMS,"837, MG Road",,Pune,Maharashtra,411014,India,Y,Verified,70394.29,N,2025-10-07 08:29:00,2026-05-14 13:15:00
101588,CUST101588,Pranav,Gupta,Male,1961-07-06,pranav.gupta101588@examplemail.com,9770618229,8319017529,Retail,Individual,2024-02-02,Bronze,16488,Hindi,SMS,"414, Park Lane",Phase 2,Pune,Maharashtra,411014,India,Y,Verified,49292.86,Y,2024-02-02 18:28:00,2024-11-08 20:25:00
101589,CUST101589,Divya,Goud,Female,1970-09-20,divya.goud101589@examplemail.com,9522499835,8831447150,Corporate,Individual,2025-10-09,Bronze,5357,English,Email,"260, Tech Park Avenue",Phase 2,Warangal,Telangana,506002,India,Y,Verified,406007.67,N,2025-10-09 10:38:00,2026-09-14 14:39:00
101590,CUST101590,Nikhil,Rao,Male,2002-05-19,nikhil.rao101590@examplemail.com,9827456071,8269317529,Corporate,Individual,2024-06-19,Platinum,12987,English,Phone,"485, MG Road",,Secunderabad,Telangana,500003,India,N,Pending,543400.22,Y,2024-06-19 12:14:00,2025-07-12 22:54:00
101591,CUST101591,Swathi,Joshi,Female,1979-04-06,swathi.joshi101591@examplemail.com,9360731337,8470152744,Retail,Individual,2024-04-20,Silver,10051,Telugu,Phone,"992, MG Road",Opp. City Mall,Chennai,Tamil Nadu,600042,India,Y,Verified,70969.24,N,2024-04-20 13:25:00,2026-07-09 14:40:00
101592,CUST101592,Ananya,Nair,Female,1996-05-13,ananya.nair101592@examplemail.com,9350470115,8229011557,Premium,Individual,2024-05-21,Bronze,9396,English,WhatsApp,"90, Green Hills",Phase 2,Bengaluru,Karnataka,560037,India,Y,Verified,159995.16,N,2024-05-21 20:45:00,2026-04-19 04:53:00
101593,CUST101593,Deepika,Naidu,Female,1972-07-08,deepika.naidu101593@examplemail.com,9976167644,8584740004,Premium,Individual,2024-02-07,Silver,7036,Kannada,WhatsApp,"877, Tech Park Avenue",Phase 2,Vijayawada,Andhra Pradesh,520010,India,Y,Verified,95696.22,Y,2024-02-07 13:29:00,2025-11-14 14:15:00
101594,CUST101594,Keerthi,Singh,Female,2002-12-06,keerthi.singh101594@examplemail.com,9545481321,8602654169,Corporate,Individual,2024-06-11,Bronze,3605,Tamil,Email,"468, MG Road",Opp. City Mall,Chennai,Tamil Nadu,600042,India,Y,Verified,748590.82,N,2024-06-11 08:04:00,2024-06-19 09:10:00
101595,CUST101595,Kavya,Sharma,Female,1959-10-21,kavya.sharma101595@examplemail.com,9556514484,8224653880,Corporate,Individual,2026-07-14,Silver,7918,Tamil,Email,"967, Station Road",Phase 2,Visakhapatnam,Andhra Pradesh,530017,India,Y,Verified,820193.81,Y,2026-07-14 11:44:00,2026-08-11 15:53:00
101596,CUST101596,Aadhya,Menon,Female,1978-01-14,aadhya.menon101596@examplemail.com,9161772865,8285641604,Retail,Individual,2025-12-01,Platinum,16830,Hindi,Phone,"215, MG Road",Near Metro Station,Mumbai,Maharashtra,400076,India,Y,Verified,39750.46,Y,2025-12-01 09:57:00,2026-03-30 13:16:00
101597,CUST101597,Nikhil,Joshi,Male,1957-05-28,nikhil.joshi101597@examplemail.com,9794394743,8306288001,Premium,Individual,2024-10-11,Silver,10262,Kannada,SMS,"936, Tech Park Avenue",Near Metro Station,Warangal,Telangana,506002,India,Y,Rejected,244658.71,Y,2024-10-11 17:27:00,2024-10-14 23:04:00
101598,CUST101598,Priya,Kumar,Female,1989-05-05,priya.kumar101598@examplemail.com,9245357569,8477418908,Retail,Individual,2024-12-28,Bronze,13577,Tamil,Email,"41, Lake View Road",Phase 2,Pune,Maharashtra,411014,India,Y,Verified,44136.01,Y,2024-12-28 15:10:00,2025-12-23 17:21:00
101599,CUST101599,Nandini,Patel,Female,1973-07-12,nandini.patel101599@examplemail.com,9330287786,8140673254,Retail,Individual,2024-06-23,Gold,7005,Telugu,Phone,"729, Lake View Road",Near Metro Station,Delhi,Delhi,110017,India,Y,Verified,34183.85,Y,2024-06-23 15:56:00,2026-02-20 02:03:00
101600,CUST101600,Swathi,Singh,Female,1962-11-25,swathi.singh101600@examplemail.com,9346551539,8184283656,Retail,Individual,2024-02-24,Gold,18825,Kannada,SMS,"524, Station Road",Phase 2,Warangal,Telangana,506002,India,Y,Verified,16635.15,N,2024-02-24 17:51:00,2024-08-03 17:56:00
101601,CUST101601,Rohan,Sharma,Male,1970-11-26,rohan.sharma101601@examplemail.com,9794182987,8320631443,Senior Citizen,Individual,2025-05-27,Silver,5987,Telugu,WhatsApp,"608, MG Road",Near Metro Station,Mumbai,Maharashtra,400076,India,Y,Verified,14936.77,N,2025-05-27 11:10:00,2026-01-18 16:49:00
101602,CUST101602,Pooja,Rao,Female,1983-02-03,pooja.rao101602@examplemail.com,9787631682,8416213486,Corporate,Individual,2025-11-17,Silver,354,Hindi,WhatsApp,"431, Park Lane",,Secunderabad,Telangana,500003,India,Y,Verified,816587.47,N,2025-11-17 15:56:00,2026-06-24 18:43:00
101603,CUST101603,Nandini,Reddy,Female,2000-04-05,nandini.reddy101603@examplemail.com,9391609856,8616870250,Premium,Individual,2025-11-13,Gold,16265,Kannada,SMS,"84, Lake View Road",,Hyderabad,Telangana,500081,India,Y,Pending,110958.07,N,2025-11-13 11:06:00,2026-03-26 12:10:00
101604,CUST101604,Nikhil,Joshi,Male,1994-07-22,nikhil.joshi101604@examplemail.com,9409756896,8433719843,Retail,Individual,2025-04-12,Silver,12179,Telugu,Email,"870, Tech Park Avenue",Phase 2,Secunderabad,Telangana,500003,India,Y,Verified,21042.83,N,2025-04-12 15:02:00,2025-07-04 20:59:00
101605,CUST101605,Neha,Iyer,Female,1965-03-26,neha.iyer101605@examplemail.com,9259242035,8367261946,Senior Citizen,Individual,2026-07-15,Bronze,2784,Telugu,SMS,"707, Market Road",Opp. City Mall,Delhi,Delhi,110017,India,N,Verified,18711.26,Y,2026-07-15 12:22:00,2026-08-02 22:35:00
101606,CUST101606,Bhavya,Rao,Female,2005-02-20,bhavya.rao101606@examplemail.com,9465994534,8692404774,Senior Citizen,Individual,2026-07-16,Silver,9820,Tamil,WhatsApp,"366, Tech Park Avenue",Near Metro Station,Mumbai,Maharashtra,400076,India,Y,Verified,40964.56,N,2026-07-16 08:33:00,2026-08-15 18:03:00
101607,CUST101607,Aditya,Patel,Male,1978-09-10,aditya.patel101607@examplemail.com,9945975068,8147263483,Retail,Individual,2024-05-29,Bronze,14869,Tamil,Email,"553, Market Road",,Vijayawada,Andhra Pradesh,520010,India,Y,Verified,65240.93,Y,2024-05-29 11:33:00,2026-05-10 17:32:00
101608,CUST101608,Divya,Joshi,Female,1986-11-19,divya.joshi101608@examplemail.com,9452560148,8536661711,Senior Citizen,Individual,2024-06-23,Bronze,22222,Kannada,SMS,"718, Lake View Road",Opp. City Mall,Pune,Maharashtra,411014,India,Y,Verified,11299.09,N,2024-06-23 10:33:00,2025-02-10 18:46:00
101609,CUST101609,Aadhya,Kulkarni,Female,1983-07-16,aadhya.kulkarni101609@examplemail.com,9271238522,8888203098,Student,Individual,2026-06-20,Silver,4283,Hindi,Email,"592, Green Hills",Near Metro Station,Mumbai,Maharashtra,400076,India,Y,Pending,8972.01,Y,2026-06-20 09:56:00,2026-09-04 15:28:00
101610,CUST101610,Swathi,Patel,Female,1996-12-10,swathi.patel101610@examplemail.com,9709531058,8145856403,Senior Citizen,Individual,2024-04-12,Silver,11212,Kannada,Phone,"627, Market Road",,Bengaluru,Karnataka,560037,India,Y,Verified,35062.24,N,2024-04-12 20:50:00,2026-09-06 01:27:00
101611,CUST101611,Karthik,Kumar,Male,1956-03-05,karthik.kumar101611@examplemail.com,9778930560,8682242892,Student,Individual,2025-12-19,Bronze,17530,Kannada,Phone,"732, River View",Phase 2,Chennai,Tamil Nadu,600042,India,Y,Rejected,23374.43,Y,2025-12-19 14:15:00,2026-02-20 22:56:00
101612,CUST101612,Divya,Shetty,Female,1981-08-26,divya.shetty101612@examplemail.com,9737721188,8191071551,Corporate,Individual,2024-03-02,Silver,24619,Tamil,Phone,"228, River View",,Secunderabad,Telangana,500003,India,Y,Not Required,889318.79,N,2024-03-02 20:57:00,2024-07-18 02:48:00
101613,CUST101613,Pooja,Das,Female,2000-05-27,pooja.das101613@examplemail.com,9677802459,8238333180,Senior Citizen,Individual,2024-07-14,Silver,2702,Tamil,Email,"841, River View",Near Metro Station,Hyderabad,Telangana,500081,India,Y,Verified,43065.94,N,2024-07-14 09:23:00,2025-01-14 16:35:00
101614,CUST101614,Rahul,Nair,Male,1973-09-17,rahul.nair101614@examplemail.com,9266663267,8965493910,Retail,Individual,2025-10-01,Silver,17292,Tamil,Phone,"121, Station Road",Beside Community Park,Mumbai,Maharashtra,400076,India,Y,Verified,70562.91,N,2025-10-01 20:41:00,2025-12-15 22:08:00
101615,CUST101615,Krishna,Kumar,Male,1958-05-07,krishna.kumar101615@examplemail.com,9327373857,8410724472,Senior Citizen,Individual,2026-07-23,Silver,19350,English,Phone,"805, Tech Park Avenue",Opp. City Mall,Secunderabad,Telangana,500003,India,Y,Verified,18485.80,N,2026-07-23 18:47:00,2026-08-19 01:01:00
101616,CUST101616,Bhavya,Patel,Female,1964-03-05,bhavya.patel101616@examplemail.com,9478683534,8212929380,Retail,Individual,2024-07-22,Silver,15076,English,WhatsApp,"572, Tech Park Avenue",Opp. City Mall,Secunderabad,Telangana,500003,India,Y,Verified,37941.02,Y,2024-07-22 20:07:00,2026-06-26 02:50:00
101617,CUST101617,Rohan,Mishra,Male,1970-06-02,rohan.mishra101617@examplemail.com,9877766017,8842479882,Retail,Individual,2026-08-29,Silver,19464,English,Phone,"614, Temple Street",Near Metro Station,Bengaluru,Karnataka,560037,India,Y,Verified,22120.50,Y,2026-08-29 17:11:00,2026-09-02 19:52:00
101618,CUST101618,Rohan,Das,Male,1967-04-13,rohan.das101618@examplemail.com,9328283964,8648385518,Senior Citizen,Individual,2025-11-01,Bronze,7045,Tamil,SMS,"785, Station Road",Opp. City Mall,Hyderabad,Telangana,500081,India,Y,Verified,45968.12,Y,2025-11-01 13:36:00,2025-12-11 19:31:00
101619,CUST101619,Sai,Reddy,Male,1970-12-14,sai.reddy101619@examplemail.com,9285987753,8922603411,Corporate,Individual,2024-05-17,Silver,16876,Kannada,Phone,"854, MG Road",Phase 2,Pune,Maharashtra,411014,India,N,Verified,700101.51,N,2024-05-17 09:15:00,2025-10-12 12:56:00
101620,CUST101620,Kavya,Iyer,Female,1978-05-28,kavya.iyer101620@examplemail.com,9186511669,8552365379,Senior Citizen,Individual,2024-08-07,Bronze,2076,Telugu,Email,"328, Market Road",Beside Community Park,Visakhapatnam,Andhra Pradesh,530017,India,Y,Verified,33678.50,Y,2024-08-07 17:08:00,2024-09-29 18:02:00
101621,CUST101621,Sai,Kumar,Male,2002-08-13,sai.kumar101621@examplemail.com,9842142620,8642247080,Retail,Individual,2024-10-03,Gold,10373,Telugu,Email,"240, Station Road",,Mumbai,Maharashtra,400076,India,Y,Verified,46989.70,Y,2024-10-03 09:27:00,2026-07-09 17:43:00
101622,CUST101622,Lakshmi,Kulkarni,Female,1957-04-08,lakshmi.kulkarni101622@examplemail.com,9705011574,8483825296,Premium,Individual,2026-09-11,Bronze,8025,English,SMS,"448, River View",Beside Community Park,Mumbai,Maharashtra,400076,India,Y,Verified,250715.50,Y,2026-09-11 15:14:00,2026-09-13 00:10:00
101623,CUST101623,Ananya,Kulkarni,Female,2001-10-15,ananya.kulkarni101623@examplemail.com,9180670135,8419378685,Retail,Individual,2025-03-15,Gold,10734,Tamil,SMS,"520, Park Lane",Beside Community Park,Secunderabad,Telangana,500003,India,Y,Verified,57278.31,N,2025-03-15 20:43:00,2025-05-15 23:10:00
101624,CUST101624,Arjun,Goud,Male,1993-02-08,arjun.goud101624@examplemail.com,9234019175,8243055422,Premium,Individual,2026-03-14,Silver,9648,Hindi,Phone,"463, Central Colony",Near Metro Station,Secunderabad,Telangana,500003,India,Y,Verified,176067.57,N,2026-03-14 12:14:00,2026-04-20 18:07:00
101625,CUST101625,Aditya,Menon,Male,1967-03-22,aditya.menon101625@examplemail.com,9901509099,8922475169,Premium,Individual,2026-02-26,Silver,7372,Hindi,SMS,"537, River View",,Warangal,Telangana,506002,India,N,Verified,264692.04,N,2026-02-26 17:44:00,2026-05-14 03:06:00
101626,CUST101626,Lakshmi,Yadav,Female,1984-05-24,lakshmi.yadav101626@examplemail.com,9305591134,8728682801,Premium,Individual,2026-07-05,Bronze,8155,Tamil,SMS,"445, Green Hills",Beside Community Park,Bengaluru,Karnataka,560037,India,Y,Verified,206709.76,Y,2026-07-05 17:48:00,2026-08-21 19:24:00
101627,CUST101627,Manish,Mishra,Male,1985-01-01,manish.mishra101627@examplemail.com,9480093465,8491394994,Senior Citizen,Individual,2026-04-12,Bronze,1787,Tamil,SMS,"192, Station Road",Phase 2,Warangal,Telangana,506002,India,Y,Not Required,20466.05,Y,2026-04-12 18:35:00,2026-07-10 04:27:00
101628,CUST101628,Swathi,Sharma,Female,1956-02-02,swathi.sharma101628@examplemail.com,9675237179,8803524896,Senior Citizen,Individual,2025-11-10,Gold,9228,Telugu,Email,"272, MG Road",,Hyderabad,Telangana,500081,India,Y,Verified,11204.27,Y,2025-11-10 17:47:00,2026-07-02 18:44:00
101629,CUST101629,Deepika,Singh,Female,2005-11-06,deepika.singh101629@examplemail.com,9763639263,8523198510,Corporate,Individual,2025-09-25,Bronze,1227,Kannada,SMS,"56, Central Colony",Phase 2,Mumbai,Maharashtra,400076,India,Y,Verified,977727.77,Y,2025-09-25 11:05:00,2026-06-02 16:21:00
101630,CUST101630,Sanjay,Iyer,Male,1991-02-10,sanjay.iyer101630@examplemail.com,9669834362,8413735860,Student,Individual,2024-04-22,Gold,17542,English,WhatsApp,"102, Station Road",Beside Community Park,Secunderabad,Telangana,500003,India,Y,Verified,7930.27,N,2024-04-22 17:37:00,2025-04-27 00:06:00
101631,CUST101631,Akash,Joshi,Male,1975-03-13,akash.joshi101631@examplemail.com,9295289353,8210733941,Retail,Individual,2024-07-31,Silver,16784,Tamil,SMS,"689, Temple Street",Phase 2,Visakhapatnam,Andhra Pradesh,530017,India,Y,Verified,72310.51,Y,2024-07-31 20:56:00,2025-10-04 23:45:00
101632,CUST101632,Arjun,Patel,Male,1998-02-28,arjun.patel101632@examplemail.com,9549150580,8145152367,Premium,Individual,2024-12-08,Bronze,8644,Tamil,Phone,"595, River View",,Mumbai,Maharashtra,400076,India,Y,Verified,238648.26,Y,2024-12-08 17:55:00,2026-03-15 03:31:00
101633,CUST101633,Sanjay,Iyer,Male,2004-10-10,sanjay.iyer101633@examplemail.com,9956242653,8985975832,Retail,Individual,2025-01-23,Gold,22177,Hindi,SMS,"346, Temple Street",Opp. City Mall,Bengaluru,Karnataka,560037,India,Y,Verified,29047.79,N,2025-01-23 16:33:00,2026-03-21 21:28:00
101634,CUST101634,Surya,Iyer,Male,1999-02-15,surya.iyer101634@examplemail.com,9814558202,8151202278,Premium,Individual,2024-12-19,Bronze,2541,Kannada,Phone,"406, Green Hills",,Visakhapatnam,Andhra Pradesh,530017,India,Y,Verified,298435.91,N,2024-12-19 19:23:00,2025-06-18 05:06:00
101635,CUST101635,Surya,Iyer,Male,1987-05-14,surya.iyer101635@examplemail.com,9548679433,8705431534,Retail,Individual,2026-03-11,Silver,7503,Tamil,WhatsApp,"818, River View",Near Metro Station,Chennai,Tamil Nadu,600042,India,Y,Verified,45712.80,Y,2026-03-11 09:57:00,2026-04-04 17:17:00
101636,CUST101636,Sneha,Nair,Female,1989-03-25,sneha.nair101636@examplemail.com,9898112576,8570966177,Retail,Individual,2026-06-01,Gold,7183,Telugu,WhatsApp,"279, Market Road",Near Metro Station,Pune,Maharashtra,411014,India,Y,Verified,25147.62,N,2026-06-01 10:09:00,2026-08-21 17:07:00
101637,CUST101637,Harsha,Reddy,Male,1957-03-09,harsha.reddy101637@examplemail.com,9175510978,8370567756,Student,Business,2026-06-04,Silver,9609,Kannada,WhatsApp,"489, Temple Street",Phase 2,Chennai,Tamil Nadu,600042,India,Y,Verified,24989.76,N,2026-06-04 15:38:00,2026-07-10 15:50:00
101638,CUST101638,Surya,Mishra,Male,1994-09-15,surya.mishra101638@examplemail.com,9792852939,8898010305,Premium,Individual,2025-09-06,Gold,882,Kannada,Phone,"254, Tech Park Avenue",Near Metro Station,Mumbai,Maharashtra,400076,India,Y,Verified,109037.85,N,2025-09-06 15:43:00,2026-06-10 23:24:00
101639,CUST101639,Meghana,Das,Female,1980-01-03,meghana.das101639@examplemail.com,9880702426,8307687572,Retail,Individual,2026-03-06,Bronze,18289,English,SMS,"362, Tech Park Avenue",,Pune,Maharashtra,411014,India,Y,Not Required,42073.96,Y,2026-03-06 10:35:00,2026-04-05 17:12:00
101640,CUST101640,Krishna,Kumar,Male,1984-09-15,krishna.kumar101640@examplemail.com,9898314381,8412483768,Senior Citizen,Individual,2026-08-11,Silver,17722,Telugu,WhatsApp,"955, Market Road",Phase 2,Chennai,Tamil Nadu,600042,India,Y,Verified,21706.07,Y,2026-08-11 13:35:00,2026-08-19 20:22:00
101641,CUST101641,Keerthi,Shetty,Female,1992-04-19,keerthi.shetty101641@examplemail.com,9316227826,8208285469,Senior Citizen,Individual,2024-10-02,Bronze,23957,Kannada,Email,"372, Station Road",,Mumbai,Maharashtra,400076,India,Y,Verified,14693.43,Y,2024-10-02 15:26:00,2025-05-30 18:24:00
101642,CUST101642,Nandini,Nair,Female,1965-10-23,nandini.nair101642@examplemail.com,9824899126,8919757530,Premium,Individual,2024-02-24,Silver,23403,Tamil,Email,"573, Lake View Road",Near Metro Station,Hyderabad,Telangana,500081,India,N,Not Required,85971.96,Y,2024-02-24 15:12:00,2024-07-30 17:47:00
101643,CUST101643,Ishita,Patel,Female,2004-08-05,ishita.patel101643@examplemail.com,9970743569,8729544058,Retail,Individual,2024-07-26,Silver,1377,Kannada,WhatsApp,"132, Temple Street",Near Metro Station,Pune,Maharashtra,411014,India,Y,Verified,11335.88,Y,2024-07-26 19:05:00,2024-09-25 20:39:00
101644,CUST101644,Krishna,Singh,Male,1992-03-22,krishna.singh101644@examplemail.com,9536857168,8928119634,Student,Individual,2024-07-07,Silver,16246,Hindi,Phone,"223, Green Hills",,Secunderabad,Telangana,500003,India,N,Not Required,23113.99,N,2024-07-07 18:54:00,2025-08-23 19:18:00
101645,CUST101645,Vijay,Sharma,Male,1979-12-24,vijay.sharma101645@examplemail.com,9917540473,8428872697,Corporate,Individual,2024-03-14,Bronze,15745,Telugu,Email,"970, Central Colony",Opp. City Mall,Chennai,Tamil Nadu,600042,India,Y,Verified,393159.31,N,2024-03-14 17:01:00,2024-08-08 01:32:00
101646,CUST101646,Pranav,Patel,Male,1994-05-18,pranav.patel101646@examplemail.com,9731126159,8563729485,Retail,Individual,2025-08-11,Bronze,2908,Hindi,SMS,"790, River View",Near Metro Station,Vijayawada,Andhra Pradesh,520010,India,Y,Verified,17221.39,N,2025-08-11 18:46:00,2026-04-03 04:01:00
101647,CUST101647,Nikhil,Gupta,Male,1996-09-25,nikhil.gupta101647@examplemail.com,9653890767,8414761182,Corporate,Individual,2024-05-04,Silver,24827,Telugu,WhatsApp,"54, Lake View Road",,Chennai,Tamil Nadu,600042,India,Y,Verified,700784.49,N,2024-05-04 14:58:00,2026-08-09 23:27:00
101648,CUST101648,Nandini,Yadav,Female,1959-09-12,nandini.yadav101648@examplemail.com,9117859344,8790897814,Senior Citizen,Individual,2026-04-19,Bronze,17664,Hindi,WhatsApp,"642, Tech Park Avenue",,Chennai,Tamil Nadu,600042,India,N,Verified,29572.79,Y,2026-04-19 16:51:00,2026-05-26 18:11:00
101649,CUST101649,Vaishnavi,Joshi,Female,1970-03-14,vaishnavi.joshi101649@examplemail.com,9974299350,8424479491,Senior Citizen,Individual,2026-06-05,Gold,5217,Hindi,SMS,"261, Lake View Road",Opp. City Mall,Bengaluru,Karnataka,560037,India,Y,Verified,39357.80,N,2026-06-05 08:35:00,2026-08-13 11:35:00
101650,CUST101650,Harsha,Joshi,Male,1993-09-12,harsha.joshi101650@examplemail.com,9300716577,8712900866,Retail,Individual,2024-06-14,Bronze,13169,Telugu,Phone,"702, Temple Street",Phase 2,Vijayawada,Andhra Pradesh,520010,India,Y,Rejected,44918.77,Y,2024-06-14 18:06:00,2026-08-29 20:42:00
101651,CUST101651,Sneha,Kumar,Female,1959-09-02,sneha.kumar101651@examplemail.com,9181431505,8699347027,Senior Citizen,Individual,2024-09-16,Bronze,7502,Telugu,WhatsApp,"864, Green Hills",,Mumbai,Maharashtra,400076,India,Y,Verified,39433.54,Y,2024-09-16 17:15:00,2026-07-17 17:28:00
101652,CUST101652,Keerthi,Nair,Female,1985-12-26,keerthi.nair101652@examplemail.com,9496013562,8641358522,Senior Citizen,Individual,2026-07-01,Silver,12,English,WhatsApp,"772, Temple Street",,Hyderabad,Telangana,500081,India,Y,Verified,16638.01,N,2026-07-01 14:58:00,2026-07-01 20:35:00
101653,CUST101653,Vijay,Goud,Male,1970-01-13,vijay.goud101653@examplemail.com,9969556430,8814667044,Student,Individual,2026-04-02,Gold,23083,Telugu,Email,"75, Station Road",,Hyderabad,Telangana,500081,India,Y,Not Required,15666.83,Y,2026-04-02 14:18:00,2026-05-29 19:10:00
101654,CUST101654,Nandini,Mishra,Female,1967-03-21,nandini.mishra101654@examplemail.com,9169779448,8962862292,Retail,Individual,2024-11-08,Bronze,20256,Kannada,SMS,"700, Park Lane",,Hyderabad,Telangana,500081,India,Y,Verified,52095.91,N,2024-11-08 13:44:00,2024-12-17 19:35:00
101655,CUST101655,Sneha,Kulkarni,Female,1987-12-15,sneha.kulkarni101655@examplemail.com,9757404411,8884892051,Senior Citizen,Individual,2026-06-15,Platinum,3687,English,Email,"568, MG Road",Near Metro Station,Visakhapatnam,Andhra Pradesh,530017,India,Y,Verified,11347.40,N,2026-06-15 17:48:00,2026-06-16 19:30:00
101656,CUST101656,Tarun,Iyer,Male,1984-11-12,tarun.iyer101656@examplemail.com,9369184757,8937264139,Senior Citizen,Individual,2026-05-16,Bronze,8670,English,WhatsApp,"951, River View",Opp. City Mall,Mumbai,Maharashtra,400076,India,Y,Verified,31635.80,N,2026-05-16 10:52:00,2026-05-24 14:33:00
101657,CUST101657,Nandini,Iyer,Female,1974-01-18,nandini.iyer101657@examplemail.com,9258831489,8419295612,Student,Business,2026-04-02,Silver,14125,Kannada,Email,"692, Market Road",Beside Community Park,Pune,Maharashtra,411014,India,Y,Verified,16654.29,N,2026-04-02 10:26:00,2026-09-10 15:00:00
101658,CUST101658,Kavya,Reddy,Female,2003-11-19,kavya.reddy101658@examplemail.com,9351379330,8669784312,Corporate,Individual,2025-02-03,Bronze,10118,Tamil,SMS,"383, MG Road",Phase 2,Vijayawada,Andhra Pradesh,520010,India,Y,Verified,841607.73,N,2025-02-03 08:45:00,2026-01-30 11:53:00
101659,CUST101659,Aadhya,Shetty,Female,1975-07-01,aadhya.shetty101659@examplemail.com,9949568333,8264133295,Senior Citizen,Individual,2025-09-23,Gold,11807,Kannada,WhatsApp,"16, Central Colony",Phase 2,Delhi,Delhi,110017,India,Y,Pending,29402.41,N,2025-09-23 14:05:00,2026-07-08 19:35:00
101660,CUST101660,Ishita,Gupta,Female,1972-02-03,ishita.gupta101660@examplemail.com,9855330403,8373106020,Retail,Individual,2025-04-14,Gold,18678,Hindi,WhatsApp,"948, River View",Beside Community Park,Visakhapatnam,Andhra Pradesh,530017,India,Y,Verified,52613.62,N,2025-04-14 12:06:00,2025-08-23 20:07:00
101661,CUST101661,Divya,Rao,Female,1957-12-20,divya.rao101661@examplemail.com,9660048871,8486061965,Retail,Individual,2026-01-11,Gold,18373,Hindi,Email,"253, MG Road",Beside Community Park,Hyderabad,Telangana,500081,India,Y,Verified,49407.37,N,2026-01-11 18:49:00,2026-09-14 03:13:00
101662,CUST101662,Ishita,Nair,Female,1983-02-05,ishita.nair101662@examplemail.com,9677450903,8850610401,Corporate,Individual,2025-04-01,Silver,2430,Kannada,WhatsApp,"429, River View",Phase 2,Chennai,Tamil Nadu,600042,India,Y,Verified,983934.45,Y,2025-04-01 11:06:00,2025-05-08 19:28:00
101663,CUST101663,Sneha,Shetty,Female,1973-11-05,sneha.shetty101663@examplemail.com,9567865932,8518506610,Premium,Individual,2025-07-01,Bronze,9125,Hindi,SMS,"408, MG Road",Phase 2,Visakhapatnam,Andhra Pradesh,530017,India,Y,Verified,263713.56,N,2025-07-01 19:35:00,2025-09-16 01:12:00
101664,CUST101664,Surya,Rao,Male,1977-12-13,surya.rao101664@examplemail.com,9330048755,8345480574,Senior Citizen,Individual,2025-05-08,Silver,2672,English,SMS,"382, Tech Park Avenue",Near Metro Station,Warangal,Telangana,506002,India,N,Verified,40721.14,Y,2025-05-08 19:49:00,2026-01-26 03:33:00
101665,CUST101665,Nikhil,Singh,Male,1965-03-22,nikhil.singh101665@examplemail.com,9573474324,8242431172,Senior Citizen,Individual,2024-01-20,Silver,19723,Kannada,WhatsApp,"683, Temple Street",Near Metro Station,Chennai,Tamil Nadu,600042,India,Y,Verified,57917.06,Y,2024-01-20 20:15:00,2025-02-15 01:49:00
101666,CUST101666,Tarun,Das,Male,1957-02-27,tarun.das101666@examplemail.com,9477370292,8125148921,Corporate,Individual,2025-01-11,Bronze,16201,English,Phone,"882, Tech Park Avenue",Opp. City Mall,Vijayawada,Andhra Pradesh,520010,India,Y,Verified,281186.19,Y,2025-01-11 13:49:00,2025-01-31 17:25:00
101667,CUST101667,Sahithi,Kumar,Female,1998-08-11,sahithi.kumar101667@examplemail.com,9388170114,8756664419,Premium,Individual,2026-01-19,Bronze,8520,Hindi,WhatsApp,"132, Green Hills",Phase 2,Visakhapatnam,Andhra Pradesh,530017,India,Y,Verified,214796.16,Y,2026-01-19 18:49:00,2026-03-03 20:33:00
101668,CUST101668,Ananya,Verma,Female,1981-12-16,ananya.verma101668@examplemail.com,9568040257,8368873581,Student,Individual,2026-05-17,Gold,12034,Kannada,WhatsApp,"151, River View",Opp. City Mall,Mumbai,Maharashtra,400076,India,Y,Verified,9049.91,Y,2026-05-17 19:31:00,2026-09-13 19:32:00
101669,CUST101669,Pooja,Sharma,Female,1997-08-25,pooja.sharma101669@examplemail.com,9840318126,8599933555,Student,Individual,2024-10-16,Gold,11017,Hindi,WhatsApp,"205, Market Road",Near Metro Station,Mumbai,Maharashtra,400076,India,Y,Pending,6821.09,Y,2024-10-16 18:54:00,2025-07-12 19:29:00
101670,CUST101670,Divya,Gupta,Female,1962-12-12,divya.gupta101670@examplemail.com,9736080525,8554588164,Student,Individual,2025-07-16,Bronze,22193,Tamil,SMS,"257, MG Road",Near Metro Station,Visakhapatnam,Andhra Pradesh,530017,India,Y,Verified,7971.29,Y,2025-07-16 16:52:00,2025-07-23 19:10:00
101671,CUST101671,Tarun,Reddy,Male,1976-07-12,tarun.reddy101671@examplemail.com,9722150871,8909619367,Student,Individual,2024-05-11,Silver,661,Kannada,Phone,"968, Central Colony",Near Metro Station,Hyderabad,Telangana,500081,India,Y,Verified,23948.70,N,2024-05-11 19:12:00,2026-04-03 00:27:00
101672,CUST101672,Manish,Naidu,Male,1959-07-28,manish.naidu101672@examplemail.com,9399541950,8369874777,Corporate,Individual,2026-05-22,Gold,23772,English,Email,"897, Temple Street",Phase 2,Warangal,Telangana,506002,India,Y,Verified,388502.88,Y,2026-05-22 10:14:00,2026-08-15 19:17:00
101673,CUST101673,Tarun,Das,Male,1956-07-09,tarun.das101673@examplemail.com,9919566850,8201131454,Retail,Individual,2026-04-14,Gold,24186,Hindi,Email,"324, Park Lane",Opp. City Mall,Chennai,Tamil Nadu,600042,India,Y,Verified,59362.72,Y,2026-04-14 17:52:00,2026-04-15 23:22:00
101674,CUST101674,Kavya,Yadav,Female,1978-07-07,kavya.yadav101674@examplemail.com,9658096327,8837765091,Retail,Individual,2025-04-13,Bronze,15413,English,WhatsApp,"344, Temple Street",,Pune,Maharashtra,411014,India,Y,Verified,30038.73,N,2025-04-13 10:01:00,2026-01-29 16:17:00
101675,CUST101675,Harini,Sharma,Female,1985-02-13,harini.sharma101675@examplemail.com,9570076342,8187621975,Corporate,Individual,2026-01-27,Bronze,19912,Hindi,Phone,"507, Lake View Road",Phase 2,Secunderabad,Telangana,500003,India,Y,Verified,929687.70,Y,2026-01-27 19:25:00,2026-08-04 02:26:00
101676,CUST101676,Ishita,Joshi,Female,1960-11-18,ishita.joshi101676@examplemail.com,9123932429,8649684388,Retail,Individual,2024-01-15,Bronze,9221,English,SMS,"569, Green Hills",Near Metro Station,Vijayawada,Andhra Pradesh,520010,India,Y,Verified,58286.34,N,2024-01-15 13:28:00,2024-09-17 22:04:00
101677,CUST101677,Sneha,Verma,Female,1992-05-14,sneha.verma101677@examplemail.com,9375346298,8136043316,Senior Citizen,Individual,2025-11-06,Silver,5245,English,Phone,"156, River View",Opp. City Mall,Vijayawada,Andhra Pradesh,520010,India,Y,Rejected,41785.67,Y,2025-11-06 08:53:00,2026-01-29 10:17:00
101678,CUST101678,Surya,Patel,Male,1967-05-08,surya.patel101678@examplemail.com,9317798560,8231167340,Student,Individual,2026-02-01,Silver,21817,Hindi,WhatsApp,"605, MG Road",Opp. City Mall,Vijayawada,Andhra Pradesh,520010,India,Y,Verified,19005.05,N,2026-02-01 17:51:00,2026-07-20 03:51:00
101679,CUST101679,Nandini,Kumar,Female,1956-06-11,nandini.kumar101679@examplemail.com,9612961518,8526596778,Retail,Individual,2026-03-26,Gold,7786,Kannada,WhatsApp,"386, Central Colony",Opp. City Mall,Vijayawada,Andhra Pradesh,520010,India,Y,Verified,39636.68,Y,2026-03-26 15:22:00,2026-08-25 01:31:00
101680,CUST101680,Vijay,Singh,Male,1999-04-28,vijay.singh101680@examplemail.com,9217437983,8493444429,Corporate,Individual,2024-04-09,Bronze,16250,English,Phone,"960, Central Colony",Opp. City Mall,Chennai,Tamil Nadu,600042,India,Y,Verified,541006.10,N,2024-04-09 09:24:00,2024-05-14 11:23:00
101681,CUST101681,Harsha,Shetty,Male,1965-10-03,harsha.shetty101681@examplemail.com,9191486721,8388558913,Retail,Individual,2024-03-10,Platinum,20862,Hindi,Phone,"453, Tech Park Avenue",Phase 2,Vijayawada,Andhra Pradesh,520010,India,Y,Verified,65246.07,N,2024-03-10 12:20:00,2025-06-05 18:56:00
101682,CUST101682,Vijay,Kulkarni,Male,1994-11-14,vijay.kulkarni101682@examplemail.com,9110272369,8698616085,Premium,Individual,2024-08-09,Bronze,7218,Telugu,SMS,"254, Tech Park Avenue",Opp. City Mall,Secunderabad,Telangana,500003,India,Y,Verified,297581.58,N,2024-08-09 10:13:00,2025-09-21 12:34:00
101683,CUST101683,Tarun,Shetty,Male,1977-06-28,tarun.shetty101683@examplemail.com,9119411169,8673190294,Corporate,Individual,2024-11-10,Silver,20358,Telugu,Phone,"667, Lake View Road",Near Metro Station,Hyderabad,Telangana,500081,India,Y,Verified,622436.08,Y,2024-11-10 17:49:00,2026-07-16 02:05:00
101684,CUST101684,Surya,Chowdary,Male,1980-10-15,surya.chowdary101684@examplemail.com,9273473999,8280615280,Senior Citizen,Individual,2025-04-13,Silver,18299,Telugu,Email,"941, Park Lane",Beside Community Park,Bengaluru,Karnataka,560037,India,Y,Verified,51847.62,Y,2025-04-13 13:43:00,2025-12-31 15:58:00
101685,CUST101685,Aishwarya,Kulkarni,Female,1975-02-27,aishwarya.kulkarni101685@examplemail.com,9416269282,8870925351,Student,Individual,2024-05-10,Silver,23058,Kannada,WhatsApp,"654, MG Road",Opp. City Mall,Bengaluru,Karnataka,560037,India,N,Verified,24610.01,N,2024-05-10 13:07:00,2026-03-09 15:37:00
101686,CUST101686,Meghana,Mishra,Female,1978-04-05,meghana.mishra101686@examplemail.com,9134893580,8217598675,Senior Citizen,Individual,2025-02-14,Silver,24059,Hindi,Phone,"508, Market Road",Opp. City Mall,Hyderabad,Telangana,500081,India,Y,Verified,29131.59,N,2025-02-14 13:23:00,2026-08-21 23:18:00
101687,CUST101687,Priya,Kumar,Female,1969-10-12,priya.kumar101687@examplemail.com,9482850806,8132965394,Senior Citizen,Individual,2026-07-16,Platinum,21710,Tamil,Phone,"945, River View",Phase 2,Vijayawada,Andhra Pradesh,520010,India,Y,Verified,24344.60,Y,2026-07-16 15:38:00,2026-07-30 23:37:00
101688,CUST101688,Pooja,Das,Female,2002-03-02,pooja.das101688@examplemail.com,9378260703,8685845315,Senior Citizen,Individual,2025-11-18,Bronze,12616,Tamil,SMS,"137, Central Colony",Beside Community Park,Mumbai,Maharashtra,400076,India,Y,Verified,45402.96,Y,2025-11-18 19:23:00,2026-01-16 20:38:00
101689,CUST101689,Surya,Patel,Male,2004-05-21,surya.patel101689@examplemail.com,9252339344,8537956099,Premium,Individual,2024-05-25,Silver,9608,English,SMS,"972, MG Road",Opp. City Mall,Bengaluru,Karnataka,560037,India,Y,Verified,238967.92,Y,2024-05-25 17:43:00,2025-07-13 01:20:00
101690,CUST101690,Charan,Nair,Male,1992-10-16,charan.nair101690@examplemail.com,9762009275,8517811749,Retail,Individual,2024-09-22,Bronze,9081,Telugu,Phone,"588, Lake View Road",,Bengaluru,Karnataka,560037,India,Y,Verified,28258.95,N,2024-09-22 10:14:00,2025-06-21 16:36:00
101691,CUST101691,Keerthi,Gupta,Female,1969-06-17,keerthi.gupta101691@examplemail.com,9471438919,8295035292,Student,Individual,2025-02-13,Silver,739,Kannada,WhatsApp,"24, Market Road",,Visakhapatnam,Andhra Pradesh,530017,India,Y,Verified,8814.47,N,2025-02-13 14:49:00,2025-08-12 21:53:00
101692,CUST101692,Rohan,Reddy,Male,2002-05-17,rohan.reddy101692@examplemail.com,9373647465,8875263750,Retail,Individual,2026-04-29,Bronze,4046,Tamil,Phone,"974, Lake View Road",Phase 2,Delhi,Delhi,110017,India,Y,Verified,15280.31,N,2026-04-29 16:12:00,2026-05-23 17:02:00
101693,CUST101693,Rohan,Goud,Male,1960-05-06,rohan.goud101693@examplemail.com,9973170907,8144973377,Corporate,Individual,2024-06-29,Silver,20834,Kannada,Phone,"274, Lake View Road",Near Metro Station,Warangal,Telangana,506002,India,Y,Verified,542482.64,N,2024-06-29 16:01:00,2025-04-21 23:16:00
101694,CUST101694,Varun,Joshi,Male,1989-05-18,varun.joshi101694@examplemail.com,9876182982,8602769123,Senior Citizen,Individual,2025-12-25,Bronze,10446,Kannada,WhatsApp,"597, Lake View Road",Near Metro Station,Vijayawada,Andhra Pradesh,520010,India,Y,Pending,41937.80,Y,2025-12-25 11:03:00,2026-06-26 20:55:00
101695,CUST101695,Meghana,Chowdary,Female,1969-02-10,meghana.chowdary101695@examplemail.com,9550362267,8277368086,Student,Individual,2025-12-10,Platinum,17459,Kannada,Phone,"700, Temple Street",Near Metro Station,Mumbai,Maharashtra,400076,India,Y,Rejected,17732.36,N,2025-12-10 19:49:00,2026-03-04 02:05:00
101696,CUST101696,Priya,Shetty,Female,1997-02-05,priya.shetty101696@examplemail.com,9246744704,8231934041,Senior Citizen,Individual,2025-06-22,Bronze,17646,English,WhatsApp,"678, Tech Park Avenue",Beside Community Park,Warangal,Telangana,506002,India,N,Verified,10349.20,Y,2025-06-22 20:19:00,2026-01-12 05:16:00
101697,CUST101697,Aarav,Sharma,Male,1998-10-28,aarav.sharma101697@examplemail.com,9401304732,8142454040,Corporate,Individual,2025-05-08,Bronze,24519,Telugu,Phone,"496, MG Road",Beside Community Park,Bengaluru,Karnataka,560037,India,Y,Verified,416176.92,Y,2025-05-08 11:37:00,2026-06-07 18:59:00
101698,CUST101698,Deepika,Kumar,Female,1996-02-13,deepika.kumar101698@examplemail.com,9568538870,8316355097,Corporate,Individual,2025-06-14,Gold,3010,Tamil,SMS,"488, Market Road",,Hyderabad,Telangana,500081,India,Y,Verified,367928.63,N,2025-06-14 20:47:00,2025-09-26 22:55:00
101699,CUST101699,Deepika,Verma,Female,1979-08-11,deepika.verma101699@examplemail.com,9289330862,8693063898,Corporate,Business,2025-01-12,Bronze,14712,English,Phone,"68, Market Road",,Secunderabad,Telangana,500003,India,Y,Verified,560763.11,Y,2025-01-12 09:04:00,2026-09-08 09:29:00
101700,CUST101700,Nikhil,Gupta,Male,1982-08-09,nikhil.gupta101700@examplemail.com,9939834273,8436049568,Premium,Business,2024-01-29,Silver,1895,Kannada,Email,"203, Lake View Road",Phase 2,Delhi,Delhi,110017,India,Y,Verified,181346.39,Y,2024-01-29 13:23:00,2025-10-09 13:39:00
101701,CUST101701,Charan,Mishra,Male,2002-10-22,charan.mishra101701@examplemail.com,9452394030,8680820127,Premium,Individual,2025-09-27,Bronze,16590,Tamil,Email,"233, Market Road",Beside Community Park,Hyderabad,Telangana,500081,India,Y,Verified,285686.05,Y,2025-09-27 20:08:00,2026-06-21 23:21:00
101702,CUST101702,Kavya,Patel,Female,1988-04-10,kavya.patel101702@examplemail.com,9379565202,8986322867,Corporate,Individual,2026-08-15,Platinum,15839,Telugu,Email,"893, Market Road",Opp. City Mall,Delhi,Delhi,110017,India,Y,Verified,758504.64,Y,2026-08-15 09:01:00,2026-09-02 18:50:00
101703,CUST101703,Sahithi,Shetty,Female,1965-07-09,sahithi.shetty101703@examplemail.com,9615002073,8311149178,Premium,Individual,2026-02-15,Bronze,19418,Telugu,Email,"438, Market Road",Beside Community Park,Secunderabad,Telangana,500003,India,Y,Verified,245612.68,Y,2026-02-15 20:42:00,2026-05-13 05:40:00
101704,CUST101704,Akash,Nair,Male,1972-02-27,akash.nair101704@examplemail.com,9989868468,8502017471,Student,Individual,2025-07-06,Gold,15544,Kannada,Phone,"949, Lake View Road",,Delhi,Delhi,110017,India,Y,Verified,15589.93,Y,2025-07-06 16:19:00,2025-12-23 20:54:00
101705,CUST101705,Pooja,Goud,Female,1997-11-08,pooja.goud101705@examplemail.com,9694195897,8392146526,Premium,Individual,2025-05-12,Bronze,14880,Tamil,SMS,"282, Park Lane",Opp. City Mall,Mumbai,Maharashtra,400076,India,Y,Verified,125772.74,N,2025-05-12 20:30:00,2026-06-29 21:39:00
101706,CUST101706,Keerthi,Yadav,Female,1995-02-24,keerthi.yadav101706@examplemail.com,9687932989,8724442425,Premium,Individual,2025-06-15,Bronze,22365,Kannada,Phone,"247, Park Lane",Opp. City Mall,Warangal,Telangana,506002,India,Y,Verified,230510.44,N,2025-06-15 13:12:00,2025-09-05 14:57:00
101707,CUST101707,Divya,Das,Female,1968-09-13,divya.das101707@examplemail.com,9410528425,8772535119,Corporate,Individual,2025-02-10,Gold,24840,Tamil,Phone,"763, Station Road",Near Metro Station,Hyderabad,Telangana,500081,India,Y,Verified,677205.86,N,2025-02-10 15:30:00,2025-05-24 23:57:00
101708,CUST101708,Nandini,Goud,Female,1987-03-01,nandini.goud101708@examplemail.com,9668063906,8164826203,Premium,Individual,2024-04-02,Bronze,23289,Hindi,SMS,"764, Lake View Road",Phase 2,Delhi,Delhi,110017,India,Y,Verified,128772.41,N,2024-04-02 08:57:00,2026-02-23 09:01:00
101709,CUST101709,Swathi,Menon,Female,1962-11-04,swathi.menon101709@examplemail.com,9900441486,8446806060,Premium,Individual,2025-04-21,Bronze,6924,Hindi,WhatsApp,"790, River View",Beside Community Park,Secunderabad,Telangana,500003,India,Y,Verified,263473.77,N,2025-04-21 08:49:00,2026-05-27 15:44:00
101710,CUST101710,Harini,Shetty,Female,1966-07-14,harini.shetty101710@examplemail.com,9573682142,8288503525,Corporate,Individual,2025-07-19,Gold,12559,Kannada,Phone,"873, MG Road",Near Metro Station,Warangal,Telangana,506002,India,Y,Verified,422197.11,Y,2025-07-19 20:49:00,2026-03-04 00:14:00
101711,CUST101711,Aarav,Shetty,Male,1987-07-17,aarav.shetty101711@examplemail.com,9375994566,8691250742,Retail,Individual,2025-03-27,Bronze,16805,English,Phone,"514, Station Road",,Mumbai,Maharashtra,400076,India,Y,Verified,21398.97,Y,2025-03-27 14:42:00,2025-12-05 18:26:00
101712,CUST101712,Karthik,Joshi,Male,2004-01-13,karthik.joshi101712@examplemail.com,9472522546,8729040645,Senior Citizen,Individual,2024-11-06,Bronze,18066,Tamil,Phone,"433, Park Lane",,Secunderabad,Telangana,500003,India,Y,Verified,45826.16,N,2024-11-06 09:21:00,2025-08-27 10:31:00
101713,CUST101713,Vaishnavi,Kumar,Female,1983-04-10,vaishnavi.kumar101713@examplemail.com,9304490172,8335825880,Corporate,Business,2024-01-07,Silver,136,Telugu,SMS,"441, Tech Park Avenue",Beside Community Park,Delhi,Delhi,110017,India,Y,Not Required,998752.72,Y,2024-01-07 17:17:00,2024-08-24 20:14:00
101714,CUST101714,Harsha,Menon,Male,1983-04-23,harsha.menon101714@examplemail.com,9980584475,8107104677,Senior Citizen,Individual,2024-12-29,Silver,22029,English,Email,"792, Park Lane",Near Metro Station,Pune,Maharashtra,411014,India,Y,Verified,28616.77,N,2024-12-29 14:07:00,2026-01-14 22:38:00
101715,CUST101715,Krishna,Singh,Male,2000-07-23,krishna.singh101715@examplemail.com,9658374149,8189749150,Student,Individual,2025-12-21,Silver,13774,Telugu,Phone,"898, MG Road",Near Metro Station,Mumbai,Maharashtra,400076,India,Y,Not Required,11913.47,Y,2025-12-21 14:15:00,2026-03-15 16:38:00
101716,CUST101716,Kavya,Kumar,Female,1996-06-01,kavya.kumar101716@examplemail.com,9120899983,8104718462,Corporate,Individual,2025-03-03,Silver,18973,English,WhatsApp,"154, Green Hills",Beside Community Park,Bengaluru,Karnataka,560037,India,Y,Verified,438245.05,Y,2025-03-03 11:33:00,2026-06-01 21:45:00
101717,CUST101717,Sahithi,Singh,Female,2003-10-01,sahithi.singh101717@examplemail.com,9374690611,8788273625,Premium,Individual,2025-08-01,Bronze,18051,Tamil,Email,"232, Temple Street",,Warangal,Telangana,506002,India,Y,Not Required,178724.36,N,2025-08-01 18:46:00,2025-12-26 05:40:00
101718,CUST101718,Aishwarya,Naidu,Female,1991-01-01,aishwarya.naidu101718@examplemail.com,9682242701,8794782713,Premium,Individual,2025-03-03,Bronze,15863,Hindi,Email,"35, Tech Park Avenue",Phase 2,Vijayawada,Andhra Pradesh,520010,India,Y,Verified,266057.53,N,2025-03-03 11:55:00,2026-07-10 18:26:00
101719,CUST101719,Pranav,Joshi,Male,1978-03-12,pranav.joshi101719@examplemail.com,9602287620,8824013680,Retail,Individual,2025-01-10,Bronze,1196,Tamil,WhatsApp,"255, Station Road",Phase 2,Hyderabad,Telangana,500081,India,Y,Verified,73860.83,Y,2025-01-10 13:08:00,2025-10-04 20:34:00
101720,CUST101720,Karthik,Nair,Male,1978-06-03,karthik.nair101720@examplemail.com,9172592780,8917544658,Senior Citizen,Individual,2025-03-22,Silver,13969,English,Email,"286, Market Road",Beside Community Park,Bengaluru,Karnataka,560037,India,Y,Verified,47056.90,N,2025-03-22 09:43:00,2025-09-25 11:02:00
101721,CUST101721,Vijay,Rao,Male,1967-06-08,vijay.rao101721@examplemail.com,9810146619,8858115409,Corporate,Individual,2025-03-15,Gold,10527,Telugu,Phone,"949, Green Hills",Opp. City Mall,Mumbai,Maharashtra,400076,India,Y,Pending,249586.61,N,2025-03-15 19:57:00,2025-10-19 01:08:00
101722,CUST101722,Aishwarya,Nair,Female,1975-04-16,aishwarya.nair101722@examplemail.com,9102536013,8228028881,Corporate,Individual,2024-05-16,Bronze,5821,English,WhatsApp,"74, Temple Street",Beside Community Park,Bengaluru,Karnataka,560037,India,Y,Verified,801991.48,Y,2024-05-16 17:24:00,2025-07-12 23:49:00
101723,CUST101723,Ishita,Nair,Female,1972-08-04,ishita.nair101723@examplemail.com,9494448985,8828935516,Student,Individual,2024-08-13,Gold,4108,Telugu,SMS,"57, Market Road",,Visakhapatnam,Andhra Pradesh,530017,India,N,Verified,11898.85,N,2024-08-13 11:43:00,2026-08-04 22:04:00
101724,CUST101724,Harsha,Yadav,Male,1997-06-25,harsha.yadav101724@examplemail.com,9452299108,8578066900,Retail,Individual,2026-05-05,Bronze,19799,Kannada,WhatsApp,"975, Lake View Road",,Hyderabad,Telangana,500081,India,Y,Verified,28388.97,Y,2026-05-05 15:46:00,2026-07-04 15:48:00
101725,CUST101725,Vishal,Nair,Male,1967-08-09,vishal.nair101725@examplemail.com,9941677740,8213460274,Premium,Individual,2026-01-14,Bronze,16182,Kannada,Phone,"302, Station Road",Opp. City Mall,Visakhapatnam,Andhra Pradesh,530017,India,Y,Verified,200365.22,N,2026-01-14 19:18:00,2026-08-09 01:49:00
101726,CUST101726,Nandini,Singh,Female,1984-07-23,nandini.singh101726@examplemail.com,9590730269,8961962394,Corporate,Individual,2025-01-28,Silver,9674,Tamil,Email,"92, Central Colony",Opp. City Mall,Mumbai,Maharashtra,400076,India,Y,Rejected,481682.57,Y,2025-01-28 14:05:00,2026-02-13 18:50:00
101727,CUST101727,Sahithi,Singh,Female,2003-01-15,sahithi.singh101727@examplemail.com,9608046554,8349803959,Premium,Individual,2024-12-03,Silver,892,English,SMS,"335, Lake View Road",,Vijayawada,Andhra Pradesh,520010,India,Y,Verified,165410.39,N,2024-12-03 14:22:00,2025-06-20 23:32:00
101728,CUST101728,Nandini,Sharma,Female,1986-11-19,nandini.sharma101728@examplemail.com,9689042300,8114356289,Premium,Individual,2025-01-28,Bronze,22868,Hindi,SMS,"886, Central Colony",,Hyderabad,Telangana,500081,India,Y,Verified,285049.02,N,2025-01-28 08:07:00,2025-09-24 12:19:00
101729,CUST101729,Charan,Kumar,Male,1985-01-07,charan.kumar101729@examplemail.com,9753298662,8442598543,Retail,Individual,2025-01-20,Silver,16935,Kannada,Phone,"555, Station Road",Opp. City Mall,Secunderabad,Telangana,500003,India,Y,Verified,16614.90,Y,2025-01-20 08:17:00,2026-06-03 18:08:00
101730,CUST101730,Krishna,Singh,Male,1962-10-12,krishna.singh101730@examplemail.com,9298743989,8457588039,Premium,Individual,2024-01-11,Gold,22109,Telugu,Phone,"971, Central Colony",Beside Community Park,Secunderabad,Telangana,500003,India,Y,Verified,117287.57,Y,2024-01-11 10:08:00,2026-06-29 18:32:00
101731,CUST101731,Charan,Gupta,Male,2002-04-11,charan.gupta101731@examplemail.com,9197732330,8477819586,Premium,Individual,2025-08-21,Silver,12316,Kannada,Phone,"160, Green Hills",Beside Community Park,Warangal,Telangana,506002,India,Y,Verified,79337.88,N,2025-08-21 18:11:00,2026-05-21 23:16:00
101732,CUST101732,Sneha,Gupta,Female,1963-10-01,sneha.gupta101732@examplemail.com,9296199628,8575723723,Student,Individual,2024-05-01,Bronze,2398,Kannada,SMS,"824, Green Hills",Beside Community Park,Bengaluru,Karnataka,560037,India,Y,Verified,19191.88,N,2024-05-01 20:05:00,2024-11-26 04:32:00
101733,CUST101733,Deepika,Naidu,Female,1991-06-23,deepika.naidu101733@examplemail.com,9470510867,8847263695,Premium,Individual,2025-03-08,Gold,7296,Telugu,SMS,"320, Lake View Road",Opp. City Mall,Delhi,Delhi,110017,India,Y,Verified,181296.45,N,2025-03-08 08:35:00,2026-03-06 19:32:00
101734,CUST101734,Harini,Iyer,Female,1978-05-13,harini.iyer101734@examplemail.com,9477754750,8231914518,Student,Business,2026-03-08,Silver,4450,Telugu,Phone,"385, MG Road",Near Metro Station,Pune,Maharashtra,411014,India,Y,Verified,15210.34,N,2026-03-08 17:38:00,2026-08-31 20:45:00
101735,CUST101735,Pranav,Patel,Male,1969-03-05,pranav.patel101735@examplemail.com,9284325798,8443758044,Corporate,Individual,2025-06-16,Gold,20435,Hindi,SMS,"646, Green Hills",Phase 2,Pune,Maharashtra,411014,India,Y,Pending,644644.11,Y,2025-06-16 20:07:00,2025-11-21 06:43:00
101736,CUST101736,Rohan,Patel,Male,1982-06-14,rohan.patel101736@examplemail.com,9521087733,8700433344,Senior Citizen,Individual,2024-08-18,Bronze,183,English,SMS,"701, River View",Opp. City Mall,Delhi,Delhi,110017,India,Y,Verified,33301.94,N,2024-08-18 14:22:00,2024-09-11 21:46:00
101737,CUST101737,Lakshmi,Rao,Female,1973-09-25,lakshmi.rao101737@examplemail.com,9119497867,8612001520,Premium,Individual,2025-12-24,Silver,11827,Hindi,SMS,"615, Tech Park Avenue",Opp. City Mall,Vijayawada,Andhra Pradesh,520010,India,N,Verified,293679.32,Y,2025-12-24 18:04:00,2026-02-06 22:47:00
101738,CUST101738,Keerthi,Rao,Female,1956-06-11,keerthi.rao101738@examplemail.com,9325464761,8381351051,Student,Individual,2025-04-18,Gold,8133,Tamil,Email,"203, Market Road",Near Metro Station,Mumbai,Maharashtra,400076,India,Y,Verified,13627.66,Y,2025-04-18 13:08:00,2025-06-27 19:50:00
101739,CUST101739,Surya,Kumar,Male,1972-09-04,surya.kumar101739@examplemail.com,9160700530,8211948010,Senior Citizen,Individual,2025-05-04,Bronze,8173,Hindi,Email,"418, Lake View Road",Near Metro Station,Warangal,Telangana,506002,India,Y,Verified,56959.72,N,2025-05-04 13:46:00,2026-02-22 23:29:00
101740,CUST101740,Karthik,Reddy,Male,1988-04-08,karthik.reddy101740@examplemail.com,9722501446,8852289802,Corporate,Individual,2026-08-24,Silver,11737,Hindi,Phone,"222, Park Lane",Near Metro Station,Warangal,Telangana,506002,India,Y,Verified,411860.25,Y,2026-08-24 16:16:00,2026-09-14 22:46:59
101741,CUST101741,Rohan,Patel,Male,1971-05-28,rohan.patel101741@examplemail.com,9244503931,8241207457,Premium,Individual,2026-05-11,Gold,16675,Tamil,Phone,"153, Tech Park Avenue",Phase 2,Chennai,Tamil Nadu,600042,India,Y,Verified,247287.65,Y,2026-05-11 20:12:00,2026-08-30 00:49:00
101742,CUST101742,Manish,Naidu,Male,2001-05-26,manish.naidu101742@examplemail.com,9102127787,8672141407,Student,Individual,2025-09-13,Bronze,12722,Kannada,WhatsApp,"753, Station Road",Near Metro Station,Mumbai,Maharashtra,400076,India,Y,Rejected,15495.53,Y,2025-09-13 08:45:00,2026-03-03 11:19:00
101743,CUST101743,Ananya,Chowdary,Female,1981-11-07,ananya.chowdary101743@examplemail.com,9839157624,8680698556,Retail,Business,2025-01-08,Silver,20259,Telugu,Phone,"986, River View",Phase 2,Visakhapatnam,Andhra Pradesh,530017,India,Y,Verified,68617.57,Y,2025-01-08 20:06:00,2025-02-19 22:17:00
101744,CUST101744,Ishita,Nair,Female,1997-04-10,ishita.nair101744@examplemail.com,9989932933,8408414481,Retail,Individual,2024-09-18,Bronze,11119,Telugu,Email,"175, Central Colony",,Hyderabad,Telangana,500081,India,Y,Verified,63935.15,N,2024-09-18 18:32:00,2025-11-29 21:25:00
101745,CUST101745,Arjun,Yadav,Male,1971-10-12,arjun.yadav101745@examplemail.com,9235965292,8218606500,Student,Individual,2026-03-23,Silver,14341,English,Email,"970, Tech Park Avenue",,Visakhapatnam,Andhra Pradesh,530017,India,Y,Verified,13931.53,Y,2026-03-23 08:59:00,2026-06-06 18:26:00
101746,CUST101746,Divya,Singh,Female,1959-12-09,divya.singh101746@examplemail.com,9864987227,8509411298,Retail,Individual,2026-08-04,Gold,12710,Hindi,Email,"363, Lake View Road",Opp. City Mall,Visakhapatnam,Andhra Pradesh,530017,India,Y,Verified,16723.26,N,2026-08-04 18:51:00,2026-08-21 03:31:00
101747,CUST101747,Vaishnavi,Singh,Female,1988-08-16,vaishnavi.singh101747@examplemail.com,9584509546,8480031165,Senior Citizen,Individual,2025-02-08,Bronze,1405,Kannada,Phone,"620, Lake View Road",Near Metro Station,Vijayawada,Andhra Pradesh,520010,India,Y,Pending,22265.25,N,2025-02-08 10:30:00,2025-04-25 16:06:00
101748,CUST101748,Krishna,Joshi,Male,1981-09-21,krishna.joshi101748@examplemail.com,9159859070,8657091711,Student,Individual,2024-03-14,Bronze,10743,Tamil,WhatsApp,"719, River View",Beside Community Park,Hyderabad,Telangana,500081,India,Y,Verified,5428.18,Y,2024-03-14 11:24:00,2024-11-15 14:35:00
101749,CUST101749,Vishal,Kulkarni,Male,1997-04-14,vishal.kulkarni101749@examplemail.com,9502980123,8104477723,Corporate,Individual,2025-03-21,Gold,5762,English,WhatsApp,"71, Green Hills",,Chennai,Tamil Nadu,600042,India,Y,Verified,882003.88,Y,2025-03-21 08:58:00,2025-08-20 16:55:00
101750,CUST101750,Varun,Shetty,Male,1999-01-20,varun.shetty101750@examplemail.com,9300281563,8257066406,Senior Citizen,Individual,2026-07-31,Silver,21359,English,Email,"103, Market Road",,Chennai,Tamil Nadu,600042,India,Y,Verified,39571.90,N,2026-07-31 17:46:00,2026-09-12 20:57:00
101751,CUST101751,Arjun,Nair,Male,1972-12-04,arjun.nair101751@examplemail.com,9834400976,8516491513,Retail,Individual,2026-03-25,Gold,5612,English,WhatsApp,"892, Station Road",Near Metro Station,Pune,Maharashtra,411014,India,Y,Pending,67679.43,N,2026-03-25 15:36:00,2026-04-11 18:51:00
101752,CUST101752,Keerthi,Shetty,Female,1981-01-01,keerthi.shetty101752@examplemail.com,9904892971,8923992595,Corporate,Individual,2026-05-01,Silver,3606,Kannada,Email,"771, Station Road",Phase 2,Hyderabad,Telangana,500081,India,Y,Verified,690334.04,Y,2026-05-01 11:31:00,2026-05-08 14:10:00
101753,CUST101753,Sneha,Singh,Female,1980-09-01,sneha.singh101753@examplemail.com,9615052477,8952133066,Senior Citizen,Individual,2024-01-13,Silver,22236,Kannada,Phone,"727, Tech Park Avenue",Beside Community Park,Warangal,Telangana,506002,India,Y,Verified,23092.58,Y,2024-01-13 14:50:00,2025-01-02 14:57:00
101754,CUST101754,Rahul,Das,Male,1977-06-04,rahul.das101754@examplemail.com,9776914892,8573344753,Senior Citizen,Individual,2024-03-31,Platinum,22215,Kannada,SMS,"300, Central Colony",Beside Community Park,Vijayawada,Andhra Pradesh,520010,India,Y,Verified,55507.92,N,2024-03-31 15:58:00,2025-08-27 19:01:00
101755,CUST101755,Vishal,Joshi,Male,1964-07-18,vishal.joshi101755@examplemail.com,9720720322,8149641375,Corporate,Individual,2025-10-03,Silver,2992,Hindi,Email,"437, River View",Opp. City Mall,Secunderabad,Telangana,500003,India,Y,Verified,778643.01,Y,2025-10-03 20:34:00,2026-02-14 06:50:00
101756,CUST101756,Divya,Iyer,Female,1994-04-04,divya.iyer101756@examplemail.com,9381166163,8603072573,Corporate,Individual,2025-08-17,Silver,11671,Hindi,Email,"907, Station Road",,Chennai,Tamil Nadu,600042,India,Y,Verified,401608.29,N,2025-08-17 13:47:00,2025-12-12 17:45:00
101757,CUST101757,Harsha,Kulkarni,Male,1956-03-08,harsha.kulkarni101757@examplemail.com,9698582544,8394127217,Senior Citizen,Individual,2025-03-13,Bronze,16496,Hindi,Phone,"990, Station Road",,Warangal,Telangana,506002,India,Y,Verified,56593.89,N,2025-03-13 19:06:00,2025-10-11 20:54:00
101758,CUST101758,Neha,Kumar,Female,1991-03-05,neha.kumar101758@examplemail.com,9875812492,8622910283,Corporate,Individual,2025-02-16,Bronze,5950,Tamil,SMS,"668, River View",,Secunderabad,Telangana,500003,India,Y,Verified,372029.38,N,2025-02-16 18:19:00,2025-08-14 00:56:00
101759,CUST101759,Karthik,Kulkarni,Male,1970-07-01,karthik.kulkarni101759@examplemail.com,9920406699,8397348458,Student,Individual,2026-05-26,Gold,5461,Hindi,WhatsApp,"253, Market Road",Near Metro Station,Warangal,Telangana,506002,India,Y,Not Required,12844.55,N,2026-05-26 08:04:00,2026-08-23 16:54:00
101760,CUST101760,Pooja,Rao,Female,1978-07-04,pooja.rao101760@examplemail.com,9455862000,8291087674,Senior Citizen,Individual,2025-11-06,Gold,22318,Hindi,SMS,"368, Park Lane",Opp. City Mall,Hyderabad,Telangana,500081,India,Y,Verified,49293.58,Y,2025-11-06 10:24:00,2026-02-26 19:54:00
101761,CUST101761,Vaishnavi,Sharma,Female,1959-07-13,vaishnavi.sharma101761@examplemail.com,9174996190,8262421930,Retail,Individual,2024-08-21,Silver,8681,English,Email,"907, Tech Park Avenue",Near Metro Station,Bengaluru,Karnataka,560037,India,N,Verified,40687.59,Y,2024-08-21 18:53:00,2025-12-14 02:15:00
101762,CUST101762,Keerthi,Kulkarni,Female,2003-01-06,keerthi.kulkarni101762@examplemail.com,9436688431,8855810601,Corporate,Business,2025-11-11,Platinum,19108,English,WhatsApp,"998, Tech Park Avenue",Opp. City Mall,Warangal,Telangana,506002,India,Y,Verified,358547.10,Y,2025-11-11 16:41:00,2025-11-29 01:39:00
101763,CUST101763,Keerthi,Rao,Female,2000-10-28,keerthi.rao101763@examplemail.com,9448419579,8561276702,Retail,Business,2024-01-20,Platinum,6411,Telugu,Email,"681, Temple Street",Near Metro Station,Delhi,Delhi,110017,India,Y,Verified,56658.83,Y,2024-01-20 16:07:00,2024-04-07 17:55:00
101764,CUST101764,Akash,Patel,Male,1976-04-13,akash.patel101764@examplemail.com,9627087686,8717124414,Student,Individual,2024-09-16,Silver,20007,Kannada,Phone,"853, Market Road",Beside Community Park,Visakhapatnam,Andhra Pradesh,530017,India,Y,Verified,17220.42,N,2024-09-16 10:57:00,2025-12-14 12:45:00
101765,CUST101765,Varun,Naidu,Male,1975-07-25,varun.naidu101765@examplemail.com,9362237215,8536673910,Premium,Individual,2025-08-02,Bronze,21087,Telugu,Email,"524, Lake View Road",Phase 2,Mumbai,Maharashtra,400076,India,Y,Pending,126150.89,Y,2025-08-02 18:40:00,2026-08-09 04:20:00
101766,CUST101766,Akash,Patel,Male,2005-09-02,akash.patel101766@examplemail.com,9323743653,8789718256,Retail,Individual,2024-01-26,Bronze,13812,Hindi,WhatsApp,"166, Park Lane",Beside Community Park,Mumbai,Maharashtra,400076,India,Y,Verified,22556.23,Y,2024-01-26 17:53:00,2026-05-28 21:44:00
101767,CUST101767,Pooja,Reddy,Female,1988-02-11,pooja.reddy101767@examplemail.com,9729574490,8205834303,Senior Citizen,Business,2026-06-07,Silver,16836,Tamil,WhatsApp,"668, Temple Street",Phase 2,Hyderabad,Telangana,500081,India,N,Pending,52643.15,Y,2026-06-07 08:52:00,2026-06-11 16:22:00
101768,CUST101768,Meghana,Menon,Female,1981-01-15,meghana.menon101768@examplemail.com,9141027270,8176430356,Corporate,Individual,2026-08-06,Silver,20148,Tamil,SMS,"824, Park Lane",Phase 2,Bengaluru,Karnataka,560037,India,Y,Verified,213127.76,N,2026-08-06 10:09:00,2026-09-02 17:00:00
101769,CUST101769,Pranav,Verma,Male,1979-04-16,pranav.verma101769@examplemail.com,9940981522,8419547619,Corporate,Individual,2026-08-10,Bronze,10265,English,Email,"176, Market Road",Beside Community Park,Warangal,Telangana,506002,India,Y,Pending,319770.95,Y,2026-08-10 19:36:00,2026-09-13 19:52:00
101770,CUST101770,Vishal,Naidu,Male,1987-05-26,vishal.naidu101770@examplemail.com,9623969169,8769319683,Corporate,Individual,2024-02-01,Gold,11366,Tamil,SMS,"589, Market Road",Phase 2,Pune,Maharashtra,411014,India,Y,Verified,841430.84,Y,2024-02-01 15:51:00,2026-08-26 20:05:00
101771,CUST101771,Deepika,Naidu,Female,1981-09-03,deepika.naidu101771@examplemail.com,9881654564,8862824769,Corporate,Business,2024-12-30,Gold,20699,Kannada,SMS,"931, Central Colony",,Visakhapatnam,Andhra Pradesh,530017,India,Y,Verified,441739.84,Y,2024-12-30 12:27:00,2025-11-02 15:35:00
101772,CUST101772,Aditya,Chowdary,Male,1972-11-24,aditya.chowdary101772@examplemail.com,9752438587,8399037216,Senior Citizen,Business,2026-03-01,Bronze,513,Telugu,Email,"672, MG Road",Near Metro Station,Mumbai,Maharashtra,400076,India,Y,Verified,54580.20,Y,2026-03-01 17:57:00,2026-08-18 01:31:00
101773,CUST101773,Lakshmi,Chowdary,Female,1975-06-12,lakshmi.chowdary101773@examplemail.com,9503018182,8153748653,Corporate,Business,2025-10-08,Silver,20834,Kannada,Phone,"265, Market Road",Phase 2,Pune,Maharashtra,411014,India,Y,Verified,742684.22,N,2025-10-08 11:38:00,2026-02-26 13:42:00
101774,CUST101774,Swathi,Rao,Female,1971-12-16,swathi.rao101774@examplemail.com,9205783439,8328656460,Premium,Business,2024-11-09,Gold,2513,Kannada,WhatsApp,"372, MG Road",Beside Community Park,Vijayawada,Andhra Pradesh,520010,India,Y,Verified,105701.62,N,2024-11-09 08:57:00,2025-02-21 14:21:00
101775,CUST101775,Aadhya,Nair,Female,1986-09-04,aadhya.nair101775@examplemail.com,9621991280,8972591482,Premium,Individual,2026-07-28,Bronze,3660,Kannada,Email,"251, MG Road",,Hyderabad,Telangana,500081,India,Y,Pending,252907.44,N,2026-07-28 11:19:00,2026-08-09 16:28:00
101776,CUST101776,Aditya,Singh,Male,1990-07-23,aditya.singh101776@examplemail.com,9696473924,8399954310,Corporate,Individual,2025-02-15,Silver,6566,Tamil,Phone,"592, Central Colony",Phase 2,Delhi,Delhi,110017,India,Y,Verified,715839.28,Y,2025-02-15 14:58:00,2025-05-28 21:48:00
101777,CUST101777,Bhavya,Joshi,Female,1986-04-01,bhavya.joshi101777@examplemail.com,9797330588,8248009100,Retail,Individual,2024-01-24,Platinum,24000,Hindi,Email,"376, Central Colony",,Visakhapatnam,Andhra Pradesh,530017,India,Y,Not Required,70767.41,Y,2024-01-24 09:06:00,2026-05-04 16:31:00
101778,CUST101778,Vishal,Shetty,Male,1992-10-10,vishal.shetty101778@examplemail.com,9605532373,8780456921,Student,Individual,2025-02-12,Gold,9510,Hindi,WhatsApp,"898, Green Hills",Near Metro Station,Secunderabad,Telangana,500003,India,Y,Verified,24447.76,N,2025-02-12 09:20:00,2025-07-11 18:29:00
101779,CUST101779,Nandini,Kumar,Female,1981-05-17,nandini.kumar101779@examplemail.com,9115358251,8975908801,Senior Citizen,Business,2026-01-14,Silver,13589,Telugu,SMS,"612, Market Road",Opp. City Mall,Delhi,Delhi,110017,India,Y,Verified,51429.35,Y,2026-01-14 09:59:00,2026-01-30 11:23:00
101780,CUST101780,Aishwarya,Nair,Female,1978-10-05,aishwarya.nair101780@examplemail.com,9731340085,8154017798,Premium,Individual,2025-10-31,Bronze,699,English,SMS,"897, Lake View Road",Beside Community Park,Chennai,Tamil Nadu,600042,India,Y,Verified,167163.82,N,2025-10-31 14:13:00,2025-11-24 15:09:00
101781,CUST101781,Lakshmi,Gupta,Female,1966-11-05,lakshmi.gupta101781@examplemail.com,9130755887,8704219989,Senior Citizen,Individual,2024-08-16,Silver,14197,Hindi,Phone,"579, River View",Beside Community Park,Visakhapatnam,Andhra Pradesh,530017,India,Y,Verified,29260.50,Y,2024-08-16 12:19:00,2026-07-14 16:47:00
101782,CUST101782,Akash,Rao,Male,1982-12-19,akash.rao101782@examplemail.com,9219956677,8770000370,Student,Individual,2026-07-12,Gold,11472,English,SMS,"195, Temple Street",Near Metro Station,Pune,Maharashtra,411014,India,Y,Verified,6976.05,N,2026-07-12 19:45:00,2026-08-11 05:07:00
101783,CUST101783,Sai,Kumar,Male,1961-09-27,sai.kumar101783@examplemail.com,9259273351,8750350842,Senior Citizen,Individual,2025-01-28,Silver,9297,Telugu,Email,"805, Station Road",Phase 2,Delhi,Delhi,110017,India,Y,Verified,35364.75,N,2025-01-28 10:03:00,2025-11-02 14:39:00
101784,CUST101784,Rahul,Kumar,Male,1977-11-28,rahul.kumar101784@examplemail.com,9926566264,8766724345,Student,Individual,2024-05-20,Bronze,10767,Telugu,SMS,"212, Park Lane",Phase 2,Vijayawada,Andhra Pradesh,520010,India,Y,Verified,20583.53,N,2024-05-20 18:47:00,2026-05-08 22:05:00
101785,CUST101785,Harini,Iyer,Female,2004-03-06,harini.iyer101785@examplemail.com,9383637279,8664603487,Retail,Individual,2025-05-13,Bronze,20202,Hindi,SMS,"120, River View",Near Metro Station,Visakhapatnam,Andhra Pradesh,530017,India,Y,Verified,71254.11,Y,2025-05-13 15:02:00,2025-12-11 18:21:00
101786,CUST101786,Swathi,Reddy,Female,1987-12-03,swathi.reddy101786@examplemail.com,9860425282,8142481221,Premium,Individual,2024-03-01,Bronze,8643,Telugu,Email,"239, MG Road",,Visakhapatnam,Andhra Pradesh,530017,India,N,Verified,253075.71,N,2024-03-01 14:25:00,2025-02-08 21:42:00
101787,CUST101787,Sahithi,Joshi,Female,1975-01-10,sahithi.joshi101787@examplemail.com,9855189245,8662299141,Corporate,Individual,2025-04-02,Silver,7234,English,Phone,"225, Market Road",Opp. City Mall,Visakhapatnam,Andhra Pradesh,530017,India,Y,Verified,508527.76,Y,2025-04-02 10:45:00,2025-08-20 19:40:00
101788,CUST101788,Bhavya,Chowdary,Female,1955-03-25,bhavya.chowdary101788@examplemail.com,9584933517,8441946770,Premium,Individual,2024-01-02,Silver,23676,Tamil,Email,"134, MG Road",Opp. City Mall,Visakhapatnam,Andhra Pradesh,530017,India,Y,Verified,105929.00,N,2024-01-02 11:17:00,2025-04-14 17:59:00
101789,CUST101789,Aarav,Rao,Male,1965-12-18,aarav.rao101789@examplemail.com,9985713734,8666472015,Corporate,Individual,2024-08-11,Bronze,11038,Tamil,WhatsApp,"550, Tech Park Avenue",Near Metro Station,Delhi,Delhi,110017,India,Y,Verified,430462.91,N,2024-08-11 09:29:00,2025-08-10 13:23:00
101790,CUST101790,Sanjay,Yadav,Male,1975-06-03,sanjay.yadav101790@examplemail.com,9259873649,8359601258,Student,Individual,2026-08-24,Bronze,7040,Hindi,SMS,"538, Lake View Road",Opp. City Mall,Secunderabad,Telangana,500003,India,Y,Rejected,6743.52,N,2026-08-24 17:16:00,2026-09-14 02:07:00
101791,CUST101791,Aishwarya,Singh,Female,1961-05-10,aishwarya.singh101791@examplemail.com,9418611526,8720326493,Premium,Individual,2024-01-24,Silver,3540,Tamil,WhatsApp,"744, Tech Park Avenue",Opp. City Mall,Mumbai,Maharashtra,400076,India,Y,Verified,218811.96,N,2024-01-24 09:45:00,2024-07-16 11:44:00
101792,CUST101792,Vishal,Gupta,Male,1965-04-20,vishal.gupta101792@examplemail.com,9712659390,8359075077,Corporate,Individual,2024-06-10,Silver,14001,Hindi,SMS,"235, Green Hills",Near Metro Station,Delhi,Delhi,110017,India,Y,Verified,934392.72,N,2024-06-10 19:19:00,2025-07-15 20:57:00
101793,CUST101793,Aditya,Sharma,Male,1984-07-13,aditya.sharma101793@examplemail.com,9839485475,8410723853,Senior Citizen,Individual,2024-01-12,Bronze,12926,English,Email,"19, Station Road",Phase 2,Visakhapatnam,Andhra Pradesh,530017,India,Y,Verified,10018.01,Y,2024-01-12 16:39:00,2024-10-18 01:26:00
101794,CUST101794,Vishal,Kulkarni,Male,1967-09-23,vishal.kulkarni101794@examplemail.com,9168087680,8322694961,Corporate,Individual,2024-11-05,Gold,20288,Tamil,SMS,"20, Station Road",Beside Community Park,Secunderabad,Telangana,500003,India,Y,Verified,565860.01,N,2024-11-05 19:05:00,2025-09-01 04:21:00
101795,CUST101795,Krishna,Mishra,Male,1982-02-02,krishna.mishra101795@examplemail.com,9406342409,8575776019,Corporate,Individual,2026-03-20,Gold,7926,English,Email,"209, Green Hills",Beside Community Park,Hyderabad,Telangana,500081,India,Y,Verified,213240.41,N,2026-03-20 20:03:00,2026-03-21 02:51:00
101796,CUST101796,Lakshmi,Gupta,Female,1998-09-18,lakshmi.gupta101796@examplemail.com,9612800189,8645562112,Senior Citizen,Individual,2024-01-14,Bronze,21811,English,Phone,"665, Park Lane",Opp. City Mall,Delhi,Delhi,110017,India,Y,Verified,15843.14,Y,2024-01-14 12:31:00,2024-04-29 21:26:00
101797,CUST101797,Ananya,Goud,Female,1974-12-03,ananya.goud101797@examplemail.com,9686313893,8195940890,Corporate,Individual,2025-06-07,Silver,473,Tamil,WhatsApp,"95, Green Hills",Beside Community Park,Hyderabad,Telangana,500081,India,Y,Verified,204444.97,N,2025-06-07 10:28:00,2026-01-19 16:57:00
101798,CUST101798,Nandini,Yadav,Female,1956-04-03,nandini.yadav101798@examplemail.com,9696200509,8244065367,Student,Individual,2026-06-12,Bronze,18018,Tamil,Email,"372, Station Road",Beside Community Park,Pune,Maharashtra,411014,India,Y,Verified,5791.15,N,2026-06-12 16:06:00,2026-06-24 02:16:00
101799,CUST101799,Varun,Menon,Male,1967-04-08,varun.menon101799@examplemail.com,9152359479,8843851639,Retail,Individual,2024-12-05,Bronze,6961,Kannada,Phone,"199, Park Lane",Near Metro Station,Pune,Maharashtra,411014,India,Y,Verified,23882.88,N,2024-12-05 10:36:00,2025-04-27 20:32:00
101800,CUST101800,Pooja,Iyer,Female,1987-12-24,pooja.iyer101800@examplemail.com,9333390032,8952863550,Corporate,Individual,2024-12-13,Bronze,10587,Hindi,WhatsApp,"562, Station Road",Near Metro Station,Vijayawada,Andhra Pradesh,520010,India,Y,Verified,826077.69,N,2024-12-13 19:09:00,2026-07-04 19:36:00
101801,CUST101801,Sai,Sharma,Male,1981-04-10,sai.sharma101801@examplemail.com,9506719930,8110463747,Retail,Individual,2024-12-02,Bronze,18879,Hindi,Phone,"603, Park Lane",Beside Community Park,Delhi,Delhi,110017,India,N,Verified,47256.67,Y,2024-12-02 13:10:00,2025-09-10 21:11:00
101802,CUST101802,Akash,Shetty,Male,1986-06-16,akash.shetty101802@examplemail.com,9958062180,8113651928,Retail,Individual,2025-05-17,Gold,395,Telugu,WhatsApp,"682, MG Road",Phase 2,Mumbai,Maharashtra,400076,India,Y,Verified,31320.73,Y,2025-05-17 09:26:00,2026-02-16 11:29:00
101803,CUST101803,Harini,Joshi,Female,1982-03-15,harini.joshi101803@examplemail.com,9124089906,8717107963,Student,Individual,2024-01-15,Platinum,19023,Hindi,Phone,"963, Tech Park Avenue",Opp. City Mall,Vijayawada,Andhra Pradesh,520010,India,Y,Pending,22513.44,Y,2024-01-15 12:38:00,2024-05-25 14:34:00
101804,CUST101804,Manish,Kulkarni,Male,1958-04-02,manish.kulkarni101804@examplemail.com,9993361761,8242881150,Student,Individual,2024-03-27,Bronze,15239,Hindi,Email,"32, Lake View Road",Opp. City Mall,Warangal,Telangana,506002,India,Y,Verified,8793.81,Y,2024-03-27 13:05:00,2025-09-09 18:22:00
101805,CUST101805,Sanjay,Naidu,Male,1976-03-23,sanjay.naidu101805@examplemail.com,9844190530,8820645360,Corporate,Individual,2025-08-24,Platinum,17352,English,WhatsApp,"130, Green Hills",Beside Community Park,Secunderabad,Telangana,500003,India,Y,Verified,473613.11,Y,2025-08-24 09:29:00,2025-09-29 09:30:00
101806,CUST101806,Deepika,Das,Female,1955-10-07,deepika.das101806@examplemail.com,9143863737,8407941213,Senior Citizen,Individual,2024-04-22,Bronze,13192,Tamil,SMS,"904, Market Road",Beside Community Park,Secunderabad,Telangana,500003,India,Y,Verified,58426.34,N,2024-04-22 20:21:00,2026-08-17 01:25:00
101807,CUST101807,Ishita,Menon,Female,1955-12-08,ishita.menon101807@examplemail.com,9877736188,8909263250,Senior Citizen,Individual,2026-02-25,Silver,5265,Tamil,Email,"256, Lake View Road",Phase 2,Pune,Maharashtra,411014,India,Y,Verified,42899.08,N,2026-02-25 12:47:00,2026-06-06 22:07:00
101808,CUST101808,Aishwarya,Chowdary,Female,1973-04-22,aishwarya.chowdary101808@examplemail.com,9156003683,8875167440,Retail,Individual,2024-04-15,Silver,18068,English,WhatsApp,"400, Lake View Road",Opp. City Mall,Mumbai,Maharashtra,400076,India,Y,Verified,61861.05,Y,2024-04-15 10:30:00,2025-01-05 18:36:00
101809,CUST101809,Neha,Naidu,Female,1984-05-09,neha.naidu101809@examplemail.com,9380088523,8468922516,Retail,Individual,2024-02-10,Bronze,22257,Hindi,WhatsApp,"779, Tech Park Avenue",Beside Community Park,Chennai,Tamil Nadu,600042,India,Y,Verified,28679.46,Y,2024-02-10 10:32:00,2025-11-22 20:03:00
101810,CUST101810,Ishita,Das,Female,2003-07-06,ishita.das101810@examplemail.com,9203498633,8791613302,Corporate,Individual,2025-11-12,Silver,4146,English,SMS,"101, River View",Beside Community Park,Secunderabad,Telangana,500003,India,Y,Verified,890859.14,N,2025-11-12 14:46:00,2026-07-18 16:44:00
101811,CUST101811,Harsha,Mishra,Male,1987-01-13,harsha.mishra101811@examplemail.com,9743349703,8775490603,Premium,Individual,2025-02-25,Bronze,3563,Kannada,WhatsApp,"678, Green Hills",Phase 2,Secunderabad,Telangana,500003,India,Y,Verified,137435.29,Y,2025-02-25 10:30:00,2026-08-30 12:17:00
101812,CUST101812,Pranav,Patel,Male,1998-10-25,pranav.patel101812@examplemail.com,9723186353,8836124586,Corporate,Individual,2026-07-23,Silver,5481,Telugu,SMS,"809, MG Road",Beside Community Park,Pune,Maharashtra,411014,India,Y,Verified,886978.85,Y,2026-07-23 11:18:00,2026-09-07 18:30:00
101813,CUST101813,Priya,Mishra,Female,1965-02-11,priya.mishra101813@examplemail.com,9401529852,8221760022,Corporate,Individual,2024-01-10,Bronze,9855,Kannada,Phone,"398, Tech Park Avenue",Near Metro Station,Hyderabad,Telangana,500081,India,Y,Verified,544619.78,N,2024-01-10 19:45:00,2026-02-03 02:21:00
101814,CUST101814,Tarun,Sharma,Male,2002-03-16,tarun.sharma101814@examplemail.com,9658306773,8471509862,Senior Citizen,Individual,2025-01-02,Silver,6632,Hindi,Phone,"644, Station Road",,Warangal,Telangana,506002,India,Y,Verified,34340.70,N,2025-01-02 14:49:00,2026-08-09 18:56:00
101815,CUST101815,Manish,Joshi,Male,1956-03-20,manish.joshi101815@examplemail.com,9519740702,8141748194,Premium,Individual,2024-01-05,Bronze,16670,English,Phone,"960, Green Hills",Beside Community Park,Vijayawada,Andhra Pradesh,520010,India,Y,Verified,277259.13,N,2024-01-05 15:49:00,2025-04-08 22:28:00
101816,CUST101816,Bhavya,Reddy,Female,2005-08-16,bhavya.reddy101816@examplemail.com,9189110261,8790642510,Student,Individual,2026-02-17,Bronze,22143,Kannada,Phone,"704, MG Road",Near Metro Station,Vijayawada,Andhra Pradesh,520010,India,Y,Verified,6287.33,N,2026-02-17 09:57:00,2026-08-22 10:25:00
101817,CUST101817,Bhavya,Joshi,Female,1987-03-11,bhavya.joshi101817@examplemail.com,9982273921,8632807014,Corporate,Individual,2024-12-06,Gold,16903,Hindi,Phone,"723, Station Road",Beside Community Park,Vijayawada,Andhra Pradesh,520010,India,Y,Pending,920008.41,N,2024-12-06 15:56:00,2025-11-01 01:35:00
101818,CUST101818,Divya,Yadav,Female,1975-12-03,divya.yadav101818@examplemail.com,9526183335,8492467326,Student,Individual,2026-06-30,Silver,12052,Kannada,SMS,"833, Lake View Road",,Mumbai,Maharashtra,400076,India,Y,Verified,11649.09,N,2026-06-30 14:21:00,2026-07-02 19:53:00
101819,CUST101819,Vijay,Iyer,Male,2002-07-09,vijay.iyer101819@examplemail.com,9394352024,8266971655,Corporate,Individual,2024-08-19,Gold,20288,Tamil,Email,"669, Market Road",Beside Community Park,Secunderabad,Telangana,500003,India,Y,Pending,993757.41,N,2024-08-19 17:38:00,2025-09-11 00:03:00
101820,CUST101820,Sneha,Joshi,Female,1955-02-01,sneha.joshi101820@examplemail.com,9193433847,8536826249,Senior Citizen,Individual,2026-05-15,Gold,14937,Kannada,SMS,"334, Park Lane",Opp. City Mall,Hyderabad,Telangana,500081,India,Y,Verified,25188.89,Y,2026-05-15 14:09:00,2026-09-11 01:04:00
101821,CUST101821,Keerthi,Das,Female,1958-07-10,keerthi.das101821@examplemail.com,9620461203,8762026649,Corporate,Individual,2025-01-21,Bronze,1461,Telugu,Phone,"770, Temple Street",Near Metro Station,Visakhapatnam,Andhra Pradesh,530017,India,Y,Verified,734447.92,Y,2025-01-21 16:45:00,2025-04-29 23:48:00
101822,CUST101822,Manish,Mishra,Male,1982-11-28,manish.mishra101822@examplemail.com,9984859811,8239326401,Senior Citizen,Individual,2026-02-28,Silver,13837,English,Phone,"234, Tech Park Avenue",,Hyderabad,Telangana,500081,India,Y,Verified,39956.13,Y,2026-02-28 15:21:00,2026-08-03 21:26:00
101823,CUST101823,Sneha,Verma,Female,1991-09-14,sneha.verma101823@examplemail.com,9374724678,8518023816,Retail,Individual,2026-01-08,Platinum,6464,Tamil,WhatsApp,"305, Central Colony",Near Metro Station,Delhi,Delhi,110017,India,Y,Verified,30999.81,Y,2026-01-08 19:31:00,2026-04-11 03:36:00
101824,CUST101824,Surya,Singh,Male,1959-12-02,surya.singh101824@examplemail.com,9791865278,8633650666,Premium,Individual,2024-04-16,Bronze,24322,Hindi,WhatsApp,"702, River View",Near Metro Station,Bengaluru,Karnataka,560037,India,Y,Verified,97967.29,Y,2024-04-16 10:50:00,2025-04-14 20:56:00
101825,CUST101825,Keerthi,Mishra,Female,2003-12-14,keerthi.mishra101825@examplemail.com,9934705799,8349681978,Premium,Individual,2026-02-22,Silver,13368,English,WhatsApp,"895, Station Road",Phase 2,Visakhapatnam,Andhra Pradesh,530017,India,Y,Verified,269807.82,N,2026-02-22 09:37:00,2026-08-08 20:11:00
101826,CUST101826,Ishita,Mishra,Female,1978-05-12,ishita.mishra101826@examplemail.com,9591280439,8967508113,Senior Citizen,Individual,2024-05-31,Silver,10003,Telugu,Phone,"719, Park Lane",Phase 2,Warangal,Telangana,506002,India,Y,Verified,26881.01,N,2024-05-31 09:20:00,2025-10-13 16:58:00
101827,CUST101827,Vijay,Rao,Male,1990-10-13,vijay.rao101827@examplemail.com,9112721077,8185729451,Retail,Individual,2026-09-05,Bronze,9825,Kannada,WhatsApp,"370, Lake View Road",Opp. City Mall,Warangal,Telangana,506002,India,Y,Verified,40208.49,Y,2026-09-05 13:25:00,2026-09-05 14:53:00
101828,CUST101828,Aarav,Chowdary,Male,1960-01-25,aarav.chowdary101828@examplemail.com,9373535401,8529241631,Retail,Individual,2026-07-10,Platinum,3821,Hindi,WhatsApp,"332, River View",,Chennai,Tamil Nadu,600042,India,Y,Verified,12884.33,Y,2026-07-10 18:46:00,2026-08-21 00:38:00
101829,CUST101829,Manish,Singh,Male,1963-10-16,manish.singh101829@examplemail.com,9822889761,8619171070,Student,Individual,2024-10-16,Bronze,19148,Telugu,Phone,"804, Tech Park Avenue",Near Metro Station,Visakhapatnam,Andhra Pradesh,530017,India,Y,Pending,20746.95,N,2024-10-16 20:15:00,2025-08-27 01:22:00
101830,CUST101830,Arjun,Kulkarni,Male,1984-03-07,arjun.kulkarni101830@examplemail.com,9402983015,8321540224,Senior Citizen,Individual,2025-06-15,Platinum,16541,English,SMS,"373, Lake View Road",Near Metro Station,Secunderabad,Telangana,500003,India,Y,Pending,50469.60,N,2025-06-15 20:12:00,2026-05-27 01:45:00
101831,CUST101831,Lakshmi,Iyer,Female,1979-10-24,lakshmi.iyer101831@examplemail.com,9853991185,8941622319,Student,Individual,2024-08-30,Silver,727,English,SMS,"984, Market Road",Phase 2,Chennai,Tamil Nadu,600042,India,Y,Verified,10405.34,N,2024-08-30 10:18:00,2025-06-04 11:10:00
101832,CUST101832,Vaishnavi,Chowdary,Female,1962-10-04,vaishnavi.chowdary101832@examplemail.com,9310891321,8899948248,Premium,Individual,2024-03-30,Silver,20916,Tamil,Email,"769, River View",Beside Community Park,Visakhapatnam,Andhra Pradesh,530017,India,Y,Pending,170903.98,Y,2024-03-30 09:17:00,2026-03-25 10:32:00
101833,CUST101833,Keerthi,Rao,Female,1958-09-08,keerthi.rao101833@examplemail.com,9741733008,8600078130,Student,Individual,2026-03-05,Bronze,18460,Hindi,WhatsApp,"707, MG Road",Near Metro Station,Hyderabad,Telangana,500081,India,Y,Pending,14309.00,N,2026-03-05 14:26:00,2026-03-17 14:43:00
101834,CUST101834,Bhavya,Nair,Female,1985-12-19,bhavya.nair101834@examplemail.com,9772663902,8266819510,Retail,Business,2024-12-04,Bronze,2583,Kannada,Email,"782, Market Road",Beside Community Park,Delhi,Delhi,110017,India,Y,Verified,72845.90,Y,2024-12-04 11:19:00,2026-07-08 19:13:00
101835,CUST101835,Deepika,Verma,Female,1985-10-01,deepika.verma101835@examplemail.com,9204279750,8398037143,Senior Citizen,Individual,2025-06-10,Silver,11648,Tamil,Phone,"65, Green Hills",Near Metro Station,Pune,Maharashtra,411014,India,Y,Verified,37933.65,N,2025-06-10 12:49:00,2025-06-14 16:38:00
101836,CUST101836,Sneha,Joshi,Female,1960-11-07,sneha.joshi101836@examplemail.com,9642095145,8992016624,Retail,Individual,2026-02-27,Gold,22290,English,Phone,"870, Station Road",Near Metro Station,Chennai,Tamil Nadu,600042,India,Y,Verified,30020.74,Y,2026-02-27 18:08:00,2026-08-23 19:03:00
101837,CUST101837,Keerthi,Patel,Female,1991-03-26,keerthi.patel101837@examplemail.com,9215067192,8262661992,Student,Individual,2025-03-24,Gold,1976,Kannada,SMS,"653, Park Lane",,Bengaluru,Karnataka,560037,India,Y,Verified,16636.13,N,2025-03-24 08:51:00,2025-04-11 17:58:00
101838,CUST101838,Sahithi,Verma,Female,1983-03-25,sahithi.verma101838@examplemail.com,9483909010,8551026912,Corporate,Individual,2025-04-06,Gold,10120,Kannada,Phone,"903, Green Hills",Beside Community Park,Secunderabad,Telangana,500003,India,Y,Verified,668736.01,Y,2025-04-06 19:08:00,2025-09-05 19:24:00
101839,CUST101839,Aishwarya,Gupta,Female,2004-05-01,aishwarya.gupta101839@examplemail.com,9485615709,8865699962,Retail,Individual,2026-05-30,Silver,21314,Kannada,Email,"589, Park Lane",Beside Community Park,Warangal,Telangana,506002,India,Y,Verified,47484.55,Y,2026-05-30 18:51:00,2026-06-10 03:27:00
101840,CUST101840,Priya,Menon,Female,1961-04-21,priya.menon101840@examplemail.com,9136415706,8700953229,Student,Individual,2026-04-25,Bronze,15730,Hindi,SMS,"249, River View",Phase 2,Warangal,Telangana,506002,India,Y,Verified,24501.16,Y,2026-04-25 13:33:00,2026-07-12 19:19:00
101841,CUST101841,Vaishnavi,Sharma,Female,1998-01-08,vaishnavi.sharma101841@examplemail.com,9768705357,8337778582,Senior Citizen,Individual,2025-02-07,Silver,9315,Kannada,WhatsApp,"881, MG Road",Phase 2,Warangal,Telangana,506002,India,Y,Verified,20447.14,N,2025-02-07 10:01:00,2026-05-17 19:25:00
101842,CUST101842,Nandini,Reddy,Female,1957-08-15,nandini.reddy101842@examplemail.com,9817390944,8328036239,Student,Individual,2024-05-23,Silver,9748,Tamil,WhatsApp,"142, MG Road",Phase 2,Chennai,Tamil Nadu,600042,India,Y,Verified,11851.63,N,2024-05-23 18:11:00,2025-03-04 00:50:00
101843,CUST101843,Pranav,Menon,Male,1994-11-01,pranav.menon101843@examplemail.com,9131039025,8528197993,Corporate,Individual,2025-05-15,Bronze,14740,Kannada,Email,"858, River View",,Warangal,Telangana,506002,India,Y,Verified,726073.86,N,2025-05-15 08:14:00,2025-11-24 15:46:00
101844,CUST101844,Arjun,Menon,Male,1963-01-09,arjun.menon101844@examplemail.com,9977149999,8949151198,Senior Citizen,Individual,2024-03-22,Gold,23518,Hindi,Phone,"34, Central Colony",Opp. City Mall,Warangal,Telangana,506002,India,Y,Verified,11660.35,N,2024-03-22 20:15:00,2026-08-28 22:58:00
101845,CUST101845,Priya,Rao,Female,1994-04-18,priya.rao101845@examplemail.com,9104768113,8847078067,Retail,Individual,2024-12-27,Bronze,5658,Tamil,Phone,"985, River View",Beside Community Park,Visakhapatnam,Andhra Pradesh,530017,India,Y,Verified,50193.57,N,2024-12-27 11:55:00,2025-10-30 13:26:00
101846,CUST101846,Sanjay,Patel,Male,1964-10-10,sanjay.patel101846@examplemail.com,9573132030,8300252554,Premium,Individual,2025-10-26,Bronze,7412,Tamil,Email,"579, Park Lane",,Chennai,Tamil Nadu,600042,India,Y,Verified,165928.14,Y,2025-10-26 10:51:00,2026-03-01 16:43:00
101847,CUST101847,Kavya,Verma,Female,1997-05-18,kavya.verma101847@examplemail.com,9620682663,8630268118,Senior Citizen,Individual,2025-12-29,Gold,13720,Hindi,Phone,"791, Temple Street",Opp. City Mall,Warangal,Telangana,506002,India,Y,Verified,25283.51,Y,2025-12-29 12:19:00,2026-07-11 22:05:00
101848,CUST101848,Krishna,Reddy,Male,2003-02-26,krishna.reddy101848@examplemail.com,9881117696,8845443491,Student,Individual,2025-10-25,Bronze,6295,Kannada,Phone,"866, Central Colony",,Delhi,Delhi,110017,India,N,Pending,14123.88,Y,2025-10-25 13:14:00,2026-01-12 23:25:00
101849,CUST101849,Varun,Patel,Male,1993-01-09,varun.patel101849@examplemail.com,9290877659,8850387363,Student,Individual,2026-03-26,Silver,9694,Kannada,Email,"427, Market Road",Phase 2,Warangal,Telangana,506002,India,Y,Verified,21541.72,N,2026-03-26 18:13:00,2026-04-25 23:20:00
101850,CUST101850,Divya,Naidu,Female,1992-01-05,divya.naidu101850@examplemail.com,9244040598,8585788547,Premium,Individual,2024-11-13,Silver,1295,Kannada,Phone,"59, Green Hills",Phase 2,Secunderabad,Telangana,500003,India,Y,Verified,209913.11,N,2024-11-13 19:35:00,2025-03-08 05:06:00
101851,CUST101851,Rahul,Chowdary,Male,2004-09-23,rahul.chowdary101851@examplemail.com,9793234776,8759725845,Student,Individual,2024-04-24,Gold,4269,Tamil,Email,"285, Temple Street",Phase 2,Hyderabad,Telangana,500081,India,Y,Pending,24039.21,Y,2024-04-24 08:08:00,2025-10-02 18:48:00
101852,CUST101852,Bhavya,Gupta,Female,1986-02-09,bhavya.gupta101852@examplemail.com,9346230988,8193416026,Corporate,Individual,2025-11-15,Silver,22001,English,Phone,"781, Station Road",Beside Community Park,Chennai,Tamil Nadu,600042,India,Y,Pending,639064.74,Y,2025-11-15 20:14:00,2026-07-09 02:28:00
101853,CUST101853,Meghana,Kulkarni,Female,1991-11-01,meghana.kulkarni101853@examplemail.com,9126798499,8702660610,Student,Individual,2025-12-30,Bronze,19560,Hindi,Phone,"581, Station Road",,Pune,Maharashtra,411014,India,Y,Verified,13241.15,N,2025-12-30 19:23:00,2026-02-25 04:36:00
101854,CUST101854,Keerthi,Patel,Female,2000-07-03,keerthi.patel101854@examplemail.com,9130305969,8515921897,Corporate,Individual,2026-02-01,Platinum,24691,Hindi,WhatsApp,"708, MG Road",Near Metro Station,Pune,Maharashtra,411014,India,Y,Verified,289923.76,N,2026-02-01 19:05:00,2026-05-29 22:03:00
101855,CUST101855,Bhavya,Reddy,Female,1973-12-09,bhavya.reddy101855@examplemail.com,9441946608,8826122202,Student,Individual,2025-01-15,Bronze,3569,Tamil,Email,"694, Central Colony",Near Metro Station,Delhi,Delhi,110017,India,N,Verified,19508.18,N,2025-01-15 08:32:00,2025-02-06 16:36:00
101856,CUST101856,Keerthi,Verma,Female,2001-02-18,keerthi.verma101856@examplemail.com,9368395686,8479128546,Student,Individual,2026-09-03,Silver,24853,Hindi,SMS,"513, Market Road",Opp. City Mall,Mumbai,Maharashtra,400076,India,Y,Verified,11462.90,Y,2026-09-03 13:00:00,2026-09-05 19:54:00
101857,CUST101857,Nandini,Joshi,Female,2004-01-07,nandini.joshi101857@examplemail.com,9375799681,8244597721,Retail,Individual,2024-06-14,Platinum,9373,Kannada,WhatsApp,"663, Tech Park Avenue",Near Metro Station,Vijayawada,Andhra Pradesh,520010,India,Y,Verified,54944.67,N,2024-06-14 18:38:00,2026-02-27 23:54:00
101858,CUST101858,Sneha,Sharma,Female,1964-03-01,sneha.sharma101858@examplemail.com,9124601724,8414686373,Premium,Individual,2024-01-17,Platinum,333,Tamil,WhatsApp,"655, River View",Opp. City Mall,Vijayawada,Andhra Pradesh,520010,India,Y,Verified,114838.51,Y,2024-01-17 09:01:00,2025-12-07 18:11:00
101859,CUST101859,Ishita,Goud,Female,1988-01-04,ishita.goud101859@examplemail.com,9393336423,8429449386,Student,Individual,2026-01-18,Bronze,6711,Kannada,Email,"3, Tech Park Avenue",Phase 2,Delhi,Delhi,110017,India,Y,Verified,9015.73,Y,2026-01-18 18:22:00,2026-08-14 21:54:00
101860,CUST101860,Aditya,Nair,Male,1996-09-28,aditya.nair101860@examplemail.com,9841552919,8701913948,Corporate,Individual,2025-02-08,Gold,24999,Tamil,Email,"289, Lake View Road",Opp. City Mall,Visakhapatnam,Andhra Pradesh,530017,India,Y,Verified,812588.14,N,2025-02-08 13:53:00,2025-03-07 16:41:00
101861,CUST101861,Arjun,Rao,Male,1958-05-20,arjun.rao101861@examplemail.com,9124524194,8438446585,Premium,Individual,2024-11-01,Gold,4567,English,SMS,"564, River View",,Hyderabad,Telangana,500081,India,Y,Verified,135625.23,Y,2024-11-01 19:10:00,2026-06-03 00:43:00
101862,CUST101862,Rohan,Patel,Male,1997-09-06,rohan.patel101862@examplemail.com,9203653694,8720525075,Senior Citizen,Individual,2024-11-03,Silver,3418,English,Email,"491, Park Lane",Near Metro Station,Mumbai,Maharashtra,400076,India,Y,Verified,44643.10,N,2024-11-03 15:13:00,2026-05-27 23:35:00
101863,CUST101863,Sai,Shetty,Male,2005-08-17,sai.shetty101863@examplemail.com,9398484355,8483966970,Student,Individual,2024-01-05,Gold,16376,Kannada,Phone,"46, MG Road",Near Metro Station,Warangal,Telangana,506002,India,Y,Pending,16020.44,N,2024-01-05 15:38:00,2026-02-16 00:33:00
101864,CUST101864,Neha,Kumar,Female,1996-06-01,neha.kumar101864@examplemail.com,9272410010,8866763096,Corporate,Business,2025-09-27,Platinum,17989,Tamil,Email,"374, Market Road",Opp. City Mall,Mumbai,Maharashtra,400076,India,Y,Verified,410862.10,N,2025-09-27 14:27:00,2025-10-09 20:40:00
101865,CUST101865,Lakshmi,Menon,Female,1987-04-20,lakshmi.menon101865@examplemail.com,9737831024,8139300215,Corporate,Individual,2025-09-27,Silver,65,Hindi,Phone,"808, Temple Street",,Warangal,Telangana,506002,India,Y,Verified,672899.44,N,2025-09-27 11:11:00,2026-06-25 20:24:00
101866,CUST101866,Karthik,Gupta,Male,1957-05-07,karthik.gupta101866@examplemail.com,9754350770,8703918466,Senior Citizen,Individual,2024-07-02,Bronze,11364,English,WhatsApp,"931, Green Hills",,Warangal,Telangana,506002,India,Y,Verified,59000.82,Y,2024-07-02 20:22:00,2024-09-08 00:10:00
101867,CUST101867,Priya,Kulkarni,Female,1961-08-16,priya.kulkarni101867@examplemail.com,9952446936,8671871678,Retail,Individual,2026-04-14,Gold,7774,Tamil,SMS,"685, Temple Street",Near Metro Station,Chennai,Tamil Nadu,600042,India,Y,Verified,32203.11,N,2026-04-14 16:31:00,2026-05-28 22:15:00
101868,CUST101868,Aadhya,Mishra,Female,1997-11-04,aadhya.mishra101868@examplemail.com,9401093621,8154327217,Corporate,Individual,2025-12-12,Bronze,12707,Tamil,Email,"454, Green Hills",Near Metro Station,Warangal,Telangana,506002,India,Y,Pending,826165.20,N,2025-12-12 13:58:00,2025-12-28 15:18:00
101869,CUST101869,Sai,Das,Male,1974-05-22,sai.das101869@examplemail.com,9432393014,8290323683,Retail,Business,2025-09-28,Bronze,9925,English,WhatsApp,"181, Tech Park Avenue",,Secunderabad,Telangana,500003,India,Y,Pending,52674.98,Y,2025-09-28 10:15:00,2025-10-10 15:23:00
101870,CUST101870,Akash,Naidu,Male,1955-11-04,akash.naidu101870@examplemail.com,9279966216,8393403272,Senior Citizen,Individual,2024-02-02,Bronze,16060,Telugu,WhatsApp,"344, Green Hills",Beside Community Park,Visakhapatnam,Andhra Pradesh,530017,India,Y,Verified,47010.94,Y,2024-02-02 17:38:00,2025-08-17 02:30:00
101871,CUST101871,Nikhil,Menon,Male,1988-01-05,nikhil.menon101871@examplemail.com,9804066487,8206547091,Senior Citizen,Individual,2024-07-31,Bronze,1382,Tamil,WhatsApp,"466, MG Road",Opp. City Mall,Bengaluru,Karnataka,560037,India,Y,Pending,29473.88,N,2024-07-31 13:10:00,2026-06-02 17:26:00
101872,CUST101872,Vaishnavi,Nair,Female,1998-02-07,vaishnavi.nair101872@examplemail.com,9433239125,8987823360,Student,Individual,2025-11-16,Gold,22830,English,WhatsApp,"127, MG Road",Near Metro Station,Warangal,Telangana,506002,India,Y,Pending,23647.81,Y,2025-11-16 13:38:00,2026-05-23 23:09:00
101873,CUST101873,Krishna,Sharma,Male,1996-10-05,krishna.sharma101873@examplemail.com,9451924959,8591189735,Corporate,Individual,2025-02-15,Gold,21459,Tamil,Phone,"948, Station Road",Near Metro Station,Chennai,Tamil Nadu,600042,India,Y,Verified,210198.47,Y,2025-02-15 18:33:00,2026-08-18 20:50:00
101874,CUST101874,Sneha,Naidu,Female,2000-12-26,sneha.naidu101874@examplemail.com,9386160368,8328580949,Student,Individual,2025-06-19,Silver,8066,Hindi,SMS,"795, River View",Beside Community Park,Hyderabad,Telangana,500081,India,Y,Verified,10662.97,Y,2025-06-19 15:44:00,2026-04-15 16:19:00
101875,CUST101875,Vijay,Das,Male,1990-05-20,vijay.das101875@examplemail.com,9864194003,8411839387,Student,Individual,2025-11-19,Bronze,18768,Kannada,SMS,"513, Station Road",,Bengaluru,Karnataka,560037,India,Y,Verified,23729.75,Y,2025-11-19 16:32:00,2026-07-03 01:46:00
101876,CUST101876,Pranav,Das,Male,1998-09-21,pranav.das101876@examplemail.com,9815699684,8496963397,Senior Citizen,Individual,2025-04-23,Silver,12090,Kannada,WhatsApp,"551, Central Colony",Beside Community Park,Hyderabad,Telangana,500081,India,Y,Verified,47537.85,Y,2025-04-23 13:21:00,2026-06-21 18:38:00
101877,CUST101877,Pooja,Singh,Female,1962-02-21,pooja.singh101877@examplemail.com,9476846899,8609961378,Premium,Individual,2026-02-22,Bronze,20279,English,SMS,"377, Temple Street",Phase 2,Secunderabad,Telangana,500003,India,Y,Verified,211952.65,N,2026-02-22 19:12:00,2026-04-05 23:55:00
101878,CUST101878,Rohan,Nair,Male,1998-12-03,rohan.nair101878@examplemail.com,9317447190,8654318063,Premium,Individual,2026-08-28,Bronze,24847,Tamil,Email,"457, Temple Street",Beside Community Park,Chennai,Tamil Nadu,600042,India,Y,Verified,252777.97,N,2026-08-28 15:04:00,2026-09-08 16:40:00
101879,CUST101879,Rohan,Singh,Male,1963-12-14,rohan.singh101879@examplemail.com,9366493913,8647450181,Senior Citizen,Individual,2026-01-05,Bronze,340,Kannada,Phone,"456, Park Lane",,Secunderabad,Telangana,500003,India,N,Verified,16518.83,Y,2026-01-05 19:48:00,2026-08-21 04:58:00
101880,CUST101880,Tarun,Verma,Male,1976-08-01,tarun.verma101880@examplemail.com,9337647534,8364181474,Corporate,Individual,2024-11-13,Platinum,15118,Hindi,SMS,"180, Market Road",,Secunderabad,Telangana,500003,India,Y,Verified,235269.79,Y,2024-11-13 08:51:00,2025-01-27 19:33:00
101881,CUST101881,Aishwarya,Iyer,Female,1978-03-01,aishwarya.iyer101881@examplemail.com,9311208311,8369737115,Premium,Individual,2024-06-17,Silver,2849,Hindi,WhatsApp,"53, Central Colony",,Pune,Maharashtra,411014,India,Y,Verified,120303.19,Y,2024-06-17 10:29:00,2024-10-07 20:32:00
101882,CUST101882,Priya,Iyer,Female,1967-10-19,priya.iyer101882@examplemail.com,9579367961,8488535457,Premium,Individual,2024-03-08,Bronze,2469,Telugu,Email,"405, Market Road",Opp. City Mall,Delhi,Delhi,110017,India,N,Verified,178878.24,Y,2024-03-08 16:38:00,2025-03-21 02:45:00
101883,CUST101883,Akash,Nair,Male,1965-07-05,akash.nair101883@examplemail.com,9812974366,8401062727,Student,Individual,2024-04-15,Bronze,11866,Tamil,SMS,"64, Park Lane",Opp. City Mall,Warangal,Telangana,506002,India,Y,Verified,23775.06,Y,2024-04-15 20:26:00,2025-04-27 05:57:00
101884,CUST101884,Ishita,Verma,Female,2001-09-02,ishita.verma101884@examplemail.com,9142835685,8605821971,Senior Citizen,Individual,2024-07-30,Gold,11739,English,Email,"522, River View",Phase 2,Bengaluru,Karnataka,560037,India,Y,Pending,44877.18,Y,2024-07-30 11:26:00,2025-07-10 22:14:00
101885,CUST101885,Vishal,Joshi,Male,1959-08-18,vishal.joshi101885@examplemail.com,9477161203,8255776887,Retail,Individual,2026-03-19,Gold,17932,Kannada,SMS,"297, Central Colony",Opp. City Mall,Mumbai,Maharashtra,400076,India,Y,Verified,55157.45,Y,2026-03-19 09:42:00,2026-09-05 19:18:00
101886,CUST101886,Sanjay,Rao,Male,1978-04-26,sanjay.rao101886@examplemail.com,9542903333,8739142333,Student,Individual,2024-03-20,Silver,22067,Tamil,Email,"376, Park Lane",Near Metro Station,Warangal,Telangana,506002,India,Y,Verified,13929.49,Y,2024-03-20 13:09:00,2024-07-04 19:38:00
101887,CUST101887,Keerthi,Joshi,Female,2005-10-23,keerthi.joshi101887@examplemail.com,9286988544,8383533892,Student,Individual,2026-06-15,Bronze,11879,Kannada,Phone,"155, Tech Park Avenue",Beside Community Park,Chennai,Tamil Nadu,600042,India,Y,Verified,14083.00,Y,2026-06-15 13:59:00,2026-07-02 16:19:00
101888,CUST101888,Vaishnavi,Kumar,Female,1968-02-24,vaishnavi.kumar101888@examplemail.com,9328635373,8189565858,Senior Citizen,Individual,2025-10-23,Gold,157,Tamil,WhatsApp,"605, Park Lane",,Vijayawada,Andhra Pradesh,520010,India,Y,Pending,22314.28,Y,2025-10-23 18:26:00,2026-01-14 18:40:00
101889,CUST101889,Ananya,Naidu,Female,1975-04-01,ananya.naidu101889@examplemail.com,9939627275,8853184985,Premium,Individual,2025-02-19,Gold,16521,Kannada,Phone,"592, Station Road",,Vijayawada,Andhra Pradesh,520010,India,Y,Verified,234221.78,N,2025-02-19 18:07:00,2025-05-11 02:33:00
101890,CUST101890,Akash,Das,Male,1986-09-12,akash.das101890@examplemail.com,9751853250,8848305081,Student,Individual,2024-09-19,Silver,21539,Telugu,WhatsApp,"329, Station Road",Near Metro Station,Warangal,Telangana,506002,India,Y,Verified,12180.42,Y,2024-09-19 18:17:00,2026-03-02 18:35:00
101891,CUST101891,Aditya,Patel,Male,1982-02-06,aditya.patel101891@examplemail.com,9640264900,8662421895,Student,Individual,2024-12-01,Bronze,19139,Telugu,Phone,"713, Station Road",Phase 2,Hyderabad,Telangana,500081,India,Y,Verified,5478.05,N,2024-12-01 10:58:00,2025-04-12 19:47:00
101892,CUST101892,Harini,Reddy,Female,2003-02-17,harini.reddy101892@examplemail.com,9743517388,8112378856,Senior Citizen,Individual,2026-04-28,Bronze,11609,Kannada,Email,"972, Park Lane",Opp. City Mall,Secunderabad,Telangana,500003,India,Y,Rejected,16348.64,Y,2026-04-28 20:54:00,2026-07-31 23:34:00
101893,CUST101893,Aadhya,Patel,Female,1998-04-14,aadhya.patel101893@examplemail.com,9694745314,8795652909,Senior Citizen,Individual,2024-08-20,Gold,24103,Telugu,WhatsApp,"875, Tech Park Avenue",Near Metro Station,Secunderabad,Telangana,500003,India,Y,Verified,59428.37,Y,2024-08-20 17:34:00,2025-12-28 20:53:00
101894,CUST101894,Neha,Yadav,Female,1987-08-09,neha.yadav101894@examplemail.com,9562120259,8887972989,Premium,Individual,2026-08-25,Gold,17562,English,Email,"280, Green Hills",Beside Community Park,Visakhapatnam,Andhra Pradesh,530017,India,Y,Verified,163296.25,N,2026-08-25 11:16:00,2026-08-27 14:27:00
101895,CUST101895,Nandini,Menon,Female,2005-02-25,nandini.menon101895@examplemail.com,9755592179,8202145553,Retail,Individual,2025-11-11,Platinum,10918,Tamil,SMS,"245, Park Lane",,Secunderabad,Telangana,500003,India,Y,Verified,43547.78,Y,2025-11-11 17:46:00,2025-12-16 18:46:00
101896,CUST101896,Rahul,Mishra,Male,1996-11-23,rahul.mishra101896@examplemail.com,9924338846,8114305224,Corporate,Individual,2025-04-13,Gold,14361,Kannada,Phone,"638, Tech Park Avenue",Near Metro Station,Mumbai,Maharashtra,400076,India,Y,Verified,642251.37,N,2025-04-13 08:32:00,2026-02-10 16:38:00
101897,CUST101897,Keerthi,Shetty,Female,1995-02-25,keerthi.shetty101897@examplemail.com,9854697108,8132358577,Corporate,Individual,2024-07-16,Gold,15594,Hindi,Email,"792, Tech Park Avenue",Beside Community Park,Mumbai,Maharashtra,400076,India,Y,Pending,487567.94,Y,2024-07-16 14:46:00,2026-07-05 16:50:00
101898,CUST101898,Krishna,Chowdary,Male,1987-08-20,krishna.chowdary101898@examplemail.com,9349602115,8642869184,Corporate,Individual,2024-06-26,Bronze,12719,Tamil,Phone,"102, Tech Park Avenue",Phase 2,Warangal,Telangana,506002,India,Y,Rejected,250206.29,Y,2024-06-26 15:22:00,2025-05-14 17:41:00
101899,CUST101899,Bhavya,Shetty,Female,2003-04-07,bhavya.shetty101899@examplemail.com,9365699453,8268048397,Retail,Individual,2024-03-11,Silver,17309,Hindi,Email,"759, Central Colony",Near Metro Station,Pune,Maharashtra,411014,India,Y,Pending,73838.52,N,2024-03-11 19:40:00,2026-07-24 00:01:00
101900,CUST101900,Nikhil,Patel,Male,1968-04-12,nikhil.patel101900@examplemail.com,9426803368,8289650602,Premium,Individual,2025-12-03,Bronze,2728,Telugu,Email,"249, Market Road",Phase 2,Warangal,Telangana,506002,India,Y,Verified,151551.41,N,2025-12-03 12:50:00,2025-12-20 19:10:00
101901,CUST101901,Kavya,Iyer,Female,1995-11-13,kavya.iyer101901@examplemail.com,9733874357,8362721555,Retail,Individual,2024-11-14,Platinum,17509,Hindi,Phone,"780, MG Road",,Visakhapatnam,Andhra Pradesh,530017,India,Y,Verified,43294.06,N,2024-11-14 09:49:00,2025-10-23 19:29:00
101902,CUST101902,Bhavya,Verma,Female,1975-01-17,bhavya.verma101902@examplemail.com,9771963665,8393325473,Corporate,Individual,2024-07-19,Bronze,15032,English,SMS,"905, Market Road",,Visakhapatnam,Andhra Pradesh,530017,India,Y,Verified,650145.31,Y,2024-07-19 17:15:00,2025-02-05 19:02:00
101903,CUST101903,Nandini,Mishra,Female,1978-04-24,nandini.mishra101903@examplemail.com,9736264258,8846930868,Premium,Individual,2026-08-03,Gold,20991,Hindi,Phone,"495, Market Road",Phase 2,Mumbai,Maharashtra,400076,India,Y,Verified,297456.70,Y,2026-08-03 08:30:00,2026-08-20 14:29:00
101904,CUST101904,Nikhil,Menon,Male,1966-04-22,nikhil.menon101904@examplemail.com,9430439725,8185719230,Senior Citizen,Individual,2025-07-19,Gold,22716,Kannada,Phone,"961, Market Road",Near Metro Station,Warangal,Telangana,506002,India,N,Not Required,58424.57,Y,2025-07-19 17:14:00,2026-04-23 19:01:00
101905,CUST101905,Varun,Das,Male,2003-11-15,varun.das101905@examplemail.com,9737620503,8183117134,Premium,Individual,2024-02-03,Gold,5979,Hindi,SMS,"139, Park Lane",Opp. City Mall,Vijayawada,Andhra Pradesh,520010,India,Y,Verified,248294.00,Y,2024-02-03 20:14:00,2024-03-04 05:48:00
101906,CUST101906,Rahul,Kumar,Male,1962-06-20,rahul.kumar101906@examplemail.com,9610253036,8782148405,Corporate,Individual,2025-05-05,Bronze,12638,Telugu,Phone,"498, Central Colony",Beside Community Park,Warangal,Telangana,506002,India,Y,Verified,274193.14,N,2025-05-05 18:38:00,2026-01-13 22:02:00
101907,CUST101907,Kavya,Chowdary,Female,1988-05-05,kavya.chowdary101907@examplemail.com,9558599852,8176674073,Retail,Individual,2024-05-14,Bronze,18600,English,Phone,"400, Tech Park Avenue",Beside Community Park,Vijayawada,Andhra Pradesh,520010,India,Y,Verified,24409.58,N,2024-05-14 18:00:00,2025-03-14 00:46:00
101908,CUST101908,Manish,Singh,Male,1992-08-13,manish.singh101908@examplemail.com,9755162521,8606709019,Retail,Individual,2026-03-18,Silver,16035,Hindi,Phone,"967, Central Colony",Near Metro Station,Delhi,Delhi,110017,India,N,Verified,72134.82,N,2026-03-18 14:34:00,2026-06-29 20:08:00
101909,CUST101909,Bhavya,Kulkarni,Female,2003-07-03,bhavya.kulkarni101909@examplemail.com,9484207923,8403328162,Premium,Individual,2025-02-26,Bronze,5835,Hindi,SMS,"91, Temple Street",Near Metro Station,Mumbai,Maharashtra,400076,India,Y,Verified,287205.36,Y,2025-02-26 13:38:00,2026-04-28 19:50:00
101910,CUST101910,Karthik,Naidu,Male,1964-12-07,karthik.naidu101910@examplemail.com,9346085456,8448580870,Corporate,Individual,2026-04-16,Bronze,5552,Telugu,Phone,"633, Station Road",Beside Community Park,Vijayawada,Andhra Pradesh,520010,India,Y,Verified,330737.70,Y,2026-04-16 09:09:00,2026-07-26 14:17:00
101911,CUST101911,Priya,Das,Female,1997-07-28,priya.das101911@examplemail.com,9331166031,8795694410,Student,Individual,2026-03-27,Bronze,1432,English,SMS,"769, Central Colony",Beside Community Park,Visakhapatnam,Andhra Pradesh,530017,India,Y,Pending,20910.37,Y,2026-03-27 11:27:00,2026-05-25 20:45:00
101912,CUST101912,Sanjay,Kumar,Male,1999-05-23,sanjay.kumar101912@examplemail.com,9152022895,8436893673,Premium,Individual,2026-07-03,Silver,17100,English,WhatsApp,"213, Green Hills",Near Metro Station,Warangal,Telangana,506002,India,Y,Verified,262437.82,Y,2026-07-03 12:34:00,2026-08-01 19:19:00
101913,CUST101913,Pooja,Kumar,Female,1955-04-02,pooja.kumar101913@examplemail.com,9227558027,8617516136,Retail,Individual,2026-03-27,Bronze,18285,Hindi,Phone,"742, Green Hills",Beside Community Park,Chennai,Tamil Nadu,600042,India,Y,Verified,24510.74,N,2026-03-27 11:03:00,2026-04-24 15:54:00
101914,CUST101914,Aarav,Mishra,Male,2003-03-12,aarav.mishra101914@examplemail.com,9399839547,8157547032,Premium,Individual,2025-04-02,Silver,6711,Tamil,Phone,"648, Lake View Road",,Chennai,Tamil Nadu,600042,India,Y,Verified,110988.29,Y,2025-04-02 12:08:00,2026-07-01 21:45:00
101915,CUST101915,Harsha,Mishra,Male,1978-06-01,harsha.mishra101915@examplemail.com,9791398100,8819638588,Premium,Individual,2025-02-06,Gold,11621,Telugu,SMS,"429, Temple Street",Opp. City Mall,Warangal,Telangana,506002,India,Y,Verified,114316.67,Y,2025-02-06 18:20:00,2025-06-03 03:39:00
101916,CUST101916,Pooja,Mishra,Female,1984-07-05,pooja.mishra101916@examplemail.com,9135301024,8618639250,Retail,Individual,2025-06-19,Bronze,23165,English,Phone,"5, Park Lane",Near Metro Station,Delhi,Delhi,110017,India,Y,Verified,23138.73,N,2025-06-19 18:50:00,2026-03-30 00:17:00
101917,CUST101917,Neha,Menon,Female,1971-12-28,neha.menon101917@examplemail.com,9616714739,8206666965,Senior Citizen,Individual,2025-04-24,Silver,13014,Tamil,Phone,"331, River View",Phase 2,Visakhapatnam,Andhra Pradesh,530017,India,Y,Verified,19506.23,N,2025-04-24 08:35:00,2026-09-07 17:52:00
101918,CUST101918,Priya,Iyer,Female,1990-07-27,priya.iyer101918@examplemail.com,9510441059,8778429695,Student,Individual,2024-09-12,Bronze,11260,Telugu,SMS,"908, Park Lane",Beside Community Park,Bengaluru,Karnataka,560037,India,Y,Verified,14928.15,N,2024-09-12 20:02:00,2025-01-05 21:41:00
101919,CUST101919,Keerthi,Chowdary,Female,1971-12-18,keerthi.chowdary101919@examplemail.com,9329598325,8570477601,Senior Citizen,Individual,2025-03-01,Bronze,13692,English,Email,"4, River View",Near Metro Station,Pune,Maharashtra,411014,India,Y,Verified,44144.33,N,2025-03-01 17:59:00,2026-08-22 20:04:00
101920,CUST101920,Kavya,Iyer,Female,2004-09-17,kavya.iyer101920@examplemail.com,9856727229,8959796395,Student,Individual,2025-04-18,Bronze,23025,English,Email,"158, MG Road",Near Metro Station,Pune,Maharashtra,411014,India,Y,Verified,14089.26,Y,2025-04-18 17:48:00,2026-04-02 19:00:00
101921,CUST101921,Nikhil,Goud,Male,1990-04-01,nikhil.goud101921@examplemail.com,9812986566,8354272609,Corporate,Individual,2024-11-16,Platinum,6021,Telugu,Phone,"425, Temple Street",,Pune,Maharashtra,411014,India,Y,Verified,328127.71,N,2024-11-16 08:33:00,2026-03-07 12:33:00
101922,CUST101922,Aishwarya,Kumar,Female,1985-10-28,aishwarya.kumar101922@examplemail.com,9340927277,8807480594,Retail,Individual,2026-09-07,Bronze,16265,Telugu,Phone,"566, Park Lane",Phase 2,Visakhapatnam,Andhra Pradesh,530017,India,N,Verified,38680.47,N,2026-09-07 11:45:00,2026-09-07 20:58:00
101923,CUST101923,Vaishnavi,Reddy,Female,2000-07-14,vaishnavi.reddy101923@examplemail.com,9271315095,8683744755,Corporate,Individual,2025-12-04,Bronze,7264,Kannada,Phone,"509, River View",,Bengaluru,Karnataka,560037,India,Y,Verified,574660.52,N,2025-12-04 19:29:00,2026-05-24 02:07:00
101924,CUST101924,Neha,Naidu,Female,2000-09-11,neha.naidu101924@examplemail.com,9103782793,8456359056,Senior Citizen,Individual,2024-01-27,Silver,708,Telugu,Phone,"573, River View",Beside Community Park,Hyderabad,Telangana,500081,India,Y,Pending,19625.11,Y,2024-01-27 12:57:00,2026-03-16 14:46:00
101925,CUST101925,Krishna,Gupta,Male,1995-08-12,krishna.gupta101925@examplemail.com,9587471320,8358296635,Premium,Individual,2026-03-29,Silver,6287,Tamil,Phone,"801, Station Road",Phase 2,Bengaluru,Karnataka,560037,India,Y,Verified,151069.27,Y,2026-03-29 20:42:00,2026-04-14 02:31:00
101926,CUST101926,Aadhya,Chowdary,Female,1989-07-12,aadhya.chowdary101926@examplemail.com,9597638594,8398786849,Retail,Individual,2026-09-11,Silver,10332,Kannada,SMS,"800, MG Road",Near Metro Station,Chennai,Tamil Nadu,600042,India,Y,Verified,55408.72,Y,2026-09-11 20:07:00,2026-09-12 23:44:00
101927,CUST101927,Pranav,Reddy,Male,1999-01-25,pranav.reddy101927@examplemail.com,9648475880,8127560842,Corporate,Individual,2024-10-15,Gold,420,Kannada,WhatsApp,"445, River View",Phase 2,Vijayawada,Andhra Pradesh,520010,India,Y,Verified,910183.37,N,2024-10-15 15:29:00,2025-12-15 01:22:00
101928,CUST101928,Harsha,Gupta,Male,1999-04-12,harsha.gupta101928@examplemail.com,9585369520,8227558167,Senior Citizen,Individual,2024-03-16,Platinum,16436,Tamil,SMS,"423, Station Road",,Vijayawada,Andhra Pradesh,520010,India,Y,Verified,10037.79,N,2024-03-16 13:41:00,2026-05-03 16:53:00
101929,CUST101929,Nandini,Gupta,Female,1977-12-05,nandini.gupta101929@examplemail.com,9362845341,8303018710,Student,Individual,2025-09-05,Bronze,10842,English,Phone,"895, Temple Street",,Secunderabad,Telangana,500003,India,Y,Verified,12123.41,Y,2025-09-05 16:28:00,2025-11-24 01:39:00
101930,CUST101930,Surya,Kumar,Male,1978-05-01,surya.kumar101930@examplemail.com,9143959175,8481390714,Retail,Individual,2026-07-16,Bronze,3103,Hindi,SMS,"20, River View",Phase 2,Visakhapatnam,Andhra Pradesh,530017,India,Y,Not Required,70220.01,Y,2026-07-16 09:33:00,2026-09-13 19:11:00
101931,CUST101931,Harsha,Iyer,Male,1974-11-01,harsha.iyer101931@examplemail.com,9723472368,8570349062,Senior Citizen,Individual,2026-06-21,Gold,15244,Kannada,SMS,"787, Market Road",Near Metro Station,Vijayawada,Andhra Pradesh,520010,India,Y,Verified,32537.15,N,2026-06-21 20:44:00,2026-08-12 22:08:00
101932,CUST101932,Meghana,Yadav,Female,2004-06-04,meghana.yadav101932@examplemail.com,9318638060,8417580539,Corporate,Individual,2025-07-29,Gold,5166,Hindi,SMS,"540, Market Road",Beside Community Park,Visakhapatnam,Andhra Pradesh,530017,India,Y,Verified,462238.48,N,2025-07-29 15:37:00,2026-02-03 19:46:00
101933,CUST101933,Vijay,Shetty,Male,1971-04-01,vijay.shetty101933@examplemail.com,9757043551,8137898760,Student,Individual,2026-07-12,Platinum,801,Hindi,SMS,"471, Market Road",Near Metro Station,Chennai,Tamil Nadu,600042,India,Y,Verified,16330.30,N,2026-07-12 08:21:00,2026-07-19 09:54:00
101934,CUST101934,Surya,Chowdary,Male,1990-04-22,surya.chowdary101934@examplemail.com,9259478142,8899895138,Premium,Individual,2025-07-14,Bronze,956,Hindi,SMS,"822, Park Lane",Beside Community Park,Secunderabad,Telangana,500003,India,Y,Verified,253525.62,N,2025-07-14 10:28:00,2026-06-10 10:45:00
101935,CUST101935,Pranav,Joshi,Male,1986-02-08,pranav.joshi101935@examplemail.com,9647690304,8904841849,Retail,Individual,2025-02-14,Gold,19311,Kannada,Phone,"807, Green Hills",Phase 2,Hyderabad,Telangana,500081,India,Y,Pending,53523.23,N,2025-02-14 11:52:00,2025-12-06 22:21:00
101936,CUST101936,Vaishnavi,Nair,Female,1958-12-21,vaishnavi.nair101936@examplemail.com,9447014846,8449785604,Student,Individual,2024-08-07,Bronze,9953,English,Phone,"31, Temple Street",Opp. City Mall,Delhi,Delhi,110017,India,Y,Verified,19571.83,Y,2024-08-07 12:17:00,2025-11-16 17:12:00
101937,CUST101937,Harini,Joshi,Female,1987-08-06,harini.joshi101937@examplemail.com,9150342779,8820703892,Student,Individual,2025-11-03,Bronze,10598,Tamil,Phone,"724, River View",Near Metro Station,Pune,Maharashtra,411014,India,Y,Verified,24474.13,N,2025-11-03 18:02:00,2025-12-03 02:00:00
101938,CUST101938,Bhavya,Rao,Female,1957-03-13,bhavya.rao101938@examplemail.com,9927911480,8750460961,Senior Citizen,Individual,2025-06-28,Gold,12062,Hindi,Phone,"72, Station Road",Opp. City Mall,Warangal,Telangana,506002,India,Y,Verified,40649.45,N,2025-06-28 19:06:00,2025-08-06 19:12:00
101939,CUST101939,Rahul,Goud,Male,1974-08-07,rahul.goud101939@examplemail.com,9382381359,8148412773,Corporate,Individual,2026-01-20,Platinum,13986,Kannada,WhatsApp,"907, Tech Park Avenue",Beside Community Park,Vijayawada,Andhra Pradesh,520010,India,Y,Verified,850600.37,N,2026-01-20 11:03:00,2026-08-23 17:37:00
101940,CUST101940,Nandini,Joshi,Female,1958-10-21,nandini.joshi101940@examplemail.com,9761081606,8480414223,Senior Citizen,Individual,2024-06-18,Silver,197,Hindi,Phone,"747, Lake View Road",Near Metro Station,Pune,Maharashtra,411014,India,Y,Verified,40822.27,Y,2024-06-18 19:55:00,2025-11-14 06:26:00
101941,CUST101941,Karthik,Das,Male,1959-06-13,karthik.das101941@examplemail.com,9637152711,8775774496,Senior Citizen,Business,2025-05-31,Bronze,10647,English,SMS,"547, Central Colony",Opp. City Mall,Visakhapatnam,Andhra Pradesh,530017,India,Y,Pending,11158.90,N,2025-05-31 15:43:00,2025-11-10 23:53:00
101942,CUST101942,Sahithi,Joshi,Female,1979-12-23,sahithi.joshi101942@examplemail.com,9234005850,8835913919,Retail,Individual,2026-03-02,Bronze,20259,Telugu,SMS,"966, Green Hills",Phase 2,Hyderabad,Telangana,500081,India,Y,Pending,45141.59,N,2026-03-02 15:16:00,2026-03-18 22:15:00
101943,CUST101943,Lakshmi,Patel,Female,1964-12-10,lakshmi.patel101943@examplemail.com,9304403808,8976345417,Student,Individual,2024-10-22,Bronze,6069,Tamil,SMS,"588, River View",Near Metro Station,Hyderabad,Telangana,500081,India,Y,Verified,18914.96,N,2024-10-22 20:18:00,2025-02-11 06:05:00
101944,CUST101944,Priya,Rao,Female,1973-08-05,priya.rao101944@examplemail.com,9128249560,8111918347,Corporate,Individual,2026-02-28,Silver,9952,Hindi,Phone,"464, Lake View Road",Opp. City Mall,Delhi,Delhi,110017,India,Y,Verified,425217.35,Y,2026-02-28 15:56:00,2026-03-15 17:49:00
101945,CUST101945,Ishita,Yadav,Female,1972-11-15,ishita.yadav101945@examplemail.com,9570736272,8519251791,Senior Citizen,Individual,2024-02-16,Bronze,7836,Telugu,WhatsApp,"36, Tech Park Avenue",Phase 2,Secunderabad,Telangana,500003,India,N,Verified,53823.63,N,2024-02-16 09:29:00,2025-07-12 12:48:00
101946,CUST101946,Deepika,Chowdary,Female,1960-08-17,deepika.chowdary101946@examplemail.com,9910954806,8515471059,Premium,Individual,2026-01-16,Gold,19018,Telugu,Phone,"158, Central Colony",Beside Community Park,Warangal,Telangana,506002,India,Y,Verified,270044.86,N,2026-01-16 08:46:00,2026-06-06 11:17:00
101947,CUST101947,Ishita,Menon,Female,1956-03-04,ishita.menon101947@examplemail.com,9960136480,8738284064,Student,Individual,2026-03-06,Gold,10655,Kannada,Email,"395, Market Road",Opp. City Mall,Hyderabad,Telangana,500081,India,Y,Verified,18179.19,N,2026-03-06 19:42:00,2026-07-17 20:06:00
101948,CUST101948,Meghana,Chowdary,Female,1973-12-24,meghana.chowdary101948@examplemail.com,9933869375,8681924138,Senior Citizen,Individual,2026-06-28,Silver,8715,English,Phone,"353, MG Road",Opp. City Mall,Secunderabad,Telangana,500003,India,Y,Rejected,35461.82,Y,2026-06-28 17:37:00,2026-09-14 22:07:59
101949,CUST101949,Ananya,Das,Female,1968-10-26,ananya.das101949@examplemail.com,9871730477,8114129112,Student,Individual,2025-08-31,Bronze,13841,Tamil,Phone,"611, Station Road",Opp. City Mall,Vijayawada,Andhra Pradesh,520010,India,Y,Verified,20848.83,Y,2025-08-31 20:12:00,2026-09-04 06:28:00
101950,CUST101950,Pooja,Naidu,Female,1974-12-23,pooja.naidu101950@examplemail.com,9962407602,8345381623,Retail,Business,2025-05-17,Silver,16156,Kannada,WhatsApp,"28, Lake View Road",Near Metro Station,Delhi,Delhi,110017,India,Y,Verified,24517.20,Y,2025-05-17 12:13:00,2025-10-21 15:44:00
101951,CUST101951,Aditya,Rao,Male,1955-02-23,aditya.rao101951@examplemail.com,9775818008,8325584274,Premium,Individual,2025-12-21,Platinum,22778,Hindi,Email,"845, MG Road",Near Metro Station,Hyderabad,Telangana,500081,India,Y,Verified,91681.51,Y,2025-12-21 14:47:00,2026-05-31 17:14:00
101952,CUST101952,Sai,Nair,Male,1974-09-08,sai.nair101952@examplemail.com,9707729322,8225608399,Student,Individual,2024-11-22,Silver,22476,Kannada,WhatsApp,"534, MG Road",Opp. City Mall,Vijayawada,Andhra Pradesh,520010,India,Y,Verified,23538.98,N,2024-11-22 10:39:00,2026-01-02 17:25:00
101953,CUST101953,Vijay,Shetty,Male,2002-12-28,vijay.shetty101953@examplemail.com,9546244387,8421778609,Retail,Individual,2024-04-07,Gold,22817,Telugu,SMS,"463, Green Hills",Opp. City Mall,Vijayawada,Andhra Pradesh,520010,India,Y,Verified,14822.02,Y,2024-04-07 20:47:00,2026-01-18 03:35:00
101954,CUST101954,Pooja,Patel,Female,1965-10-24,pooja.patel101954@examplemail.com,9947146061,8701337629,Senior Citizen,Individual,2025-02-18,Bronze,6735,English,Email,"902, Station Road",Opp. City Mall,Hyderabad,Telangana,500081,India,Y,Verified,55054.71,N,2025-02-18 09:34:00,2025-08-13 12:12:00
101955,CUST101955,Sai,Verma,Male,2004-09-24,sai.verma101955@examplemail.com,9274739841,8876423728,Premium,Individual,2025-07-06,Gold,18270,Telugu,WhatsApp,"737, Temple Street",Phase 2,Secunderabad,Telangana,500003,India,N,Verified,240143.08,Y,2025-07-06 14:24:00,2025-07-28 00:53:00
101956,CUST101956,Pooja,Joshi,Female,1960-10-27,pooja.joshi101956@examplemail.com,9830418880,8156333636,Senior Citizen,Individual,2025-05-11,Gold,23580,Telugu,WhatsApp,"753, River View",Beside Community Park,Chennai,Tamil Nadu,600042,India,Y,Verified,19747.26,Y,2025-05-11 12:34:00,2025-08-29 19:31:00
101957,CUST101957,Rahul,Mishra,Male,1958-01-28,rahul.mishra101957@examplemail.com,9603314798,8849630254,Premium,Individual,2025-12-11,Bronze,24004,Telugu,WhatsApp,"187, MG Road",Opp. City Mall,Visakhapatnam,Andhra Pradesh,530017,India,Y,Verified,132446.55,Y,2025-12-11 10:01:00,2026-07-24 10:18:00
101958,CUST101958,Vijay,Menon,Male,2001-06-26,vijay.menon101958@examplemail.com,9321630472,8455216619,Premium,Individual,2026-06-23,Silver,15627,Kannada,WhatsApp,"575, Central Colony",Beside Community Park,Warangal,Telangana,506002,India,Y,Verified,181999.89,N,2026-06-23 12:59:00,2026-07-08 23:58:00
101959,CUST101959,Deepika,Kumar,Female,1999-03-16,deepika.kumar101959@examplemail.com,9225720241,8540190652,Student,Individual,2025-12-05,Bronze,9101,English,SMS,"636, Central Colony",,Visakhapatnam,Andhra Pradesh,530017,India,Y,Verified,15230.45,N,2025-12-05 18:58:00,2026-03-28 22:45:00
101960,CUST101960,Sai,Naidu,Male,1999-10-25,sai.naidu101960@examplemail.com,9810010490,8691954386,Premium,Business,2025-03-29,Gold,7598,Telugu,Phone,"473, River View",Beside Community Park,Secunderabad,Telangana,500003,India,Y,Verified,121989.34,N,2025-03-29 11:28:00,2025-09-23 17:49:00
101961,CUST101961,Krishna,Chowdary,Male,1977-05-13,krishna.chowdary101961@examplemail.com,9797201536,8261273357,Corporate,Individual,2024-11-19,Platinum,8689,English,Email,"959, Lake View Road",Near Metro Station,Hyderabad,Telangana,500081,India,Y,Verified,561639.38,Y,2024-11-19 15:26:00,2025-02-25 16:10:00
101962,CUST101962,Swathi,Joshi,Female,1999-04-19,swathi.joshi101962@examplemail.com,9249087257,8496572216,Corporate,Individual,2024-08-22,Silver,20457,Hindi,WhatsApp,"404, Tech Park Avenue",Near Metro Station,Secunderabad,Telangana,500003,India,Y,Verified,994418.86,Y,2024-08-22 15:39:00,2026-06-21 20:35:00
101963,CUST101963,Rahul,Goud,Male,1997-06-22,rahul.goud101963@examplemail.com,9622371095,8404849502,Senior Citizen,Individual,2024-05-26,Silver,21821,Tamil,SMS,"933, Green Hills",Opp. City Mall,Chennai,Tamil Nadu,600042,India,Y,Verified,37105.32,Y,2024-05-26 12:07:00,2025-03-15 15:11:00
101964,CUST101964,Nandini,Joshi,Female,1992-06-04,nandini.joshi101964@examplemail.com,9132931614,8695500501,Retail,Individual,2025-06-21,Gold,2161,Kannada,SMS,"262, Central Colony",,Hyderabad,Telangana,500081,India,Y,Pending,63493.82,Y,2025-06-21 10:51:00,2025-10-23 20:50:00
101965,CUST101965,Krishna,Patel,Male,1960-05-18,krishna.patel101965@examplemail.com,9186549529,8745227215,Student,Individual,2025-09-28,Silver,8109,Kannada,Email,"448, Temple Street",Phase 2,Vijayawada,Andhra Pradesh,520010,India,Y,Verified,21552.81,Y,2025-09-28 08:19:00,2025-10-23 19:00:00
101966,CUST101966,Akash,Singh,Male,1977-07-23,akash.singh101966@examplemail.com,9118051138,8378308385,Senior Citizen,Business,2026-01-30,Gold,17705,Hindi,Phone,"492, River View",Beside Community Park,Delhi,Delhi,110017,India,Y,Verified,55389.87,Y,2026-01-30 18:58:00,2026-02-16 05:21:00
101967,CUST101967,Krishna,Singh,Male,1958-06-27,krishna.singh101967@examplemail.com,9285316057,8236834394,Senior Citizen,Individual,2026-08-16,Bronze,8582,Hindi,Phone,"461, River View",,Bengaluru,Karnataka,560037,India,Y,Verified,45146.25,N,2026-08-16 12:41:00,2026-08-21 17:58:00
101968,CUST101968,Surya,Gupta,Male,1997-07-01,surya.gupta101968@examplemail.com,9945468564,8199946073,Premium,Individual,2026-01-29,Gold,21206,Tamil,Email,"189, Temple Street",Phase 2,Secunderabad,Telangana,500003,India,Y,Verified,107711.27,Y,2026-01-29 11:04:00,2026-03-15 12:10:00
101969,CUST101969,Deepika,Mishra,Female,1996-04-22,deepika.mishra101969@examplemail.com,9358240559,8694491999,Corporate,Individual,2026-03-16,Platinum,73,Tamil,WhatsApp,"472, Tech Park Avenue",Phase 2,Mumbai,Maharashtra,400076,India,Y,Verified,988041.44,N,2026-03-16 20:18:00,2026-06-03 01:53:00
101970,CUST101970,Sai,Reddy,Male,1992-08-27,sai.reddy101970@examplemail.com,9359869228,8766277440,Senior Citizen,Individual,2026-08-10,Bronze,6072,Tamil,Email,"159, Temple Street",Phase 2,Visakhapatnam,Andhra Pradesh,530017,India,Y,Verified,40258.43,Y,2026-08-10 09:45:00,2026-09-04 20:29:00
101971,CUST101971,Surya,Naidu,Male,1972-01-25,surya.naidu101971@examplemail.com,9297472170,8672476900,Corporate,Individual,2026-06-12,Silver,13806,Tamil,WhatsApp,"140, Lake View Road",Near Metro Station,Chennai,Tamil Nadu,600042,India,Y,Verified,553909.31,N,2026-06-12 16:25:00,2026-09-11 18:21:00
101972,CUST101972,Lakshmi,Rao,Female,1978-01-14,lakshmi.rao101972@examplemail.com,9513618442,8240704942,Retail,Individual,2026-05-03,Silver,4787,Hindi,Phone,"627, Station Road",,Bengaluru,Karnataka,560037,India,Y,Rejected,25282.39,Y,2026-05-03 10:16:00,2026-08-06 19:07:00
101973,CUST101973,Keerthi,Rao,Female,1967-12-28,keerthi.rao101973@examplemail.com,9387602719,8206355752,Senior Citizen,Individual,2026-06-28,Silver,5952,Tamil,SMS,"741, Central Colony",Beside Community Park,Bengaluru,Karnataka,560037,India,Y,Verified,47573.14,N,2026-06-28 18:23:00,2026-08-19 04:54:00
101974,CUST101974,Keerthi,Mishra,Female,1987-05-06,keerthi.mishra101974@examplemail.com,9449725114,8508719423,Student,Individual,2024-03-24,Gold,557,Kannada,Phone,"848, Market Road",,Chennai,Tamil Nadu,600042,India,Y,Verified,6373.71,Y,2024-03-24 16:08:00,2025-04-28 02:44:00
101975,CUST101975,Manish,Naidu,Male,1990-04-07,manish.naidu101975@examplemail.com,9131105495,8986213601,Retail,Business,2025-11-06,Silver,9955,Tamil,Email,"90, River View",Beside Community Park,Delhi,Delhi,110017,India,Y,Pending,33584.47,N,2025-11-06 09:53:00,2026-04-25 18:08:00
101976,CUST101976,Nandini,Patel,Female,1964-02-12,nandini.patel101976@examplemail.com,9608887756,8268323824,Student,Individual,2024-06-18,Silver,2767,Tamil,Email,"255, Market Road",Beside Community Park,Hyderabad,Telangana,500081,India,Y,Verified,24983.44,Y,2024-06-18 19:19:00,2025-01-10 05:44:00
101977,CUST101977,Krishna,Shetty,Male,1972-08-27,krishna.shetty101977@examplemail.com,9919302064,8312084015,Senior Citizen,Individual,2025-12-16,Silver,14192,Hindi,WhatsApp,"882, Lake View Road",Phase 2,Hyderabad,Telangana,500081,India,Y,Verified,57698.79,N,2025-12-16 08:49:00,2026-03-30 16:38:00
101978,CUST101978,Charan,Naidu,Male,1966-05-10,charan.naidu101978@examplemail.com,9394522094,8187898794,Premium,Individual,2024-12-07,Bronze,18837,Tamil,Phone,"626, River View",Opp. City Mall,Warangal,Telangana,506002,India,Y,Verified,89691.09,Y,2024-12-07 11:32:00,2026-01-22 21:46:00
101979,CUST101979,Lakshmi,Naidu,Female,1966-06-26,lakshmi.naidu101979@examplemail.com,9839983839,8475050024,Premium,Individual,2025-01-27,Bronze,11029,Telugu,Email,"305, MG Road",Opp. City Mall,Delhi,Delhi,110017,India,N,Verified,260361.62,Y,2025-01-27 09:52:00,2026-07-04 15:03:00
101980,CUST101980,Ananya,Verma,Female,1976-08-14,ananya.verma101980@examplemail.com,9817434905,8598293344,Corporate,Business,2024-10-20,Silver,22593,Kannada,SMS,"467, River View",,Vijayawada,Andhra Pradesh,520010,India,Y,Verified,663380.73,Y,2024-10-20 10:41:00,2025-03-09 10:49:00
101981,CUST101981,Manish,Gupta,Male,2005-07-11,manish.gupta101981@examplemail.com,9801258857,8970585308,Corporate,Individual,2024-07-30,Gold,13527,Telugu,Email,"274, Tech Park Avenue",Opp. City Mall,Secunderabad,Telangana,500003,India,Y,Verified,398999.91,N,2024-07-30 11:24:00,2026-07-16 14:00:00
101982,CUST101982,Harini,Sharma,Female,1979-02-12,harini.sharma101982@examplemail.com,9433958041,8755093699,Student,Individual,2024-11-16,Gold,11805,Kannada,WhatsApp,"965, Temple Street",,Vijayawada,Andhra Pradesh,520010,India,Y,Verified,7777.50,Y,2024-11-16 08:04:00,2026-04-22 11:10:00
101983,CUST101983,Ishita,Verma,Female,1984-11-24,ishita.verma101983@examplemail.com,9478407605,8644750849,Retail,Individual,2024-02-05,Silver,8340,Kannada,Email,"789, Park Lane",Near Metro Station,Delhi,Delhi,110017,India,Y,Pending,25627.50,N,2024-02-05 18:18:00,2025-06-08 23:43:00
101984,CUST101984,Keerthi,Verma,Female,1976-03-12,keerthi.verma101984@examplemail.com,9861470813,8680246376,Premium,Individual,2025-11-03,Gold,23697,Telugu,SMS,"554, Tech Park Avenue",Opp. City Mall,Secunderabad,Telangana,500003,India,Y,Verified,211884.17,Y,2025-11-03 08:19:00,2026-05-22 10:55:00
101985,CUST101985,Ishita,Patel,Female,1955-03-21,ishita.patel101985@examplemail.com,9355211878,8795060241,Retail,Individual,2025-08-27,Bronze,16162,Tamil,Email,"829, Temple Street",Opp. City Mall,Pune,Maharashtra,411014,India,Y,Verified,72232.35,N,2025-08-27 17:15:00,2026-04-20 19:58:00
101986,CUST101986,Charan,Kumar,Male,1957-09-16,charan.kumar101986@examplemail.com,9229713867,8302022284,Student,Individual,2026-08-18,Gold,24401,English,WhatsApp,"59, Lake View Road",Phase 2,Hyderabad,Telangana,500081,India,Y,Verified,5895.16,N,2026-08-18 13:14:00,2026-09-11 23:56:00
101987,CUST101987,Divya,Gupta,Female,2004-11-02,divya.gupta101987@examplemail.com,9602340309,8964392913,Corporate,Individual,2024-10-19,Bronze,6191,Kannada,Phone,"924, Station Road",Opp. City Mall,Chennai,Tamil Nadu,600042,India,Y,Verified,479405.81,N,2024-10-19 19:02:00,2025-07-07 22:34:00
101988,CUST101988,Nandini,Joshi,Female,1976-08-16,nandini.joshi101988@examplemail.com,9556338276,8605352482,Senior Citizen,Individual,2025-08-13,Silver,8814,Kannada,WhatsApp,"921, Market Road",Near Metro Station,Chennai,Tamil Nadu,600042,India,Y,Verified,49752.84,Y,2025-08-13 13:24:00,2025-08-13 16:49:00
101989,CUST101989,Vijay,Rao,Male,1968-02-03,vijay.rao101989@examplemail.com,9504181830,8810507980,Senior Citizen,Individual,2024-08-16,Silver,775,Kannada,Email,"346, Temple Street",Beside Community Park,Chennai,Tamil Nadu,600042,India,Y,Verified,22356.46,N,2024-08-16 14:20:00,2026-05-31 17:46:00
101990,CUST101990,Karthik,Kulkarni,Male,1955-05-16,karthik.kulkarni101990@examplemail.com,9543891941,8528472180,Senior Citizen,Individual,2025-06-19,Bronze,22626,Hindi,WhatsApp,"34, MG Road",,Secunderabad,Telangana,500003,India,Y,Verified,25507.71,N,2025-06-19 15:52:00,2025-11-22 19:49:00
101991,CUST101991,Meghana,Patel,Female,1994-08-18,meghana.patel101991@examplemail.com,9285793345,8879042461,Senior Citizen,Individual,2024-04-02,Silver,1277,Hindi,Phone,"388, MG Road",Beside Community Park,Mumbai,Maharashtra,400076,India,Y,Not Required,18781.53,N,2024-04-02 15:06:00,2025-12-25 19:19:00
101992,CUST101992,Aarav,Yadav,Male,1965-10-04,aarav.yadav101992@examplemail.com,9716796178,8728648745,Retail,Individual,2025-12-22,Gold,22706,English,Email,"576, Central Colony",Near Metro Station,Hyderabad,Telangana,500081,India,Y,Pending,62702.67,N,2025-12-22 11:13:00,2026-06-21 15:36:00
101993,CUST101993,Pooja,Gupta,Female,1996-01-22,pooja.gupta101993@examplemail.com,9696679634,8767836385,Retail,Individual,2025-07-27,Gold,21642,English,Email,"294, Market Road",Near Metro Station,Bengaluru,Karnataka,560037,India,Y,Verified,56934.87,Y,2025-07-27 20:09:00,2026-06-25 00:25:00
101994,CUST101994,Surya,Menon,Male,2001-10-23,surya.menon101994@examplemail.com,9787552588,8364781460,Retail,Individual,2025-07-17,Platinum,10256,Telugu,Email,"246, Tech Park Avenue",Beside Community Park,Visakhapatnam,Andhra Pradesh,530017,India,Y,Verified,30392.06,Y,2025-07-17 09:31:00,2026-04-04 13:54:00
101995,CUST101995,Charan,Goud,Male,1998-08-13,charan.goud101995@examplemail.com,9177280791,8389103805,Premium,Individual,2025-09-10,Bronze,12129,Hindi,WhatsApp,"332, Tech Park Avenue",Near Metro Station,Mumbai,Maharashtra,400076,India,Y,Verified,154260.20,Y,2025-09-10 11:49:00,2026-07-01 20:46:00
101996,CUST101996,Karthik,Singh,Male,1990-09-08,karthik.singh101996@examplemail.com,9911693846,8638418780,Retail,Individual,2024-07-07,Silver,11008,Hindi,Email,"390, MG Road",,Pune,Maharashtra,411014,India,Y,Verified,33209.61,N,2024-07-07 19:54:00,2024-07-08 02:12:00
101997,CUST101997,Deepika,Kulkarni,Female,2002-10-15,deepika.kulkarni101997@examplemail.com,9879196153,8716139323,Premium,Individual,2024-07-09,Gold,18740,Hindi,WhatsApp,"474, Market Road",Phase 2,Chennai,Tamil Nadu,600042,India,Y,Not Required,270541.03,Y,2024-07-09 09:06:00,2026-01-16 17:54:00
101998,CUST101998,Pranav,Kumar,Male,1970-07-20,pranav.kumar101998@examplemail.com,9548732501,8124866511,Student,Business,2025-01-12,Bronze,13353,Hindi,SMS,"147, MG Road",Beside Community Park,Bengaluru,Karnataka,560037,India,Y,Verified,12205.38,N,2025-01-12 12:13:00,2025-12-03 21:09:00
101999,CUST101999,Swathi,Patel,Female,1969-09-18,swathi.patel101999@examplemail.com,9850510949,8861901555,Senior Citizen,Individual,2025-03-17,Gold,1690,Hindi,SMS,"250, MG Road",Phase 2,Vijayawada,Andhra Pradesh,520010,India,Y,Verified,13283.73,Y,2025-03-17 19:37:00,2025-11-01 23:04:00
102000,CUST102000,Priya,Reddy,Female,1983-10-19,priya.reddy102000@examplemail.com,9456312127,8724563996,Corporate,Individual,2025-09-17,Gold,675,Telugu,Phone,"204, Market Road",,Warangal,Telangana,506002,India,Y,Verified,447565.57,Y,2025-09-17 18:38:00,2025-10-26 18:53:00
102001,CUST102001,Surya,Reddy,Male,1961-12-17,surya.reddy102001@examplemail.com,9843338611,8346793516,Corporate,Individual,2026-07-25,Silver,14219,English,SMS,"675, MG Road",,Delhi,Delhi,110017,India,Y,Verified,914978.75,Y,2026-07-25 08:31:00,2026-09-04 13:51:00
102002,CUST102002,Pranav,Gupta,Male,1989-11-01,pranav.gupta102002@examplemail.com,9843011166,8897473967,Premium,Individual,2025-08-27,Silver,4181,Tamil,Email,"181, Lake View Road",Near Metro Station,Visakhapatnam,Andhra Pradesh,530017,India,N,Verified,110858.68,Y,2025-08-27 14:43:00,2026-04-17 21:44:00
102003,CUST102003,Lakshmi,Singh,Female,1975-06-18,lakshmi.singh102003@examplemail.com,9926736118,8216558028,Student,Individual,2025-11-03,Bronze,2801,Tamil,WhatsApp,"32, MG Road",,Bengaluru,Karnataka,560037,India,Y,Verified,6952.06,Y,2025-11-03 15:44:00,2026-09-13 23:59:00
102004,CUST102004,Karthik,Sharma,Male,1958-03-23,karthik.sharma102004@examplemail.com,9548142510,8525111906,Premium,Individual,2024-11-24,Bronze,8540,Kannada,SMS,"35, Temple Street",Opp. City Mall,Warangal,Telangana,506002,India,Y,Verified,288781.32,N,2024-11-24 17:30:00,2025-07-11 00:11:00
102005,CUST102005,Sai,Mishra,Male,1998-10-18,sai.mishra102005@examplemail.com,9864911158,8757081403,Corporate,Individual,2025-09-13,Gold,22408,Telugu,SMS,"229, Station Road",,Visakhapatnam,Andhra Pradesh,530017,India,Y,Verified,473157.87,N,2025-09-13 08:06:00,2025-09-16 15:25:00
102006,CUST102006,Divya,Naidu,Female,1989-02-25,divya.naidu102006@examplemail.com,9543895075,8450501105,Student,Individual,2025-11-10,Gold,1850,Kannada,WhatsApp,"994, Central Colony",Opp. City Mall,Visakhapatnam,Andhra Pradesh,530017,India,Y,Verified,18877.83,Y,2025-11-10 09:38:00,2026-04-23 18:56:00
102007,CUST102007,Sneha,Rao,Female,1955-08-02,sneha.rao102007@examplemail.com,9845337480,8378039070,Premium,Business,2024-09-07,Silver,7471,Telugu,Phone,"163, Lake View Road",Beside Community Park,Mumbai,Maharashtra,400076,India,Y,Verified,290330.74,Y,2024-09-07 09:13:00,2026-03-02 14:47:00
102008,CUST102008,Deepika,Joshi,Female,1956-12-06,deepika.joshi102008@examplemail.com,9271765691,8507424805,Senior Citizen,Individual,2024-07-04,Platinum,21364,Telugu,Email,"797, Park Lane",Phase 2,Visakhapatnam,Andhra Pradesh,530017,India,Y,Verified,51975.74,Y,2024-07-04 15:55:00,2024-12-25 18:27:00
102009,CUST102009,Bhavya,Patel,Female,1975-05-06,bhavya.patel102009@examplemail.com,9245637323,8734438763,Premium,Individual,2025-11-15,Silver,2359,Tamil,SMS,"947, River View",Near Metro Station,Hyderabad,Telangana,500081,India,Y,Verified,205243.53,N,2025-11-15 08:14:00,2026-03-30 09:20:00
102010,CUST102010,Manish,Kumar,Male,1971-12-17,manish.kumar102010@examplemail.com,9829758031,8812719838,Premium,Individual,2025-02-26,Silver,18741,Tamil,WhatsApp,"924, Tech Park Avenue",Beside Community Park,Delhi,Delhi,110017,India,Y,Not Required,134612.08,N,2025-02-26 14:56:00,2025-11-30 00:21:00
102011,CUST102011,Harsha,Singh,Male,1970-02-16,harsha.singh102011@examplemail.com,9918674836,8876634536,Premium,Individual,2024-11-22,Gold,13383,Kannada,Phone,"617, Central Colony",Near Metro Station,Warangal,Telangana,506002,India,Y,Verified,163781.16,N,2024-11-22 17:34:00,2025-02-14 17:55:00
102012,CUST102012,Aishwarya,Verma,Female,1992-02-16,aishwarya.verma102012@examplemail.com,9912672767,8622349838,Senior Citizen,Individual,2024-05-05,Gold,21606,Telugu,WhatsApp,"889, River View",Phase 2,Pune,Maharashtra,411014,India,Y,Verified,59869.54,Y,2024-05-05 14:34:00,2025-05-14 21:14:00
102013,CUST102013,Varun,Reddy,Male,1981-02-12,varun.reddy102013@examplemail.com,9614071952,8853076619,Premium,Individual,2026-08-11,Bronze,8044,Kannada,SMS,"671, Green Hills",Beside Community Park,Secunderabad,Telangana,500003,India,Y,Verified,288121.90,N,2026-08-11 17:47:00,2026-08-19 23:32:00
102014,CUST102014,Vaishnavi,Yadav,Female,1978-10-15,vaishnavi.yadav102014@examplemail.com,9362758243,8691667922,Corporate,Individual,2025-03-21,Silver,17594,English,Phone,"215, Lake View Road",Opp. City Mall,Warangal,Telangana,506002,India,Y,Verified,321372.73,Y,2025-03-21 19:57:00,2026-04-04 04:33:00
102015,CUST102015,Lakshmi,Iyer,Female,1961-02-17,lakshmi.iyer102015@examplemail.com,9259432091,8707137520,Student,Individual,2025-02-16,Bronze,4606,Tamil,SMS,"892, River View",,Delhi,Delhi,110017,India,Y,Verified,10017.29,Y,2025-02-16 17:06:00,2026-07-20 02:58:00
102016,CUST102016,Harini,Reddy,Female,1997-05-20,harini.reddy102016@examplemail.com,9472639794,8414409084,Retail,Individual,2024-06-13,Gold,1834,Telugu,SMS,"765, Market Road",Opp. City Mall,Warangal,Telangana,506002,India,Y,Verified,37389.53,N,2024-06-13 09:19:00,2026-09-14 10:42:00
102017,CUST102017,Vijay,Goud,Male,1970-08-18,vijay.goud102017@examplemail.com,9262725503,8453849677,Student,Individual,2024-04-21,Silver,14970,Kannada,WhatsApp,"953, Park Lane",Opp. City Mall,Delhi,Delhi,110017,India,Y,Verified,14102.30,N,2024-04-21 12:34:00,2026-05-08 13:59:00
102018,CUST102018,Pranav,Shetty,Male,1957-07-25,pranav.shetty102018@examplemail.com,9268661939,8757391032,Student,Individual,2024-07-12,Silver,21242,Hindi,SMS,"20, Central Colony",Near Metro Station,Bengaluru,Karnataka,560037,India,Y,Verified,24923.45,N,2024-07-12 08:09:00,2025-05-14 13:38:00
102019,CUST102019,Vishal,Das,Male,1963-02-25,vishal.das102019@examplemail.com,9830750511,8790463340,Premium,Individual,2024-08-28,Silver,662,Telugu,Phone,"218, Temple Street",Near Metro Station,Hyderabad,Telangana,500081,India,Y,Verified,108537.27,N,2024-08-28 16:11:00,2025-10-22 23:04:00
102020,CUST102020,Surya,Das,Male,1965-10-05,surya.das102020@examplemail.com,9896343725,8300169391,Senior Citizen,Individual,2026-08-12,Silver,23283,English,SMS,"220, River View",Near Metro Station,Mumbai,Maharashtra,400076,India,Y,Verified,36630.51,N,2026-08-12 11:13:00,2026-09-03 22:00:00
102021,CUST102021,Tarun,Rao,Male,1974-06-21,tarun.rao102021@examplemail.com,9699055641,8105439373,Senior Citizen,Individual,2025-08-03,Bronze,16099,Kannada,Phone,"615, Park Lane",,Vijayawada,Andhra Pradesh,520010,India,Y,Verified,44923.34,N,2025-08-03 11:52:00,2026-07-21 20:06:00
102022,CUST102022,Aishwarya,Patel,Female,1984-07-21,aishwarya.patel102022@examplemail.com,9764470577,8143990287,Corporate,Individual,2025-05-15,Silver,16343,Telugu,SMS,"100, Tech Park Avenue",Opp. City Mall,Mumbai,Maharashtra,400076,India,Y,Verified,907226.80,N,2025-05-15 16:09:00,2025-09-09 02:38:00
102023,CUST102023,Aditya,Joshi,Male,1982-12-05,aditya.joshi102023@examplemail.com,9227832205,8871753055,Corporate,Business,2025-10-30,Gold,20255,Tamil,SMS,"383, MG Road",Beside Community Park,Vijayawada,Andhra Pradesh,520010,India,Y,Pending,944153.16,N,2025-10-30 15:26:00,2026-07-04 19:54:00
102024,CUST102024,Arjun,Kulkarni,Male,1976-03-23,arjun.kulkarni102024@examplemail.com,9616956908,8971299851,Student,Business,2026-03-17,Silver,16162,Kannada,Phone,"683, Central Colony",Near Metro Station,Pune,Maharashtra,411014,India,Y,Verified,24110.55,N,2026-03-17 14:35:00,2026-05-04 00:23:00
102025,CUST102025,Aadhya,Gupta,Female,1964-05-11,aadhya.gupta102025@examplemail.com,9918579881,8995081808,Retail,Individual,2025-03-16,Bronze,9908,Hindi,Email,"871, Market Road",Phase 2,Mumbai,Maharashtra,400076,India,Y,Verified,24468.09,Y,2025-03-16 15:17:00,2025-04-09 16:44:00
102026,CUST102026,Ishita,Das,Female,1999-09-24,ishita.das102026@examplemail.com,9326034593,8424286271,Premium,Individual,2026-06-16,Bronze,11828,Kannada,WhatsApp,"817, Park Lane",Opp. City Mall,Visakhapatnam,Andhra Pradesh,530017,India,Y,Verified,274562.19,N,2026-06-16 10:28:00,2026-08-07 11:38:00
102027,CUST102027,Meghana,Naidu,Female,1990-11-18,meghana.naidu102027@examplemail.com,9562600768,8269966363,Corporate,Individual,2025-06-04,Silver,15455,Telugu,WhatsApp,"234, Green Hills",Beside Community Park,Pune,Maharashtra,411014,India,Y,Pending,958247.78,Y,2025-06-04 11:18:00,2026-06-20 19:58:00
102028,CUST102028,Varun,Joshi,Male,1976-04-01,varun.joshi102028@examplemail.com,9805210876,8791922922,Corporate,Individual,2026-09-07,Bronze,1135,Hindi,WhatsApp,"653, Park Lane",Beside Community Park,Secunderabad,Telangana,500003,India,Y,Verified,503193.48,N,2026-09-07 14:44:00,2026-09-11 01:17:00
102029,CUST102029,Aarav,Reddy,Male,1972-01-26,aarav.reddy102029@examplemail.com,9873263972,8287825265,Senior Citizen,Business,2026-01-22,Bronze,20005,Tamil,Email,"448, MG Road",Phase 2,Bengaluru,Karnataka,560037,India,Y,Verified,37215.12,Y,2026-01-22 20:11:00,2026-06-28 03:34:00
102030,CUST102030,Vijay,Das,Male,1983-03-20,vijay.das102030@examplemail.com,9992556520,8118146909,Student,Individual,2025-01-30,Gold,20980,Hindi,Phone,"678, Lake View Road",Near Metro Station,Visakhapatnam,Andhra Pradesh,530017,India,Y,Verified,20383.63,Y,2025-01-30 08:22:00,2025-09-21 12:53:00
102031,CUST102031,Nikhil,Mishra,Male,1971-06-21,nikhil.mishra102031@examplemail.com,9276332780,8808398245,Premium,Individual,2024-10-29,Silver,21784,Telugu,Email,"31, Market Road",Opp. City Mall,Warangal,Telangana,506002,India,N,Verified,87286.65,Y,2024-10-29 11:18:00,2025-07-26 12:10:00
102032,CUST102032,Vishal,Joshi,Male,1973-09-07,vishal.joshi102032@examplemail.com,9730079579,8208293928,Premium,Individual,2024-05-31,Silver,6342,English,WhatsApp,"760, Green Hills",Opp. City Mall,Vijayawada,Andhra Pradesh,520010,India,Y,Pending,219405.51,N,2024-05-31 13:30:00,2024-10-13 00:16:00
102033,CUST102033,Neha,Yadav,Female,1987-11-02,neha.yadav102033@examplemail.com,9881939049,8827180706,Student,Individual,2024-10-24,Platinum,468,English,Email,"745, River View",Near Metro Station,Bengaluru,Karnataka,560037,India,Y,Verified,18113.55,Y,2024-10-24 11:31:00,2026-04-18 12:53:00
102034,CUST102034,Rahul,Patel,Male,1969-08-16,rahul.patel102034@examplemail.com,9426574348,8520408805,Student,Individual,2024-06-02,Bronze,22556,Telugu,SMS,"705, River View",,Vijayawada,Andhra Pradesh,520010,India,Y,Verified,12036.81,N,2024-06-02 12:53:00,2024-06-24 17:54:00
102035,CUST102035,Aditya,Verma,Male,1960-04-20,aditya.verma102035@examplemail.com,9205968597,8690115014,Retail,Individual,2024-01-22,Bronze,10247,Kannada,Email,"115, Park Lane",Beside Community Park,Mumbai,Maharashtra,400076,India,Y,Not Required,36558.57,N,2024-01-22 18:35:00,2024-07-16 04:13:00
102036,CUST102036,Ananya,Sharma,Female,1981-12-18,ananya.sharma102036@examplemail.com,9512382012,8847167382,Senior Citizen,Individual,2025-01-09,Bronze,19089,Hindi,Email,"172, Park Lane",,Pune,Maharashtra,411014,India,Y,Verified,13233.26,Y,2025-01-09 15:38:00,2026-04-20 16:11:00
102037,CUST102037,Krishna,Yadav,Male,1975-05-15,krishna.yadav102037@examplemail.com,9353255174,8967499934,Premium,Individual,2024-09-05,Silver,19061,English,Phone,"153, Temple Street",Phase 2,Bengaluru,Karnataka,560037,India,Y,Verified,273129.55,N,2024-09-05 18:39:00,2026-04-07 01:19:00
102038,CUST102038,Pooja,Menon,Female,1988-05-26,pooja.menon102038@examplemail.com,9918903983,8738503525,Senior Citizen,Individual,2024-12-02,Gold,14523,Telugu,Email,"746, Park Lane",Phase 2,Chennai,Tamil Nadu,600042,India,Y,Verified,28989.60,N,2024-12-02 09:33:00,2026-06-02 16:10:00
102039,CUST102039,Deepika,Chowdary,Female,1979-09-21,deepika.chowdary102039@examplemail.com,9203001157,8953767626,Senior Citizen,Individual,2026-06-19,Bronze,2619,English,Email,"648, Market Road",Phase 2,Secunderabad,Telangana,500003,India,Y,Rejected,53454.38,N,2026-06-19 13:44:00,2026-09-14 22:53:00
102040,CUST102040,Krishna,Yadav,Male,1980-08-23,krishna.yadav102040@examplemail.com,9127022663,8573468175,Corporate,Individual,2024-01-31,Bronze,22598,Kannada,Phone,"3, Park Lane",Opp. City Mall,Hyderabad,Telangana,500081,India,Y,Verified,897515.72,N,2024-01-31 14:10:00,2026-08-28 20:38:00
102041,CUST102041,Nikhil,Sharma,Male,2001-08-22,nikhil.sharma102041@examplemail.com,9978825183,8576647707,Senior Citizen,Individual,2025-04-02,Bronze,5807,Telugu,SMS,"552, Central Colony",Phase 2,Mumbai,Maharashtra,400076,India,Y,Verified,43760.27,N,2025-04-02 18:05:00,2025-11-05 19:13:00
102042,CUST102042,Aditya,Kulkarni,Male,1976-06-28,aditya.kulkarni102042@examplemail.com,9878502709,8372697690,Senior Citizen,Individual,2026-05-09,Gold,15422,Tamil,Phone,"707, Central Colony",Opp. City Mall,Warangal,Telangana,506002,India,N,Pending,46449.07,N,2026-05-09 13:36:00,2026-06-20 16:16:00
102043,CUST102043,Manish,Verma,Male,1974-08-15,manish.verma102043@examplemail.com,9353085291,8224866946,Senior Citizen,Individual,2026-01-23,Silver,22817,Kannada,SMS,"516, Tech Park Avenue",Phase 2,Mumbai,Maharashtra,400076,India,Y,Verified,47510.06,N,2026-01-23 18:55:00,2026-09-14 01:11:00
102044,CUST102044,Charan,Sharma,Male,1982-02-12,charan.sharma102044@examplemail.com,9736430786,8119150845,Premium,Individual,2024-10-21,Bronze,23636,Telugu,Email,"82, River View",Beside Community Park,Bengaluru,Karnataka,560037,India,Y,Verified,170721.96,Y,2024-10-21 10:10:00,2026-05-05 13:10:00
102045,CUST102045,Vijay,Patel,Male,1993-06-12,vijay.patel102045@examplemail.com,9795040036,8623993893,Senior Citizen,Business,2024-08-25,Gold,20646,Telugu,SMS,"271, Central Colony",,Mumbai,Maharashtra,400076,India,Y,Verified,13261.85,N,2024-08-25 16:00:00,2025-04-14 21:44:00
102046,CUST102046,Harini,Singh,Female,1979-02-27,harini.singh102046@examplemail.com,9980020931,8285848628,Corporate,Individual,2024-03-10,Gold,124,Hindi,WhatsApp,"405, Central Colony",,Warangal,Telangana,506002,India,Y,Not Required,940971.30,N,2024-03-10 11:58:00,2026-09-03 22:19:00
102047,CUST102047,Sai,Kumar,Male,1958-02-15,sai.kumar102047@examplemail.com,9924046098,8157245621,Student,Individual,2025-09-17,Bronze,18128,Hindi,Email,"939, Station Road",Beside Community Park,Delhi,Delhi,110017,India,Y,Verified,16549.65,Y,2025-09-17 18:15:00,2026-07-13 01:40:00
102048,CUST102048,Nandini,Iyer,Female,1965-09-27,nandini.iyer102048@examplemail.com,9222270789,8501787455,Corporate,Individual,2025-07-26,Silver,12847,English,Phone,"829, MG Road",Opp. City Mall,Vijayawada,Andhra Pradesh,520010,India,Y,Pending,922561.95,N,2025-07-26 15:57:00,2026-07-26 01:47:00
102049,CUST102049,Sanjay,Reddy,Male,1985-08-04,sanjay.reddy102049@examplemail.com,9535845179,8302986108,Corporate,Individual,2025-09-01,Silver,16986,Kannada,SMS,"673, Market Road",Near Metro Station,Hyderabad,Telangana,500081,India,Y,Pending,367413.40,N,2025-09-01 09:36:00,2026-03-10 15:59:00
102050,CUST102050,Tarun,Singh,Male,1991-11-20,tarun.singh102050@examplemail.com,9349920277,8346154969,Premium,Individual,2024-05-22,Gold,20816,Hindi,Email,"111, Central Colony",Beside Community Park,Delhi,Delhi,110017,India,Y,Verified,131680.97,N,2024-05-22 09:40:00,2024-06-14 20:15:00
102051,CUST102051,Bhavya,Menon,Female,1989-01-27,bhavya.menon102051@examplemail.com,9873497050,8458124305,Retail,Individual,2025-05-02,Silver,16671,Hindi,WhatsApp,"125, Tech Park Avenue",Phase 2,Delhi,Delhi,110017,India,Y,Pending,14608.84,N,2025-05-02 18:11:00,2025-08-20 03:47:00
102052,CUST102052,Harsha,Iyer,Male,1990-08-02,harsha.iyer102052@examplemail.com,9792506207,8288505106,Student,Individual,2025-06-30,Bronze,2933,Telugu,SMS,"200, Lake View Road",Opp. City Mall,Vijayawada,Andhra Pradesh,520010,India,Y,Verified,19950.91,Y,2025-06-30 10:56:00,2026-02-22 19:08:00
102053,CUST102053,Akash,Kulkarni,Male,2004-10-17,akash.kulkarni102053@examplemail.com,9578044210,8697293397,Retail,Individual,2025-11-02,Bronze,2036,Kannada,SMS,"57, River View",Near Metro Station,Mumbai,Maharashtra,400076,India,Y,Verified,18088.46,Y,2025-11-02 11:52:00,2026-02-01 13:50:00
102054,CUST102054,Akash,Verma,Male,1991-08-04,akash.verma102054@examplemail.com,9797556347,8361012730,Retail,Individual,2024-05-11,Bronze,11406,Hindi,SMS,"702, Green Hills",Beside Community Park,Delhi,Delhi,110017,India,Y,Pending,62916.24,N,2024-05-11 12:57:00,2024-08-05 16:38:00
102055,CUST102055,Vishal,Mishra,Male,1965-04-09,vishal.mishra102055@examplemail.com,9323770701,8227486338,Corporate,Individual,2024-10-03,Platinum,23059,Kannada,SMS,"866, Central Colony",,Visakhapatnam,Andhra Pradesh,530017,India,Y,Verified,820509.95,N,2024-10-03 10:57:00,2025-08-31 19:22:00
102056,CUST102056,Nikhil,Nair,Male,1966-05-13,nikhil.nair102056@examplemail.com,9478670805,8650135731,Retail,Individual,2025-12-17,Silver,21164,English,Email,"807, River View",Opp. City Mall,Secunderabad,Telangana,500003,India,Y,Pending,47535.78,N,2025-12-17 10:47:00,2026-07-15 14:01:00
102057,CUST102057,Aarav,Naidu,Male,1960-05-04,aarav.naidu102057@examplemail.com,9906647048,8305404419,Corporate,Individual,2024-10-15,Bronze,12377,Hindi,Email,"693, Lake View Road",,Mumbai,Maharashtra,400076,India,N,Verified,806876.97,Y,2024-10-15 12:45:00,2024-12-14 22:29:00
102058,CUST102058,Nandini,Nair,Female,1986-10-13,nandini.nair102058@examplemail.com,9870477678,8104340771,Retail,Individual,2024-06-15,Bronze,841,Telugu,Email,"360, Temple Street",Near Metro Station,Warangal,Telangana,506002,India,Y,Pending,24744.39,N,2024-06-15 17:45:00,2026-07-23 02:25:00
102059,CUST102059,Charan,Goud,Male,2000-05-11,charan.goud102059@examplemail.com,9388003412,8512531185,Corporate,Individual,2024-10-14,Bronze,20712,Kannada,Phone,"696, River View",,Chennai,Tamil Nadu,600042,India,Y,Pending,471203.88,Y,2024-10-14 15:31:00,2025-04-28 23:27:00
102060,CUST102060,Sahithi,Sharma,Female,1965-05-04,sahithi.sharma102060@examplemail.com,9482554320,8917392488,Student,Individual,2024-12-04,Gold,17457,Tamil,WhatsApp,"469, Temple Street",Opp. City Mall,Mumbai,Maharashtra,400076,India,Y,Rejected,10105.58,N,2024-12-04 12:05:00,2026-01-14 21:02:00
102061,CUST102061,Ananya,Mishra,Female,1974-05-02,ananya.mishra102061@examplemail.com,9454731038,8227126939,Corporate,Business,2025-09-27,Bronze,12822,English,Email,"365, Tech Park Avenue",Opp. City Mall,Warangal,Telangana,506002,India,Y,Verified,846946.35,N,2025-09-27 14:57:00,2025-10-06 00:56:00
102062,CUST102062,Aditya,Chowdary,Male,2001-04-11,aditya.chowdary102062@examplemail.com,9357269834,8892623001,Premium,Individual,2024-10-18,Bronze,7617,Hindi,WhatsApp,"968, Temple Street",Phase 2,Warangal,Telangana,506002,India,Y,Verified,206644.06,N,2024-10-18 20:21:00,2025-01-22 21:02:00
102063,CUST102063,Rohan,Gupta,Male,1982-08-27,rohan.gupta102063@examplemail.com,9500359448,8192280444,Retail,Individual,2024-10-19,Bronze,1406,Telugu,Email,"335, Market Road",Near Metro Station,Warangal,Telangana,506002,India,Y,Verified,44456.00,N,2024-10-19 19:47:00,2025-11-06 20:21:00
102064,CUST102064,Pooja,Joshi,Female,1996-08-03,pooja.joshi102064@examplemail.com,9241098484,8485639244,Retail,Individual,2024-08-26,Bronze,23853,Hindi,Phone,"937, Park Lane",Beside Community Park,Secunderabad,Telangana,500003,India,Y,Verified,24066.00,N,2024-08-26 16:15:00,2026-06-16 22:22:00
102065,CUST102065,Ishita,Mishra,Female,2003-10-17,ishita.mishra102065@examplemail.com,9660171334,8103904174,Senior Citizen,Individual,2025-09-14,Platinum,2200,Telugu,Phone,"853, Park Lane",,Warangal,Telangana,506002,India,Y,Verified,44384.70,Y,2025-09-14 17:48:00,2025-11-20 18:17:00
102066,CUST102066,Rahul,Verma,Male,1999-04-18,rahul.verma102066@examplemail.com,9640144084,8594116376,Student,Individual,2024-06-22,Platinum,549,English,SMS,"203, Park Lane",Phase 2,Bengaluru,Karnataka,560037,India,Y,Verified,24741.83,N,2024-06-22 20:46:00,2024-08-13 06:33:00
102067,CUST102067,Harini,Shetty,Female,1960-08-15,harini.shetty102067@examplemail.com,9292263334,8958763969,Corporate,Individual,2026-03-13,Silver,20579,Kannada,Email,"49, Central Colony",Beside Community Park,Delhi,Delhi,110017,India,Y,Rejected,678338.55,Y,2026-03-13 14:28:00,2026-04-27 16:56:00
102068,CUST102068,Keerthi,Singh,Female,1992-09-12,keerthi.singh102068@examplemail.com,9422783596,8113615818,Premium,Individual,2025-10-17,Silver,24124,Kannada,WhatsApp,"67, Tech Park Avenue",Beside Community Park,Warangal,Telangana,506002,India,Y,Verified,200323.55,N,2025-10-17 17:10:00,2026-04-12 17:38:00
102069,CUST102069,Aishwarya,Mishra,Female,1987-04-02,aishwarya.mishra102069@examplemail.com,9266316800,8980990037,Retail,Individual,2025-05-29,Bronze,13969,Telugu,WhatsApp,"845, MG Road",Opp. City Mall,Delhi,Delhi,110017,India,Y,Verified,64006.37,Y,2025-05-29 17:10:00,2026-05-01 01:05:00
102070,CUST102070,Charan,Patel,Male,1986-06-12,charan.patel102070@examplemail.com,9926432977,8595143204,Corporate,Individual,2024-04-21,Silver,19482,English,SMS,"593, MG Road",Beside Community Park,Mumbai,Maharashtra,400076,India,Y,Verified,637946.87,Y,2024-04-21 18:55:00,2026-01-18 00:47:00
102071,CUST102071,Sanjay,Sharma,Male,1961-05-06,sanjay.sharma102071@examplemail.com,9203944573,8665607397,Senior Citizen,Individual,2024-02-26,Bronze,7102,English,Phone,"29, Market Road",,Chennai,Tamil Nadu,600042,India,Y,Verified,15467.50,N,2024-02-26 14:21:00,2026-06-02 18:20:00
102072,CUST102072,Tarun,Mishra,Male,1999-11-04,tarun.mishra102072@examplemail.com,9771767649,8838888098,Retail,Individual,2024-11-08,Gold,1214,Kannada,Email,"786, Central Colony",Opp. City Mall,Chennai,Tamil Nadu,600042,India,Y,Not Required,41481.21,N,2024-11-08 15:04:00,2025-11-22 01:00:00
102073,CUST102073,Sanjay,Patel,Male,1996-09-18,sanjay.patel102073@examplemail.com,9641546187,8485298874,Student,Individual,2026-04-13,Bronze,1732,Hindi,WhatsApp,"747, Green Hills",Phase 2,Delhi,Delhi,110017,India,Y,Verified,6527.65,Y,2026-04-13 20:43:00,2026-05-22 03:52:00
102074,CUST102074,Pranav,Gupta,Male,1973-06-20,pranav.gupta102074@examplemail.com,9298899082,8443646163,Corporate,Individual,2025-07-10,Gold,7951,Tamil,SMS,"440, River View",,Chennai,Tamil Nadu,600042,India,Y,Verified,977158.10,Y,2025-07-10 14:31:00,2026-05-29 18:33:00
102075,CUST102075,Divya,Rao,Female,1980-03-16,divya.rao102075@examplemail.com,9289032284,8993363665,Senior Citizen,Individual,2026-03-07,Bronze,20194,Telugu,WhatsApp,"460, Tech Park Avenue",Beside Community Park,Vijayawada,Andhra Pradesh,520010,India,Y,Pending,56285.91,Y,2026-03-07 19:14:00,2026-08-06 05:06:00
102076,CUST102076,Aditya,Verma,Male,2005-01-08,aditya.verma102076@examplemail.com,9281548576,8576495062,Premium,Business,2024-01-14,Platinum,19656,Telugu,SMS,"421, Park Lane",Opp. City Mall,Visakhapatnam,Andhra Pradesh,530017,India,Y,Verified,103829.06,Y,2024-01-14 15:20:00,2024-11-10 19:56:00
102077,CUST102077,Swathi,Kumar,Female,1993-08-19,swathi.kumar102077@examplemail.com,9896475352,8847440144,Corporate,Individual,2025-08-22,Silver,21522,Telugu,Email,"411, Station Road",Phase 2,Chennai,Tamil Nadu,600042,India,Y,Verified,852068.79,N,2025-08-22 08:44:00,2025-12-31 14:11:00
102078,CUST102078,Bhavya,Gupta,Female,1985-09-09,bhavya.gupta102078@examplemail.com,9386131004,8322538477,Student,Individual,2024-04-14,Silver,18274,English,Email,"633, River View",,Pune,Maharashtra,411014,India,Y,Verified,12424.79,N,2024-04-14 15:01:00,2024-09-10 22:33:00
102079,CUST102079,Deepika,Goud,Female,1996-03-13,deepika.goud102079@examplemail.com,9662213722,8192640955,Retail,Individual,2024-11-09,Silver,2777,English,Email,"8, Market Road",,Delhi,Delhi,110017,India,Y,Verified,35971.62,Y,2024-11-09 12:20:00,2026-08-26 20:56:00
102080,CUST102080,Pooja,Patel,Female,1975-05-13,pooja.patel102080@examplemail.com,9673947081,8804321471,Senior Citizen,Individual,2026-03-21,Gold,9511,English,Phone,"572, Central Colony",,Warangal,Telangana,506002,India,Y,Verified,54600.21,Y,2026-03-21 17:59:00,2026-07-12 21:32:00
102081,CUST102081,Vaishnavi,Iyer,Female,1972-10-09,vaishnavi.iyer102081@examplemail.com,9695270612,8994848412,Corporate,Individual,2025-06-04,Silver,8361,Telugu,Email,"332, Station Road",,Pune,Maharashtra,411014,India,Y,Pending,235682.31,N,2025-06-04 17:54:00,2026-04-09 21:15:00
102082,CUST102082,Tarun,Verma,Male,1970-06-15,tarun.verma102082@examplemail.com,9801433574,8270259872,Corporate,Individual,2024-08-19,Silver,9145,Kannada,SMS,"285, MG Road",Beside Community Park,Delhi,Delhi,110017,India,Y,Verified,747543.50,Y,2024-08-19 14:26:00,2025-08-01 15:42:00
102083,CUST102083,Sai,Shetty,Male,1995-12-02,sai.shetty102083@examplemail.com,9123365702,8826896369,Retail,Individual,2024-06-20,Bronze,4893,Telugu,WhatsApp,"94, Central Colony",Beside Community Park,Secunderabad,Telangana,500003,India,Y,Verified,41661.49,N,2024-06-20 16:53:00,2025-04-25 23:20:00
102084,CUST102084,Ananya,Yadav,Female,1971-04-23,ananya.yadav102084@examplemail.com,9208331434,8839788801,Retail,Individual,2026-08-05,Silver,22248,English,Email,"337, Park Lane",Beside Community Park,Delhi,Delhi,110017,India,Y,Verified,37072.31,Y,2026-08-05 09:24:00,2026-08-24 13:23:00
102085,CUST102085,Sneha,Rao,Female,1973-08-24,sneha.rao102085@examplemail.com,9973945681,8497432251,Premium,Individual,2024-12-02,Gold,7543,Telugu,Phone,"326, Temple Street",Near Metro Station,Secunderabad,Telangana,500003,India,Y,Pending,89767.01,N,2024-12-02 11:20:00,2025-09-06 14:36:00
102086,CUST102086,Aadhya,Goud,Female,1957-12-20,aadhya.goud102086@examplemail.com,9690995554,8181764578,Premium,Individual,2025-12-10,Bronze,958,Kannada,SMS,"366, Central Colony",Opp. City Mall,Visakhapatnam,Andhra Pradesh,530017,India,N,Pending,231156.44,N,2025-12-10 12:25:00,2026-08-28 14:00:00
102087,CUST102087,Meghana,Joshi,Female,1980-04-13,meghana.joshi102087@examplemail.com,9982192812,8170866511,Retail,Individual,2026-06-03,Bronze,7,Hindi,SMS,"198, Temple Street",Phase 2,Vijayawada,Andhra Pradesh,520010,India,Y,Verified,65141.50,N,2026-06-03 15:28:00,2026-09-06 18:06:00
102088,CUST102088,Deepika,Naidu,Female,2005-08-07,deepika.naidu102088@examplemail.com,9559232124,8334725819,Retail,Business,2025-06-10,Bronze,24595,Kannada,Email,"163, Central Colony",Phase 2,Secunderabad,Telangana,500003,India,Y,Verified,29586.01,Y,2025-06-10 18:58:00,2025-06-11 20:18:00
102089,CUST102089,Pranav,Gupta,Male,2004-10-26,pranav.gupta102089@examplemail.com,9167761574,8231780834,Corporate,Individual,2025-11-25,Gold,4938,Tamil,SMS,"307, Station Road",Near Metro Station,Pune,Maharashtra,411014,India,Y,Verified,641818.62,N,2025-11-25 19:29:00,2026-01-31 02:54:00
102090,CUST102090,Karthik,Mishra,Male,1999-07-24,karthik.mishra102090@examplemail.com,9249982469,8913086326,Corporate,Business,2026-05-01,Silver,22740,Tamil,WhatsApp,"744, Tech Park Avenue",Phase 2,Secunderabad,Telangana,500003,India,Y,Verified,375455.63,Y,2026-05-01 10:56:00,2026-07-19 20:31:00
102091,CUST102091,Aishwarya,Shetty,Female,1971-12-23,aishwarya.shetty102091@examplemail.com,9329999170,8850092242,Corporate,Individual,2026-03-20,Gold,2139,English,Phone,"44, Station Road",Near Metro Station,Chennai,Tamil Nadu,600042,India,Y,Verified,584311.93,N,2026-03-20 12:21:00,2026-04-30 15:23:00
102092,CUST102092,Charan,Goud,Male,1999-11-07,charan.goud102092@examplemail.com,9187813427,8395987384,Senior Citizen,Individual,2025-07-24,Bronze,19920,English,Email,"26, MG Road",,Hyderabad,Telangana,500081,India,Y,Verified,42825.34,N,2025-07-24 14:49:00,2025-08-20 01:37:00
102093,CUST102093,Rahul,Singh,Male,1975-03-26,rahul.singh102093@examplemail.com,9175101675,8656155726,Premium,Individual,2025-03-26,Silver,5000,Telugu,WhatsApp,"492, Park Lane",Phase 2,Pune,Maharashtra,411014,India,Y,Pending,217988.94,N,2025-03-26 17:01:00,2025-08-23 18:07:00
102094,CUST102094,Ishita,Kulkarni,Female,1990-07-24,ishita.kulkarni102094@examplemail.com,9473917270,8931176785,Premium,Individual,2024-08-24,Silver,4686,Hindi,Email,"143, MG Road",Near Metro Station,Pune,Maharashtra,411014,India,Y,Verified,144838.58,N,2024-08-24 12:17:00,2025-12-29 18:29:00
102095,CUST102095,Krishna,Chowdary,Male,1971-07-05,krishna.chowdary102095@examplemail.com,9513558363,8980185946,Premium,Individual,2024-06-06,Silver,15721,Kannada,WhatsApp,"103, Station Road",Opp. City Mall,Mumbai,Maharashtra,400076,India,Y,Not Required,88384.48,Y,2024-06-06 20:03:00,2024-11-12 20:36:00
102096,CUST102096,Aditya,Das,Male,1988-06-04,aditya.das102096@examplemail.com,9790156466,8858122386,Corporate,Individual,2025-08-16,Bronze,15004,English,Phone,"34, Park Lane",Phase 2,Pune,Maharashtra,411014,India,Y,Verified,720790.72,Y,2025-08-16 09:06:00,2026-02-28 12:36:00
102097,CUST102097,Charan,Reddy,Male,1987-02-18,charan.reddy102097@examplemail.com,9340360687,8614178101,Senior Citizen,Individual,2026-07-28,Silver,5298,Kannada,Email,"547, Lake View Road",Beside Community Park,Chennai,Tamil Nadu,600042,India,N,Not Required,12180.79,N,2026-07-28 14:55:00,2026-07-29 20:41:00
102098,CUST102098,Pooja,Nair,Female,1960-08-28,pooja.nair102098@examplemail.com,9866252516,8241958020,Retail,Individual,2025-08-08,Bronze,7900,English,WhatsApp,"27, Central Colony",Near Metro Station,Visakhapatnam,Andhra Pradesh,530017,India,Y,Verified,34978.99,Y,2025-08-08 08:20:00,2026-05-29 13:41:00
102099,CUST102099,Ananya,Shetty,Female,2003-11-07,ananya.shetty102099@examplemail.com,9818133354,8198471103,Corporate,Individual,2025-07-10,Gold,6840,Tamil,Phone,"653, Park Lane",Opp. City Mall,Warangal,Telangana,506002,India,Y,Verified,871962.70,Y,2025-07-10 17:48:00,2026-04-03 20:43:00
102100,CUST102100,Kavya,Patel,Female,1985-11-04,kavya.patel102100@examplemail.com,9884186758,8944824133,Retail,Individual,2026-01-27,Platinum,20669,Telugu,Phone,"127, Temple Street",,Delhi,Delhi,110017,India,Y,Verified,29272.44,N,2026-01-27 08:35:00,2026-08-03 11:55:00
102101,CUST102101,Sai,Kulkarni,Male,2003-08-18,sai.kulkarni102101@examplemail.com,9516822845,8716964381,Student,Individual,2024-06-29,Bronze,23987,Hindi,Phone,"935, Station Road",Phase 2,Bengaluru,Karnataka,560037,India,Y,Verified,8416.06,Y,2024-06-29 12:16:00,2026-09-03 18:07:00
102102,CUST102102,Rahul,Naidu,Male,1976-11-07,rahul.naidu102102@examplemail.com,9192828908,8183507862,Corporate,Individual,2025-02-13,Bronze,13283,Tamil,Email,"635, Park Lane",Phase 2,Warangal,Telangana,506002,India,Y,Verified,324033.38,N,2025-02-13 13:18:00,2025-08-09 22:55:00
102103,CUST102103,Nandini,Singh,Female,2001-04-25,nandini.singh102103@examplemail.com,9282849449,8303045460,Senior Citizen,Business,2024-06-12,Bronze,5666,English,Email,"798, MG Road",Phase 2,Visakhapatnam,Andhra Pradesh,530017,India,Y,Verified,27069.93,Y,2024-06-12 12:02:00,2025-12-02 20:46:00
102104,CUST102104,Lakshmi,Das,Female,2003-01-23,lakshmi.das102104@examplemail.com,9912679519,8522837131,Corporate,Individual,2026-06-27,Silver,19696,Tamil,Email,"562, Lake View Road",Phase 2,Chennai,Tamil Nadu,600042,India,Y,Pending,988157.03,Y,2026-06-27 09:46:00,2026-07-22 19:48:00
102105,CUST102105,Rahul,Singh,Male,2002-09-21,rahul.singh102105@examplemail.com,9905323058,8583923932,Student,Individual,2024-08-29,Gold,24222,Tamil,SMS,"353, Market Road",Phase 2,Hyderabad,Telangana,500081,India,Y,Not Required,19039.25,N,2024-08-29 12:05:00,2025-04-21 15:09:00
102106,CUST102106,Aishwarya,Kumar,Female,1992-01-19,aishwarya.kumar102106@examplemail.com,9940439595,8173483955,Retail,Individual,2024-12-30,Bronze,6406,Hindi,Phone,"54, Tech Park Avenue",,Vijayawada,Andhra Pradesh,520010,India,Y,Verified,42758.37,N,2024-12-30 18:11:00,2025-02-19 18:16:00
102107,CUST102107,Nandini,Nair,Female,1976-03-27,nandini.nair102107@examplemail.com,9796143424,8808310493,Senior Citizen,Individual,2025-06-15,Bronze,13919,Kannada,Email,"421, Market Road",Phase 2,Delhi,Delhi,110017,India,Y,Verified,13389.49,N,2025-06-15 20:24:00,2026-07-29 00:46:00
102108,CUST102108,Nandini,Iyer,Female,1972-07-06,nandini.iyer102108@examplemail.com,9845395546,8863318668,Student,Individual,2024-11-21,Silver,14772,Tamil,Phone,"56, Temple Street",Beside Community Park,Visakhapatnam,Andhra Pradesh,530017,India,Y,Verified,17705.51,N,2024-11-21 15:30:00,2025-03-23 18:35:00
102109,CUST102109,Harini,Yadav,Female,2001-02-11,harini.yadav102109@examplemail.com,9300109287,8902821606,Retail,Individual,2026-07-31,Gold,18968,Telugu,Email,"265, Temple Street",Near Metro Station,Warangal,Telangana,506002,India,Y,Verified,40691.38,N,2026-07-31 16:04:00,2026-08-05 17:54:00
102110,CUST102110,Vaishnavi,Das,Female,1977-05-07,vaishnavi.das102110@examplemail.com,9222697808,8355344735,Student,Individual,2026-06-05,Gold,21732,Kannada,Phone,"488, Green Hills",,Visakhapatnam,Andhra Pradesh,530017,India,Y,Verified,9064.16,Y,2026-06-05 20:17:00,2026-09-10 01:20:00
102111,CUST102111,Nikhil,Chowdary,Male,2005-11-06,nikhil.chowdary102111@examplemail.com,9619785990,8666372469,Premium,Individual,2025-10-22,Gold,20346,Hindi,WhatsApp,"256, Temple Street",,Vijayawada,Andhra Pradesh,520010,India,Y,Verified,179581.06,Y,2025-10-22 12:22:00,2026-08-28 15:07:00
102112,CUST102112,Rohan,Singh,Male,1997-06-24,rohan.singh102112@examplemail.com,9226129079,8581494598,Retail,Individual,2026-01-08,Gold,9663,English,Email,"973, MG Road",,Hyderabad,Telangana,500081,India,Y,Verified,38278.89,N,2026-01-08 16:00:00,2026-07-22 01:29:00
102113,CUST102113,Sai,Mishra,Male,1996-02-04,sai.mishra102113@examplemail.com,9505060922,8453506218,Student,Individual,2025-06-04,Bronze,16473,Telugu,WhatsApp,"887, Tech Park Avenue",Phase 2,Visakhapatnam,Andhra Pradesh,530017,India,Y,Verified,12851.86,Y,2025-06-04 16:49:00,2026-01-30 01:27:00
102114,CUST102114,Rahul,Shetty,Male,1975-05-25,rahul.shetty102114@examplemail.com,9813943341,8404766286,Retail,Individual,2026-01-09,Silver,17480,Kannada,Phone,"978, Temple Street",Near Metro Station,Delhi,Delhi,110017,India,Y,Pending,10238.45,N,2026-01-09 18:24:00,2026-08-19 20:16:00
102115,CUST102115,Ishita,Naidu,Female,1959-04-13,ishita.naidu102115@examplemail.com,9509250885,8356904584,Senior Citizen,Individual,2024-09-29,Silver,975,Tamil,Email,"945, Central Colony",Near Metro Station,Pune,Maharashtra,411014,India,N,Verified,52237.06,Y,2024-09-29 14:12:00,2026-08-24 16:02:00
102116,CUST102116,Sai,Kulkarni,Male,1986-07-21,sai.kulkarni102116@examplemail.com,9666250846,8285807955,Premium,Individual,2026-04-15,Gold,22180,Tamil,SMS,"56, Park Lane",Phase 2,Vijayawada,Andhra Pradesh,520010,India,Y,Verified,218880.10,N,2026-04-15 16:02:00,2026-06-22 18:59:00
102117,CUST102117,Vijay,Das,Male,1972-09-03,vijay.das102117@examplemail.com,9330086147,8357685122,Student,Individual,2025-10-24,Platinum,9060,English,SMS,"839, Market Road",Near Metro Station,Visakhapatnam,Andhra Pradesh,530017,India,Y,Verified,14223.01,Y,2025-10-24 17:22:00,2025-11-21 18:31:00
102118,CUST102118,Meghana,Patel,Female,1956-05-12,meghana.patel102118@examplemail.com,9278945200,8777183765,Student,Individual,2026-03-21,Bronze,5885,Kannada,Phone,"815, Green Hills",Beside Community Park,Secunderabad,Telangana,500003,India,Y,Verified,17769.93,Y,2026-03-21 18:34:00,2026-08-22 05:18:00
102119,CUST102119,Vaishnavi,Menon,Female,1994-02-08,vaishnavi.menon102119@examplemail.com,9769168299,8337999610,Corporate,Individual,2024-08-29,Silver,17522,Kannada,Email,"148, MG Road",,Delhi,Delhi,110017,India,Y,Verified,858258.26,Y,2024-08-29 09:05:00,2025-07-04 11:28:00
102120,CUST102120,Deepika,Menon,Female,1993-07-05,deepika.menon102120@examplemail.com,9158081010,8179013702,Corporate,Individual,2024-04-05,Gold,4686,Telugu,Phone,"379, Market Road",Beside Community Park,Mumbai,Maharashtra,400076,India,Y,Verified,949572.35,N,2024-04-05 11:29:00,2025-09-12 12:53:00
102121,CUST102121,Krishna,Chowdary,Male,1972-08-02,krishna.chowdary102121@examplemail.com,9343716514,8207092050,Retail,Individual,2026-07-12,Bronze,6839,Tamil,Email,"775, MG Road",Phase 2,Mumbai,Maharashtra,400076,India,Y,Verified,20466.18,Y,2026-07-12 09:56:00,2026-07-30 16:57:00
102122,CUST102122,Pooja,Nair,Female,1965-01-03,pooja.nair102122@examplemail.com,9527332622,8350295973,Retail,Individual,2025-02-23,Bronze,23252,Kannada,Phone,"258, Green Hills",Opp. City Mall,Hyderabad,Telangana,500081,India,Y,Verified,25162.78,N,2025-02-23 17:54:00,2025-08-01 18:55:00
102123,CUST102123,Vishal,Yadav,Male,1982-04-26,vishal.yadav102123@examplemail.com,9348474497,8369869416,Senior Citizen,Individual,2024-04-03,Gold,11770,Tamil,SMS,"518, Temple Street",Near Metro Station,Secunderabad,Telangana,500003,India,Y,Verified,15064.16,N,2024-04-03 10:06:00,2025-01-13 13:34:00
102124,CUST102124,Neha,Goud,Female,1970-05-05,neha.goud102124@examplemail.com,9923180251,8345045181,Premium,Individual,2026-01-02,Bronze,3822,English,WhatsApp,"854, Central Colony",Phase 2,Visakhapatnam,Andhra Pradesh,530017,India,Y,Verified,238910.05,N,2026-01-02 14:56:00,2026-09-08 22:16:00
102125,CUST102125,Aishwarya,Naidu,Female,2003-01-26,aishwarya.naidu102125@examplemail.com,9390474426,8785112279,Senior Citizen,Individual,2025-01-23,Silver,14849,Tamil,SMS,"58, Central Colony",Near Metro Station,Chennai,Tamil Nadu,600042,India,Y,Verified,41250.89,Y,2025-01-23 17:17:00,2025-07-01 22:14:00
102126,CUST102126,Sneha,Kulkarni,Female,1965-03-27,sneha.kulkarni102126@examplemail.com,9789745280,8228783066,Student,Individual,2025-05-27,Gold,16303,Tamil,Phone,"328, Temple Street",,Hyderabad,Telangana,500081,India,Y,Verified,15348.20,Y,2025-05-27 20:38:00,2026-07-07 02:02:00
102127,CUST102127,Sahithi,Gupta,Female,1984-05-06,sahithi.gupta102127@examplemail.com,9573808081,8909903912,Retail,Individual,2024-03-12,Silver,14166,Telugu,Email,"442, Central Colony",,Chennai,Tamil Nadu,600042,India,Y,Verified,33567.28,Y,2024-03-12 19:38:00,2025-01-20 23:36:00
102128,CUST102128,Sneha,Kulkarni,Female,1994-06-10,sneha.kulkarni102128@examplemail.com,9241715459,8729762659,Corporate,Individual,2026-06-06,Silver,5273,Hindi,WhatsApp,"276, Central Colony",Phase 2,Hyderabad,Telangana,500081,India,Y,Pending,265899.14,Y,2026-06-06 10:17:00,2026-06-20 11:45:00
102129,CUST102129,Kavya,Iyer,Female,2003-09-24,kavya.iyer102129@examplemail.com,9521088232,8648308932,Senior Citizen,Individual,2025-08-22,Bronze,24139,Kannada,WhatsApp,"646, Lake View Road",,Hyderabad,Telangana,500081,India,Y,Verified,48388.26,N,2025-08-22 13:15:00,2026-04-12 22:41:00
102130,CUST102130,Vijay,Patel,Male,1983-12-12,vijay.patel102130@examplemail.com,9567747468,8796283546,Senior Citizen,Individual,2024-10-23,Gold,15666,Tamil,WhatsApp,"198, Station Road",Beside Community Park,Delhi,Delhi,110017,India,Y,Verified,24509.36,N,2024-10-23 20:29:00,2026-05-21 04:52:00
102131,CUST102131,Sai,Naidu,Male,1971-06-05,sai.naidu102131@examplemail.com,9477011387,8291483164,Corporate,Individual,2026-07-27,Gold,8546,English,SMS,"675, River View",Phase 2,Pune,Maharashtra,411014,India,Y,Pending,638745.77,N,2026-07-27 12:33:00,2026-07-28 17:26:00
102132,CUST102132,Priya,Kulkarni,Female,2005-08-18,priya.kulkarni102132@examplemail.com,9757369081,8965059660,Senior Citizen,Individual,2024-12-26,Bronze,12588,English,WhatsApp,"306, Market Road",,Chennai,Tamil Nadu,600042,India,Y,Verified,34023.54,N,2024-12-26 12:31:00,2025-07-26 20:14:00
102133,CUST102133,Varun,Chowdary,Male,1984-07-22,varun.chowdary102133@examplemail.com,9957098781,8625720598,Retail,Individual,2025-01-31,Platinum,17059,Tamil,Phone,"478, Market Road",Beside Community Park,Mumbai,Maharashtra,400076,India,Y,Verified,63677.91,N,2025-01-31 10:44:00,2025-04-22 10:59:00
102134,CUST102134,Ananya,Naidu,Female,1978-04-05,ananya.naidu102134@examplemail.com,9317878951,8615049486,Student,Individual,2024-10-28,Platinum,20462,Tamil,WhatsApp,"65, Tech Park Avenue",Near Metro Station,Vijayawada,Andhra Pradesh,520010,India,Y,Verified,18940.01,N,2024-10-28 13:43:00,2026-04-25 18:01:00
102135,CUST102135,Manish,Nair,Male,2000-06-23,manish.nair102135@examplemail.com,9424559205,8592724350,Student,Individual,2025-07-09,Gold,13268,Kannada,Email,"558, Lake View Road",Phase 2,Secunderabad,Telangana,500003,India,Y,Verified,12772.82,N,2025-07-09 18:09:00,2026-02-26 21:07:00
102136,CUST102136,Pooja,Singh,Female,1959-10-12,pooja.singh102136@examplemail.com,9985678665,8318205411,Premium,Individual,2026-05-21,Silver,12300,Telugu,SMS,"707, MG Road",,Delhi,Delhi,110017,India,Y,Verified,96897.42,N,2026-05-21 13:07:00,2026-06-15 19:19:00
102137,CUST102137,Aditya,Nair,Male,1972-11-22,aditya.nair102137@examplemail.com,9444898427,8203635295,Senior Citizen,Individual,2026-02-22,Gold,8744,Hindi,WhatsApp,"481, MG Road",,Secunderabad,Telangana,500003,India,Y,Verified,46548.31,N,2026-02-22 13:40:00,2026-02-28 22:44:00
102138,CUST102138,Ananya,Chowdary,Female,1991-12-11,ananya.chowdary102138@examplemail.com,9637627335,8290429573,Retail,Individual,2024-07-25,Platinum,11704,Telugu,Phone,"61, Tech Park Avenue",Opp. City Mall,Hyderabad,Telangana,500081,India,Y,Not Required,52887.13,N,2024-07-25 15:30:00,2025-12-23 17:09:00
102139,CUST102139,Pooja,Das,Female,1967-03-20,pooja.das102139@examplemail.com,9305128534,8518534224,Premium,Individual,2026-03-16,Silver,18388,English,Phone,"974, Market Road",Near Metro Station,Secunderabad,Telangana,500003,India,Y,Verified,157831.27,Y,2026-03-16 15:09:00,2026-08-01 17:18:00
102140,CUST102140,Krishna,Joshi,Male,1977-07-27,krishna.joshi102140@examplemail.com,9276033167,8488891334,Retail,Individual,2024-03-12,Bronze,3783,Kannada,SMS,"520, Temple Street",Opp. City Mall,Delhi,Delhi,110017,India,Y,Verified,68869.90,N,2024-03-12 16:45:00,2025-10-24 03:11:00
102141,CUST102141,Kavya,Goud,Female,1972-06-05,kavya.goud102141@examplemail.com,9362437203,8582029993,Student,Individual,2024-08-28,Silver,6036,Tamil,SMS,"582, Central Colony",Phase 2,Mumbai,Maharashtra,400076,India,Y,Pending,18183.54,N,2024-08-28 20:30:00,2025-07-09 06:40:00
102142,CUST102142,Vishal,Patel,Male,2000-03-02,vishal.patel102142@examplemail.com,9907957286,8643911382,Senior Citizen,Individual,2025-05-07,Bronze,20330,English,WhatsApp,"550, Green Hills",,Mumbai,Maharashtra,400076,India,Y,Pending,22938.40,N,2025-05-07 11:29:00,2026-08-18 16:45:00
102143,CUST102143,Rohan,Iyer,Male,1973-01-15,rohan.iyer102143@examplemail.com,9593445126,8946598747,Corporate,Individual,2026-04-04,Silver,18587,Hindi,WhatsApp,"516, MG Road",Phase 2,Warangal,Telangana,506002,India,Y,Verified,215412.32,Y,2026-04-04 09:08:00,2026-05-25 10:57:00
102144,CUST102144,Rohan,Iyer,Male,1999-11-09,rohan.iyer102144@examplemail.com,9942743967,8287894570,Student,Individual,2024-10-13,Bronze,17738,Tamil,SMS,"200, Park Lane",Near Metro Station,Pune,Maharashtra,411014,India,Y,Verified,9461.07,Y,2024-10-13 11:52:00,2026-07-21 20:13:00
102145,CUST102145,Deepika,Patel,Female,1986-11-09,deepika.patel102145@examplemail.com,9217099226,8551668939,Senior Citizen,Individual,2026-07-23,Gold,898,English,Email,"29, Temple Street",Phase 2,Bengaluru,Karnataka,560037,India,Y,Verified,50381.93,N,2026-07-23 16:42:00,2026-07-27 18:55:00
102146,CUST102146,Vijay,Chowdary,Male,1982-12-23,vijay.chowdary102146@examplemail.com,9577657007,8650074623,Student,Individual,2026-07-08,Bronze,24896,English,Email,"769, Park Lane",Beside Community Park,Bengaluru,Karnataka,560037,India,Y,Rejected,16591.58,N,2026-07-08 17:29:00,2026-07-13 02:25:00
102147,CUST102147,Arjun,Shetty,Male,1983-02-11,arjun.shetty102147@examplemail.com,9443505586,8769872382,Corporate,Individual,2025-03-03,Bronze,18419,Telugu,Phone,"128, River View",Beside Community Park,Bengaluru,Karnataka,560037,India,Y,Verified,998352.81,N,2025-03-03 11:44:00,2025-03-29 20:12:00
102148,CUST102148,Charan,Goud,Male,1974-02-12,charan.goud102148@examplemail.com,9865108789,8729230967,Retail,Individual,2024-10-29,Silver,21604,Telugu,WhatsApp,"534, Tech Park Avenue",Near Metro Station,Delhi,Delhi,110017,India,Y,Pending,14339.54,Y,2024-10-29 19:29:00,2025-12-08 03:44:00
102149,CUST102149,Aishwarya,Kumar,Female,1978-01-10,aishwarya.kumar102149@examplemail.com,9442675543,8153940163,Student,Individual,2024-01-24,Gold,16089,Kannada,Email,"752, River View",Opp. City Mall,Visakhapatnam,Andhra Pradesh,530017,India,Y,Verified,15608.72,N,2024-01-24 16:16:00,2024-12-08 23:15:00
102150,CUST102150,Rohan,Menon,Male,1977-01-25,rohan.menon102150@examplemail.com,9792321278,8368660338,Retail,Individual,2025-03-09,Bronze,23456,Kannada,SMS,"510, Temple Street",Near Metro Station,Visakhapatnam,Andhra Pradesh,530017,India,Y,Verified,43394.24,Y,2025-03-09 12:15:00,2025-05-29 19:12:00
102151,CUST102151,Tarun,Reddy,Male,2002-01-23,tarun.reddy102151@examplemail.com,9835768551,8364629408,Corporate,Business,2025-10-06,Gold,22728,Hindi,WhatsApp,"840, Tech Park Avenue",Near Metro Station,Bengaluru,Karnataka,560037,India,Y,Verified,785179.08,N,2025-10-06 13:21:00,2026-01-11 17:45:00
102152,CUST102152,Sahithi,Das,Female,1956-10-28,sahithi.das102152@examplemail.com,9947619739,8597716876,Retail,Individual,2025-06-04,Bronze,4467,Telugu,SMS,"513, Temple Street",,Chennai,Tamil Nadu,600042,India,Y,Verified,39926.27,Y,2025-06-04 12:23:00,2026-06-24 14:04:00
102153,CUST102153,Nikhil,Das,Male,1988-03-25,nikhil.das102153@examplemail.com,9253479366,8356185386,Student,Individual,2026-01-15,Silver,5580,English,WhatsApp,"466, Temple Street",Opp. City Mall,Visakhapatnam,Andhra Pradesh,530017,India,Y,Verified,23267.35,N,2026-01-15 16:16:00,2026-02-09 00:00:00
102154,CUST102154,Vishal,Kumar,Male,2005-07-15,vishal.kumar102154@examplemail.com,9561729670,8990286019,Senior Citizen,Individual,2024-01-28,Gold,7805,Kannada,WhatsApp,"672, River View",Beside Community Park,Delhi,Delhi,110017,India,N,Verified,44324.16,N,2024-01-28 09:58:00,2024-03-14 18:38:00
102155,CUST102155,Meghana,Sharma,Female,2003-12-13,meghana.sharma102155@examplemail.com,9826550113,8533649426,Student,Individual,2024-11-23,Gold,24538,Hindi,WhatsApp,"233, Temple Street",Beside Community Park,Warangal,Telangana,506002,India,N,Pending,19074.26,Y,2024-11-23 17:52:00,2025-05-23 22:51:00
102156,CUST102156,Ananya,Chowdary,Female,1978-02-15,ananya.chowdary102156@examplemail.com,9397398591,8126005629,Premium,Individual,2024-02-23,Bronze,8994,English,Phone,"842, Temple Street",Phase 2,Bengaluru,Karnataka,560037,India,Y,Verified,116973.11,Y,2024-02-23 14:46:00,2025-03-20 19:44:00
102157,CUST102157,Harini,Goud,Female,1960-02-13,harini.goud102157@examplemail.com,9170725516,8327439408,Student,Individual,2025-01-28,Silver,17670,Tamil,WhatsApp,"95, River View",,Bengaluru,Karnataka,560037,India,Y,Pending,15801.71,N,2025-01-28 11:27:00,2026-05-25 14:15:00
102158,CUST102158,Swathi,Goud,Female,1994-11-11,swathi.goud102158@examplemail.com,9401452571,8128474922,Corporate,Individual,2025-09-11,Bronze,21982,English,Email,"809, Tech Park Avenue",Beside Community Park,Secunderabad,Telangana,500003,India,Y,Verified,551004.02,Y,2025-09-11 16:59:00,2026-07-19 19:48:00
102159,CUST102159,Harsha,Iyer,Male,1958-06-08,harsha.iyer102159@examplemail.com,9705071411,8509298166,Corporate,Individual,2025-07-08,Bronze,10876,English,Email,"31, Tech Park Avenue",Beside Community Park,Visakhapatnam,Andhra Pradesh,530017,India,Y,Verified,733467.16,Y,2025-07-08 16:18:00,2025-09-15 21:17:00
102160,CUST102160,Swathi,Singh,Female,1974-07-10,swathi.singh102160@examplemail.com,9712840926,8409071515,Senior Citizen,Individual,2024-01-11,Platinum,10883,Kannada,Email,"427, Tech Park Avenue",Beside Community Park,Hyderabad,Telangana,500081,India,Y,Verified,53936.69,N,2024-01-11 08:26:00,2024-03-28 15:30:00
102161,CUST102161,Aditya,Naidu,Male,1967-08-21,aditya.naidu102161@examplemail.com,9848140843,8834108010,Senior Citizen,Individual,2025-01-15,Platinum,22094,English,SMS,"901, Market Road",Near Metro Station,Chennai,Tamil Nadu,600042,India,N,Verified,32430.20,N,2025-01-15 16:07:00,2026-08-31 16:34:00
102162,CUST102162,Nikhil,Rao,Male,2002-05-20,nikhil.rao102162@examplemail.com,9962796548,8902726501,Senior Citizen,Individual,2026-05-24,Gold,24838,Tamil,Phone,"536, River View",Beside Community Park,Warangal,Telangana,506002,India,Y,Verified,55006.70,Y,2026-05-24 17:42:00,2026-06-04 19:27:00
102163,CUST102163,Vijay,Menon,Male,1959-01-25,vijay.menon102163@examplemail.com,9163194075,8217523184,Retail,Individual,2025-01-21,Bronze,24670,Kannada,SMS,"839, Market Road",Beside Community Park,Mumbai,Maharashtra,400076,India,Y,Verified,71540.74,N,2025-01-21 09:46:00,2025-12-05 20:44:00
102164,CUST102164,Charan,Patel,Male,1970-08-24,charan.patel102164@examplemail.com,9736739268,8649637868,Premium,Individual,2024-05-02,Bronze,18493,Tamil,WhatsApp,"372, Lake View Road",Near Metro Station,Secunderabad,Telangana,500003,India,Y,Verified,224576.68,Y,2024-05-02 18:12:00,2024-11-09 21:40:00
102165,CUST102165,Arjun,Singh,Male,1983-09-06,arjun.singh102165@examplemail.com,9338789417,8369903822,Student,Individual,2026-01-27,Bronze,23015,Telugu,SMS,"545, MG Road",,Mumbai,Maharashtra,400076,India,Y,Verified,8294.20,Y,2026-01-27 16:01:00,2026-02-18 21:52:00
102166,CUST102166,Karthik,Rao,Male,1997-11-13,karthik.rao102166@examplemail.com,9920328208,8259150890,Senior Citizen,Individual,2025-05-26,Gold,6442,Kannada,SMS,"505, Tech Park Avenue",Opp. City Mall,Delhi,Delhi,110017,India,Y,Pending,46297.61,Y,2025-05-26 13:57:00,2025-08-15 21:05:00
102167,CUST102167,Sneha,Menon,Female,1973-11-06,sneha.menon102167@examplemail.com,9649406642,8188663563,Premium,Individual,2024-03-24,Bronze,3176,Telugu,Phone,"646, River View",Beside Community Park,Bengaluru,Karnataka,560037,India,Y,Verified,85182.93,Y,2024-03-24 08:57:00,2024-06-04 18:29:00
102168,CUST102168,Vijay,Yadav,Male,1977-12-14,vijay.yadav102168@examplemail.com,9409435051,8163825621,Student,Individual,2025-05-25,Gold,16980,Tamil,Phone,"754, River View",Phase 2,Pune,Maharashtra,411014,India,Y,Verified,15440.83,N,2025-05-25 12:09:00,2026-02-23 20:52:00
102169,CUST102169,Varun,Naidu,Male,1971-01-17,varun.naidu102169@examplemail.com,9648307180,8671036328,Corporate,Individual,2024-09-12,Bronze,19746,Telugu,Phone,"960, Central Colony",,Chennai,Tamil Nadu,600042,India,Y,Verified,370420.30,N,2024-09-12 08:58:00,2024-11-16 18:30:00
102170,CUST102170,Harsha,Das,Male,1958-12-08,harsha.das102170@examplemail.com,9585238373,8875727121,Corporate,Individual,2025-11-03,Gold,21292,Kannada,SMS,"361, MG Road",Phase 2,Chennai,Tamil Nadu,600042,India,Y,Verified,262663.21,N,2025-11-03 13:55:00,2026-05-30 18:38:00
102171,CUST102171,Lakshmi,Kulkarni,Female,1966-11-27,lakshmi.kulkarni102171@examplemail.com,9941686429,8973432383,Premium,Individual,2025-06-16,Silver,18701,Telugu,Email,"713, Central Colony",Opp. City Mall,Chennai,Tamil Nadu,600042,India,Y,Verified,166627.35,Y,2025-06-16 10:16:00,2025-12-10 17:19:00
102172,CUST102172,Kavya,Verma,Female,1974-06-15,kavya.verma102172@examplemail.com,9887148031,8322066575,Premium,Individual,2024-02-08,Bronze,672,Hindi,Phone,"433, River View",Beside Community Park,Pune,Maharashtra,411014,India,Y,Verified,255122.72,Y,2024-02-08 13:22:00,2024-02-17 19:15:00
102173,CUST102173,Vaishnavi,Naidu,Female,1965-01-14,vaishnavi.naidu102173@examplemail.com,9375647525,8584761946,Student,Individual,2024-07-04,Platinum,19388,Telugu,Email,"713, Green Hills",Phase 2,Chennai,Tamil Nadu,600042,India,Y,Verified,16485.03,N,2024-07-04 09:44:00,2025-09-12 18:59:00
102174,CUST102174,Pooja,Sharma,Female,1970-01-25,pooja.sharma102174@examplemail.com,9441854276,8366218706,Senior Citizen,Individual,2025-06-11,Silver,20839,Kannada,Email,"766, Market Road",Beside Community Park,Bengaluru,Karnataka,560037,India,Y,Verified,15487.55,N,2025-06-11 09:54:00,2026-04-23 12:42:00
102175,CUST102175,Karthik,Sharma,Male,1976-03-24,karthik.sharma102175@examplemail.com,9655090784,8725745481,Retail,Individual,2026-05-02,Bronze,9863,Telugu,SMS,"181, River View",,Bengaluru,Karnataka,560037,India,Y,Verified,21027.39,N,2026-05-02 13:18:00,2026-08-28 18:22:00
102176,CUST102176,Rahul,Naidu,Male,1999-06-28,rahul.naidu102176@examplemail.com,9779424876,8450343880,Student,Individual,2024-07-24,Silver,1482,Telugu,SMS,"84, MG Road",Beside Community Park,Delhi,Delhi,110017,India,Y,Verified,12207.13,Y,2024-07-24 14:31:00,2025-12-25 16:49:00
102177,CUST102177,Kavya,Mishra,Female,1965-06-08,kavya.mishra102177@examplemail.com,9535861423,8654436903,Senior Citizen,Individual,2024-09-12,Bronze,18613,Hindi,Phone,"187, Temple Street",,Mumbai,Maharashtra,400076,India,Y,Verified,30528.10,N,2024-09-12 13:11:00,2025-03-14 18:12:00
102178,CUST102178,Pranav,Menon,Male,1991-07-05,pranav.menon102178@examplemail.com,9567100859,8396781766,Corporate,Individual,2025-02-08,Gold,8106,Kannada,SMS,"201, Park Lane",Beside Community Park,Visakhapatnam,Andhra Pradesh,530017,India,Y,Verified,206041.62,N,2025-02-08 17:31:00,2025-04-12 17:47:00
102179,CUST102179,Aditya,Naidu,Male,1978-02-04,aditya.naidu102179@examplemail.com,9432945088,8184335014,Student,Individual,2026-01-20,Bronze,21927,Kannada,SMS,"139, Temple Street",Phase 2,Pune,Maharashtra,411014,India,Y,Verified,24844.91,N,2026-01-20 13:36:00,2026-09-08 15:53:00
102180,CUST102180,Divya,Iyer,Female,1987-04-05,divya.iyer102180@examplemail.com,9631039344,8195531268,Student,Individual,2026-05-15,Silver,16773,Tamil,Phone,"300, Tech Park Avenue",,Pune,Maharashtra,411014,India,Y,Verified,19726.65,Y,2026-05-15 16:54:00,2026-07-06 03:47:00
102181,CUST102181,Aishwarya,Naidu,Female,1988-05-24,aishwarya.naidu102181@examplemail.com,9122812030,8734371360,Corporate,Business,2024-05-31,Gold,9197,Hindi,Phone,"801, Market Road",Near Metro Station,Secunderabad,Telangana,500003,India,Y,Verified,733997.57,Y,2024-05-31 09:04:00,2026-04-16 16:53:00
102182,CUST102182,Kavya,Singh,Female,1995-03-18,kavya.singh102182@examplemail.com,9697505759,8493563141,Senior Citizen,Individual,2025-11-28,Platinum,5354,English,Phone,"74, Temple Street",Opp. City Mall,Chennai,Tamil Nadu,600042,India,Y,Verified,59121.25,Y,2025-11-28 11:18:00,2025-11-30 20:22:00
102183,CUST102183,Varun,Rao,Male,1981-07-18,varun.rao102183@examplemail.com,9179631248,8326025716,Premium,Individual,2026-01-12,Bronze,10177,English,Phone,"98, Park Lane",Beside Community Park,Warangal,Telangana,506002,India,Y,Verified,106285.62,Y,2026-01-12 15:04:00,2026-07-20 22:02:00
102184,CUST102184,Ishita,Goud,Female,1988-02-21,ishita.goud102184@examplemail.com,9252924173,8160156356,Student,Business,2025-01-15,Gold,1735,Tamil,SMS,"556, Park Lane",,Vijayawada,Andhra Pradesh,520010,India,Y,Verified,23918.01,N,2025-01-15 20:40:00,2025-12-16 03:22:00
102185,CUST102185,Tarun,Verma,Male,1964-12-03,tarun.verma102185@examplemail.com,9128809046,8992340846,Corporate,Individual,2026-01-10,Gold,16869,Kannada,Email,"9, Station Road",Phase 2,Warangal,Telangana,506002,India,Y,Verified,286295.08,Y,2026-01-10 15:40:00,2026-08-24 01:01:00
102186,CUST102186,Manish,Singh,Male,1958-07-19,manish.singh102186@examplemail.com,9962656871,8778265349,Student,Individual,2025-11-12,Silver,8059,Hindi,SMS,"122, Station Road",Beside Community Park,Delhi,Delhi,110017,India,Y,Not Required,10312.27,N,2025-11-12 16:20:00,2026-08-31 21:33:00
102187,CUST102187,Aarav,Singh,Male,1958-11-22,aarav.singh102187@examplemail.com,9869994456,8509777985,Corporate,Business,2026-05-08,Platinum,6007,Telugu,SMS,"213, Temple Street",Opp. City Mall,Secunderabad,Telangana,500003,India,Y,Verified,739321.23,Y,2026-05-08 14:58:00,2026-07-29 17:41:00
102188,CUST102188,Vishal,Menon,Male,1973-10-26,vishal.menon102188@examplemail.com,9674517920,8160122871,Senior Citizen,Individual,2024-12-16,Platinum,21936,Kannada,WhatsApp,"643, Tech Park Avenue",,Mumbai,Maharashtra,400076,India,Y,Not Required,11075.07,N,2024-12-16 11:19:00,2026-09-07 13:32:00
102189,CUST102189,Karthik,Patel,Male,1968-05-21,karthik.patel102189@examplemail.com,9670991041,8614291995,Corporate,Individual,2026-06-02,Gold,14166,Tamil,Email,"361, Station Road",Opp. City Mall,Pune,Maharashtra,411014,India,Y,Rejected,707109.59,N,2026-06-02 10:08:00,2026-08-30 13:15:00
102190,CUST102190,Bhavya,Naidu,Female,2003-11-27,bhavya.naidu102190@examplemail.com,9272827564,8762095444,Premium,Individual,2024-10-03,Platinum,3215,Tamil,WhatsApp,"97, Lake View Road",Opp. City Mall,Delhi,Delhi,110017,India,Y,Verified,190942.28,N,2024-10-03 10:54:00,2025-01-19 14:53:00
102191,CUST102191,Ananya,Menon,Female,2005-09-24,ananya.menon102191@examplemail.com,9715354293,8753480382,Retail,Individual,2024-01-08,Gold,14578,Hindi,WhatsApp,"547, Green Hills",Near Metro Station,Visakhapatnam,Andhra Pradesh,530017,India,Y,Verified,42775.05,Y,2024-01-08 08:07:00,2025-03-19 18:38:00
102192,CUST102192,Rahul,Rao,Male,1957-01-27,rahul.rao102192@examplemail.com,9277242656,8208487193,Retail,Individual,2025-12-29,Bronze,15137,Tamil,WhatsApp,"610, Green Hills",Near Metro Station,Chennai,Tamil Nadu,600042,India,Y,Verified,43289.39,Y,2025-12-29 10:58:00,2026-04-14 14:43:00
102193,CUST102193,Kavya,Patel,Female,1970-08-19,kavya.patel102193@examplemail.com,9333309215,8570251089,Corporate,Individual,2024-11-13,Silver,22705,English,Phone,"460, MG Road",Near Metro Station,Mumbai,Maharashtra,400076,India,Y,Not Required,883673.20,Y,2024-11-13 08:04:00,2025-09-10 12:09:00
102194,CUST102194,Deepika,Iyer,Female,2000-01-19,deepika.iyer102194@examplemail.com,9599475517,8166728174,Student,Business,2024-07-30,Bronze,12626,Hindi,WhatsApp,"635, Green Hills",Opp. City Mall,Mumbai,Maharashtra,400076,India,Y,Verified,21786.01,N,2024-07-30 17:51:00,2025-08-30 23:41:00
102195,CUST102195,Krishna,Rao,Male,1960-09-02,krishna.rao102195@examplemail.com,9164657036,8167072192,Corporate,Individual,2026-01-03,Silver,7678,English,Phone,"716, MG Road",Phase 2,Delhi,Delhi,110017,India,Y,Verified,975982.59,N,2026-01-03 14:10:00,2026-05-11 19:30:00
102196,CUST102196,Krishna,Rao,Male,1962-05-14,krishna.rao102196@examplemail.com,9573595101,8339708353,Student,Business,2024-05-30,Bronze,11425,Tamil,Email,"858, Tech Park Avenue",Beside Community Park,Pune,Maharashtra,411014,India,Y,Verified,23881.38,Y,2024-05-30 19:34:00,2024-09-17 03:59:00
102197,CUST102197,Sneha,Chowdary,Female,1983-12-07,sneha.chowdary102197@examplemail.com,9561213066,8632819834,Senior Citizen,Individual,2024-10-09,Bronze,8450,Hindi,Phone,"305, Lake View Road",Beside Community Park,Visakhapatnam,Andhra Pradesh,530017,India,Y,Rejected,40445.46,N,2024-10-09 18:38:00,2025-10-26 20:03:00
102198,CUST102198,Swathi,Verma,Female,1965-01-18,swathi.verma102198@examplemail.com,9384780443,8920049788,Corporate,Individual,2026-07-31,Bronze,12005,Hindi,WhatsApp,"215, Central Colony",Phase 2,Chennai,Tamil Nadu,600042,India,Y,Verified,969731.83,Y,2026-07-31 17:08:00,2026-08-12 01:28:00
102199,CUST102199,Aarav,Verma,Male,1976-05-03,aarav.verma102199@examplemail.com,9867570949,8300101914,Senior Citizen,Individual,2026-07-29,Silver,17285,Hindi,Email,"581, Lake View Road",Beside Community Park,Delhi,Delhi,110017,India,Y,Verified,51709.68,Y,2026-07-29 20:30:00,2026-09-10 00:23:00
102200,CUST102200,Sai,Kulkarni,Male,1990-07-10,sai.kulkarni102200@examplemail.com,9272409016,8648269946,Premium,Individual,2024-12-13,Silver,1813,Hindi,Email,"803, Lake View Road",Near Metro Station,Secunderabad,Telangana,500003,India,Y,Verified,294278.14,N,2024-12-13 15:20:00,2025-12-27 21:52:00
102201,CUST102201,Aishwarya,Mishra,Female,1974-12-22,aishwarya.mishra102201@examplemail.com,9861288905,8814235012,Senior Citizen,Business,2026-05-26,Silver,797,Kannada,SMS,"126, Central Colony",Near Metro Station,Warangal,Telangana,506002,India,Y,Verified,10375.57,N,2026-05-26 18:34:00,2026-08-19 02:35:00
102202,CUST102202,Pranav,Mishra,Male,2001-03-27,pranav.mishra102202@examplemail.com,9711761961,8348487459,Senior Citizen,Individual,2025-06-29,Bronze,23281,Hindi,Email,"286, Temple Street",Opp. City Mall,Mumbai,Maharashtra,400076,India,Y,Verified,37921.94,Y,2025-06-29 14:35:00,2025-12-30 00:52:00
102203,CUST102203,Tarun,Menon,Male,1959-05-12,tarun.menon102203@examplemail.com,9435000195,8743609566,Student,Individual,2025-08-25,Silver,9913,Kannada,WhatsApp,"771, River View",Opp. City Mall,Bengaluru,Karnataka,560037,India,Y,Verified,15699.21,Y,2025-08-25 12:14:00,2026-09-01 22:32:00
102204,CUST102204,Nandini,Rao,Female,1989-01-05,nandini.rao102204@examplemail.com,9460792654,8577375598,Senior Citizen,Individual,2025-11-10,Silver,12660,English,WhatsApp,"196, River View",Beside Community Park,Hyderabad,Telangana,500081,India,Y,Verified,12211.46,N,2025-11-10 10:49:00,2026-01-25 11:30:00
102205,CUST102205,Meghana,Nair,Female,1985-09-21,meghana.nair102205@examplemail.com,9998112871,8145591381,Corporate,Individual,2024-03-09,Platinum,24559,Kannada,Email,"152, Central Colony",,Visakhapatnam,Andhra Pradesh,530017,India,Y,Verified,889477.45,N,2024-03-09 09:01:00,2024-12-30 14:16:00
102206,CUST102206,Neha,Mishra,Female,2001-03-09,neha.mishra102206@examplemail.com,9640029766,8172021593,Senior Citizen,Individual,2025-08-06,Platinum,2023,English,Email,"91, River View",Phase 2,Delhi,Delhi,110017,India,Y,Verified,22368.06,Y,2025-08-06 15:26:00,2026-04-02 16:55:00
102207,CUST102207,Nikhil,Shetty,Male,1960-11-04,nikhil.shetty102207@examplemail.com,9401020752,8477688989,Student,Individual,2025-10-14,Gold,557,Telugu,Phone,"682, River View",Opp. City Mall,Warangal,Telangana,506002,India,Y,Pending,5902.31,N,2025-10-14 19:24:00,2026-03-03 23:21:00
102208,CUST102208,Divya,Mishra,Female,1975-07-24,divya.mishra102208@examplemail.com,9519746062,8773540004,Senior Citizen,Individual,2024-06-17,Silver,906,Kannada,Email,"639, Lake View Road",,Secunderabad,Telangana,500003,India,Y,Verified,59286.56,N,2024-06-17 13:04:00,2026-07-29 13:29:00
102209,CUST102209,Sai,Mishra,Male,1973-03-08,sai.mishra102209@examplemail.com,9670862173,8306686437,Senior Citizen,Individual,2025-11-19,Bronze,14245,English,SMS,"613, Park Lane",Phase 2,Secunderabad,Telangana,500003,India,Y,Verified,41969.87,Y,2025-11-19 09:30:00,2026-02-20 11:33:00
102210,CUST102210,Sneha,Reddy,Female,1964-11-27,sneha.reddy102210@examplemail.com,9563759568,8913198908,Senior Citizen,Individual,2025-03-06,Bronze,3591,Hindi,WhatsApp,"290, Central Colony",Near Metro Station,Pune,Maharashtra,411014,India,Y,Verified,15701.16,Y,2025-03-06 19:13:00,2026-02-28 21:41:00
102211,CUST102211,Lakshmi,Reddy,Female,1965-06-11,lakshmi.reddy102211@examplemail.com,9746883002,8324047975,Corporate,Individual,2025-10-15,Gold,14324,Kannada,Email,"645, Temple Street",Near Metro Station,Bengaluru,Karnataka,560037,India,Y,Verified,424663.28,Y,2025-10-15 15:52:00,2025-10-30 22:56:00
102212,CUST102212,Aditya,Verma,Male,1959-04-13,aditya.verma102212@examplemail.com,9433113086,8764779816,Retail,Individual,2024-11-27,Platinum,24198,Hindi,Phone,"405, Market Road",,Bengaluru,Karnataka,560037,India,Y,Pending,21977.16,N,2024-11-27 11:55:00,2025-08-31 18:04:00
102213,CUST102213,Harsha,Kulkarni,Male,1979-03-06,harsha.kulkarni102213@examplemail.com,9175166564,8665939343,Student,Individual,2026-05-12,Silver,10717,Kannada,Phone,"499, Green Hills",Near Metro Station,Vijayawada,Andhra Pradesh,520010,India,N,Verified,12474.25,N,2026-05-12 16:40:00,2026-07-28 03:21:00
102214,CUST102214,Vaishnavi,Verma,Female,1982-01-03,vaishnavi.verma102214@examplemail.com,9525174362,8749154407,Senior Citizen,Individual,2025-03-06,Bronze,16867,Hindi,Email,"788, Lake View Road",Phase 2,Warangal,Telangana,506002,India,Y,Verified,50670.48,Y,2025-03-06 16:11:00,2025-07-09 02:37:00
102215,CUST102215,Krishna,Menon,Male,1965-11-27,krishna.menon102215@examplemail.com,9598109905,8601292837,Retail,Individual,2024-12-17,Gold,18444,Telugu,Email,"620, MG Road",Phase 2,Hyderabad,Telangana,500081,India,Y,Verified,62643.06,N,2024-12-17 20:09:00,2026-07-20 02:52:00
102216,CUST102216,Charan,Verma,Male,1967-03-10,charan.verma102216@examplemail.com,9156824416,8263243704,Premium,Individual,2026-04-20,Silver,1146,English,Email,"40, MG Road",Opp. City Mall,Warangal,Telangana,506002,India,Y,Verified,277206.18,N,2026-04-20 11:43:00,2026-05-26 15:54:00
102217,CUST102217,Tarun,Kulkarni,Male,1963-08-18,tarun.kulkarni102217@examplemail.com,9857475366,8733572967,Senior Citizen,Individual,2024-09-23,Gold,22279,English,WhatsApp,"622, Temple Street",Near Metro Station,Visakhapatnam,Andhra Pradesh,530017,India,N,Verified,32963.52,N,2024-09-23 16:28:00,2026-06-11 00:23:00
102218,CUST102218,Vaishnavi,Nair,Female,1974-11-13,vaishnavi.nair102218@examplemail.com,9354843689,8157402431,Corporate,Individual,2024-06-21,Silver,21195,Tamil,SMS,"241, Tech Park Avenue",Opp. City Mall,Chennai,Tamil Nadu,600042,India,Y,Not Required,625520.87,N,2024-06-21 11:43:00,2026-08-13 18:56:00
102219,CUST102219,Rahul,Goud,Male,1963-07-07,rahul.goud102219@examplemail.com,9664313891,8979640279,Senior Citizen,Individual,2024-01-19,Silver,13434,Hindi,Email,"142, Park Lane",Near Metro Station,Warangal,Telangana,506002,India,Y,Rejected,41143.56,N,2024-01-19 18:25:00,2026-02-05 03:06:00
102220,CUST102220,Neha,Joshi,Female,1978-03-27,neha.joshi102220@examplemail.com,9639407724,8765668835,Retail,Business,2024-04-01,Gold,5886,Tamil,Phone,"895, Central Colony",Beside Community Park,Vijayawada,Andhra Pradesh,520010,India,Y,Verified,51952.64,Y,2024-04-01 13:20:00,2024-07-16 21:31:00
102221,CUST102221,Bhavya,Verma,Female,1996-03-02,bhavya.verma102221@examplemail.com,9924358027,8158683557,Student,Individual,2025-06-24,Silver,5855,Telugu,SMS,"306, River View",Beside Community Park,Delhi,Delhi,110017,India,Y,Verified,9952.77,Y,2025-06-24 19:10:00,2025-10-02 03:47:00
102222,CUST102222,Akash,Gupta,Male,1996-05-16,akash.gupta102222@examplemail.com,9768955942,8915424414,Premium,Individual,2024-03-06,Gold,14577,Tamil,Email,"659, Park Lane",Opp. City Mall,Mumbai,Maharashtra,400076,India,Y,Verified,291025.76,N,2024-03-06 08:20:00,2025-08-14 08:42:00
102223,CUST102223,Nandini,Das,Female,1963-10-10,nandini.das102223@examplemail.com,9578820956,8486256845,Premium,Individual,2024-02-07,Silver,4686,Tamil,WhatsApp,"720, Park Lane",Opp. City Mall,Hyderabad,Telangana,500081,India,Y,Verified,179455.35,Y,2024-02-07 20:50:00,2026-05-26 02:10:00
102224,CUST102224,Neha,Joshi,Female,1974-02-10,neha.joshi102224@examplemail.com,9994604780,8979473769,Student,Individual,2024-06-01,Bronze,7791,Tamil,WhatsApp,"473, Temple Street",Phase 2,Bengaluru,Karnataka,560037,India,Y,Verified,18561.66,Y,2024-06-01 20:15:00,2024-06-26 22:19:00
102225,CUST102225,Sneha,Joshi,Female,1998-07-20,sneha.joshi102225@examplemail.com,9908960296,8641192006,Corporate,Individual,2024-03-06,Silver,14988,English,Email,"194, Central Colony",,Chennai,Tamil Nadu,600042,India,Y,Verified,263707.72,N,2024-03-06 13:39:00,2024-10-06 23:30:00
102226,CUST102226,Aarav,Kulkarni,Male,1960-12-11,aarav.kulkarni102226@examplemail.com,9328207720,8176396886,Premium,Individual,2026-07-16,Bronze,16921,Tamil,Email,"415, Station Road",Opp. City Mall,Delhi,Delhi,110017,India,Y,Verified,186253.15,Y,2026-07-16 15:52:00,2026-08-27 20:26:00
102227,CUST102227,Sai,Shetty,Male,1977-07-25,sai.shetty102227@examplemail.com,9904766920,8215679498,Student,Individual,2025-07-08,Gold,5890,Telugu,Email,"590, River View",Near Metro Station,Warangal,Telangana,506002,India,Y,Verified,14746.55,N,2025-07-08 15:30:00,2026-01-15 18:54:00
102228,CUST102228,Ishita,Kumar,Female,1975-10-12,ishita.kumar102228@examplemail.com,9342413113,8916276079,Corporate,Individual,2024-01-06,Silver,15278,Telugu,SMS,"170, Station Road",Beside Community Park,Delhi,Delhi,110017,India,Y,Verified,520054.46,Y,2024-01-06 13:54:00,2024-04-25 21:23:00
102229,CUST102229,Pranav,Goud,Male,2001-05-08,pranav.goud102229@examplemail.com,9725696583,8958627366,Retail,Individual,2025-12-21,Silver,18545,Kannada,Phone,"39, Park Lane",,Delhi,Delhi,110017,India,Y,Verified,57559.82,Y,2025-12-21 10:11:00,2026-06-18 13:01:00
102230,CUST102230,Rohan,Nair,Male,1963-04-12,rohan.nair102230@examplemail.com,9576384173,8321307870,Student,Individual,2025-05-06,Silver,9272,Tamil,WhatsApp,"816, River View",Phase 2,Bengaluru,Karnataka,560037,India,Y,Pending,14939.00,N,2025-05-06 13:25:00,2025-11-25 16:37:00
102231,CUST102231,Varun,Reddy,Male,1965-07-15,varun.reddy102231@examplemail.com,9942644064,8166757294,Student,Business,2026-06-08,Bronze,20782,Hindi,Email,"794, Market Road",Near Metro Station,Vijayawada,Andhra Pradesh,520010,India,Y,Verified,10761.41,N,2026-06-08 09:09:00,2026-06-25 11:59:00
102232,CUST102232,Deepika,Menon,Female,1964-11-25,deepika.menon102232@examplemail.com,9463742018,8616759327,Retail,Individual,2024-10-10,Platinum,20827,Hindi,SMS,"169, Central Colony",Opp. City Mall,Bengaluru,Karnataka,560037,India,N,Verified,26073.36,N,2024-10-10 18:56:00,2025-09-02 03:37:00
102233,CUST102233,Deepika,Sharma,Female,1972-10-20,deepika.sharma102233@examplemail.com,9907992512,8164858651,Premium,Individual,2024-09-11,Silver,2888,Tamil,SMS,"639, Park Lane",Beside Community Park,Delhi,Delhi,110017,India,Y,Verified,139333.55,Y,2024-09-11 13:08:00,2026-08-18 13:14:00
102234,CUST102234,Aarav,Gupta,Male,1986-11-06,aarav.gupta102234@examplemail.com,9299017832,8192540531,Senior Citizen,Individual,2024-12-22,Silver,1161,Kannada,SMS,"612, MG Road",Phase 2,Visakhapatnam,Andhra Pradesh,530017,India,Y,Verified,57881.91,N,2024-12-22 09:28:00,2025-08-15 20:09:00
102235,CUST102235,Deepika,Iyer,Female,1962-03-16,deepika.iyer102235@examplemail.com,9538311859,8601250512,Retail,Individual,2025-06-06,Silver,9072,English,Email,"6, Station Road",Near Metro Station,Secunderabad,Telangana,500003,India,Y,Verified,64267.72,Y,2025-06-06 15:52:00,2026-06-09 17:56:00
102236,CUST102236,Vaishnavi,Singh,Female,1955-10-24,vaishnavi.singh102236@examplemail.com,9735897640,8230717052,Corporate,Individual,2026-05-04,Silver,6143,Hindi,Phone,"668, Lake View Road",Beside Community Park,Mumbai,Maharashtra,400076,India,Y,Pending,387737.88,Y,2026-05-04 12:19:00,2026-06-01 14:00:00
102237,CUST102237,Aditya,Gupta,Male,1964-03-09,aditya.gupta102237@examplemail.com,9405841230,8781101631,Retail,Individual,2024-07-14,Silver,7510,Tamil,WhatsApp,"337, Green Hills",Phase 2,Hyderabad,Telangana,500081,India,Y,Verified,65824.02,Y,2024-07-14 11:43:00,2025-08-24 15:18:00
102238,CUST102238,Sai,Kulkarni,Male,1997-11-04,sai.kulkarni102238@examplemail.com,9734819189,8962939370,Student,Individual,2025-05-29,Bronze,4354,Telugu,Phone,"945, Central Colony",Phase 2,Visakhapatnam,Andhra Pradesh,530017,India,Y,Verified,6249.68,N,2025-05-29 12:34:00,2025-08-23 22:06:00
102239,CUST102239,Krishna,Iyer,Male,2002-02-19,krishna.iyer102239@examplemail.com,9237895912,8674480993,Student,Individual,2024-04-23,Bronze,7324,Tamil,Email,"808, Lake View Road",Opp. City Mall,Bengaluru,Karnataka,560037,India,Y,Verified,8720.34,N,2024-04-23 08:18:00,2024-10-12 10:59:00
102240,CUST102240,Bhavya,Reddy,Female,1985-03-10,bhavya.reddy102240@examplemail.com,9185319712,8233272443,Retail,Individual,2026-05-31,Platinum,20784,English,WhatsApp,"627, MG Road",Beside Community Park,Mumbai,Maharashtra,400076,India,Y,Pending,58982.67,Y,2026-05-31 20:56:00,2026-08-06 03:32:00
102241,CUST102241,Priya,Reddy,Female,1979-01-01,priya.reddy102241@examplemail.com,9286072299,8262288346,Corporate,Individual,2025-03-08,Bronze,7108,Hindi,WhatsApp,"757, MG Road",Near Metro Station,Mumbai,Maharashtra,400076,India,Y,Verified,603644.30,N,2025-03-08 08:00:00,2026-05-19 18:07:00
102242,CUST102242,Rohan,Joshi,Male,1983-10-28,rohan.joshi102242@examplemail.com,9167606923,8237416191,Retail,Individual,2024-07-07,Silver,12969,Telugu,WhatsApp,"982, Temple Street",Opp. City Mall,Hyderabad,Telangana,500081,India,Y,Verified,24874.77,Y,2024-07-07 20:48:00,2026-09-06 22:23:00
102243,CUST102243,Nandini,Singh,Female,1981-08-16,nandini.singh102243@examplemail.com,9936992900,8566339085,Corporate,Individual,2025-02-12,Gold,22097,English,WhatsApp,"170, Park Lane",Phase 2,Pune,Maharashtra,411014,India,Y,Pending,301305.39,Y,2025-02-12 12:11:00,2025-11-21 21:22:00
102244,CUST102244,Harini,Mishra,Female,1998-02-12,harini.mishra102244@examplemail.com,9393808082,8255851161,Student,Individual,2024-02-19,Bronze,14826,English,SMS,"809, Temple Street",Beside Community Park,Mumbai,Maharashtra,400076,India,Y,Verified,12025.62,Y,2024-02-19 11:30:00,2025-10-19 14:37:00
102245,CUST102245,Vijay,Patel,Male,1991-03-08,vijay.patel102245@examplemail.com,9634769524,8751649543,Senior Citizen,Individual,2024-10-30,Gold,18113,Kannada,WhatsApp,"601, River View",,Visakhapatnam,Andhra Pradesh,530017,India,Y,Verified,32337.73,N,2024-10-30 11:32:00,2025-11-24 18:02:00
102246,CUST102246,Swathi,Yadav,Female,1967-03-14,swathi.yadav102246@examplemail.com,9543436465,8984327776,Student,Individual,2025-06-07,Gold,7755,Kannada,Phone,"287, Park Lane",Near Metro Station,Chennai,Tamil Nadu,600042,India,Y,Verified,13178.59,N,2025-06-07 16:15:00,2025-09-03 01:12:00
102247,CUST102247,Harini,Sharma,Female,1984-06-09,harini.sharma102247@examplemail.com,9553654782,8580631269,Student,Individual,2026-09-06,Silver,4237,Hindi,SMS,"85, Central Colony",Opp. City Mall,Pune,Maharashtra,411014,India,Y,Verified,14146.76,N,2026-09-06 19:53:00,2026-09-14 20:58:00
102248,CUST102248,Rohan,Kulkarni,Male,1995-11-25,rohan.kulkarni102248@examplemail.com,9782481195,8639378413,Corporate,Individual,2024-06-06,Silver,17841,English,Phone,"171, Station Road",Opp. City Mall,Chennai,Tamil Nadu,600042,India,Y,Verified,420075.61,N,2024-06-06 11:32:00,2025-08-29 14:44:00
102249,CUST102249,Tarun,Iyer,Male,1985-08-13,tarun.iyer102249@examplemail.com,9504832979,8102593623,Corporate,Individual,2024-10-27,Bronze,5614,Telugu,Phone,"799, Park Lane",Beside Community Park,Pune,Maharashtra,411014,India,Y,Verified,746683.18,N,2024-10-27 13:24:00,2025-06-02 21:03:00
102250,CUST102250,Nandini,Das,Female,2001-02-28,nandini.das102250@examplemail.com,9500952117,8132697361,Retail,Individual,2026-08-21,Bronze,13671,Tamil,SMS,"565, River View",Near Metro Station,Chennai,Tamil Nadu,600042,India,Y,Rejected,38852.47,N,2026-08-21 20:38:00,2026-09-04 05:49:00
102251,CUST102251,Akash,Menon,Male,1959-09-18,akash.menon102251@examplemail.com,9887277757,8619580371,Student,Individual,2025-02-19,Silver,11966,Telugu,SMS,"328, Market Road",Beside Community Park,Vijayawada,Andhra Pradesh,520010,India,Y,Verified,12747.03,Y,2025-02-19 16:14:00,2026-01-02 16:20:00
102252,CUST102252,Vaishnavi,Das,Female,1976-01-22,vaishnavi.das102252@examplemail.com,9808695554,8342849187,Premium,Individual,2024-03-28,Bronze,13293,Kannada,Phone,"777, River View",Near Metro Station,Delhi,Delhi,110017,India,Y,Not Required,135570.50,N,2024-03-28 13:51:00,2025-02-04 17:01:00
102253,CUST102253,Nandini,Kumar,Female,1965-11-19,nandini.kumar102253@examplemail.com,9660482273,8564240862,Corporate,Business,2026-07-31,Bronze,17797,Tamil,Email,"41, Lake View Road",Opp. City Mall,Mumbai,Maharashtra,400076,India,Y,Verified,297037.11,N,2026-07-31 08:02:00,2026-08-29 14:46:00
102254,CUST102254,Harini,Menon,Female,1966-10-01,harini.menon102254@examplemail.com,9875860220,8760098957,Premium,Individual,2025-08-20,Gold,23415,Hindi,WhatsApp,"795, MG Road",,Warangal,Telangana,506002,India,Y,Verified,93131.68,Y,2025-08-20 18:17:00,2025-11-06 02:55:00
102255,CUST102255,Sahithi,Patel,Female,1987-04-17,sahithi.patel102255@examplemail.com,9564954936,8797149876,Retail,Individual,2025-01-11,Bronze,13700,Tamil,WhatsApp,"244, Green Hills",Beside Community Park,Delhi,Delhi,110017,India,Y,Verified,47059.45,N,2025-01-11 20:45:00,2025-12-17 00:42:00
102256,CUST102256,Aditya,Goud,Male,1996-11-25,aditya.goud102256@examplemail.com,9306264560,8860614192,Retail,Business,2025-03-06,Bronze,11805,Kannada,SMS,"384, Temple Street",Near Metro Station,Visakhapatnam,Andhra Pradesh,530017,India,Y,Verified,23233.19,Y,2025-03-06 08:00:00,2025-09-12 12:58:00
102257,CUST102257,Vijay,Mishra,Male,1994-05-16,vijay.mishra102257@examplemail.com,9408066117,8137983178,Senior Citizen,Individual,2025-12-05,Bronze,24656,Hindi,SMS,"589, Station Road",Opp. City Mall,Vijayawada,Andhra Pradesh,520010,India,Y,Verified,39583.69,Y,2025-12-05 18:01:00,2026-01-02 19:39:00
102258,CUST102258,Sneha,Reddy,Female,1988-03-16,sneha.reddy102258@examplemail.com,9693622192,8834696801,Student,Individual,2025-07-18,Bronze,7947,Tamil,Phone,"835, River View",Near Metro Station,Secunderabad,Telangana,500003,India,Y,Not Required,10137.17,Y,2025-07-18 08:55:00,2026-06-27 13:24:00
102259,CUST102259,Divya,Naidu,Female,1968-02-27,divya.naidu102259@examplemail.com,9349422877,8186632682,Student,Individual,2025-07-13,Gold,16724,Hindi,Email,"758, Green Hills",Near Metro Station,Pune,Maharashtra,411014,India,Y,Verified,16634.02,N,2025-07-13 16:17:00,2026-03-25 19:19:00
102260,CUST102260,Sneha,Patel,Female,1960-12-19,sneha.patel102260@examplemail.com,9864111275,8802733909,Student,Individual,2025-05-03,Silver,961,English,SMS,"453, River View",,Warangal,Telangana,506002,India,Y,Verified,10155.86,N,2025-05-03 09:13:00,2026-03-03 11:41:00
102261,CUST102261,Keerthi,Reddy,Female,1961-11-13,keerthi.reddy102261@examplemail.com,9980137536,8518924084,Premium,Individual,2025-07-16,Silver,12610,Hindi,WhatsApp,"285, Station Road",Near Metro Station,Warangal,Telangana,506002,India,Y,Verified,109594.89,Y,2025-07-16 16:40:00,2025-12-02 18:47:00
102262,CUST102262,Pooja,Shetty,Female,1995-04-08,pooja.shetty102262@examplemail.com,9992344049,8788909762,Retail,Individual,2025-04-22,Silver,11758,Hindi,Email,"909, Central Colony",Beside Community Park,Vijayawada,Andhra Pradesh,520010,India,Y,Verified,40355.85,Y,2025-04-22 14:32:00,2026-06-11 15:55:00
102263,CUST102263,Keerthi,Nair,Female,1955-09-10,keerthi.nair102263@examplemail.com,9250439563,8640402591,Retail,Individual,2024-12-31,Silver,16152,Telugu,WhatsApp,"703, Tech Park Avenue",Beside Community Park,Delhi,Delhi,110017,India,Y,Verified,15145.19,Y,2024-12-31 14:35:00,2026-05-16 01:28:00
102264,CUST102264,Harsha,Joshi,Male,1998-09-21,harsha.joshi102264@examplemail.com,9831371101,8981648404,Senior Citizen,Individual,2025-12-25,Platinum,16972,English,SMS,"432, Green Hills",Opp. City Mall,Chennai,Tamil Nadu,600042,India,Y,Verified,36412.77,N,2025-12-25 16:50:00,2026-05-31 18:10:00
102265,CUST102265,Charan,Menon,Male,1969-09-18,charan.menon102265@examplemail.com,9934721049,8810457810,Retail,Individual,2026-02-07,Silver,14079,Kannada,SMS,"874, Lake View Road",Beside Community Park,Chennai,Tamil Nadu,600042,India,Y,Verified,61909.19,N,2026-02-07 19:07:00,2026-03-18 06:05:00
102266,CUST102266,Rohan,Patel,Male,1993-06-09,rohan.patel102266@examplemail.com,9210725153,8184590880,Corporate,Individual,2026-04-13,Bronze,14581,Telugu,SMS,"26, Park Lane",Phase 2,Chennai,Tamil Nadu,600042,India,Y,Verified,512819.79,N,2026-04-13 14:34:00,2026-04-22 14:50:00
102267,CUST102267,Rahul,Naidu,Male,1968-06-25,rahul.naidu102267@examplemail.com,9689550462,8861605207,Premium,Individual,2026-06-20,Bronze,5021,Tamil,SMS,"145, River View",,Visakhapatnam,Andhra Pradesh,530017,India,Y,Verified,142037.61,Y,2026-06-20 09:52:00,2026-08-28 12:53:00
102268,CUST102268,Rahul,Rao,Male,1996-08-22,rahul.rao102268@examplemail.com,9972088359,8461320972,Retail,Individual,2024-08-13,Bronze,24060,Telugu,Phone,"446, River View",,Bengaluru,Karnataka,560037,India,Y,Rejected,59372.85,Y,2024-08-13 17:36:00,2024-12-07 18:30:00
102269,CUST102269,Vishal,Gupta,Male,1976-08-07,vishal.gupta102269@examplemail.com,9669153523,8229577226,Premium,Individual,2025-07-03,Silver,11415,Tamil,Phone,"908, Station Road",Phase 2,Secunderabad,Telangana,500003,India,Y,Pending,146888.44,N,2025-07-03 19:20:00,2025-08-04 01:34:00
102270,CUST102270,Aarav,Patel,Male,1996-01-02,aarav.patel102270@examplemail.com,9245131998,8743892707,Premium,Individual,2024-11-24,Bronze,1617,English,Phone,"290, Green Hills",Phase 2,Pune,Maharashtra,411014,India,Y,Rejected,156290.00,Y,2024-11-24 20:21:00,2026-04-25 07:17:00
102271,CUST102271,Arjun,Menon,Male,1983-06-27,arjun.menon102271@examplemail.com,9439222034,8936963740,Corporate,Individual,2024-03-22,Bronze,7579,Tamil,Email,"593, Temple Street",Phase 2,Delhi,Delhi,110017,India,Y,Verified,831303.91,Y,2024-03-22 17:34:00,2025-06-07 23:36:00
102272,CUST102272,Sahithi,Sharma,Female,1982-12-19,sahithi.sharma102272@examplemail.com,9957169374,8866348070,Corporate,Individual,2026-01-05,Silver,22359,Telugu,Email,"44, Lake View Road",,Bengaluru,Karnataka,560037,India,Y,Verified,756363.86,Y,2026-01-05 15:55:00,2026-05-01 02:53:00
102273,CUST102273,Vaishnavi,Shetty,Female,1964-08-26,vaishnavi.shetty102273@examplemail.com,9691888389,8231009491,Premium,Individual,2026-02-09,Bronze,1162,English,WhatsApp,"130, Tech Park Avenue",Phase 2,Visakhapatnam,Andhra Pradesh,530017,India,N,Verified,290459.71,Y,2026-02-09 18:33:00,2026-05-26 04:31:00
102274,CUST102274,Varun,Naidu,Male,1994-06-10,varun.naidu102274@examplemail.com,9135256949,8192237197,Retail,Individual,2024-04-07,Bronze,4625,Kannada,Phone,"237, Lake View Road",Opp. City Mall,Mumbai,Maharashtra,400076,India,Y,Verified,15770.23,Y,2024-04-07 20:44:00,2025-12-11 00:04:00
102275,CUST102275,Ananya,Verma,Female,1979-02-11,ananya.verma102275@examplemail.com,9597205108,8430552393,Student,Individual,2024-11-28,Silver,22248,Hindi,WhatsApp,"507, Central Colony",Phase 2,Pune,Maharashtra,411014,India,Y,Verified,7712.62,N,2024-11-28 19:22:00,2026-05-14 04:19:00
102276,CUST102276,Lakshmi,Menon,Female,1999-03-28,lakshmi.menon102276@examplemail.com,9794522319,8263855106,Retail,Individual,2026-08-16,Gold,18055,Tamil,WhatsApp,"639, River View",Near Metro Station,Secunderabad,Telangana,500003,India,Y,Rejected,68927.35,Y,2026-08-16 08:17:00,2026-08-29 16:58:00
102277,CUST102277,Surya,Das,Male,1958-06-28,surya.das102277@examplemail.com,9978172883,8242602922,Senior Citizen,Business,2025-09-11,Silver,14370,Hindi,WhatsApp,"946, Green Hills",Opp. City Mall,Hyderabad,Telangana,500081,India,Y,Verified,58487.53,Y,2025-09-11 16:09:00,2026-03-16 20:03:00
102278,CUST102278,Meghana,Patel,Female,1994-05-25,meghana.patel102278@examplemail.com,9401721623,8834791367,Retail,Individual,2026-04-13,Gold,17675,Hindi,Phone,"74, Lake View Road",Opp. City Mall,Warangal,Telangana,506002,India,Y,Not Required,63594.87,N,2026-04-13 16:23:00,2026-08-23 18:55:00
102279,CUST102279,Aadhya,Naidu,Female,2001-09-21,aadhya.naidu102279@examplemail.com,9405671774,8758737972,Senior Citizen,Individual,2024-06-26,Bronze,19316,Tamil,SMS,"755, Central Colony",Phase 2,Visakhapatnam,Andhra Pradesh,530017,India,Y,Verified,40109.12,Y,2024-06-26 10:56:00,2025-06-02 15:11:00
102280,CUST102280,Akash,Reddy,Male,1988-03-01,akash.reddy102280@examplemail.com,9935844224,8762121216,Corporate,Business,2025-10-01,Gold,23674,Kannada,WhatsApp,"769, River View",Near Metro Station,Secunderabad,Telangana,500003,India,Y,Verified,371641.59,Y,2025-10-01 10:41:00,2025-11-18 13:14:00
102281,CUST102281,Ishita,Rao,Female,1955-11-15,ishita.rao102281@examplemail.com,9636052425,8384253516,Retail,Business,2026-08-31,Gold,5621,Tamil,Phone,"651, Temple Street",Near Metro Station,Secunderabad,Telangana,500003,India,Y,Verified,27434.37,Y,2026-08-31 10:18:00,2026-09-05 17:08:00
102282,CUST102282,Charan,Menon,Male,1957-01-01,charan.menon102282@examplemail.com,9110522951,8156039930,Corporate,Individual,2024-11-07,Bronze,16746,Hindi,Email,"415, Park Lane",Near Metro Station,Secunderabad,Telangana,500003,India,Y,Verified,311190.88,Y,2024-11-07 20:07:00,2024-12-08 22:10:00
102283,CUST102283,Pooja,Kumar,Female,2005-09-01,pooja.kumar102283@examplemail.com,9336494557,8732709846,Corporate,Individual,2025-01-22,Silver,14164,Tamil,Phone,"405, Temple Street",Near Metro Station,Secunderabad,Telangana,500003,India,Y,Verified,682855.03,N,2025-01-22 17:44:00,2026-01-11 00:50:00
102284,CUST102284,Lakshmi,Joshi,Female,1986-01-01,lakshmi.joshi102284@examplemail.com,9278263896,8960065274,Senior Citizen,Individual,2026-08-23,Silver,16644,Tamil,Email,"591, Market Road",,Warangal,Telangana,506002,India,Y,Verified,34759.42,Y,2026-08-23 16:10:00,2026-08-29 22:01:00
102285,CUST102285,Ishita,Reddy,Female,2003-03-25,ishita.reddy102285@examplemail.com,9762610479,8709467896,Retail,Individual,2024-08-23,Bronze,20746,Kannada,Email,"909, Lake View Road",,Hyderabad,Telangana,500081,India,Y,Pending,73901.58,N,2024-08-23 14:27:00,2025-10-15 21:36:00
102286,CUST102286,Pooja,Patel,Female,1960-04-10,pooja.patel102286@examplemail.com,9248304977,8493855643,Senior Citizen,Individual,2024-04-16,Gold,18671,Kannada,Phone,"520, Market Road",Opp. City Mall,Visakhapatnam,Andhra Pradesh,530017,India,Y,Verified,19313.37,N,2024-04-16 18:42:00,2025-12-01 18:47:00
102287,CUST102287,Swathi,Kulkarni,Female,1976-06-06,swathi.kulkarni102287@examplemail.com,9617919333,8290120310,Premium,Individual,2025-01-03,Bronze,19031,Kannada,Email,"620, Tech Park Avenue",Near Metro Station,Warangal,Telangana,506002,India,Y,Verified,163363.64,Y,2025-01-03 13:49:00,2026-07-21 16:11:00
102288,CUST102288,Meghana,Naidu,Female,1992-09-10,meghana.naidu102288@examplemail.com,9205396715,8952767853,Premium,Individual,2025-10-29,Bronze,10953,Hindi,Email,"821, Central Colony",Near Metro Station,Hyderabad,Telangana,500081,India,Y,Not Required,294055.63,N,2025-10-29 10:36:00,2025-12-27 17:27:00
102289,CUST102289,Sanjay,Joshi,Male,1978-10-09,sanjay.joshi102289@examplemail.com,9814331503,8460608511,Corporate,Individual,2025-11-12,Bronze,4819,Telugu,WhatsApp,"144, MG Road",,Delhi,Delhi,110017,India,Y,Verified,812362.85,Y,2025-11-12 19:41:00,2026-02-16 01:01:00
102290,CUST102290,Vijay,Goud,Male,1955-03-21,vijay.goud102290@examplemail.com,9649048930,8830855156,Corporate,Individual,2026-01-26,Platinum,24714,Kannada,WhatsApp,"320, Lake View Road",Near Metro Station,Hyderabad,Telangana,500081,India,Y,Verified,736912.82,Y,2026-01-26 16:31:00,2026-08-24 18:53:00
102291,CUST102291,Charan,Yadav,Male,1972-07-08,charan.yadav102291@examplemail.com,9873191262,8584185046,Premium,Individual,2025-10-16,Bronze,7010,Tamil,Phone,"10, Station Road",Near Metro Station,Secunderabad,Telangana,500003,India,Y,Verified,267996.13,Y,2025-10-16 16:45:00,2026-03-17 02:44:00
102292,CUST102292,Swathi,Rao,Female,1966-03-19,swathi.rao102292@examplemail.com,9714157494,8400914054,Retail,Individual,2024-08-02,Bronze,1628,English,SMS,"309, Lake View Road",Phase 2,Vijayawada,Andhra Pradesh,520010,India,Y,Rejected,47574.15,Y,2024-08-02 11:05:00,2024-11-17 18:24:00
102293,CUST102293,Aadhya,Nair,Female,1957-01-17,aadhya.nair102293@examplemail.com,9945926805,8720682639,Retail,Individual,2026-06-25,Bronze,7816,Hindi,WhatsApp,"537, Park Lane",Beside Community Park,Delhi,Delhi,110017,India,Y,Verified,30844.73,Y,2026-06-25 11:17:00,2026-06-25 12:10:00
102294,CUST102294,Nikhil,Rao,Male,1998-03-10,nikhil.rao102294@examplemail.com,9800798575,8734476203,Retail,Individual,2024-07-08,Silver,9442,Tamil,WhatsApp,"973, Temple Street",Opp. City Mall,Pune,Maharashtra,411014,India,Y,Verified,51051.89,Y,2024-07-08 12:14:00,2025-08-21 12:24:00
102295,CUST102295,Sanjay,Goud,Male,1955-09-01,sanjay.goud102295@examplemail.com,9242191980,8377371152,Corporate,Individual,2026-01-09,Silver,5372,Hindi,Phone,"626, Green Hills",Near Metro Station,Secunderabad,Telangana,500003,India,Y,Verified,459652.35,Y,2026-01-09 10:37:00,2026-01-31 12:19:00
102296,CUST102296,Varun,Goud,Male,1979-07-09,varun.goud102296@examplemail.com,9416837324,8124631019,Premium,Individual,2025-07-04,Gold,5026,Kannada,Email,"555, Temple Street",,Chennai,Tamil Nadu,600042,India,Y,Verified,268426.22,Y,2025-07-04 14:32:00,2025-10-16 20:29:00
102297,CUST102297,Pooja,Rao,Female,1986-12-21,pooja.rao102297@examplemail.com,9985184035,8447423653,Premium,Individual,2026-03-25,Gold,15418,Hindi,Email,"35, Station Road",Opp. City Mall,Bengaluru,Karnataka,560037,India,Y,Verified,223316.10,N,2026-03-25 20:23:00,2026-04-11 23:35:00
102298,CUST102298,Meghana,Patel,Female,2002-08-07,meghana.patel102298@examplemail.com,9343881611,8947395127,Premium,Individual,2024-12-03,Bronze,16549,Tamil,Phone,"88, MG Road",Phase 2,Visakhapatnam,Andhra Pradesh,530017,India,Y,Verified,136836.08,Y,2024-12-03 18:00:00,2026-06-26 18:52:00
102299,CUST102299,Rohan,Reddy,Male,1976-01-16,rohan.reddy102299@examplemail.com,9939617466,8363627762,Student,Individual,2025-09-27,Silver,14874,Hindi,SMS,"386, Central Colony",Phase 2,Bengaluru,Karnataka,560037,India,Y,Verified,15174.11,Y,2025-09-27 19:34:00,2026-06-07 00:25:00
102300,CUST102300,Surya,Das,Male,2002-02-11,surya.das102300@examplemail.com,9214410665,8592115411,Student,Individual,2026-07-04,Bronze,10908,Tamil,WhatsApp,"639, Central Colony",Phase 2,Mumbai,Maharashtra,400076,India,Y,Verified,14264.55,N,2026-07-04 15:59:00,2026-08-28 22:45:00
