student_id,student_name,class_standard,first_language,second_language,first_language_marks,second_language_marks,third_language_marks,mathematics_marks,physics_marks,chemistry_marks,total_science_marks,social_studies_marks,total_marks,percentage,grade,cgpa,last_updated_timestamp
60001,Nandini Reddy,6,Telugu,Hindi,56,72,58,70,,,83,70,409,68.17,B2,6.8,2026-09-13 18:23:06
60002,Bhavya Naidu,6,Telugu,Hindi,89,88,98,99,,,83,59,516,86.00,A2,8.6,2026-08-17 11:06:25
60003,Nikhil Patel,6,Telugu,Hindi,87,71,78,83,,,75,93,487,81.17,A2,8.1,2026-08-12 20:08:03
60004,Sai Menon,6,Hindi,Telugu,47,31,32,45,,,50,51,256,42.67,F,4.3,2026-08-17 20:07:52
60005,Sneha Sharma,6,Telugu,Hindi,99,86,94,86,,,81,88,534,89.00,A2,8.9,2026-08-17 10:24:02
60006,Pooja Sharma,6,Telugu,Hindi,69,63,68,64,,,57,60,381,63.50,B2,6.3,2026-08-03 19:27:43
60007,Divya Shetty,6,Hindi,Telugu,99,84,97,66,,,71,81,498,83.00,A2,8.3,2026-08-21 12:02:52
60008,Aadhya Iyer,6,Hindi,Telugu,94,80,81,74,,,99,64,492,82.00,A2,8.2,2026-08-12 08:34:44
60009,Neha Gupta,6,Hindi,Telugu,83,83,72,99,,,87,81,505,84.17,A2,8.4,2026-08-09 15:28:19
60010,Ishita Mishra,6,Hindi,Telugu,87,78,82,79,,,99,82,507,84.50,A2,8.4,2026-09-13 15:17:39
60011,Manish Goud,6,Telugu,Hindi,77,85,74,59,,,67,82,444,74.00,B1,7.4,2026-09-05 15:11:28
60012,Vijay Singh,6,Telugu,Hindi,45,56,55,83,,,53,45,337,56.17,C1,5.6,2026-09-07 20:15:18
60013,Manish Mishra,6,Telugu,Hindi,62,72,59,69,,,73,63,398,66.33,B2,6.6,2026-08-19 14:21:02
60014,Keerthi Gupta,6,Telugu,Hindi,86,79,75,99,,,75,75,489,81.50,A2,8.2,2026-08-30 17:31:40
60015,Sneha Shetty,6,Telugu,Hindi,59,94,74,64,,,55,74,420,70.00,B1,7.0,2026-09-04 16:52:23
60016,Aarav Patel,6,Telugu,Hindi,99,97,82,99,,,94,95,566,94.33,A1,9.4,2026-09-08 10:43:57
60017,Aadhya Chowdary,6,Hindi,Telugu,64,90,86,51,,,84,89,464,77.33,B1,7.7,2026-08-23 13:19:58
60018,Sneha Kumar,6,Telugu,Hindi,72,60,76,89,,,79,67,443,73.83,B1,7.4,2026-09-05 16:48:43
60019,Keerthi Goud,6,Hindi,Telugu,73,79,86,88,,,57,90,473,78.83,B1,7.9,2026-09-14 11:04:49
60020,Krishna Das,6,Hindi,Telugu,83,78,85,75,,,56,69,446,74.33,B1,7.4,2026-08-12 12:36:01
60021,Keerthi Sharma,6,Hindi,Telugu,91,84,89,93,,,96,99,552,92.00,A1,9.2,2026-08-21 09:22:55
60022,Lakshmi Nair,6,Hindi,Telugu,74,87,81,76,,,86,73,477,79.50,B1,8.0,2026-08-09 10:44:42
60023,Rahul Mishra,6,Hindi,Telugu,87,75,63,99,,,80,69,473,78.83,B1,7.9,2026-08-27 18:21:22
60024,Tarun Patel,6,Telugu,Hindi,75,89,59,72,,,78,99,472,78.67,B1,7.9,2026-09-07 20:38:36
60025,Arjun Menon,6,Telugu,Hindi,77,78,78,71,,,70,66,440,73.33,B1,7.3,2026-08-21 13:58:05
60026,Pooja Rao,6,Hindi,Telugu,65,85,99,80,,,82,96,507,84.50,A2,8.4,2026-08-01 20:20:17
60027,Sanjay Rao,6,Telugu,Hindi,92,82,75,57,,,69,67,442,73.67,B1,7.4,2026-09-14 18:30:26
60028,Arjun Verma,6,Hindi,Telugu,40,46,48,40,,,19,25,218,36.33,F,3.6,2026-08-06 12:08:11
60029,Charan Goud,6,Hindi,Telugu,60,45,62,63,,,95,70,395,65.83,B2,6.6,2026-08-16 14:11:57
60030,Sai Singh,6,Hindi,Telugu,94,67,72,88,,,95,82,498,83.00,A2,8.3,2026-08-13 19:09:41
60031,Kavya Sharma,6,Hindi,Telugu,79,92,99,82,,,82,75,509,84.83,A2,8.5,2026-09-01 16:32:53
60032,Aishwarya Iyer,6,Hindi,Telugu,36,21,50,13,,,20,48,188,31.33,F,3.1,2026-08-19 09:34:04
60033,Akash Naidu,6,Hindi,Telugu,68,64,57,61,,,65,60,375,62.50,B2,6.2,2026-09-13 15:50:59
60034,Manish Gupta,6,Hindi,Telugu,74,87,58,74,,,71,69,433,72.17,B1,7.2,2026-08-23 13:43:57
60035,Keerthi Rao,6,Telugu,Hindi,78,93,90,90,,,76,99,526,87.67,A2,8.8,2026-08-29 13:44:37
60036,Ishita Chowdary,6,Hindi,Telugu,88,99,91,94,,,77,71,520,86.67,A2,8.7,2026-08-17 20:11:58
60037,Aditya Shetty,6,Hindi,Telugu,99,81,78,99,,,77,65,499,83.17,A2,8.3,2026-08-22 12:39:14
60038,Keerthi Singh,6,Telugu,Hindi,39,15,39,59,,,46,46,244,40.67,F,4.1,2026-09-03 19:24:30
60039,Bhavya Yadav,6,Telugu,Hindi,95,77,95,69,,,92,73,501,83.50,A2,8.3,2026-09-12 16:32:48
60040,Krishna Das,6,Hindi,Telugu,60,64,61,63,,,54,57,359,59.83,C1,6.0,2026-08-19 14:36:54
60041,Arjun Sharma,6,Hindi,Telugu,92,82,67,59,,,82,86,468,78.00,B1,7.8,2026-08-24 08:50:28
60042,Pranav Kumar,6,Hindi,Telugu,93,99,81,96,,,99,70,538,89.67,A2,9.0,2026-08-08 17:04:17
60043,Arjun Kulkarni,6,Telugu,Hindi,89,62,80,78,,,89,77,475,79.17,B1,7.9,2026-08-12 16:13:10
60044,Ananya Yadav,6,Hindi,Telugu,81,82,80,96,,,75,78,492,82.00,A2,8.2,2026-09-13 15:23:28
60045,Sneha Yadav,6,Telugu,Hindi,30,33,26,39,,,34,54,216,36.00,F,3.6,2026-08-26 18:32:49
60046,Krishna Rao,6,Telugu,Hindi,79,64,70,79,,,99,70,461,76.83,B1,7.7,2026-08-16 13:11:00
60047,Aarav Kulkarni,6,Telugu,Hindi,54,53,77,79,,,64,67,394,65.67,B2,6.6,2026-08-01 07:13:11
60048,Lakshmi Das,6,Hindi,Telugu,99,99,91,82,,,94,99,564,94.00,A1,9.4,2026-08-30 20:22:14
60049,Sahithi Gupta,6,Telugu,Hindi,81,97,79,99,,,97,99,552,92.00,A1,9.2,2026-09-08 20:27:21
60050,Aarav Singh,6,Telugu,Hindi,77,99,96,94,,,85,81,532,88.67,A2,8.9,2026-08-25 07:15:03
60051,Aishwarya Joshi,6,Hindi,Telugu,61,66,73,62,,,70,79,411,68.50,B2,6.8,2026-09-10 08:40:08
60052,Sai Joshi,6,Hindi,Telugu,78,74,77,81,,,97,91,498,83.00,A2,8.3,2026-08-10 07:32:44
60053,Sai Das,6,Telugu,Hindi,85,85,80,89,,,88,79,506,84.33,A2,8.4,2026-08-01 15:23:27
60054,Tarun Chowdary,6,Hindi,Telugu,67,74,86,69,,,71,55,422,70.33,B1,7.0,2026-08-13 15:03:43
60055,Aditya Chowdary,6,Telugu,Hindi,82,85,87,99,,,74,74,501,83.50,A2,8.3,2026-09-13 17:53:02
60056,Tarun Sharma,6,Telugu,Hindi,76,81,88,68,,,73,73,459,76.50,B1,7.7,2026-08-13 15:07:08
60057,Akash Iyer,6,Hindi,Telugu,99,89,71,78,,,53,80,470,78.33,B1,7.8,2026-08-23 20:15:48
60058,Keerthi Mishra,6,Hindi,Telugu,65,65,76,46,,,71,87,410,68.33,B2,6.8,2026-09-05 08:52:52
60059,Nikhil Patel,6,Hindi,Telugu,81,99,84,67,,,95,99,525,87.50,A2,8.8,2026-08-08 15:40:25
60060,Karthik Verma,6,Telugu,Hindi,45,51,33,30,,,36,47,242,40.33,F,4.0,2026-09-11 17:32:37
60061,Pooja Menon,6,Telugu,Hindi,34,41,46,44,,,47,37,249,41.50,F,4.2,2026-08-11 07:12:02
60062,Keerthi Reddy,6,Telugu,Hindi,77,65,71,64,,,70,68,415,69.17,B2,6.9,2026-09-05 13:12:26
60063,Rahul Yadav,6,Telugu,Hindi,69,71,68,56,,,87,88,439,73.17,B1,7.3,2026-08-06 18:19:58
60064,Sahithi Das,6,Hindi,Telugu,99,99,99,89,,,77,88,551,91.83,A1,9.2,2026-08-02 13:40:24
60065,Sneha Joshi,6,Telugu,Hindi,73,69,86,92,,,75,77,472,78.67,B1,7.9,2026-09-08 19:37:16
60066,Divya Menon,6,Hindi,Telugu,66,86,81,73,,,70,71,447,74.50,B1,7.5,2026-09-04 18:55:42
60067,Deepika Naidu,6,Hindi,Telugu,54,82,82,61,,,78,65,422,70.33,B1,7.0,2026-08-10 07:41:54
60068,Arjun Singh,6,Hindi,Telugu,66,73,77,87,,,80,63,446,74.33,B1,7.4,2026-08-15 14:25:08
60069,Kavya Reddy,6,Telugu,Hindi,60,62,70,66,,,53,61,372,62.00,B2,6.2,2026-08-19 19:41:49
60070,Vaishnavi Kulkarni,6,Hindi,Telugu,74,73,79,86,,,84,94,490,81.67,A2,8.2,2026-09-13 10:38:35
60071,Aishwarya Kulkarni,6,Telugu,Hindi,99,79,75,99,,,99,93,544,90.67,A1,9.1,2026-08-24 07:52:33
60072,Priya Naidu,6,Telugu,Hindi,89,85,73,99,,,83,91,520,86.67,A2,8.7,2026-09-04 15:42:10
60073,Meghana Shetty,6,Hindi,Telugu,79,78,75,67,,,91,68,458,76.33,B1,7.6,2026-08-05 17:07:18
60074,Krishna Sharma,6,Hindi,Telugu,68,64,77,52,,,61,75,397,66.17,B2,6.6,2026-08-20 14:25:13
60075,Krishna Shetty,6,Hindi,Telugu,85,74,89,69,,,84,86,487,81.17,A2,8.1,2026-09-13 18:19:43
60076,Nikhil Shetty,6,Telugu,Hindi,81,72,85,88,,,99,82,507,84.50,A2,8.4,2026-08-16 09:10:16
60077,Meghana Mishra,6,Telugu,Hindi,72,47,73,60,,,79,70,401,66.83,B2,6.7,2026-09-05 20:05:34
60078,Vaishnavi Rao,6,Telugu,Hindi,96,82,99,83,,,93,84,537,89.50,A2,8.9,2026-09-01 17:31:29
60079,Rahul Das,6,Hindi,Telugu,41,39,24,16,,,18,26,164,27.33,F,2.7,2026-08-02 12:21:32
60080,Charan Reddy,6,Telugu,Hindi,94,88,89,77,,,75,87,510,85.00,A2,8.5,2026-09-11 19:36:35
60081,Vijay Sharma,6,Telugu,Hindi,69,84,67,79,,,86,86,471,78.50,B1,7.8,2026-08-14 09:45:18
60082,Aditya Naidu,6,Telugu,Hindi,87,79,86,86,,,89,86,513,85.50,A2,8.6,2026-08-09 13:29:06
60083,Nikhil Yadav,6,Hindi,Telugu,89,71,85,99,,,98,99,541,90.17,A1,9.0,2026-08-02 17:34:43
60084,Aishwarya Nair,6,Telugu,Hindi,75,60,57,49,,,51,38,330,55.00,C1,5.5,2026-08-15 18:23:24
60085,Pranav Menon,6,Telugu,Hindi,65,87,99,90,,,92,90,523,87.17,A2,8.7,2026-08-25 15:58:36
60086,Neha Sharma,6,Hindi,Telugu,57,55,58,56,,,36,40,302,50.33,C1,5.0,2026-08-14 17:36:43
60087,Tarun Reddy,6,Hindi,Telugu,99,87,85,67,,,64,69,471,78.50,B1,7.8,2026-08-28 12:41:17
60088,Pranav Kumar,6,Hindi,Telugu,68,69,61,66,,,77,66,407,67.83,B2,6.8,2026-08-01 17:45:27
60089,Charan Sharma,6,Hindi,Telugu,84,66,86,85,,,99,76,496,82.67,A2,8.3,2026-08-05 13:42:01
60090,Nandini Shetty,6,Hindi,Telugu,96,84,99,99,,,98,81,557,92.83,A1,9.3,2026-08-01 12:07:24
60091,Sahithi Verma,6,Telugu,Hindi,85,81,57,69,,,80,80,452,75.33,B1,7.5,2026-08-09 19:30:59
60092,Varun Reddy,6,Telugu,Hindi,85,94,70,94,,,80,61,484,80.67,A2,8.1,2026-08-23 11:51:55
60093,Meghana Das,6,Hindi,Telugu,96,79,78,90,,,75,75,493,82.17,A2,8.2,2026-09-03 20:03:32
60094,Arjun Sharma,6,Hindi,Telugu,75,68,65,75,,,61,60,404,67.33,B2,6.7,2026-09-11 12:09:04
60095,Divya Kumar,6,Telugu,Hindi,68,74,80,79,,,86,93,480,80.00,A2,8.0,2026-08-19 15:02:35
60096,Varun Joshi,6,Hindi,Telugu,75,69,88,56,,,61,66,415,69.17,B2,6.9,2026-08-12 08:53:35
60097,Varun Patel,6,Telugu,Hindi,82,74,90,99,,,78,84,507,84.50,A2,8.4,2026-08-06 09:09:27
60098,Meghana Kumar,6,Telugu,Hindi,98,97,83,75,,,81,90,524,87.33,A2,8.7,2026-08-20 07:05:29
60099,Charan Rao,6,Hindi,Telugu,72,90,98,58,,,91,99,508,84.67,A2,8.5,2026-09-09 20:57:25
60100,Kavya Menon,6,Hindi,Telugu,90,95,93,70,,,77,84,509,84.83,A2,8.5,2026-08-12 19:18:56
60101,Vaishnavi Nair,6,Hindi,Telugu,79,81,80,92,,,94,99,525,87.50,A2,8.8,2026-08-12 20:55:54
60102,Pooja Verma,6,Hindi,Telugu,64,79,69,99,,,79,89,479,79.83,B1,8.0,2026-09-14 08:26:33
60103,Pranav Iyer,6,Telugu,Hindi,46,34,35,36,,,38,38,227,37.83,F,3.8,2026-08-10 09:15:05
60104,Varun Chowdary,6,Telugu,Hindi,76,78,80,98,,,90,64,486,81.00,A2,8.1,2026-08-10 19:38:32
60105,Vijay Chowdary,6,Hindi,Telugu,87,73,76,95,,,97,77,505,84.17,A2,8.4,2026-08-07 09:46:07
60106,Aishwarya Nair,6,Hindi,Telugu,21,53,36,35,,,47,39,231,38.50,F,3.9,2026-08-31 12:41:45
60107,Nandini Singh,6,Telugu,Hindi,90,99,80,99,,,95,94,557,92.83,A1,9.3,2026-09-07 20:10:41
60108,Kavya Mishra,6,Telugu,Hindi,15,45,15,21,,,29,43,168,28.00,F,2.8,2026-08-27 17:16:51
60109,Harsha Naidu,6,Hindi,Telugu,68,89,85,83,,,80,83,488,81.33,A2,8.1,2026-08-04 20:39:10
60110,Keerthi Menon,6,Hindi,Telugu,70,69,76,95,,,73,81,464,77.33,B1,7.7,2026-08-04 20:06:39
60111,Pooja Verma,6,Telugu,Hindi,88,92,84,86,,,82,73,505,84.17,A2,8.4,2026-09-06 15:12:51
60112,Harsha Rao,6,Hindi,Telugu,49,62,60,72,,,49,64,356,59.33,C1,5.9,2026-08-24 19:49:46
60113,Harsha Yadav,6,Telugu,Hindi,78,71,83,90,,,75,74,471,78.50,B1,7.8,2026-08-02 09:03:19
60114,Manish Patel,6,Telugu,Hindi,63,66,62,66,,,67,87,411,68.50,B2,6.8,2026-09-11 19:56:27
60115,Pranav Mishra,6,Hindi,Telugu,73,75,72,76,,,70,91,457,76.17,B1,7.6,2026-08-22 15:12:13
60116,Sanjay Singh,6,Telugu,Hindi,93,72,88,84,,,66,99,502,83.67,A2,8.4,2026-08-30 19:44:05
60117,Akash Kulkarni,6,Telugu,Hindi,92,88,99,79,,,82,80,520,86.67,A2,8.7,2026-08-10 19:29:07
60118,Bhavya Menon,6,Hindi,Telugu,66,87,76,67,,,60,76,432,72.00,B1,7.2,2026-09-03 08:03:15
60119,Aishwarya Kulkarni,6,Hindi,Telugu,99,97,99,81,,,86,99,561,93.50,A1,9.3,2026-08-04 12:06:00
60120,Lakshmi Yadav,6,Telugu,Hindi,36,53,49,53,,,70,36,297,49.50,C2,5.0,2026-09-11 09:01:27
60121,Krishna Patel,6,Hindi,Telugu,85,98,74,99,,,92,75,523,87.17,A2,8.7,2026-09-08 16:01:33
60122,Varun Patel,6,Telugu,Hindi,57,47,75,57,,,69,68,373,62.17,B2,6.2,2026-08-08 20:06:51
60123,Aditya Yadav,6,Telugu,Hindi,65,69,51,33,,,80,57,355,59.17,F,5.9,2026-08-22 17:08:48
60124,Harsha Menon,6,Telugu,Hindi,79,76,70,99,,,79,69,472,78.67,B1,7.9,2026-09-09 09:54:25
60125,Vishal Menon,6,Hindi,Telugu,83,86,75,84,,,83,79,490,81.67,A2,8.2,2026-09-10 17:01:14
60126,Surya Gupta,6,Telugu,Hindi,83,84,94,99,,,88,91,539,89.83,A2,9.0,2026-08-02 08:05:13
60127,Priya Kulkarni,6,Telugu,Hindi,72,89,82,79,,,99,88,509,84.83,A2,8.5,2026-09-13 13:41:59
60128,Aadhya Kulkarni,6,Telugu,Hindi,43,48,58,54,,,63,64,330,55.00,C1,5.5,2026-08-22 07:18:55
60129,Keerthi Gupta,6,Telugu,Hindi,78,92,78,71,,,71,79,469,78.17,B1,7.8,2026-08-17 12:54:51
60130,Tarun Goud,6,Telugu,Hindi,78,79,66,73,,,99,80,475,79.17,B1,7.9,2026-08-06 19:11:14
60131,Pooja Sharma,6,Telugu,Hindi,24,37,38,29,,,38,43,209,34.83,F,3.5,2026-08-27 13:28:04
60132,Harini Gupta,6,Telugu,Hindi,63,87,66,61,,,48,65,390,65.00,B2,6.5,2026-08-10 17:39:51
60133,Surya Nair,6,Hindi,Telugu,83,83,82,67,,,75,64,454,75.67,B1,7.6,2026-08-03 10:52:06
60134,Aditya Singh,6,Telugu,Hindi,78,86,97,77,,,78,80,496,82.67,A2,8.3,2026-08-18 08:52:53
60135,Vishal Joshi,6,Telugu,Hindi,94,69,79,66,,,79,69,456,76.00,B1,7.6,2026-08-10 09:19:46
60136,Charan Chowdary,6,Telugu,Hindi,57,63,33,48,,,57,45,303,50.50,F,5.0,2026-09-09 17:27:24
60137,Sahithi Das,6,Hindi,Telugu,85,71,98,89,,,79,99,521,86.83,A2,8.7,2026-08-31 08:38:21
60138,Harsha Shetty,6,Hindi,Telugu,66,72,63,65,,,55,61,382,63.67,B2,6.4,2026-08-06 08:47:46
60139,Harini Patel,6,Telugu,Hindi,91,69,99,80,,,99,79,517,86.17,A2,8.6,2026-08-25 07:43:08
60140,Rohan Menon,6,Hindi,Telugu,77,58,75,98,,,63,63,434,72.33,B1,7.2,2026-08-19 07:21:29
60141,Akash Rao,6,Telugu,Hindi,66,75,63,79,,,99,78,460,76.67,B1,7.7,2026-09-12 07:28:10
60142,Varun Reddy,6,Telugu,Hindi,96,75,58,70,,,97,84,480,80.00,A2,8.0,2026-09-02 16:26:04
60143,Krishna Chowdary,6,Hindi,Telugu,82,72,76,86,,,54,63,433,72.17,B1,7.2,2026-09-09 15:39:12
60144,Vaishnavi Patel,6,Telugu,Hindi,83,68,86,77,,,77,84,475,79.17,B1,7.9,2026-08-27 16:53:42
60145,Lakshmi Iyer,6,Telugu,Hindi,77,99,81,83,,,99,66,505,84.17,A2,8.4,2026-08-02 20:23:13
60146,Keerthi Gupta,6,Telugu,Hindi,76,65,72,62,,,77,92,444,74.00,B1,7.4,2026-09-13 14:04:17
60147,Pranav Goud,6,Hindi,Telugu,73,89,84,74,,,96,75,491,81.83,A2,8.2,2026-08-01 16:55:32
60148,Pranav Patel,6,Hindi,Telugu,59,74,62,48,,,63,64,370,61.67,B2,6.2,2026-09-04 20:27:50
60149,Pranav Mishra,6,Telugu,Hindi,75,75,95,72,,,70,72,459,76.50,B1,7.7,2026-09-13 14:33:55
60150,Tarun Shetty,6,Hindi,Telugu,64,77,94,60,,,77,99,471,78.50,B1,7.8,2026-08-20 07:20:32
60151,Kavya Naidu,6,Telugu,Hindi,67,48,64,54,,,61,76,370,61.67,B2,6.2,2026-09-02 14:07:03
60152,Deepika Naidu,6,Hindi,Telugu,99,89,99,82,,,86,83,538,89.67,A2,9.0,2026-08-30 14:53:07
60153,Pranav Naidu,6,Hindi,Telugu,62,48,77,68,,,67,61,383,63.83,B2,6.4,2026-08-31 15:18:37
60154,Sahithi Reddy,6,Telugu,Hindi,78,82,77,98,,,82,82,499,83.17,A2,8.3,2026-08-02 10:05:52
60155,Aditya Mishra,6,Telugu,Hindi,92,83,86,98,,,62,94,515,85.83,A2,8.6,2026-09-03 14:28:59
60156,Ishita Das,6,Telugu,Hindi,81,77,74,82,,,92,86,492,82.00,A2,8.2,2026-09-09 15:50:58
60157,Aishwarya Shetty,6,Hindi,Telugu,23,38,42,8,,,34,59,204,34.00,F,3.4,2026-08-03 19:10:16
60158,Karthik Kumar,6,Telugu,Hindi,40,46,49,25,,,55,25,240,40.00,F,4.0,2026-09-07 19:17:29
60159,Vaishnavi Iyer,6,Telugu,Hindi,71,74,75,71,,,54,96,441,73.50,B1,7.3,2026-08-30 17:11:51
60160,Harsha Goud,6,Telugu,Hindi,33,44,49,35,,,43,57,261,43.50,F,4.3,2026-09-08 12:58:27
60161,Sneha Das,6,Hindi,Telugu,68,72,62,63,,,78,91,434,72.33,B1,7.2,2026-08-05 13:28:42
60162,Meghana Patel,6,Telugu,Hindi,76,84,64,83,,,93,98,498,83.00,A2,8.3,2026-08-15 18:33:08
60163,Sanjay Iyer,6,Hindi,Telugu,28,42,23,52,,,29,32,206,34.33,F,3.4,2026-08-19 10:51:34
60164,Vishal Gupta,6,Hindi,Telugu,62,64,68,75,,,79,73,421,70.17,B1,7.0,2026-08-17 12:26:44
60165,Vaishnavi Nair,6,Hindi,Telugu,86,72,78,96,,,57,83,472,78.67,B1,7.9,2026-09-10 16:02:16
60166,Ananya Nair,6,Hindi,Telugu,82,80,91,99,,,99,99,550,91.67,A1,9.2,2026-09-09 14:09:20
60167,Varun Menon,6,Hindi,Telugu,89,72,90,83,,,99,97,530,88.33,A2,8.8,2026-09-11 16:59:54
60168,Sneha Joshi,6,Hindi,Telugu,86,91,68,77,,,74,93,489,81.50,A2,8.2,2026-08-22 07:20:18
60169,Manish Chowdary,6,Telugu,Hindi,71,74,80,66,,,76,80,447,74.50,B1,7.5,2026-08-09 10:00:17
60170,Ishita Das,6,Telugu,Hindi,95,80,90,99,,,77,62,503,83.83,A2,8.4,2026-08-10 13:08:02
60171,Harsha Patel,6,Telugu,Hindi,85,75,84,70,,,82,91,487,81.17,A2,8.1,2026-08-12 17:13:08
60172,Sai Naidu,6,Hindi,Telugu,77,79,86,90,,,99,99,530,88.33,A2,8.8,2026-09-14 10:17:18
60173,Arjun Reddy,6,Hindi,Telugu,74,70,69,71,,,87,72,443,73.83,B1,7.4,2026-08-08 18:48:22
60174,Sai Naidu,6,Telugu,Hindi,99,92,75,45,,,76,97,484,80.67,A2,8.1,2026-08-29 18:50:18
60175,Varun Singh,6,Telugu,Hindi,35,32,35,22,,,54,53,231,38.50,F,3.9,2026-09-01 20:40:11
60176,Divya Shetty,6,Hindi,Telugu,91,99,99,95,,,88,84,556,92.67,A1,9.3,2026-09-12 08:10:01
60177,Vishal Singh,6,Telugu,Hindi,74,54,47,59,,,71,72,377,62.83,B2,6.3,2026-09-11 07:46:34
60178,Manish Chowdary,6,Telugu,Hindi,67,84,76,89,,,82,83,481,80.17,A2,8.0,2026-09-09 16:21:16
60179,Kavya Singh,6,Telugu,Hindi,82,81,68,63,,,68,62,424,70.67,B1,7.1,2026-09-06 16:58:13
60180,Ishita Chowdary,6,Hindi,Telugu,99,85,95,89,,,99,89,556,92.67,A1,9.3,2026-09-11 08:42:53
60181,Lakshmi Patel,6,Hindi,Telugu,75,79,55,91,,,85,68,453,75.50,B1,7.5,2026-09-08 13:50:55
60182,Vaishnavi Rao,6,Hindi,Telugu,91,78,77,80,,,66,78,470,78.33,B1,7.8,2026-08-28 10:22:24
60183,Divya Nair,6,Hindi,Telugu,97,99,86,97,,,88,90,557,92.83,A1,9.3,2026-08-16 12:37:11
60184,Krishna Reddy,6,Hindi,Telugu,74,99,90,92,,,91,84,530,88.33,A2,8.8,2026-08-23 08:46:11
60185,Tarun Iyer,6,Telugu,Hindi,88,68,69,74,,,88,85,472,78.67,B1,7.9,2026-08-07 08:06:49
60186,Krishna Sharma,6,Telugu,Hindi,69,94,76,87,,,93,74,493,82.17,A2,8.2,2026-08-16 10:56:08
60187,Nandini Kulkarni,6,Hindi,Telugu,99,99,90,99,,,88,78,553,92.17,A1,9.2,2026-08-10 18:19:06
60188,Sneha Menon,6,Hindi,Telugu,80,77,91,84,,,66,69,467,77.83,B1,7.8,2026-08-31 14:44:07
60189,Sai Yadav,6,Hindi,Telugu,59,72,70,81,,,59,41,382,63.67,B2,6.4,2026-08-22 14:32:22
60190,Neha Nair,6,Hindi,Telugu,98,92,88,71,,,68,90,507,84.50,A2,8.4,2026-08-10 12:57:38
60191,Krishna Verma,6,Hindi,Telugu,90,60,81,92,,,94,74,491,81.83,A2,8.2,2026-08-14 16:30:22
60192,Surya Kumar,6,Hindi,Telugu,53,73,61,86,,,50,55,378,63.00,B2,6.3,2026-09-02 10:06:36
60193,Aishwarya Iyer,6,Telugu,Hindi,96,99,83,89,,,79,98,544,90.67,A1,9.1,2026-08-16 18:56:33
60194,Ananya Das,6,Telugu,Hindi,91,76,83,72,,,89,82,493,82.17,A2,8.2,2026-08-29 17:24:57
60195,Charan Singh,6,Telugu,Hindi,77,69,60,85,,,68,84,443,73.83,B1,7.4,2026-08-09 10:27:02
60196,Vijay Nair,6,Telugu,Hindi,88,83,74,99,,,80,92,516,86.00,A2,8.6,2026-08-11 20:13:18
60197,Rohan Kumar,6,Telugu,Hindi,99,83,99,99,,,84,79,543,90.50,A1,9.1,2026-09-04 10:01:26
60198,Divya Goud,6,Telugu,Hindi,86,63,83,99,,,94,78,503,83.83,A2,8.4,2026-08-05 17:37:35
60199,Aarav Nair,6,Hindi,Telugu,83,86,75,99,,,70,92,505,84.17,A2,8.4,2026-08-30 11:31:01
60200,Tarun Nair,6,Hindi,Telugu,87,83,87,77,,,97,74,505,84.17,A2,8.4,2026-09-11 16:23:09
60201,Aarav Verma,6,Telugu,Hindi,77,76,91,94,,,99,99,536,89.33,A2,8.9,2026-08-28 09:03:43
60202,Krishna Menon,6,Telugu,Hindi,82,83,71,91,,,77,99,503,83.83,A2,8.4,2026-09-07 10:28:05
60203,Krishna Singh,6,Hindi,Telugu,71,79,93,82,,,69,75,469,78.17,B1,7.8,2026-08-02 08:13:18
60204,Krishna Singh,6,Telugu,Hindi,63,60,74,56,,,58,74,385,64.17,B2,6.4,2026-09-02 18:15:07
60205,Arjun Verma,6,Hindi,Telugu,75,90,85,82,,,96,99,527,87.83,A2,8.8,2026-08-27 14:01:33
60206,Tarun Iyer,6,Hindi,Telugu,98,89,94,79,,,86,96,542,90.33,A1,9.0,2026-08-29 10:14:04
60207,Swathi Naidu,6,Hindi,Telugu,98,88,99,89,,,86,87,547,91.17,A1,9.1,2026-08-24 11:08:44
60208,Rohan Nair,6,Telugu,Hindi,53,72,70,65,,,65,79,404,67.33,B2,6.7,2026-09-09 18:30:24
60209,Swathi Yadav,6,Hindi,Telugu,64,62,69,80,,,62,52,389,64.83,B2,6.5,2026-08-19 19:26:17
60210,Keerthi Verma,6,Hindi,Telugu,81,58,79,74,,,52,76,420,70.00,B1,7.0,2026-08-04 20:48:23
60211,Sneha Das,6,Telugu,Hindi,71,57,67,82,,,53,68,398,66.33,B2,6.6,2026-08-25 07:10:30
60212,Tarun Naidu,6,Hindi,Telugu,90,75,72,78,,,69,99,483,80.50,A2,8.1,2026-08-23 16:18:43
60213,Vijay Patel,6,Hindi,Telugu,89,81,86,71,,,99,82,508,84.67,A2,8.5,2026-08-03 10:01:06
60214,Aadhya Rao,6,Hindi,Telugu,82,99,78,89,,,82,90,520,86.67,A2,8.7,2026-09-12 15:32:18
60215,Harsha Reddy,6,Hindi,Telugu,84,73,81,52,,,83,85,458,76.33,B1,7.6,2026-08-08 13:48:28
60216,Harini Gupta,6,Hindi,Telugu,86,94,69,92,,,84,87,512,85.33,A2,8.5,2026-08-01 08:20:12
60217,Aditya Patel,6,Hindi,Telugu,8,43,41,33,,,35,34,194,32.33,F,3.2,2026-08-22 20:12:29
60218,Harini Naidu,6,Telugu,Hindi,77,78,89,72,,,70,80,466,77.67,B1,7.8,2026-08-19 20:47:26
60219,Meghana Naidu,6,Hindi,Telugu,56,69,70,70,,,88,70,423,70.50,B1,7.0,2026-08-10 16:01:43
60220,Akash Patel,6,Hindi,Telugu,89,81,96,94,,,90,72,522,87.00,A2,8.7,2026-08-30 20:54:26
60221,Akash Shetty,7,Hindi,Telugu,98,90,79,99,,,63,79,508,84.67,A2,8.5,2026-08-15 15:30:37
60222,Neha Menon,7,Telugu,Hindi,92,84,85,59,,,83,86,489,81.50,A2,8.2,2026-08-14 11:45:09
60223,Harini Mishra,7,Hindi,Telugu,71,67,88,93,,,84,86,489,81.50,A2,8.2,2026-09-07 08:46:41
60224,Priya Verma,7,Telugu,Hindi,53,45,43,23,,,33,27,224,37.33,F,3.7,2026-08-14 10:48:53
60225,Nikhil Reddy,7,Telugu,Hindi,94,79,77,85,,,99,98,532,88.67,A2,8.9,2026-08-27 17:35:12
60226,Nikhil Reddy,7,Hindi,Telugu,48,42,22,16,,,32,61,221,36.83,F,3.7,2026-09-12 07:54:24
60227,Charan Reddy,7,Hindi,Telugu,53,74,62,86,,,77,73,425,70.83,B1,7.1,2026-08-25 08:59:35
60228,Surya Gupta,7,Hindi,Telugu,99,77,71,99,,,84,71,501,83.50,A2,8.3,2026-09-07 12:04:04
60229,Nikhil Chowdary,7,Telugu,Hindi,84,96,71,86,,,84,94,515,85.83,A2,8.6,2026-08-02 13:19:42
60230,Sai Patel,7,Telugu,Hindi,89,77,93,97,,,97,92,545,90.83,A1,9.1,2026-08-23 11:47:50
60231,Aarav Singh,7,Hindi,Telugu,68,68,77,62,,,73,78,426,71.00,B1,7.1,2026-09-07 16:37:23
60232,Vishal Joshi,7,Hindi,Telugu,75,76,73,61,,,59,76,420,70.00,B1,7.0,2026-08-29 07:37:46
60233,Krishna Verma,7,Telugu,Hindi,80,86,86,74,,,67,87,480,80.00,A2,8.0,2026-08-30 17:29:37
60234,Aditya Gupta,7,Hindi,Telugu,94,90,91,99,,,88,97,559,93.17,A1,9.3,2026-08-31 10:10:29
60235,Vijay Nair,7,Telugu,Hindi,85,60,81,91,,,77,67,461,76.83,B1,7.7,2026-08-24 15:08:08
60236,Nandini Kumar,7,Telugu,Hindi,51,57,48,52,,,36,44,288,48.00,C2,4.8,2026-08-05 16:22:49
60237,Kavya Patel,7,Hindi,Telugu,65,82,77,89,,,99,84,496,82.67,A2,8.3,2026-09-06 11:28:09
60238,Vaishnavi Menon,7,Telugu,Hindi,91,77,82,73,,,67,76,466,77.67,B1,7.8,2026-09-01 11:22:26
60239,Rohan Goud,7,Telugu,Hindi,71,95,96,70,,,83,88,503,83.83,A2,8.4,2026-08-20 20:55:53
60240,Vishal Mishra,7,Telugu,Hindi,65,79,74,87,,,93,56,454,75.67,B1,7.6,2026-08-18 08:25:38
60241,Nikhil Kulkarni,7,Hindi,Telugu,96,65,74,99,,,88,76,498,83.00,A2,8.3,2026-08-19 14:37:36
60242,Deepika Patel,7,Telugu,Hindi,90,94,73,89,,,73,95,514,85.67,A2,8.6,2026-09-06 17:50:12
60243,Neha Naidu,7,Hindi,Telugu,86,82,84,78,,,73,83,486,81.00,A2,8.1,2026-08-25 10:17:51
60244,Akash Chowdary,7,Hindi,Telugu,86,90,62,63,,,81,55,437,72.83,B1,7.3,2026-08-17 12:54:33
60245,Deepika Nair,7,Hindi,Telugu,75,99,86,65,,,82,59,466,77.67,B1,7.8,2026-08-25 13:01:53
60246,Nikhil Yadav,7,Telugu,Hindi,81,85,56,76,,,81,80,459,76.50,B1,7.7,2026-08-14 13:58:38
60247,Aadhya Iyer,7,Hindi,Telugu,85,91,92,99,,,78,99,544,90.67,A1,9.1,2026-09-13 10:03:30
60248,Aditya Sharma,7,Hindi,Telugu,67,93,91,99,,,74,95,519,86.50,A2,8.7,2026-08-06 10:43:58
60249,Sanjay Das,7,Telugu,Hindi,94,82,90,76,,,83,95,520,86.67,A2,8.7,2026-08-07 14:47:01
60250,Rahul Singh,7,Telugu,Hindi,99,99,92,99,,,82,99,570,95.00,A1,9.5,2026-08-13 11:05:58
60251,Surya Kumar,7,Hindi,Telugu,69,61,58,54,,,67,70,379,63.17,B2,6.3,2026-08-11 09:03:22
60252,Priya Gupta,7,Telugu,Hindi,39,64,45,55,,,59,45,307,51.17,C1,5.1,2026-08-24 16:20:55
60253,Pranav Menon,7,Telugu,Hindi,58,76,51,52,,,57,59,353,58.83,C1,5.9,2026-09-01 17:13:49
60254,Arjun Joshi,7,Telugu,Hindi,70,73,65,70,,,58,74,410,68.33,B2,6.8,2026-08-07 20:07:32
60255,Meghana Rao,7,Hindi,Telugu,23,32,33,25,,,32,18,163,27.17,F,2.7,2026-08-07 19:47:50
60256,Keerthi Rao,7,Hindi,Telugu,89,79,78,80,,,73,97,496,82.67,A2,8.3,2026-08-05 12:46:23
60257,Divya Nair,7,Hindi,Telugu,89,70,80,87,,,78,69,473,78.83,B1,7.9,2026-08-15 18:16:51
60258,Harini Goud,7,Telugu,Hindi,94,99,84,75,,,91,82,525,87.50,A2,8.8,2026-09-08 14:05:30
60259,Divya Menon,7,Telugu,Hindi,88,69,77,81,,,87,74,476,79.33,B1,7.9,2026-08-12 19:47:50
60260,Ishita Nair,7,Telugu,Hindi,87,74,92,79,,,56,71,459,76.50,B1,7.7,2026-08-26 14:31:11
60261,Vijay Singh,7,Hindi,Telugu,74,94,97,72,,,81,66,484,80.67,A2,8.1,2026-09-01 14:10:55
60262,Divya Das,7,Hindi,Telugu,62,81,58,72,,,85,71,429,71.50,B1,7.2,2026-08-11 08:11:06
60263,Charan Gupta,7,Hindi,Telugu,26,26,17,22,,,32,35,158,26.33,F,2.6,2026-08-25 16:52:31
60264,Tarun Gupta,7,Hindi,Telugu,47,39,47,47,,,38,40,258,43.00,C2,4.3,2026-08-08 18:07:55
60265,Meghana Joshi,7,Telugu,Hindi,99,84,99,76,,,86,87,531,88.50,A2,8.8,2026-08-12 11:21:17
60266,Nandini Yadav,7,Hindi,Telugu,79,94,99,66,,,81,74,493,82.17,A2,8.2,2026-09-02 18:17:19
60267,Neha Joshi,7,Telugu,Hindi,86,84,72,79,,,77,67,465,77.50,B1,7.8,2026-08-08 07:01:46
60268,Bhavya Goud,7,Hindi,Telugu,91,83,71,50,,,70,84,449,74.83,B1,7.5,2026-08-28 12:07:27
60269,Vijay Joshi,7,Telugu,Hindi,98,99,99,66,,,99,64,525,87.50,A2,8.8,2026-09-13 13:56:55
60270,Nandini Menon,7,Hindi,Telugu,82,67,79,60,,,65,84,437,72.83,B1,7.3,2026-08-06 17:02:57
60271,Harini Verma,7,Telugu,Hindi,91,81,79,80,,,93,81,505,84.17,A2,8.4,2026-09-04 10:24:28
60272,Vijay Shetty,7,Telugu,Hindi,77,90,84,84,,,69,79,483,80.50,A2,8.1,2026-09-07 15:24:31
60273,Rohan Sharma,7,Telugu,Hindi,72,71,96,93,,,68,95,495,82.50,A2,8.2,2026-08-15 20:18:50
60274,Nikhil Kumar,7,Hindi,Telugu,90,96,85,90,,,93,99,553,92.17,A1,9.2,2026-09-11 15:25:40
60275,Kavya Sharma,7,Telugu,Hindi,99,79,99,87,,,92,99,555,92.50,A1,9.2,2026-09-07 20:23:37
60276,Manish Kulkarni,7,Hindi,Telugu,82,93,66,86,,,67,84,478,79.67,B1,8.0,2026-09-03 15:36:42
60277,Aarav Iyer,7,Telugu,Hindi,79,95,99,94,,,65,78,510,85.00,A2,8.5,2026-08-21 14:58:47
60278,Priya Reddy,7,Hindi,Telugu,84,96,79,79,,,72,79,489,81.50,A2,8.2,2026-09-03 12:41:17
60279,Vaishnavi Naidu,7,Telugu,Hindi,93,83,90,86,,,75,99,526,87.67,A2,8.8,2026-08-09 15:08:07
60280,Harsha Singh,7,Telugu,Hindi,99,92,90,91,,,83,96,551,91.83,A1,9.2,2026-09-04 13:16:34
60281,Neha Gupta,7,Hindi,Telugu,91,72,77,99,,,72,72,483,80.50,A2,8.1,2026-08-07 07:39:29
60282,Bhavya Iyer,7,Hindi,Telugu,84,77,73,96,,,96,98,524,87.33,A2,8.7,2026-08-26 08:40:53
60283,Aishwarya Rao,7,Telugu,Hindi,78,78,78,66,,,93,94,487,81.17,A2,8.1,2026-08-15 16:24:05
60284,Vaishnavi Verma,7,Hindi,Telugu,80,97,73,89,,,82,94,515,85.83,A2,8.6,2026-08-22 19:39:53
60285,Pranav Rao,7,Hindi,Telugu,69,75,75,86,,,81,80,466,77.67,B1,7.8,2026-09-05 07:35:02
60286,Keerthi Yadav,7,Hindi,Telugu,85,94,94,81,,,98,84,536,89.33,A2,8.9,2026-09-04 10:56:52
60287,Harsha Yadav,7,Telugu,Hindi,66,66,48,52,,,65,65,362,60.33,B2,6.0,2026-08-27 18:12:34
60288,Krishna Sharma,7,Telugu,Hindi,88,75,93,84,,,90,95,525,87.50,A2,8.8,2026-08-27 11:55:08
60289,Meghana Yadav,7,Telugu,Hindi,77,59,76,58,,,52,72,394,65.67,B2,6.6,2026-09-11 12:00:28
60290,Keerthi Patel,7,Telugu,Hindi,70,97,58,69,,,82,99,475,79.17,B1,7.9,2026-08-31 10:39:10
60291,Harini Yadav,7,Hindi,Telugu,99,89,99,74,,,83,88,532,88.67,A2,8.9,2026-08-16 10:07:04
60292,Surya Chowdary,7,Telugu,Hindi,68,70,69,91,,,69,80,447,74.50,B1,7.5,2026-08-21 12:47:16
60293,Ishita Kulkarni,7,Telugu,Hindi,56,73,65,63,,,58,74,389,64.83,B2,6.5,2026-08-05 09:28:49
60294,Priya Joshi,7,Telugu,Hindi,40,74,73,57,,,68,46,358,59.67,C1,6.0,2026-08-27 14:22:54
60295,Aarav Verma,7,Hindi,Telugu,92,86,87,63,,,85,88,501,83.50,A2,8.3,2026-08-10 15:14:15
60296,Vijay Nair,7,Telugu,Hindi,93,91,90,68,,,74,91,507,84.50,A2,8.4,2026-08-20 16:50:44
60297,Neha Patel,7,Telugu,Hindi,99,77,78,80,,,82,93,509,84.83,A2,8.5,2026-09-13 10:49:34
60298,Divya Yadav,7,Hindi,Telugu,70,87,73,99,,,83,85,497,82.83,A2,8.3,2026-08-27 16:59:14
60299,Arjun Naidu,7,Hindi,Telugu,99,86,88,84,,,99,86,542,90.33,A1,9.0,2026-08-25 07:05:46
60300,Keerthi Shetty,7,Telugu,Hindi,73,29,62,51,,,66,87,368,61.33,F,6.1,2026-08-28 20:02:06
60301,Priya Kumar,7,Telugu,Hindi,91,72,73,81,,,64,56,437,72.83,B1,7.3,2026-09-03 11:48:45
60302,Surya Reddy,7,Hindi,Telugu,67,69,76,66,,,53,70,401,66.83,B2,6.7,2026-08-20 14:19:09
60303,Sai Mishra,7,Telugu,Hindi,82,86,72,85,,,85,75,485,80.83,A2,8.1,2026-08-06 09:11:43
60304,Sanjay Yadav,7,Telugu,Hindi,96,83,99,84,,,99,92,553,92.17,A1,9.2,2026-09-09 08:27:21
60305,Manish Shetty,7,Telugu,Hindi,55,72,66,62,,,71,53,379,63.17,B2,6.3,2026-08-17 16:33:36
60306,Neha Joshi,7,Hindi,Telugu,64,92,81,84,,,57,93,471,78.50,B1,7.8,2026-08-08 19:22:03
60307,Pooja Rao,7,Hindi,Telugu,97,67,73,99,,,64,84,484,80.67,A2,8.1,2026-08-07 14:22:27
60308,Kavya Mishra,7,Hindi,Telugu,80,67,93,99,,,89,84,512,85.33,A2,8.5,2026-08-19 14:15:55
60309,Tarun Sharma,7,Hindi,Telugu,44,43,39,57,,,40,40,263,43.83,C2,4.4,2026-08-03 18:42:56
60310,Kavya Joshi,7,Telugu,Hindi,14,45,19,25,,,38,16,157,26.17,F,2.6,2026-09-07 14:25:43
60311,Ishita Das,7,Hindi,Telugu,83,66,62,69,,,83,78,441,73.50,B1,7.3,2026-08-03 13:58:47
60312,Rahul Sharma,7,Telugu,Hindi,43,81,93,84,,,82,86,469,78.17,B1,7.8,2026-09-13 08:20:07
60313,Sneha Naidu,7,Telugu,Hindi,66,72,71,66,,,77,46,398,66.33,B2,6.6,2026-08-12 19:10:43
60314,Charan Mishra,7,Hindi,Telugu,98,92,81,88,,,65,79,503,83.83,A2,8.4,2026-08-23 17:26:51
60315,Divya Singh,7,Telugu,Hindi,46,57,48,42,,,48,42,283,47.17,C2,4.7,2026-08-28 13:41:37
60316,Pranav Naidu,7,Hindi,Telugu,99,99,92,82,,,73,79,524,87.33,A2,8.7,2026-08-30 09:13:45
60317,Surya Shetty,7,Hindi,Telugu,69,84,98,99,,,86,81,517,86.17,A2,8.6,2026-08-07 15:55:19
60318,Aditya Menon,7,Telugu,Hindi,95,73,89,99,,,86,64,506,84.33,A2,8.4,2026-09-06 19:36:32
60319,Kavya Sharma,7,Hindi,Telugu,99,77,73,87,,,75,72,483,80.50,A2,8.1,2026-09-01 09:54:38
60320,Sanjay Reddy,7,Hindi,Telugu,76,71,74,99,,,84,71,475,79.17,B1,7.9,2026-08-08 12:54:24
60321,Harsha Goud,7,Hindi,Telugu,81,78,86,59,,,74,62,440,73.33,B1,7.3,2026-09-05 12:58:22
60322,Tarun Kulkarni,7,Hindi,Telugu,75,66,96,99,,,75,86,497,82.83,A2,8.3,2026-08-14 18:01:36
60323,Akash Sharma,7,Telugu,Hindi,72,68,86,87,,,82,97,492,82.00,A2,8.2,2026-08-06 12:32:20
60324,Nandini Chowdary,7,Hindi,Telugu,91,63,72,63,,,73,81,443,73.83,B1,7.4,2026-09-02 14:19:16
60325,Vijay Kumar,7,Hindi,Telugu,96,77,80,95,,,81,73,502,83.67,A2,8.4,2026-08-23 19:21:24
60326,Bhavya Naidu,7,Hindi,Telugu,73,70,56,50,,,77,74,400,66.67,B2,6.7,2026-08-22 10:27:30
60327,Pranav Shetty,7,Hindi,Telugu,67,71,81,64,,,72,51,406,67.67,B2,6.8,2026-08-19 17:54:51
60328,Aditya Goud,7,Hindi,Telugu,81,67,99,86,,,99,79,511,85.17,A2,8.5,2026-08-25 09:58:39
60329,Vijay Verma,7,Telugu,Hindi,47,62,71,65,,,62,54,361,60.17,B2,6.0,2026-08-30 20:05:28
60330,Deepika Goud,7,Hindi,Telugu,54,44,41,47,,,34,59,279,46.50,F,4.7,2026-08-02 16:36:42
60331,Krishna Gupta,7,Hindi,Telugu,74,68,71,58,,,89,55,415,69.17,B2,6.9,2026-08-17 19:59:54
60332,Kavya Naidu,7,Hindi,Telugu,79,90,99,83,,,89,98,538,89.67,A2,9.0,2026-08-14 14:16:06
60333,Priya Shetty,7,Hindi,Telugu,68,53,67,99,,,71,76,434,72.33,B1,7.2,2026-09-06 18:42:59
60334,Priya Sharma,7,Hindi,Telugu,80,99,71,75,,,85,74,484,80.67,A2,8.1,2026-09-10 19:15:58
60335,Kavya Singh,7,Hindi,Telugu,94,77,91,83,,,99,99,543,90.50,A1,9.1,2026-08-07 08:38:42
60336,Sneha Verma,7,Hindi,Telugu,75,84,90,74,,,77,81,481,80.17,A2,8.0,2026-09-14 19:22:53
60337,Meghana Nair,7,Telugu,Hindi,66,68,93,67,,,85,87,466,77.67,B1,7.8,2026-08-08 07:28:16
60338,Keerthi Menon,7,Hindi,Telugu,75,89,93,79,,,83,78,497,82.83,A2,8.3,2026-09-03 20:47:34
60339,Deepika Shetty,7,Hindi,Telugu,83,64,73,77,,,81,75,453,75.50,B1,7.5,2026-09-12 18:41:59
60340,Kavya Das,7,Hindi,Telugu,93,96,72,93,,,99,87,540,90.00,A1,9.0,2026-09-11 20:28:50
60341,Pranav Kumar,7,Hindi,Telugu,40,78,50,48,,,80,61,357,59.50,C1,6.0,2026-08-31 10:09:13
60342,Krishna Shetty,7,Telugu,Hindi,69,90,93,98,,,75,94,519,86.50,A2,8.7,2026-08-05 10:26:50
60343,Karthik Mishra,7,Hindi,Telugu,82,57,83,87,,,60,65,434,72.33,B1,7.2,2026-08-10 19:30:46
60344,Sanjay Sharma,7,Hindi,Telugu,83,68,99,82,,,99,81,512,85.33,A2,8.5,2026-09-03 09:31:15
60345,Manish Naidu,7,Hindi,Telugu,77,46,51,82,,,61,82,399,66.50,B2,6.7,2026-09-13 12:36:09
60346,Surya Reddy,7,Hindi,Telugu,80,99,98,90,,,79,95,541,90.17,A1,9.0,2026-09-02 15:18:07
60347,Charan Goud,7,Hindi,Telugu,78,88,65,99,,,85,92,507,84.50,A2,8.4,2026-08-18 13:35:45
60348,Surya Rao,7,Telugu,Hindi,79,60,64,65,,,80,70,418,69.67,B2,7.0,2026-08-12 09:22:01
60349,Vaishnavi Chowdary,7,Telugu,Hindi,74,70,92,74,,,81,99,490,81.67,A2,8.2,2026-08-06 18:51:33
60350,Aishwarya Singh,7,Telugu,Hindi,94,76,78,52,,,76,82,458,76.33,B1,7.6,2026-08-05 16:45:47
60351,Priya Menon,7,Hindi,Telugu,80,75,70,59,,,81,75,440,73.33,B1,7.3,2026-09-05 18:07:16
60352,Surya Das,7,Telugu,Hindi,85,80,96,92,,,90,94,537,89.50,A2,8.9,2026-09-08 19:56:22
60353,Rahul Yadav,7,Telugu,Hindi,83,80,75,79,,,99,90,506,84.33,A2,8.4,2026-09-09 19:34:49
60354,Ishita Shetty,7,Hindi,Telugu,99,99,81,81,,,72,76,508,84.67,A2,8.5,2026-08-19 08:36:52
60355,Arjun Kulkarni,7,Telugu,Hindi,72,87,82,73,,,98,63,475,79.17,B1,7.9,2026-08-03 17:57:44
60356,Varun Chowdary,7,Hindi,Telugu,69,60,71,61,,,70,85,416,69.33,B2,6.9,2026-08-12 16:49:39
60357,Pranav Rao,7,Hindi,Telugu,76,76,99,99,,,76,71,497,82.83,A2,8.3,2026-09-12 19:07:47
60358,Akash Das,7,Hindi,Telugu,99,89,93,87,,,83,93,544,90.67,A1,9.1,2026-08-24 08:13:21
60359,Charan Kulkarni,7,Hindi,Telugu,60,85,99,86,,,95,86,511,85.17,A2,8.5,2026-09-03 17:26:27
60360,Neha Yadav,7,Telugu,Hindi,85,79,89,92,,,79,79,503,83.83,A2,8.4,2026-08-13 19:53:28
60361,Ananya Sharma,7,Hindi,Telugu,92,86,84,88,,,92,84,526,87.67,A2,8.8,2026-08-28 12:36:48
60362,Harini Goud,7,Telugu,Hindi,68,70,81,96,,,82,86,483,80.50,A2,8.1,2026-08-20 12:42:43
60363,Tarun Yadav,7,Telugu,Hindi,79,79,66,86,,,91,79,480,80.00,A2,8.0,2026-08-13 07:33:28
60364,Keerthi Joshi,7,Hindi,Telugu,98,75,85,99,,,99,92,548,91.33,A1,9.1,2026-08-06 18:29:03
60365,Meghana Chowdary,7,Telugu,Hindi,70,81,69,46,,,99,65,430,71.67,B1,7.2,2026-08-23 19:39:20
60366,Meghana Nair,7,Hindi,Telugu,85,84,65,69,,,91,83,477,79.50,B1,8.0,2026-08-25 13:25:04
60367,Deepika Gupta,7,Telugu,Hindi,82,99,95,79,,,99,74,528,88.00,A2,8.8,2026-09-10 16:09:35
60368,Kavya Patel,7,Hindi,Telugu,92,82,83,99,,,90,99,545,90.83,A1,9.1,2026-08-03 12:26:29
60369,Surya Iyer,7,Hindi,Telugu,65,99,93,84,,,93,69,503,83.83,A2,8.4,2026-08-13 16:13:16
60370,Harini Iyer,7,Telugu,Hindi,82,71,97,56,,,81,73,460,76.67,B1,7.7,2026-08-18 20:58:11
60371,Deepika Rao,7,Hindi,Telugu,66,71,87,68,,,64,45,401,66.83,B2,6.7,2026-08-06 09:35:57
60372,Arjun Shetty,7,Telugu,Hindi,88,86,82,83,,,85,99,523,87.17,A2,8.7,2026-09-09 09:04:24
60373,Ishita Menon,7,Telugu,Hindi,74,79,77,82,,,68,76,456,76.00,B1,7.6,2026-09-05 14:38:08
60374,Aditya Yadav,7,Telugu,Hindi,67,61,44,52,,,36,57,317,52.83,C1,5.3,2026-08-29 16:05:34
60375,Vishal Patel,7,Telugu,Hindi,90,99,99,99,,,78,84,549,91.50,A1,9.2,2026-08-01 12:15:22
60376,Vaishnavi Yadav,7,Telugu,Hindi,60,48,69,73,,,54,73,377,62.83,B2,6.3,2026-08-16 12:25:42
60377,Ishita Goud,7,Hindi,Telugu,61,78,64,61,,,87,76,427,71.17,B1,7.1,2026-08-29 08:05:59
60378,Arjun Reddy,7,Hindi,Telugu,81,77,91,62,,,64,76,451,75.17,B1,7.5,2026-09-05 14:41:35
60379,Harsha Das,7,Telugu,Hindi,89,76,83,94,,,88,77,507,84.50,A2,8.4,2026-08-13 09:52:11
60380,Deepika Patel,7,Hindi,Telugu,97,99,99,86,,,99,80,560,93.33,A1,9.3,2026-08-03 08:09:38
60381,Manish Kumar,7,Hindi,Telugu,87,92,66,99,,,54,74,472,78.67,B1,7.9,2026-08-16 10:02:33
60382,Sanjay Sharma,7,Telugu,Hindi,63,57,62,79,,,68,72,401,66.83,B2,6.7,2026-08-19 07:43:37
60383,Krishna Mishra,7,Hindi,Telugu,66,99,85,77,,,87,79,493,82.17,A2,8.2,2026-09-02 10:38:55
60384,Sai Reddy,7,Telugu,Hindi,65,99,82,86,,,87,64,483,80.50,A2,8.1,2026-09-05 07:06:17
60385,Karthik Shetty,7,Telugu,Hindi,60,80,75,68,,,99,99,481,80.17,A2,8.0,2026-08-19 15:00:00
60386,Karthik Yadav,7,Hindi,Telugu,83,98,86,91,,,80,93,531,88.50,A2,8.8,2026-08-06 09:37:26
60387,Manish Naidu,7,Hindi,Telugu,68,88,82,81,,,77,66,462,77.00,B1,7.7,2026-09-02 18:46:47
60388,Aishwarya Singh,7,Telugu,Hindi,68,78,67,74,,,72,85,444,74.00,B1,7.4,2026-08-29 10:44:08
60389,Rohan Joshi,7,Telugu,Hindi,87,84,93,99,,,76,99,538,89.67,A2,9.0,2026-08-10 16:31:04
60390,Karthik Chowdary,7,Telugu,Hindi,54,71,61,67,,,90,61,404,67.33,B2,6.7,2026-08-04 14:11:12
60391,Priya Shetty,7,Telugu,Hindi,85,60,85,87,,,93,80,490,81.67,A2,8.2,2026-08-09 19:59:16
60392,Deepika Naidu,7,Hindi,Telugu,73,69,85,64,,,62,65,418,69.67,B2,7.0,2026-08-18 13:30:20
60393,Pooja Reddy,7,Telugu,Hindi,77,78,91,80,,,81,90,497,82.83,A2,8.3,2026-08-22 16:25:28
60394,Varun Reddy,7,Telugu,Hindi,69,38,97,62,,,84,75,425,70.83,B1,7.1,2026-08-16 10:51:06
60395,Tarun Chowdary,7,Telugu,Hindi,73,66,54,69,,,68,79,409,68.17,B2,6.8,2026-09-07 20:03:44
60396,Vijay Goud,7,Telugu,Hindi,56,54,82,83,,,63,63,401,66.83,B2,6.7,2026-09-10 11:48:30
60397,Akash Das,7,Telugu,Hindi,85,84,84,92,,,99,72,516,86.00,A2,8.6,2026-08-30 13:19:34
60398,Meghana Yadav,7,Telugu,Hindi,78,59,77,93,,,73,75,455,75.83,B1,7.6,2026-08-20 10:47:21
60399,Meghana Nair,7,Telugu,Hindi,90,86,78,66,,,88,82,490,81.67,A2,8.2,2026-08-06 18:49:06
60400,Vaishnavi Patel,7,Hindi,Telugu,81,87,86,65,,,76,95,490,81.67,A2,8.2,2026-08-30 15:40:10
60401,Priya Iyer,7,Hindi,Telugu,86,81,85,88,,,93,99,532,88.67,A2,8.9,2026-08-29 20:25:53
60402,Vijay Naidu,7,Telugu,Hindi,78,79,60,63,,,80,72,432,72.00,B1,7.2,2026-09-02 07:47:12
60403,Kavya Patel,7,Hindi,Telugu,91,92,80,99,,,81,99,542,90.33,A1,9.0,2026-08-30 14:38:43
60404,Karthik Shetty,7,Hindi,Telugu,80,62,59,51,,,67,77,396,66.00,B2,6.6,2026-08-10 18:02:39
60405,Aadhya Iyer,7,Hindi,Telugu,66,81,81,99,,,68,66,461,76.83,B1,7.7,2026-08-07 11:25:31
60406,Vijay Yadav,7,Hindi,Telugu,84,93,99,99,,,78,88,541,90.17,A1,9.0,2026-08-05 08:20:59
60407,Priya Shetty,7,Telugu,Hindi,70,61,75,72,,,99,72,449,74.83,B1,7.5,2026-08-27 07:22:07
60408,Pooja Reddy,7,Telugu,Hindi,90,89,75,79,,,63,69,465,77.50,B1,7.8,2026-09-05 15:42:16
60409,Sahithi Menon,7,Telugu,Hindi,85,73,81,90,,,74,81,484,80.67,A2,8.1,2026-08-18 17:53:08
60410,Rohan Kulkarni,7,Hindi,Telugu,99,98,87,99,,,99,94,576,96.00,A1,9.6,2026-08-13 14:43:23
60411,Vijay Rao,7,Hindi,Telugu,33,39,35,57,,,49,49,262,43.67,F,4.4,2026-09-09 10:59:38
60412,Aishwarya Rao,7,Hindi,Telugu,70,77,75,75,,,56,78,431,71.83,B1,7.2,2026-09-09 17:00:03
60413,Neha Kumar,7,Telugu,Hindi,86,99,99,71,,,99,93,547,91.17,A1,9.1,2026-08-18 10:38:08
60414,Vijay Rao,7,Hindi,Telugu,74,99,91,98,,,91,78,531,88.50,A2,8.8,2026-08-19 09:48:20
60415,Divya Kulkarni,7,Telugu,Hindi,72,84,76,78,,,73,52,435,72.50,B1,7.2,2026-09-03 13:38:03
60416,Bhavya Nair,7,Hindi,Telugu,87,80,70,86,,,70,97,490,81.67,A2,8.2,2026-08-11 18:17:36
60417,Harini Menon,7,Telugu,Hindi,99,85,80,88,,,93,84,529,88.17,A2,8.8,2026-08-04 11:22:12
60418,Lakshmi Joshi,7,Hindi,Telugu,40,38,40,34,,,40,35,227,37.83,F,3.8,2026-09-06 14:22:20
60419,Aditya Mishra,7,Telugu,Hindi,94,71,92,97,,,89,84,527,87.83,A2,8.8,2026-08-10 07:48:31
60420,Vaishnavi Kumar,7,Telugu,Hindi,75,74,75,74,,,88,89,475,79.17,B1,7.9,2026-09-09 18:56:01
60421,Nandini Naidu,7,Hindi,Telugu,76,66,77,54,,,99,60,432,72.00,B1,7.2,2026-08-26 09:20:35
60422,Harsha Yadav,7,Hindi,Telugu,72,57,93,58,,,79,63,422,70.33,B1,7.0,2026-09-08 09:48:03
60423,Manish Shetty,7,Telugu,Hindi,66,37,61,53,,,64,51,332,55.33,C1,5.5,2026-09-13 10:11:15
60424,Harsha Kulkarni,7,Hindi,Telugu,97,90,91,82,,,65,99,524,87.33,A2,8.7,2026-08-06 11:35:16
60425,Varun Verma,7,Telugu,Hindi,67,73,81,74,,,27,69,391,65.17,F,6.5,2026-09-03 07:19:45
60426,Priya Nair,7,Hindi,Telugu,49,36,24,54,,,40,27,230,38.33,F,3.8,2026-08-03 12:07:46
60427,Harini Verma,7,Telugu,Hindi,99,76,84,91,,,99,85,534,89.00,A2,8.9,2026-08-13 08:52:18
60428,Harsha Gupta,7,Hindi,Telugu,69,68,82,74,,,81,73,447,74.50,B1,7.5,2026-08-06 11:47:35
60429,Arjun Kumar,7,Hindi,Telugu,59,42,55,59,,,52,62,329,54.83,C1,5.5,2026-08-06 11:41:26
60430,Vaishnavi Shetty,7,Hindi,Telugu,56,64,73,56,,,73,58,380,63.33,B2,6.3,2026-08-19 19:26:18
60431,Tarun Naidu,7,Hindi,Telugu,95,64,87,99,,,99,97,541,90.17,A1,9.0,2026-08-21 16:45:26
60432,Aadhya Reddy,7,Hindi,Telugu,74,77,97,86,,,76,79,489,81.50,A2,8.2,2026-08-15 10:27:43
60433,Aditya Das,7,Hindi,Telugu,71,72,59,70,,,85,83,440,73.33,B1,7.3,2026-09-12 17:10:44
60434,Vaishnavi Chowdary,7,Telugu,Hindi,26,32,33,44,,,47,36,218,36.33,F,3.6,2026-09-01 19:49:47
60435,Rohan Goud,7,Telugu,Hindi,96,67,72,99,,,89,89,512,85.33,A2,8.5,2026-08-31 10:47:51
60436,Neha Joshi,7,Hindi,Telugu,70,84,74,92,,,83,77,480,80.00,A2,8.0,2026-08-27 20:05:31
60437,Arjun Kulkarni,7,Hindi,Telugu,83,88,94,85,,,78,72,500,83.33,A2,8.3,2026-09-07 15:31:58
60438,Varun Nair,7,Hindi,Telugu,99,94,99,83,,,99,99,573,95.50,A1,9.6,2026-09-10 08:53:29
60439,Kavya Shetty,7,Hindi,Telugu,46,54,52,66,,,62,83,363,60.50,B2,6.0,2026-08-10 09:31:09
60440,Vishal Verma,7,Telugu,Hindi,67,74,84,99,,,65,73,462,77.00,B1,7.7,2026-09-14 09:04:23
60441,Lakshmi Kulkarni,8,Telugu,Hindi,62,65,69,73,34,41,75,84,428,71.33,B1,7.1,2026-08-11 09:30:37
60442,Priya Nair,8,Hindi,Telugu,84,59,78,83,35,39,74,77,455,75.83,B1,7.6,2026-08-23 14:53:39
60443,Pooja Singh,8,Hindi,Telugu,99,99,99,99,45,43,88,99,583,97.17,A1,9.7,2026-08-01 10:04:48
60444,Ananya Das,8,Telugu,Hindi,90,72,78,57,38,38,76,87,460,76.67,B1,7.7,2026-08-14 09:35:50
60445,Tarun Joshi,8,Hindi,Telugu,99,73,82,99,43,47,90,99,542,90.33,A1,9.0,2026-08-14 14:35:21
60446,Keerthi Iyer,8,Hindi,Telugu,89,89,99,99,50,47,97,91,564,94.00,A1,9.4,2026-08-28 07:24:37
60447,Sneha Reddy,8,Telugu,Hindi,91,79,79,94,46,30,76,84,503,83.83,A2,8.4,2026-08-19 12:10:14
60448,Kavya Kulkarni,8,Hindi,Telugu,76,68,87,43,32,38,70,64,408,68.00,B2,6.8,2026-08-08 15:33:32
60449,Manish Verma,8,Hindi,Telugu,84,83,99,90,44,31,75,78,509,84.83,A2,8.5,2026-08-31 17:42:39
60450,Charan Kumar,8,Telugu,Hindi,91,68,73,86,45,41,86,86,490,81.67,A2,8.2,2026-08-25 11:48:36
60451,Sneha Kulkarni,8,Telugu,Hindi,61,65,78,79,39,22,61,82,426,71.00,B1,7.1,2026-09-12 08:46:36
60452,Karthik Nair,8,Hindi,Telugu,94,82,82,83,47,35,82,97,520,86.67,A2,8.7,2026-09-12 20:21:52
60453,Sai Menon,8,Telugu,Hindi,99,69,87,64,50,40,90,77,486,81.00,A2,8.1,2026-08-18 11:23:22
60454,Harsha Nair,8,Hindi,Telugu,93,99,79,81,35,37,72,81,505,84.17,A2,8.4,2026-09-03 14:53:08
60455,Sanjay Patel,8,Hindi,Telugu,81,81,82,89,42,40,82,99,514,85.67,A2,8.6,2026-08-11 14:03:02
60456,Priya Menon,8,Telugu,Hindi,94,95,86,92,50,44,94,84,545,90.83,A1,9.1,2026-08-26 15:05:27
60457,Divya Kulkarni,8,Hindi,Telugu,48,85,84,77,33,34,67,79,440,73.33,B1,7.3,2026-08-28 15:00:55
60458,Pooja Shetty,8,Telugu,Hindi,93,99,67,75,50,34,84,75,493,82.17,A2,8.2,2026-08-14 16:07:17
60459,Rohan Iyer,8,Telugu,Hindi,93,87,81,78,32,39,71,99,509,84.83,A2,8.5,2026-08-26 20:27:22
60460,Akash Reddy,8,Hindi,Telugu,89,77,69,91,41,37,78,77,481,80.17,A2,8.0,2026-08-14 16:03:29
60461,Bhavya Kumar,8,Telugu,Hindi,98,99,99,96,49,47,96,85,573,95.50,A1,9.6,2026-08-15 18:18:51
60462,Pranav Kulkarni,8,Hindi,Telugu,58,74,43,50,40,32,72,90,387,64.50,B2,6.5,2026-08-24 20:56:03
60463,Ishita Patel,8,Hindi,Telugu,89,96,91,82,43,33,76,82,516,86.00,A2,8.6,2026-08-18 14:05:26
60464,Akash Das,8,Telugu,Hindi,76,60,73,85,33,35,68,97,459,76.50,B1,7.7,2026-09-13 19:00:30
60465,Kavya Menon,8,Hindi,Telugu,96,65,67,54,35,36,71,81,434,72.33,B1,7.2,2026-08-20 16:52:18
60466,Ishita Patel,8,Telugu,Hindi,83,84,90,71,50,50,100,91,519,86.50,A2,8.7,2026-08-21 08:11:46
60467,Aditya Joshi,8,Telugu,Hindi,67,75,89,69,39,46,85,85,470,78.33,B1,7.8,2026-08-08 11:28:02
60468,Nandini Iyer,8,Hindi,Telugu,86,99,99,78,44,50,94,98,554,92.33,A1,9.2,2026-09-09 08:42:11
60469,Pranav Patel,8,Hindi,Telugu,90,72,99,85,35,50,85,91,522,87.00,A2,8.7,2026-08-01 14:00:25
60470,Nikhil Sharma,8,Telugu,Hindi,83,81,81,99,50,50,100,87,531,88.50,A2,8.8,2026-08-28 13:29:05
60471,Deepika Patel,8,Hindi,Telugu,62,79,88,82,30,39,69,75,455,75.83,B1,7.6,2026-09-11 16:36:08
60472,Karthik Sharma,8,Hindi,Telugu,80,72,74,82,34,39,73,64,445,74.17,B1,7.4,2026-09-07 14:16:16
60473,Keerthi Kulkarni,8,Telugu,Hindi,67,88,72,80,29,35,64,87,458,76.33,B1,7.6,2026-08-26 17:16:26
60474,Ishita Patel,8,Telugu,Hindi,99,99,96,98,50,50,100,83,575,95.83,A1,9.6,2026-08-02 19:37:30
60475,Manish Iyer,8,Hindi,Telugu,73,80,92,93,42,41,83,95,516,86.00,A2,8.6,2026-09-02 15:06:24
60476,Keerthi Reddy,8,Telugu,Hindi,94,84,99,79,50,44,94,87,537,89.50,A2,8.9,2026-08-25 20:17:00
60477,Harsha Rao,8,Hindi,Telugu,73,99,99,70,42,47,89,69,499,83.17,A2,8.3,2026-09-04 07:28:44
60478,Vaishnavi Gupta,8,Hindi,Telugu,90,86,82,63,34,37,71,78,470,78.33,B1,7.8,2026-08-03 13:09:23
60479,Tarun Gupta,8,Hindi,Telugu,82,99,71,83,50,45,95,75,505,84.17,A2,8.4,2026-09-01 09:38:11
60480,Ishita Gupta,8,Hindi,Telugu,99,88,85,99,44,50,94,87,552,92.00,A1,9.2,2026-08-21 10:50:56
60481,Aadhya Naidu,8,Hindi,Telugu,45,47,54,50,20,31,51,49,296,49.33,C2,4.9,2026-09-10 09:41:26
60482,Swathi Goud,8,Hindi,Telugu,96,75,99,98,44,47,91,82,541,90.17,A1,9.0,2026-09-09 09:02:58
60483,Ishita Rao,8,Telugu,Hindi,48,95,55,73,44,43,87,64,422,70.33,B1,7.0,2026-09-05 10:46:08
60484,Harsha Kulkarni,8,Hindi,Telugu,88,90,77,85,41,44,85,71,496,82.67,A2,8.3,2026-08-26 16:44:36
60485,Arjun Das,8,Telugu,Hindi,73,56,87,81,40,35,75,82,454,75.67,B1,7.6,2026-08-30 19:36:20
60486,Akash Iyer,8,Hindi,Telugu,99,99,70,58,32,46,78,81,485,80.83,A2,8.1,2026-08-19 15:04:38
60487,Harsha Yadav,8,Telugu,Hindi,91,74,87,99,41,41,82,88,521,86.83,A2,8.7,2026-09-07 10:59:59
60488,Vishal Rao,8,Hindi,Telugu,66,59,79,78,39,44,83,77,442,73.67,B1,7.4,2026-08-18 13:07:13
60489,Pooja Yadav,8,Telugu,Hindi,88,77,81,86,36,49,85,82,499,83.17,A2,8.3,2026-09-07 11:31:03
60490,Aarav Kumar,8,Telugu,Hindi,99,80,96,76,42,50,92,77,520,86.67,A2,8.7,2026-08-02 17:05:23
60491,Sai Gupta,8,Telugu,Hindi,18,35,31,36,19,11,30,33,183,30.50,F,3.0,2026-09-06 08:28:34
60492,Ishita Rao,8,Hindi,Telugu,85,68,42,72,25,40,65,87,419,69.83,B2,7.0,2026-08-15 17:43:48
60493,Tarun Reddy,8,Hindi,Telugu,72,77,71,87,31,44,75,85,467,77.83,B1,7.8,2026-08-22 10:37:01
60494,Sneha Nair,8,Telugu,Hindi,79,77,76,82,50,46,96,87,497,82.83,A2,8.3,2026-08-11 15:00:49
60495,Varun Patel,8,Telugu,Hindi,42,60,50,57,13,26,39,60,308,51.33,F,5.1,2026-08-31 14:18:14
60496,Aishwarya Chowdary,8,Telugu,Hindi,84,79,81,78,49,47,96,79,497,82.83,A2,8.3,2026-09-10 09:30:52
60497,Keerthi Kumar,8,Hindi,Telugu,93,75,80,90,39,45,84,88,510,85.00,A2,8.5,2026-09-08 15:07:21
60498,Varun Chowdary,8,Telugu,Hindi,81,87,71,63,33,29,62,72,436,72.67,B1,7.3,2026-08-08 19:29:20
60499,Arjun Mishra,8,Telugu,Hindi,74,93,74,66,35,45,80,89,476,79.33,B1,7.9,2026-08-04 10:21:04
60500,Divya Patel,8,Telugu,Hindi,80,86,89,93,46,48,94,96,538,89.67,A2,9.0,2026-08-08 20:02:07
60501,Deepika Iyer,8,Telugu,Hindi,45,35,20,12,8,16,24,20,156,26.00,F,2.6,2026-08-12 14:17:37
60502,Deepika Verma,8,Hindi,Telugu,78,87,58,53,32,39,71,79,426,71.00,B1,7.1,2026-08-10 12:54:13
60503,Sai Nair,8,Hindi,Telugu,93,88,98,85,42,44,86,83,533,88.83,A2,8.9,2026-09-05 08:16:22
60504,Rohan Iyer,8,Hindi,Telugu,38,27,36,23,19,22,41,48,213,35.50,F,3.5,2026-08-22 08:20:00
60505,Swathi Patel,8,Hindi,Telugu,51,50,57,64,21,25,46,55,323,53.83,C1,5.4,2026-09-05 14:32:02
60506,Sneha Goud,8,Hindi,Telugu,91,91,94,94,50,42,92,99,561,93.50,A1,9.3,2026-08-19 14:27:43
60507,Vijay Mishra,8,Telugu,Hindi,75,80,72,79,37,37,74,77,457,76.17,B1,7.6,2026-09-12 09:42:35
60508,Divya Sharma,8,Telugu,Hindi,31,49,40,47,21,23,44,33,244,40.67,F,4.1,2026-08-16 08:10:11
60509,Karthik Das,8,Hindi,Telugu,75,41,74,45,30,32,62,70,367,61.17,B2,6.1,2026-08-16 15:34:50
60510,Akash Rao,8,Hindi,Telugu,89,86,99,87,36,48,84,73,518,86.33,A2,8.6,2026-08-06 15:57:01
60511,Aditya Sharma,8,Hindi,Telugu,87,79,60,61,38,37,75,92,454,75.67,B1,7.6,2026-08-26 17:46:10
60512,Neha Menon,8,Telugu,Hindi,89,96,89,90,43,50,93,73,530,88.33,A2,8.8,2026-08-29 14:33:16
60513,Rahul Goud,8,Telugu,Hindi,77,82,84,89,42,41,83,78,493,82.17,A2,8.2,2026-08-25 19:22:18
60514,Priya Iyer,8,Telugu,Hindi,62,46,47,46,30,24,54,24,279,46.50,F,4.7,2026-09-04 12:25:32
60515,Rahul Das,8,Telugu,Hindi,74,87,51,58,34,37,71,65,406,67.67,B2,6.8,2026-08-23 08:38:58
60516,Aditya Menon,8,Hindi,Telugu,45,29,46,26,24,24,48,43,237,39.50,F,4.0,2026-09-04 10:39:38
60517,Harsha Kulkarni,8,Hindi,Telugu,83,79,73,97,45,40,85,76,493,82.17,A2,8.2,2026-09-04 07:08:56
60518,Aditya Reddy,8,Telugu,Hindi,88,81,83,87,46,43,89,83,511,85.17,A2,8.5,2026-08-29 14:42:55
60519,Harsha Rao,8,Telugu,Hindi,84,80,89,92,43,32,75,78,498,83.00,A2,8.3,2026-08-09 15:51:11
60520,Lakshmi Iyer,8,Hindi,Telugu,89,86,84,77,46,42,88,83,507,84.50,A2,8.4,2026-09-05 12:56:43
60521,Lakshmi Menon,8,Telugu,Hindi,35,35,35,37,15,17,32,45,219,36.50,F,3.6,2026-09-12 16:23:55
60522,Charan Iyer,8,Hindi,Telugu,90,73,94,60,39,49,88,65,470,78.33,B1,7.8,2026-08-07 08:30:49
60523,Keerthi Patel,8,Telugu,Hindi,99,96,99,97,45,48,93,77,561,93.50,A1,9.3,2026-09-07 15:40:06
60524,Sneha Kumar,8,Telugu,Hindi,63,80,65,74,36,33,69,87,438,73.00,B1,7.3,2026-09-04 17:31:37
60525,Aadhya Das,8,Hindi,Telugu,60,67,58,74,34,40,74,54,387,64.50,B2,6.5,2026-08-11 17:34:25
60526,Manish Rao,8,Hindi,Telugu,79,86,90,97,34,43,77,72,501,83.50,A2,8.3,2026-08-21 16:14:57
60527,Sneha Verma,8,Telugu,Hindi,72,93,80,97,50,49,99,79,520,86.67,A2,8.7,2026-08-21 19:46:56
60528,Vaishnavi Chowdary,8,Hindi,Telugu,88,80,77,99,44,38,82,71,497,82.83,A2,8.3,2026-08-07 18:43:09
60529,Akash Yadav,8,Telugu,Hindi,70,98,66,65,35,44,79,64,442,73.67,B1,7.4,2026-08-18 14:57:09
60530,Varun Patel,8,Telugu,Hindi,73,89,91,83,30,44,74,99,509,84.83,A2,8.5,2026-09-07 11:05:00
60531,Kavya Das,8,Hindi,Telugu,46,60,45,65,18,32,50,40,306,51.00,C1,5.1,2026-08-25 16:37:07
60532,Rahul Goud,8,Hindi,Telugu,66,73,83,83,38,33,71,63,439,73.17,B1,7.3,2026-08-27 11:00:14
60533,Aadhya Nair,8,Telugu,Hindi,83,69,87,99,47,31,78,78,494,82.33,A2,8.2,2026-08-17 11:13:31
60534,Surya Yadav,8,Telugu,Hindi,96,89,73,93,43,50,93,98,542,90.33,A1,9.0,2026-08-14 08:18:01
60535,Arjun Kulkarni,8,Hindi,Telugu,64,67,92,83,44,46,90,84,480,80.00,A2,8.0,2026-08-17 18:40:16
60536,Lakshmi Kulkarni,8,Telugu,Hindi,99,91,97,74,49,40,89,93,543,90.50,A1,9.1,2026-09-10 19:08:14
60537,Bhavya Sharma,8,Hindi,Telugu,42,63,49,28,29,26,55,52,289,48.17,F,4.8,2026-09-14 17:31:46
60538,Divya Chowdary,8,Hindi,Telugu,85,99,83,80,42,41,83,85,515,85.83,A2,8.6,2026-08-07 09:46:21
60539,Rahul Reddy,8,Telugu,Hindi,75,94,72,74,39,42,81,82,478,79.67,B1,8.0,2026-08-11 20:00:23
60540,Lakshmi Singh,8,Telugu,Hindi,97,84,88,70,36,44,80,68,487,81.17,A2,8.1,2026-08-16 19:28:50
60541,Charan Chowdary,8,Hindi,Telugu,80,77,88,71,46,47,93,92,501,83.50,A2,8.3,2026-09-05 08:26:43
60542,Nikhil Verma,8,Hindi,Telugu,83,87,71,94,34,28,62,97,494,82.33,A2,8.2,2026-09-10 15:21:27
60543,Nandini Singh,8,Hindi,Telugu,73,83,84,88,40,38,78,99,505,84.17,A2,8.4,2026-08-01 08:59:18
60544,Karthik Yadav,8,Telugu,Hindi,81,75,94,87,38,29,67,81,485,80.83,A2,8.1,2026-08-19 13:27:19
60545,Rohan Iyer,8,Telugu,Hindi,99,90,95,99,47,48,95,91,569,94.83,A1,9.5,2026-08-02 17:00:39
60546,Kavya Iyer,8,Telugu,Hindi,86,66,59,99,37,44,81,65,456,76.00,B1,7.6,2026-09-02 14:57:27
60547,Aadhya Singh,8,Telugu,Hindi,65,86,79,78,40,36,76,66,450,75.00,B1,7.5,2026-09-05 13:33:29
60548,Aarav Das,8,Telugu,Hindi,91,74,88,92,50,38,88,83,516,86.00,A2,8.6,2026-08-18 08:18:25
60549,Charan Mishra,8,Hindi,Telugu,70,99,69,50,32,37,69,58,415,69.17,B2,6.9,2026-08-07 08:25:30
60550,Krishna Menon,8,Hindi,Telugu,96,82,92,72,49,43,92,84,518,86.33,A2,8.6,2026-08-20 16:59:36
60551,Krishna Chowdary,8,Telugu,Hindi,99,93,88,99,45,50,95,94,568,94.67,A1,9.5,2026-08-24 11:22:53
60552,Lakshmi Patel,8,Telugu,Hindi,95,84,87,97,48,50,98,93,554,92.33,A1,9.2,2026-08-25 11:15:59
60553,Kavya Kumar,8,Telugu,Hindi,69,76,79,77,45,43,88,67,456,76.00,B1,7.6,2026-09-01 15:05:25
60554,Meghana Goud,8,Hindi,Telugu,70,51,63,82,28,28,56,92,414,69.00,B2,6.9,2026-09-09 17:01:06
60555,Lakshmi Kumar,8,Hindi,Telugu,84,99,86,99,38,27,65,95,528,88.00,A2,8.8,2026-08-30 20:08:19
60556,Divya Gupta,8,Telugu,Hindi,36,47,46,35,28,24,52,35,251,41.83,C2,4.2,2026-08-29 09:07:49
60557,Divya Nair,8,Telugu,Hindi,76,75,77,77,39,36,75,72,452,75.33,B1,7.5,2026-08-24 12:23:22
60558,Divya Nair,8,Hindi,Telugu,79,99,81,81,38,40,78,89,507,84.50,A2,8.4,2026-08-29 17:06:53
60559,Karthik Joshi,8,Hindi,Telugu,70,72,75,77,34,50,84,84,462,77.00,B1,7.7,2026-08-13 10:54:50
60560,Rahul Verma,8,Telugu,Hindi,73,98,99,99,38,43,81,94,544,90.67,A1,9.1,2026-08-18 11:47:23
60561,Karthik Das,8,Telugu,Hindi,70,72,64,84,36,45,81,54,425,70.83,B1,7.1,2026-09-10 13:53:01
60562,Meghana Reddy,8,Hindi,Telugu,89,99,99,79,33,39,72,94,532,88.67,A2,8.9,2026-08-26 12:13:25
60563,Divya Shetty,8,Telugu,Hindi,60,56,46,64,16,31,47,58,331,55.17,F,5.5,2026-08-23 09:40:27
60564,Vaishnavi Singh,8,Hindi,Telugu,99,99,89,67,50,50,100,99,553,92.17,A1,9.2,2026-08-16 10:25:27
60565,Nikhil Chowdary,8,Hindi,Telugu,76,84,77,65,34,31,65,75,442,73.67,B1,7.4,2026-09-05 10:03:24
60566,Deepika Yadav,8,Telugu,Hindi,63,56,89,58,27,24,51,51,368,61.33,B2,6.1,2026-09-13 11:27:55
60567,Pooja Kumar,8,Hindi,Telugu,88,78,69,96,49,37,86,76,493,82.17,A2,8.2,2026-09-12 13:54:48
60568,Keerthi Goud,8,Hindi,Telugu,97,88,90,99,44,48,92,93,559,93.17,A1,9.3,2026-09-13 09:53:13
60569,Harsha Naidu,8,Telugu,Hindi,99,75,96,81,50,47,97,92,540,90.00,A1,9.0,2026-09-07 10:10:07
60570,Krishna Gupta,8,Telugu,Hindi,87,87,84,84,48,43,91,65,498,83.00,A2,8.3,2026-08-13 20:17:56
60571,Deepika Naidu,8,Hindi,Telugu,98,99,76,89,50,47,97,99,558,93.00,A1,9.3,2026-08-14 12:00:04
60572,Aishwarya Das,8,Telugu,Hindi,94,97,80,99,43,50,93,97,560,93.33,A1,9.3,2026-09-08 15:46:14
60573,Charan Patel,8,Telugu,Hindi,80,65,85,91,27,35,62,86,469,78.17,B1,7.8,2026-09-14 20:45:58
60574,Deepika Naidu,8,Telugu,Hindi,80,91,90,73,35,38,73,75,482,80.33,A2,8.0,2026-08-19 20:27:41
60575,Surya Sharma,8,Hindi,Telugu,65,55,67,78,23,30,53,76,394,65.67,B2,6.6,2026-08-31 12:19:40
60576,Vishal Verma,8,Hindi,Telugu,89,84,82,62,41,40,81,75,473,78.83,B1,7.9,2026-08-04 11:42:57
60577,Nandini Rao,8,Hindi,Telugu,97,84,96,99,36,50,86,78,540,90.00,A1,9.0,2026-08-25 13:38:37
60578,Krishna Goud,8,Telugu,Hindi,98,77,74,99,46,43,89,87,524,87.33,A2,8.7,2026-08-01 16:24:55
60579,Lakshmi Naidu,8,Hindi,Telugu,92,84,82,86,34,32,66,78,488,81.33,A2,8.1,2026-09-02 17:52:24
60580,Kavya Nair,8,Telugu,Hindi,72,89,92,84,40,43,83,81,501,83.50,A2,8.3,2026-09-05 15:25:49
60581,Keerthi Das,8,Hindi,Telugu,99,88,77,84,47,43,90,74,512,85.33,A2,8.5,2026-09-04 13:04:01
60582,Aishwarya Menon,8,Telugu,Hindi,82,85,77,93,40,41,81,66,484,80.67,A2,8.1,2026-08-04 09:05:20
60583,Pranav Naidu,8,Telugu,Hindi,73,87,83,88,50,43,93,75,499,83.17,A2,8.3,2026-08-05 09:16:16
60584,Krishna Sharma,8,Telugu,Hindi,78,65,43,73,30,32,62,65,386,64.33,B2,6.4,2026-08-26 18:46:20
60585,Tarun Chowdary,8,Hindi,Telugu,71,64,69,74,38,41,79,48,405,67.50,B2,6.8,2026-08-14 14:22:13
60586,Aishwarya Menon,8,Telugu,Hindi,60,46,44,50,21,16,37,54,291,48.50,F,4.8,2026-08-20 09:54:50
60587,Harini Iyer,8,Telugu,Hindi,91,98,86,99,39,45,84,99,557,92.83,A1,9.3,2026-08-05 07:09:46
60588,Meghana Reddy,8,Hindi,Telugu,44,51,35,53,30,25,55,44,282,47.00,C2,4.7,2026-08-24 07:23:03
60589,Priya Singh,8,Hindi,Telugu,64,67,36,53,23,28,51,46,317,52.83,C1,5.3,2026-08-17 18:10:32
60590,Rahul Shetty,8,Telugu,Hindi,85,86,81,59,48,45,93,80,484,80.67,A2,8.1,2026-09-06 18:56:12
60591,Kavya Joshi,8,Hindi,Telugu,40,25,43,38,24,27,51,27,224,37.33,F,3.7,2026-08-16 09:24:55
60592,Ishita Shetty,8,Telugu,Hindi,74,83,60,78,38,30,68,65,428,71.33,B1,7.1,2026-08-06 12:41:01
60593,Rahul Mishra,8,Telugu,Hindi,75,93,59,67,34,35,69,78,441,73.50,B1,7.3,2026-09-02 16:20:23
60594,Deepika Joshi,8,Telugu,Hindi,99,60,79,88,39,44,83,88,497,82.83,A2,8.3,2026-08-19 18:09:55
60595,Neha Reddy,8,Hindi,Telugu,50,66,55,77,27,22,49,57,354,59.00,C1,5.9,2026-09-03 10:17:49
60596,Bhavya Shetty,8,Hindi,Telugu,88,96,75,82,38,48,86,73,500,83.33,A2,8.3,2026-08-03 20:59:30
60597,Nandini Menon,8,Hindi,Telugu,99,92,80,67,46,49,95,93,526,87.67,A2,8.8,2026-08-10 18:18:34
60598,Priya Naidu,8,Hindi,Telugu,84,99,90,99,44,50,94,97,563,93.83,A1,9.4,2026-08-29 20:29:01
60599,Meghana Nair,8,Telugu,Hindi,81,80,71,95,38,48,86,76,489,81.50,A2,8.2,2026-08-06 20:52:59
60600,Vaishnavi Rao,8,Hindi,Telugu,88,70,78,92,37,39,76,73,477,79.50,B1,8.0,2026-09-01 10:34:23
60601,Rohan Chowdary,8,Telugu,Hindi,84,80,83,83,41,37,78,67,475,79.17,B1,7.9,2026-08-29 18:12:06
60602,Aishwarya Joshi,8,Telugu,Hindi,87,72,81,92,26,26,52,57,441,73.50,B1,7.3,2026-09-09 15:54:47
60603,Akash Kulkarni,8,Telugu,Hindi,92,80,83,88,50,50,100,88,531,88.50,A2,8.8,2026-09-13 07:39:55
60604,Pooja Naidu,8,Hindi,Telugu,80,71,99,65,40,38,78,66,459,76.50,B1,7.7,2026-09-07 18:35:09
60605,Kavya Singh,8,Telugu,Hindi,75,76,75,59,29,41,70,91,446,74.33,B1,7.4,2026-09-04 20:43:12
60606,Sai Yadav,8,Hindi,Telugu,90,89,89,77,46,50,96,99,540,90.00,A1,9.0,2026-08-19 18:12:42
60607,Vaishnavi Mishra,8,Hindi,Telugu,93,89,79,99,50,46,96,99,555,92.50,A1,9.2,2026-08-31 09:23:07
60608,Aishwarya Joshi,8,Hindi,Telugu,45,50,88,45,25,32,57,49,334,55.67,C1,5.6,2026-08-18 20:52:18
60609,Rohan Gupta,8,Telugu,Hindi,95,85,99,94,42,45,87,86,546,91.00,A1,9.1,2026-08-22 07:30:55
60610,Aadhya Menon,8,Telugu,Hindi,75,97,92,93,45,50,95,96,548,91.33,A1,9.1,2026-09-02 16:09:39
60611,Deepika Joshi,8,Hindi,Telugu,38,42,38,38,23,15,38,39,233,38.83,F,3.9,2026-09-08 12:33:57
60612,Vaishnavi Patel,8,Telugu,Hindi,99,89,90,99,47,38,85,88,550,91.67,A1,9.2,2026-09-06 10:02:23
60613,Nikhil Sharma,8,Hindi,Telugu,91,76,79,98,50,40,90,48,482,80.33,A2,8.0,2026-09-05 18:52:01
60614,Vaishnavi Gupta,8,Hindi,Telugu,69,48,80,76,41,38,79,99,451,75.17,B1,7.5,2026-08-04 12:25:47
60615,Aishwarya Patel,8,Telugu,Hindi,90,73,80,86,42,40,82,98,509,84.83,A2,8.5,2026-09-13 16:32:27
60616,Rahul Singh,8,Telugu,Hindi,82,70,73,99,37,45,82,82,488,81.33,A2,8.1,2026-08-04 08:41:11
60617,Swathi Rao,8,Telugu,Hindi,75,69,76,97,35,46,81,76,474,79.00,B1,7.9,2026-08-30 19:32:06
60618,Nikhil Rao,8,Hindi,Telugu,83,88,91,78,48,37,85,71,496,82.67,A2,8.3,2026-08-24 19:53:23
60619,Sai Kulkarni,8,Hindi,Telugu,71,67,91,74,45,43,88,83,474,79.00,B1,7.9,2026-09-11 11:26:56
60620,Vijay Das,8,Hindi,Telugu,74,39,73,72,28,33,61,62,381,63.50,B2,6.3,2026-08-03 16:39:25
60621,Charan Menon,8,Telugu,Hindi,85,97,91,99,35,38,73,82,527,87.83,A2,8.8,2026-08-12 19:30:06
60622,Deepika Rao,8,Telugu,Hindi,78,90,77,99,50,50,100,72,516,86.00,A2,8.6,2026-09-07 08:04:07
60623,Karthik Mishra,8,Hindi,Telugu,95,87,92,89,43,50,93,91,547,91.17,A1,9.1,2026-08-16 07:11:53
60624,Akash Sharma,8,Hindi,Telugu,90,84,75,75,37,42,79,93,496,82.67,A2,8.3,2026-09-10 19:48:01
60625,Charan Naidu,8,Telugu,Hindi,78,54,47,41,33,29,62,41,323,53.83,C1,5.4,2026-09-08 16:37:06
60626,Varun Goud,8,Hindi,Telugu,89,99,97,89,42,48,90,89,553,92.17,A1,9.2,2026-08-11 15:06:34
60627,Deepika Patel,8,Telugu,Hindi,75,95,94,99,48,31,79,89,531,88.50,A2,8.8,2026-08-06 17:58:48
60628,Sanjay Naidu,8,Hindi,Telugu,74,52,79,52,40,27,67,74,398,66.33,B2,6.6,2026-08-28 15:05:25
60629,Swathi Singh,8,Hindi,Telugu,75,64,86,69,36,36,72,60,426,71.00,B1,7.1,2026-08-31 10:44:35
60630,Priya Kumar,8,Telugu,Hindi,92,91,70,98,26,42,68,96,515,85.83,A2,8.6,2026-08-06 18:50:16
60631,Neha Nair,8,Hindi,Telugu,91,96,99,94,38,44,82,99,561,93.50,A1,9.3,2026-09-07 10:54:44
60632,Meghana Sharma,8,Telugu,Hindi,80,97,80,88,44,50,94,85,524,87.33,A2,8.7,2026-08-14 12:56:16
60633,Aadhya Iyer,8,Telugu,Hindi,71,93,85,91,50,47,97,64,501,83.50,A2,8.3,2026-08-08 11:14:19
60634,Kavya Das,8,Telugu,Hindi,71,60,53,78,48,38,86,69,417,69.50,B2,7.0,2026-08-04 20:11:22
60635,Keerthi Goud,8,Hindi,Telugu,43,49,30,71,19,22,41,55,289,48.17,F,4.8,2026-09-06 07:43:58
60636,Manish Shetty,8,Telugu,Hindi,99,74,96,85,46,50,96,83,533,88.83,A2,8.9,2026-08-24 19:12:16
60637,Neha Mishra,8,Telugu,Hindi,70,94,92,99,41,50,91,88,534,89.00,A2,8.9,2026-09-08 09:20:34
60638,Divya Chowdary,8,Telugu,Hindi,83,85,84,99,44,43,87,99,537,89.50,A2,8.9,2026-08-25 12:39:32
60639,Aadhya Mishra,8,Telugu,Hindi,95,94,86,73,38,44,82,95,525,87.50,A2,8.8,2026-08-17 08:10:48
60640,Divya Verma,8,Telugu,Hindi,76,89,87,86,38,50,88,85,511,85.17,A2,8.5,2026-08-31 17:22:11
60641,Karthik Goud,8,Telugu,Hindi,44,54,59,45,26,24,50,54,306,51.00,C1,5.1,2026-08-15 11:39:10
60642,Rohan Gupta,8,Telugu,Hindi,94,93,86,88,49,48,97,99,557,92.83,A1,9.3,2026-08-03 08:11:10
60643,Priya Sharma,8,Hindi,Telugu,68,81,75,76,34,31,65,99,464,77.33,B1,7.7,2026-08-26 12:39:02
60644,Vijay Kulkarni,8,Hindi,Telugu,96,72,96,61,47,45,92,76,493,82.17,A2,8.2,2026-09-04 14:13:46
60645,Keerthi Verma,8,Telugu,Hindi,62,66,77,56,31,32,63,65,389,64.83,B2,6.5,2026-09-09 12:23:56
60646,Deepika Shetty,8,Telugu,Hindi,91,81,99,74,35,40,75,85,505,84.17,A2,8.4,2026-08-11 17:32:33
60647,Sai Yadav,8,Telugu,Hindi,88,89,91,99,42,42,84,99,550,91.67,A1,9.2,2026-09-11 14:19:43
60648,Ishita Rao,8,Hindi,Telugu,28,29,29,32,9,8,17,31,166,27.67,F,2.8,2026-08-06 20:25:46
60649,Sahithi Rao,8,Telugu,Hindi,82,90,88,69,33,34,67,82,478,79.67,B1,8.0,2026-09-10 08:43:29
60650,Aishwarya Nair,8,Hindi,Telugu,70,71,80,86,50,37,87,89,483,80.50,A2,8.1,2026-08-08 11:24:18
60651,Sanjay Yadav,8,Hindi,Telugu,81,73,84,75,42,48,90,80,483,80.50,A2,8.1,2026-08-15 07:45:27
60652,Bhavya Verma,8,Hindi,Telugu,80,73,62,64,46,36,82,68,429,71.50,B1,7.2,2026-08-31 13:43:06
60653,Vishal Naidu,8,Hindi,Telugu,82,88,90,71,47,44,91,99,521,86.83,A2,8.7,2026-09-13 12:44:12
60654,Surya Verma,8,Telugu,Hindi,66,73,51,70,20,32,52,73,385,64.17,B2,6.4,2026-09-04 08:08:07
60655,Nandini Nair,8,Hindi,Telugu,83,99,86,68,41,40,81,98,515,85.83,A2,8.6,2026-09-10 15:07:12
60656,Sanjay Naidu,8,Telugu,Hindi,68,88,86,85,30,28,58,69,454,75.67,B1,7.6,2026-08-24 20:37:08
60657,Aishwarya Yadav,8,Hindi,Telugu,84,85,64,85,50,36,86,81,485,80.83,A2,8.1,2026-08-07 15:43:38
60658,Sahithi Kulkarni,8,Hindi,Telugu,63,83,69,50,41,36,77,69,411,68.50,B2,6.8,2026-08-07 15:27:12
60659,Ananya Goud,8,Telugu,Hindi,64,93,79,52,39,38,77,75,440,73.33,B1,7.3,2026-08-21 14:47:32
60660,Ananya Rao,8,Telugu,Hindi,83,86,88,90,46,35,81,83,511,85.17,A2,8.5,2026-08-17 08:14:34
60661,Ishita Iyer,9,Telugu,Hindi,99,99,94,99,50,49,99,99,589,98.17,A1,9.8,2026-08-09 18:28:52
60662,Sneha Das,9,Hindi,Telugu,77,91,98,74,50,42,92,95,527,87.83,A2,8.8,2026-09-08 18:31:50
60663,Vishal Yadav,9,Hindi,Telugu,80,74,69,79,38,45,83,95,480,80.00,A2,8.0,2026-08-29 09:34:20
60664,Tarun Mishra,9,Telugu,Hindi,94,94,83,87,36,49,85,82,525,87.50,A2,8.8,2026-09-10 17:06:51
60665,Vijay Kumar,9,Hindi,Telugu,80,57,81,73,38,37,75,78,444,74.00,B1,7.4,2026-08-31 19:14:00
60666,Aditya Patel,9,Hindi,Telugu,80,75,74,81,33,50,83,66,459,76.50,B1,7.7,2026-08-30 09:28:10
60667,Meghana Singh,9,Hindi,Telugu,75,93,71,56,39,50,89,82,466,77.67,B1,7.8,2026-08-08 19:39:32
60668,Ananya Shetty,9,Telugu,Hindi,56,38,43,52,31,28,59,76,324,54.00,C1,5.4,2026-09-12 11:01:13
60669,Vishal Kumar,9,Telugu,Hindi,94,69,61,84,40,45,85,84,477,79.50,B1,8.0,2026-08-20 18:14:03
60670,Aadhya Mishra,9,Telugu,Hindi,39,25,29,39,14,13,27,43,202,33.67,F,3.4,2026-09-11 20:21:15
60671,Keerthi Yadav,9,Hindi,Telugu,86,95,79,82,42,30,72,84,498,83.00,A2,8.3,2026-09-03 17:53:14
60672,Krishna Gupta,9,Hindi,Telugu,95,93,96,89,48,45,93,99,565,94.17,A1,9.4,2026-09-01 20:36:12
60673,Surya Singh,9,Hindi,Telugu,99,99,94,96,47,43,90,99,577,96.17,A1,9.6,2026-08-10 16:13:22
60674,Varun Reddy,9,Hindi,Telugu,90,81,90,87,38,41,79,85,512,85.33,A2,8.5,2026-09-12 18:59:14
60675,Bhavya Patel,9,Telugu,Hindi,75,92,95,99,40,37,77,51,489,81.50,A2,8.2,2026-08-24 17:33:15
60676,Vaishnavi Das,9,Hindi,Telugu,62,61,79,59,37,30,67,61,389,64.83,B2,6.5,2026-08-27 08:31:30
60677,Aishwarya Das,9,Telugu,Hindi,99,99,75,84,44,37,81,89,527,87.83,A2,8.8,2026-08-21 12:05:51
60678,Krishna Das,9,Telugu,Hindi,88,97,91,77,50,45,95,91,539,89.83,A2,9.0,2026-09-07 11:56:11
60679,Surya Kulkarni,9,Hindi,Telugu,99,62,87,99,47,47,94,78,519,86.50,A2,8.7,2026-08-23 13:59:34
60680,Swathi Gupta,9,Hindi,Telugu,78,81,78,79,30,34,64,92,472,78.67,B1,7.9,2026-08-06 20:56:28
60681,Pooja Gupta,9,Hindi,Telugu,72,74,78,80,42,23,65,78,447,74.50,B1,7.5,2026-09-04 19:28:15
60682,Vijay Sharma,9,Hindi,Telugu,83,91,81,99,43,50,93,99,546,91.00,A1,9.1,2026-08-05 07:56:01
60683,Keerthi Mishra,9,Hindi,Telugu,97,93,99,66,40,40,80,65,500,83.33,A2,8.3,2026-08-15 17:18:30
60684,Ananya Menon,9,Hindi,Telugu,63,61,51,63,39,26,65,51,354,59.00,C1,5.9,2026-08-28 17:54:41
60685,Vijay Das,9,Hindi,Telugu,99,71,98,99,45,49,94,68,529,88.17,A2,8.8,2026-09-07 14:03:18
60686,Aadhya Shetty,9,Hindi,Telugu,73,72,76,80,42,34,76,74,451,75.17,B1,7.5,2026-08-09 14:50:31
60687,Akash Naidu,9,Telugu,Hindi,53,73,75,97,35,31,66,62,426,71.00,B1,7.1,2026-09-07 20:42:55
60688,Arjun Kumar,9,Telugu,Hindi,77,98,67,99,39,43,82,79,502,83.67,A2,8.4,2026-08-31 15:49:58
60689,Neha Rao,9,Hindi,Telugu,76,93,64,89,36,37,73,61,456,76.00,B1,7.6,2026-08-22 19:26:01
60690,Aishwarya Chowdary,9,Hindi,Telugu,79,75,81,70,45,35,80,69,454,75.67,B1,7.6,2026-09-01 12:35:38
60691,Surya Rao,9,Telugu,Hindi,65,47,70,99,38,49,87,82,450,75.00,B1,7.5,2026-08-24 19:57:37
60692,Krishna Patel,9,Hindi,Telugu,65,64,71,60,38,34,72,72,404,67.33,B2,6.7,2026-08-26 14:19:25
60693,Aarav Mishra,9,Hindi,Telugu,52,57,47,50,27,31,58,71,335,55.83,C1,5.6,2026-09-12 17:40:02
60694,Pranav Das,9,Telugu,Hindi,94,94,83,84,44,43,87,70,512,85.33,A2,8.5,2026-08-04 17:28:49
60695,Meghana Sharma,9,Telugu,Hindi,32,44,45,25,33,19,52,34,232,38.67,F,3.9,2026-09-10 12:06:53
60696,Aadhya Menon,9,Hindi,Telugu,89,99,97,77,48,38,86,88,536,89.33,A2,8.9,2026-09-09 15:51:40
60697,Harsha Yadav,9,Hindi,Telugu,53,43,45,41,24,12,36,50,268,44.67,F,4.5,2026-08-11 12:51:43
60698,Sanjay Shetty,9,Telugu,Hindi,58,79,89,94,39,49,88,86,494,82.33,A2,8.2,2026-08-02 10:15:19
60699,Nikhil Singh,9,Hindi,Telugu,89,72,77,70,44,50,94,97,499,83.17,A2,8.3,2026-08-11 09:46:04
60700,Bhavya Rao,9,Telugu,Hindi,84,82,80,65,29,39,68,93,472,78.67,B1,7.9,2026-08-03 16:17:23
60701,Surya Mishra,9,Telugu,Hindi,48,61,33,41,17,25,42,46,271,45.17,F,4.5,2026-08-30 09:34:49
60702,Deepika Sharma,9,Telugu,Hindi,46,63,66,36,20,28,48,61,320,53.33,C1,5.3,2026-09-07 11:40:56
60703,Krishna Chowdary,9,Hindi,Telugu,59,78,74,69,38,27,65,88,433,72.17,B1,7.2,2026-08-08 19:52:17
60704,Lakshmi Singh,9,Telugu,Hindi,99,88,86,79,36,50,86,94,532,88.67,A2,8.9,2026-08-25 10:20:40
60705,Aditya Gupta,9,Hindi,Telugu,82,99,79,99,47,42,89,99,547,91.17,A1,9.1,2026-08-02 11:48:52
60706,Krishna Menon,9,Hindi,Telugu,88,92,95,99,41,49,90,99,563,93.83,A1,9.4,2026-08-14 19:58:11
60707,Aadhya Mishra,9,Telugu,Hindi,60,60,55,41,30,30,60,35,311,51.83,C1,5.2,2026-08-04 07:50:33
60708,Aadhya Verma,9,Hindi,Telugu,79,71,99,77,42,37,79,83,488,81.33,A2,8.1,2026-08-05 07:13:51
60709,Ananya Mishra,9,Hindi,Telugu,64,28,46,66,28,23,51,58,313,52.17,F,5.2,2026-08-17 20:24:01
60710,Aishwarya Sharma,9,Telugu,Hindi,79,63,79,71,40,48,88,66,446,74.33,B1,7.4,2026-09-03 11:38:10
60711,Aishwarya Naidu,9,Telugu,Hindi,79,69,84,88,20,50,70,69,459,76.50,B1,7.7,2026-08-24 16:11:39
60712,Karthik Sharma,9,Telugu,Hindi,74,69,80,84,45,50,95,90,492,82.00,A2,8.2,2026-08-04 13:55:21
60713,Neha Kulkarni,9,Hindi,Telugu,78,66,86,57,38,41,79,76,442,73.67,B1,7.4,2026-08-09 09:55:51
60714,Vijay Sharma,9,Hindi,Telugu,72,72,76,94,40,33,73,84,471,78.50,B1,7.8,2026-09-06 14:25:31
60715,Sai Chowdary,9,Hindi,Telugu,85,85,77,72,50,27,77,71,467,77.83,B1,7.8,2026-08-13 14:47:38
60716,Deepika Gupta,9,Telugu,Hindi,99,79,99,84,50,50,100,81,542,90.33,A1,9.0,2026-08-29 09:10:49
60717,Rahul Naidu,9,Hindi,Telugu,90,99,73,73,35,37,72,64,471,78.50,B1,7.8,2026-09-09 14:38:19
60718,Meghana Joshi,9,Telugu,Hindi,71,72,70,97,29,29,58,82,450,75.00,B1,7.5,2026-09-07 20:29:23
60719,Aarav Nair,9,Hindi,Telugu,68,99,73,96,48,45,93,95,524,87.33,A2,8.7,2026-08-08 20:07:54
60720,Vishal Reddy,9,Hindi,Telugu,99,87,80,88,31,50,81,99,534,89.00,A2,8.9,2026-08-18 07:09:56
60721,Aadhya Shetty,9,Hindi,Telugu,51,58,63,57,22,37,59,78,366,61.00,B2,6.1,2026-08-22 16:36:47
60722,Aadhya Yadav,9,Telugu,Hindi,80,73,77,84,40,42,82,89,485,80.83,A2,8.1,2026-09-02 10:49:07
60723,Aadhya Shetty,9,Hindi,Telugu,95,89,89,81,37,50,87,64,505,84.17,A2,8.4,2026-09-10 18:23:45
60724,Aditya Kumar,9,Telugu,Hindi,89,57,63,56,26,37,63,43,371,61.83,B2,6.2,2026-09-02 12:57:32
60725,Kavya Kumar,9,Telugu,Hindi,95,88,60,87,50,43,93,99,522,87.00,A2,8.7,2026-08-12 20:28:59
60726,Pooja Chowdary,9,Telugu,Hindi,92,74,98,99,40,43,83,96,542,90.33,A1,9.0,2026-09-12 17:25:42
60727,Tarun Goud,9,Telugu,Hindi,78,99,76,82,41,45,86,90,511,85.17,A2,8.5,2026-08-09 14:36:29
60728,Aadhya Reddy,9,Telugu,Hindi,80,99,89,91,46,35,81,63,503,83.83,A2,8.4,2026-08-02 18:34:37
60729,Pranav Rao,9,Telugu,Hindi,89,93,74,87,44,48,92,79,514,85.67,A2,8.6,2026-09-01 14:43:35
60730,Sai Mishra,9,Telugu,Hindi,65,88,79,72,50,47,97,83,484,80.67,A2,8.1,2026-09-08 11:07:15
60731,Aditya Joshi,9,Hindi,Telugu,94,90,85,99,45,50,95,96,559,93.17,A1,9.3,2026-09-06 15:24:36
60732,Krishna Gupta,9,Telugu,Hindi,68,80,78,64,33,31,64,64,418,69.67,B2,7.0,2026-08-18 13:00:13
60733,Tarun Shetty,9,Telugu,Hindi,84,80,73,63,35,44,79,62,441,73.50,B1,7.3,2026-08-15 11:04:20
60734,Pooja Das,9,Telugu,Hindi,65,77,82,88,35,45,80,85,477,79.50,B1,8.0,2026-08-15 19:11:35
60735,Rohan Rao,9,Telugu,Hindi,96,94,88,81,50,42,92,91,542,90.33,A1,9.0,2026-09-07 14:09:27
60736,Harsha Iyer,9,Hindi,Telugu,70,74,65,61,44,16,60,78,408,68.00,F,6.8,2026-08-25 18:19:35
60737,Pranav Rao,9,Hindi,Telugu,86,91,74,92,50,46,96,90,529,88.17,A2,8.8,2026-08-16 07:00:44
60738,Rohan Rao,9,Telugu,Hindi,99,99,83,76,40,44,84,87,528,88.00,A2,8.8,2026-09-13 20:13:12
60739,Lakshmi Rao,9,Hindi,Telugu,98,93,68,59,46,45,91,93,502,83.67,A2,8.4,2026-08-27 08:16:38
60740,Vishal Nair,9,Hindi,Telugu,71,47,55,58,24,30,54,66,351,58.50,C1,5.8,2026-08-28 16:51:06
60741,Vishal Kumar,9,Telugu,Hindi,88,82,87,74,37,39,76,85,492,82.00,A2,8.2,2026-09-02 08:35:15
60742,Vaishnavi Singh,9,Telugu,Hindi,99,76,83,80,43,50,93,90,521,86.83,A2,8.7,2026-08-15 14:29:29
60743,Keerthi Patel,9,Telugu,Hindi,77,88,82,88,50,41,91,74,500,83.33,A2,8.3,2026-09-13 20:27:54
60744,Deepika Singh,9,Hindi,Telugu,68,60,81,85,35,29,64,76,434,72.33,B1,7.2,2026-08-01 19:09:31
60745,Rahul Joshi,9,Hindi,Telugu,86,75,73,59,32,31,63,63,419,69.83,B2,7.0,2026-08-27 07:14:01
60746,Rahul Reddy,9,Hindi,Telugu,94,89,99,83,36,35,71,78,514,85.67,A2,8.6,2026-08-01 08:36:15
60747,Akash Verma,9,Hindi,Telugu,68,48,73,79,36,39,75,81,424,70.67,B1,7.1,2026-08-11 14:26:56
60748,Lakshmi Naidu,9,Hindi,Telugu,87,98,91,93,50,48,98,99,566,94.33,A1,9.4,2026-08-20 15:03:15
60749,Sneha Yadav,9,Hindi,Telugu,97,88,74,61,39,34,73,99,492,82.00,A2,8.2,2026-08-19 15:38:58
60750,Ishita Naidu,9,Telugu,Hindi,93,83,94,84,42,50,92,79,525,87.50,A2,8.8,2026-08-14 14:05:00
60751,Akash Singh,9,Telugu,Hindi,78,99,90,78,40,48,88,86,519,86.50,A2,8.7,2026-08-11 13:57:24
60752,Vaishnavi Kumar,9,Telugu,Hindi,76,88,72,64,38,41,79,79,458,76.33,B1,7.6,2026-09-07 17:56:08
60753,Pranav Kulkarni,9,Hindi,Telugu,87,90,78,72,43,48,91,94,512,85.33,A2,8.5,2026-09-06 09:19:31
60754,Ishita Joshi,9,Telugu,Hindi,45,46,63,74,34,20,54,41,323,53.83,C1,5.4,2026-08-23 07:52:29
60755,Nikhil Rao,9,Hindi,Telugu,88,89,83,77,37,33,70,74,481,80.17,A2,8.0,2026-09-12 20:06:23
60756,Karthik Mishra,9,Telugu,Hindi,89,99,97,99,50,50,100,90,574,95.67,A1,9.6,2026-08-25 13:45:43
60757,Priya Kumar,9,Hindi,Telugu,74,70,85,95,37,47,84,87,495,82.50,A2,8.2,2026-09-13 19:53:50
60758,Aishwarya Mishra,9,Hindi,Telugu,46,52,43,47,12,19,31,30,249,41.50,F,4.2,2026-08-17 07:03:35
60759,Divya Verma,9,Telugu,Hindi,62,77,64,65,25,22,47,64,379,63.17,B2,6.3,2026-08-09 15:48:39
60760,Aditya Verma,9,Hindi,Telugu,67,80,82,57,25,32,57,64,407,67.83,B2,6.8,2026-08-14 12:39:12
60761,Swathi Joshi,9,Hindi,Telugu,76,68,78,80,31,36,67,85,454,75.67,B1,7.6,2026-08-06 19:22:07
60762,Vijay Rao,9,Telugu,Hindi,88,98,77,91,40,50,90,90,534,89.00,A2,8.9,2026-08-14 09:30:11
60763,Aditya Naidu,9,Telugu,Hindi,92,92,90,99,50,42,92,83,548,91.33,A1,9.1,2026-08-23 12:09:22
60764,Tarun Yadav,9,Hindi,Telugu,99,77,88,99,45,41,86,84,533,88.83,A2,8.9,2026-08-04 15:14:29
60765,Deepika Nair,9,Hindi,Telugu,89,79,87,80,26,38,64,92,491,81.83,A2,8.2,2026-09-07 12:49:03
60766,Aishwarya Sharma,9,Hindi,Telugu,53,72,62,57,25,34,59,73,376,62.67,B2,6.3,2026-08-01 14:13:58
60767,Vaishnavi Joshi,9,Hindi,Telugu,55,56,62,54,38,40,78,60,365,60.83,B2,6.1,2026-08-22 09:16:12
60768,Meghana Reddy,9,Telugu,Hindi,84,95,74,83,39,45,84,73,493,82.17,A2,8.2,2026-08-15 10:53:48
60769,Neha Nair,9,Telugu,Hindi,85,79,88,73,41,39,80,80,485,80.83,A2,8.1,2026-08-21 16:37:13
60770,Vishal Reddy,9,Telugu,Hindi,98,86,99,61,46,40,86,68,498,83.00,A2,8.3,2026-09-11 12:31:13
60771,Harini Chowdary,9,Telugu,Hindi,89,92,91,85,50,46,96,99,552,92.00,A1,9.2,2026-08-03 08:34:56
60772,Aadhya Gupta,9,Telugu,Hindi,91,90,77,99,49,49,98,85,540,90.00,A1,9.0,2026-08-05 13:34:56
60773,Vaishnavi Naidu,9,Hindi,Telugu,63,69,55,66,45,44,89,67,409,68.17,B2,6.8,2026-08-14 13:26:36
60774,Vaishnavi Rao,9,Hindi,Telugu,70,80,95,73,35,30,65,66,449,74.83,B1,7.5,2026-08-16 12:20:42
60775,Sai Reddy,9,Telugu,Hindi,87,99,88,99,47,41,88,89,550,91.67,A1,9.2,2026-08-12 12:25:17
60776,Arjun Reddy,9,Telugu,Hindi,81,86,76,89,46,41,87,85,504,84.00,A2,8.4,2026-08-31 12:44:36
60777,Rohan Kulkarni,9,Hindi,Telugu,57,79,71,84,32,34,66,72,429,71.50,B1,7.2,2026-08-18 14:32:04
60778,Keerthi Patel,9,Telugu,Hindi,88,73,88,99,40,50,90,86,524,87.33,A2,8.7,2026-08-25 17:36:45
60779,Aishwarya Kumar,9,Hindi,Telugu,74,68,69,73,39,36,75,65,424,70.67,B1,7.1,2026-09-08 15:05:27
60780,Pranav Shetty,9,Hindi,Telugu,70,67,50,72,39,35,74,75,408,68.00,B2,6.8,2026-08-14 19:05:15
60781,Aditya Patel,9,Hindi,Telugu,97,74,87,80,48,42,90,84,512,85.33,A2,8.5,2026-09-10 11:19:25
60782,Neha Rao,9,Hindi,Telugu,65,78,77,99,48,30,78,75,472,78.67,B1,7.9,2026-08-15 10:11:46
60783,Tarun Yadav,9,Hindi,Telugu,72,99,92,99,48,44,92,84,538,89.67,A2,9.0,2026-08-21 09:51:06
60784,Vaishnavi Singh,9,Telugu,Hindi,71,65,63,58,39,38,77,51,385,64.17,B2,6.4,2026-08-27 19:51:03
60785,Neha Verma,9,Hindi,Telugu,76,85,63,73,40,39,79,67,443,73.83,B1,7.4,2026-08-18 17:05:40
60786,Aarav Iyer,9,Hindi,Telugu,67,80,95,92,25,45,70,85,489,81.50,A2,8.2,2026-09-09 15:31:25
60787,Sneha Iyer,9,Hindi,Telugu,99,92,87,76,42,50,92,99,545,90.83,A1,9.1,2026-08-22 14:53:41
60788,Rohan Rao,9,Telugu,Hindi,30,40,51,8,17,14,31,26,186,31.00,F,3.1,2026-09-13 10:26:14
60789,Karthik Rao,9,Telugu,Hindi,79,66,68,62,38,42,80,82,437,72.83,B1,7.3,2026-09-09 20:14:09
60790,Keerthi Mishra,9,Telugu,Hindi,99,94,81,77,45,48,93,78,522,87.00,A2,8.7,2026-08-13 07:34:48
60791,Bhavya Goud,9,Hindi,Telugu,88,91,67,84,38,35,73,76,479,79.83,B1,8.0,2026-08-19 11:03:21
60792,Nandini Kulkarni,9,Hindi,Telugu,82,75,73,75,32,49,81,83,469,78.17,B1,7.8,2026-09-05 16:48:10
60793,Rohan Kulkarni,9,Telugu,Hindi,99,99,85,86,50,46,96,67,532,88.67,A2,8.9,2026-08-29 13:34:46
60794,Aishwarya Das,9,Telugu,Hindi,84,81,68,99,44,44,88,95,515,85.83,A2,8.6,2026-08-04 20:24:56
60795,Charan Gupta,9,Hindi,Telugu,83,78,83,99,46,50,96,81,520,86.67,A2,8.7,2026-08-03 14:36:37
60796,Varun Naidu,9,Telugu,Hindi,51,62,75,71,41,39,80,70,409,68.17,B2,6.8,2026-08-21 17:32:56
60797,Harsha Singh,9,Hindi,Telugu,72,84,53,78,23,21,44,51,382,63.67,B2,6.4,2026-09-05 13:23:23
60798,Vishal Gupta,9,Hindi,Telugu,87,79,79,50,39,35,74,66,435,72.50,B1,7.2,2026-09-04 13:45:31
60799,Meghana Shetty,9,Telugu,Hindi,40,39,26,12,4,22,26,36,179,29.83,F,3.0,2026-08-16 07:23:35
60800,Ishita Mishra,9,Telugu,Hindi,83,81,87,71,42,36,78,96,496,82.67,A2,8.3,2026-08-03 12:24:49
60801,Harini Goud,9,Telugu,Hindi,69,79,79,68,36,44,80,75,450,75.00,B1,7.5,2026-08-29 09:24:02
60802,Pranav Patel,9,Telugu,Hindi,74,79,82,85,41,33,74,77,471,78.50,B1,7.8,2026-08-13 15:46:36
60803,Aishwarya Kulkarni,9,Telugu,Hindi,85,89,94,77,43,35,78,89,512,85.33,A2,8.5,2026-09-06 15:32:36
60804,Tarun Yadav,9,Hindi,Telugu,86,88,92,99,39,44,83,99,547,91.17,A1,9.1,2026-08-06 12:24:52
60805,Lakshmi Reddy,9,Telugu,Hindi,84,83,77,55,39,38,77,82,458,76.33,B1,7.6,2026-09-10 20:38:08
60806,Aarav Kulkarni,9,Hindi,Telugu,82,73,73,64,50,43,93,70,455,75.83,B1,7.6,2026-08-09 19:00:12
60807,Sanjay Patel,9,Telugu,Hindi,89,82,88,69,37,40,77,83,488,81.33,A2,8.1,2026-09-02 19:13:42
60808,Neha Shetty,9,Hindi,Telugu,72,74,92,99,42,44,86,88,511,85.17,A2,8.5,2026-09-08 07:53:06
60809,Surya Menon,9,Telugu,Hindi,77,93,99,88,44,50,94,91,542,90.33,A1,9.0,2026-09-13 11:37:58
60810,Vaishnavi Mishra,9,Telugu,Hindi,62,40,47,48,15,32,47,60,304,50.67,F,5.1,2026-08-25 11:28:31
60811,Manish Nair,9,Hindi,Telugu,71,80,63,43,27,28,55,75,387,64.50,B2,6.5,2026-08-01 18:26:45
60812,Ananya Naidu,9,Hindi,Telugu,93,92,73,82,40,50,90,98,528,88.00,A2,8.8,2026-08-28 11:41:01
60813,Vaishnavi Iyer,9,Telugu,Hindi,59,48,38,42,18,28,46,40,273,45.50,C2,4.5,2026-09-02 19:42:08
60814,Sanjay Chowdary,9,Hindi,Telugu,80,93,93,79,34,32,66,68,479,79.83,B1,8.0,2026-09-12 18:29:33
60815,Vaishnavi Singh,9,Telugu,Hindi,50,55,70,61,33,36,69,65,370,61.67,B2,6.2,2026-08-07 20:08:43
60816,Rahul Nair,9,Telugu,Hindi,98,89,93,99,50,42,92,87,558,93.00,A1,9.3,2026-08-21 09:18:57
60817,Lakshmi Chowdary,9,Hindi,Telugu,73,64,46,78,46,42,88,67,416,69.33,B2,6.9,2026-09-11 09:34:29
60818,Krishna Yadav,9,Hindi,Telugu,87,68,77,65,42,39,81,67,445,74.17,B1,7.4,2026-09-03 10:33:31
60819,Pranav Shetty,9,Hindi,Telugu,96,99,99,99,40,48,88,99,580,96.67,A1,9.7,2026-08-02 11:04:51
60820,Pooja Iyer,9,Telugu,Hindi,87,86,70,92,40,35,75,97,507,84.50,A2,8.4,2026-08-17 11:58:40
60821,Rohan Mishra,9,Hindi,Telugu,78,80,80,92,47,50,97,87,514,85.67,A2,8.6,2026-08-22 16:17:04
60822,Harini Nair,9,Hindi,Telugu,92,99,90,87,49,42,91,96,555,92.50,A1,9.2,2026-08-31 10:23:08
60823,Nandini Yadav,9,Hindi,Telugu,98,95,99,90,45,47,92,78,552,92.00,A1,9.2,2026-08-09 14:33:41
60824,Sanjay Yadav,9,Hindi,Telugu,66,40,80,71,24,43,67,50,374,62.33,B2,6.2,2026-08-23 17:38:10
60825,Tarun Mishra,9,Telugu,Hindi,84,87,77,81,47,37,84,84,497,82.83,A2,8.3,2026-08-31 14:38:03
60826,Tarun Goud,9,Telugu,Hindi,78,82,75,80,28,25,53,69,437,72.83,B1,7.3,2026-08-14 17:28:54
60827,Charan Kumar,9,Hindi,Telugu,62,65,72,54,27,45,72,79,404,67.33,B2,6.7,2026-08-11 11:09:34
60828,Aadhya Iyer,9,Telugu,Hindi,69,93,81,88,50,50,100,67,498,83.00,A2,8.3,2026-08-25 14:54:54
60829,Aditya Joshi,9,Hindi,Telugu,77,96,75,91,39,48,87,80,506,84.33,A2,8.4,2026-08-26 16:23:51
60830,Ananya Joshi,9,Hindi,Telugu,70,63,68,48,18,31,49,66,364,60.67,B2,6.1,2026-08-22 20:23:36
60831,Aadhya Nair,9,Hindi,Telugu,65,73,75,62,39,32,71,64,410,68.33,B2,6.8,2026-09-04 16:35:58
60832,Sneha Iyer,9,Telugu,Hindi,55,59,72,45,23,43,66,62,359,59.83,C1,6.0,2026-09-03 18:14:49
60833,Meghana Naidu,9,Telugu,Hindi,99,99,79,82,45,40,85,84,528,88.00,A2,8.8,2026-08-09 16:05:22
60834,Keerthi Verma,9,Telugu,Hindi,59,60,65,99,31,36,67,79,429,71.50,B1,7.2,2026-09-01 08:04:31
60835,Priya Verma,9,Hindi,Telugu,99,67,87,88,42,42,84,78,503,83.83,A2,8.4,2026-08-20 12:49:15
60836,Meghana Goud,9,Hindi,Telugu,79,85,79,94,31,43,74,71,482,80.33,A2,8.0,2026-08-27 15:01:12
60837,Vaishnavi Sharma,9,Telugu,Hindi,76,95,92,90,34,42,76,72,501,83.50,A2,8.3,2026-08-01 13:20:09
60838,Surya Nair,9,Telugu,Hindi,99,93,89,87,42,38,80,95,543,90.50,A1,9.1,2026-08-31 11:22:08
60839,Aditya Gupta,9,Hindi,Telugu,70,51,80,63,36,32,68,59,391,65.17,B2,6.5,2026-08-14 12:56:17
60840,Ananya Singh,9,Hindi,Telugu,66,91,80,84,31,37,68,68,457,76.17,B1,7.6,2026-08-28 14:48:19
60841,Swathi Joshi,9,Hindi,Telugu,83,76,70,63,27,50,77,71,440,73.33,B1,7.3,2026-08-15 17:29:50
60842,Sanjay Mishra,9,Hindi,Telugu,80,71,66,56,39,22,61,82,416,69.33,B2,6.9,2026-09-06 14:42:19
60843,Ishita Yadav,9,Hindi,Telugu,88,92,78,72,49,43,92,80,502,83.67,A2,8.4,2026-08-14 18:23:15
60844,Sneha Shetty,9,Telugu,Hindi,92,82,99,83,47,39,86,99,541,90.17,A1,9.0,2026-08-02 20:35:49
60845,Neha Sharma,9,Telugu,Hindi,60,97,92,93,38,46,84,70,496,82.67,A2,8.3,2026-09-14 10:13:35
60846,Harini Yadav,9,Hindi,Telugu,69,80,91,99,36,42,78,81,498,83.00,A2,8.3,2026-08-27 14:13:38
60847,Meghana Kumar,9,Hindi,Telugu,84,79,89,99,43,35,78,75,504,84.00,A2,8.4,2026-09-03 19:27:29
60848,Sneha Menon,9,Telugu,Hindi,48,47,64,55,33,33,66,52,332,55.33,C1,5.5,2026-09-08 17:02:33
60849,Karthik Nair,9,Telugu,Hindi,89,89,86,88,30,42,72,71,495,82.50,A2,8.2,2026-08-10 14:58:33
60850,Keerthi Kulkarni,9,Telugu,Hindi,77,70,90,76,38,36,74,57,444,74.00,B1,7.4,2026-09-02 09:14:09
60851,Keerthi Shetty,9,Hindi,Telugu,56,76,60,34,34,34,68,65,359,59.83,F,6.0,2026-08-09 20:16:50
60852,Keerthi Mishra,9,Telugu,Hindi,62,99,80,79,41,32,73,78,471,78.50,B1,7.8,2026-09-07 09:14:17
60853,Divya Chowdary,9,Hindi,Telugu,80,99,93,80,32,44,76,96,524,87.33,A2,8.7,2026-08-28 18:37:47
60854,Varun Sharma,9,Telugu,Hindi,87,99,82,74,45,45,90,81,513,85.50,A2,8.6,2026-08-12 11:01:33
60855,Kavya Goud,9,Hindi,Telugu,99,82,67,76,50,43,93,75,492,82.00,A2,8.2,2026-08-11 14:00:55
60856,Lakshmi Kulkarni,9,Telugu,Hindi,99,82,84,93,44,46,90,89,537,89.50,A2,8.9,2026-08-03 13:04:15
60857,Kavya Das,9,Telugu,Hindi,64,76,70,91,46,47,93,65,459,76.50,B1,7.7,2026-09-11 13:45:04
60858,Ananya Reddy,9,Telugu,Hindi,63,57,79,58,23,18,41,62,360,60.00,B2,6.0,2026-08-10 09:44:35
60859,Nikhil Kumar,9,Hindi,Telugu,74,88,84,74,50,50,100,99,519,86.50,A2,8.7,2026-08-28 10:26:53
60860,Bhavya Sharma,9,Telugu,Hindi,99,89,99,87,50,49,99,87,560,93.33,A1,9.3,2026-09-11 10:56:17
60861,Nandini Nair,9,Hindi,Telugu,67,58,63,53,40,38,78,46,365,60.83,B2,6.1,2026-08-24 09:08:03
60862,Sneha Nair,9,Hindi,Telugu,99,99,75,84,34,46,80,76,513,85.50,A2,8.6,2026-08-24 15:43:07
60863,Divya Shetty,9,Telugu,Hindi,98,80,99,75,50,39,89,89,530,88.33,A2,8.8,2026-08-11 18:07:35
60864,Aarav Joshi,9,Telugu,Hindi,60,59,61,54,40,37,77,84,395,65.83,B2,6.6,2026-09-04 18:49:52
60865,Pooja Singh,9,Telugu,Hindi,77,79,76,62,36,39,75,91,460,76.67,B1,7.7,2026-08-14 15:05:29
60866,Surya Das,9,Hindi,Telugu,65,67,61,51,42,50,92,70,406,67.67,B2,6.8,2026-08-18 19:51:18
60867,Charan Das,9,Hindi,Telugu,83,82,93,99,47,44,91,97,545,90.83,A1,9.1,2026-08-14 18:51:02
60868,Karthik Chowdary,9,Telugu,Hindi,91,95,82,83,41,44,85,99,535,89.17,A2,8.9,2026-09-03 07:59:40
60869,Aditya Menon,9,Hindi,Telugu,66,82,77,99,28,38,66,89,479,79.83,B1,8.0,2026-08-15 20:12:17
60870,Aditya Shetty,9,Telugu,Hindi,69,87,86,94,42,37,79,82,497,82.83,A2,8.3,2026-09-13 16:08:10
60871,Deepika Yadav,9,Telugu,Hindi,58,86,88,90,46,37,83,79,484,80.67,A2,8.1,2026-08-29 14:11:34
60872,Deepika Iyer,9,Telugu,Hindi,99,99,99,83,50,50,100,98,578,96.33,A1,9.6,2026-08-11 07:40:29
60873,Harini Iyer,9,Hindi,Telugu,86,82,86,95,42,41,83,84,516,86.00,A2,8.6,2026-08-02 09:14:56
60874,Surya Kumar,9,Telugu,Hindi,86,70,67,54,30,23,53,36,366,61.00,B2,6.1,2026-09-05 08:36:38
60875,Aditya Sharma,9,Hindi,Telugu,65,86,93,89,42,50,92,92,517,86.17,A2,8.6,2026-08-09 14:34:30
60876,Akash Nair,9,Hindi,Telugu,92,99,87,85,47,38,85,61,509,84.83,A2,8.5,2026-09-04 13:42:08
60877,Manish Joshi,9,Telugu,Hindi,68,79,66,79,38,33,71,56,419,69.83,B2,7.0,2026-08-30 08:58:06
60878,Aishwarya Goud,9,Hindi,Telugu,44,69,59,45,19,24,43,42,302,50.33,C1,5.0,2026-08-02 17:53:23
60879,Surya Iyer,9,Telugu,Hindi,91,83,70,72,38,48,86,81,483,80.50,A2,8.1,2026-08-26 17:09:39
60880,Lakshmi Menon,9,Hindi,Telugu,77,67,72,99,40,34,74,78,467,77.83,B1,7.8,2026-08-21 19:46:29
60881,Harini Verma,10,Telugu,Hindi,62,68,75,78,34,36,70,69,422,70.33,B1,7.0,2026-08-30 15:05:02
60882,Vishal Singh,10,Telugu,Hindi,78,84,77,70,43,48,91,76,476,79.33,B1,7.9,2026-08-07 19:41:14
60883,Swathi Mishra,10,Hindi,Telugu,99,91,92,70,39,50,89,89,530,88.33,A2,8.8,2026-09-11 10:23:46
60884,Sanjay Mishra,10,Hindi,Telugu,80,72,82,68,40,34,74,85,461,76.83,B1,7.7,2026-08-19 13:37:17
60885,Karthik Iyer,10,Hindi,Telugu,76,82,86,70,36,35,71,91,476,79.33,B1,7.9,2026-08-17 08:16:01
60886,Priya Das,10,Hindi,Telugu,84,95,99,99,40,50,90,99,566,94.33,A1,9.4,2026-09-07 09:35:07
60887,Karthik Nair,10,Telugu,Hindi,42,26,28,33,25,19,44,41,214,35.67,F,3.6,2026-08-09 18:17:25
60888,Surya Kumar,10,Telugu,Hindi,76,63,81,78,33,44,77,82,457,76.17,B1,7.6,2026-08-31 11:54:50
60889,Meghana Patel,10,Hindi,Telugu,87,91,99,76,43,50,93,76,522,87.00,A2,8.7,2026-08-10 12:25:02
60890,Surya Kulkarni,10,Telugu,Hindi,68,55,76,80,42,35,77,78,434,72.33,B1,7.2,2026-08-21 12:27:25
60891,Rohan Chowdary,10,Hindi,Telugu,70,99,89,99,50,50,100,89,546,91.00,A1,9.1,2026-09-12 10:39:20
60892,Divya Reddy,10,Hindi,Telugu,68,85,75,78,25,44,69,59,434,72.33,B1,7.2,2026-08-03 12:17:35
60893,Deepika Chowdary,10,Hindi,Telugu,97,99,94,87,50,33,83,87,547,91.17,A1,9.1,2026-08-01 14:10:45
60894,Harsha Nair,10,Hindi,Telugu,66,80,85,75,45,43,88,99,493,82.17,A2,8.2,2026-08-14 09:02:36
60895,Surya Kumar,10,Telugu,Hindi,58,64,73,43,30,28,58,66,362,60.33,B2,6.0,2026-08-13 07:56:54
60896,Pooja Iyer,10,Telugu,Hindi,76,56,69,62,35,31,66,72,401,66.83,B2,6.7,2026-08-26 14:18:11
60897,Ananya Chowdary,10,Hindi,Telugu,99,85,87,89,44,46,90,74,524,87.33,A2,8.7,2026-08-21 18:33:12
60898,Karthik Mishra,10,Telugu,Hindi,95,68,86,69,49,47,96,88,502,83.67,A2,8.4,2026-09-05 11:40:12
60899,Sanjay Nair,10,Telugu,Hindi,75,99,84,85,50,47,97,96,536,89.33,A2,8.9,2026-08-18 14:00:14
60900,Sahithi Patel,10,Telugu,Hindi,87,84,95,91,44,49,93,92,542,90.33,A1,9.0,2026-08-08 07:45:27
60901,Bhavya Goud,10,Hindi,Telugu,79,93,99,99,46,39,85,75,530,88.33,A2,8.8,2026-08-20 09:17:06
60902,Aarav Chowdary,10,Telugu,Hindi,54,60,60,99,50,48,98,80,451,75.17,B1,7.5,2026-09-12 19:03:17
60903,Sai Yadav,10,Telugu,Hindi,80,85,87,99,50,45,95,85,531,88.50,A2,8.8,2026-08-01 20:43:05
60904,Pranav Shetty,10,Telugu,Hindi,87,81,78,83,47,40,87,99,515,85.83,A2,8.6,2026-08-20 07:37:45
60905,Priya Reddy,10,Telugu,Hindi,81,41,59,92,25,28,53,52,378,63.00,B2,6.3,2026-09-05 18:30:10
60906,Meghana Shetty,10,Hindi,Telugu,99,89,89,85,48,42,90,69,521,86.83,A2,8.7,2026-09-04 12:31:27
60907,Kavya Singh,10,Hindi,Telugu,86,76,72,95,48,35,83,69,481,80.17,A2,8.0,2026-08-24 13:15:33
60908,Divya Das,10,Telugu,Hindi,92,99,99,94,45,43,88,72,544,90.67,A1,9.1,2026-09-13 10:16:31
60909,Divya Mishra,10,Telugu,Hindi,81,99,73,93,35,43,78,96,520,86.67,A2,8.7,2026-09-06 16:36:50
60910,Keerthi Shetty,10,Telugu,Hindi,80,94,79,73,42,40,82,68,476,79.33,B1,7.9,2026-08-21 11:46:04
60911,Arjun Patel,10,Telugu,Hindi,40,47,61,32,23,22,45,47,272,45.33,F,4.5,2026-08-27 12:17:28
60912,Karthik Yadav,10,Hindi,Telugu,93,75,92,84,35,43,78,78,500,83.33,A2,8.3,2026-08-26 13:30:08
60913,Meghana Nair,10,Hindi,Telugu,99,99,76,87,45,50,95,84,540,90.00,A1,9.0,2026-08-20 20:17:24
60914,Aadhya Chowdary,10,Hindi,Telugu,89,72,72,99,42,44,86,94,512,85.33,A2,8.5,2026-09-01 16:37:54
60915,Pranav Mishra,10,Telugu,Hindi,37,41,38,40,20,29,49,53,258,43.00,C2,4.3,2026-08-03 13:56:32
60916,Manish Naidu,10,Telugu,Hindi,76,95,79,86,34,42,76,99,511,85.17,A2,8.5,2026-08-04 19:51:46
60917,Kavya Rao,10,Hindi,Telugu,70,55,58,60,31,20,51,67,361,60.17,B2,6.0,2026-08-12 18:00:46
60918,Varun Verma,10,Hindi,Telugu,69,99,94,84,45,41,86,99,531,88.50,A2,8.8,2026-08-18 12:15:36
60919,Tarun Shetty,10,Hindi,Telugu,95,78,99,93,50,46,96,90,551,91.83,A1,9.2,2026-08-06 09:51:33
60920,Aditya Verma,10,Telugu,Hindi,81,68,64,79,35,48,83,70,445,74.17,B1,7.4,2026-08-31 07:22:27
60921,Sai Iyer,10,Hindi,Telugu,99,82,93,70,50,41,91,89,524,87.33,A2,8.7,2026-08-05 12:05:18
60922,Sahithi Naidu,10,Hindi,Telugu,40,60,68,54,40,27,67,49,338,56.33,C1,5.6,2026-09-01 15:46:22
60923,Krishna Mishra,10,Hindi,Telugu,80,69,76,99,44,41,85,75,484,80.67,A2,8.1,2026-08-31 14:57:28
60924,Harsha Gupta,10,Hindi,Telugu,83,79,69,64,50,34,84,76,455,75.83,B1,7.6,2026-08-19 07:29:40
60925,Charan Goud,10,Telugu,Hindi,92,90,82,65,35,42,77,99,505,84.17,A2,8.4,2026-08-31 09:31:43
60926,Aishwarya Yadav,10,Telugu,Hindi,85,95,88,62,33,45,78,98,506,84.33,A2,8.4,2026-09-10 20:39:41
60927,Sai Naidu,10,Telugu,Hindi,58,52,58,69,24,33,57,67,361,60.17,B2,6.0,2026-08-11 12:00:45
60928,Vishal Shetty,10,Hindi,Telugu,69,54,35,52,41,32,73,49,332,55.33,C1,5.5,2026-08-07 18:47:15
60929,Tarun Mishra,10,Telugu,Hindi,93,84,74,72,31,38,69,99,491,81.83,A2,8.2,2026-08-03 19:48:17
60930,Deepika Kumar,10,Telugu,Hindi,58,47,51,87,35,22,57,82,382,63.67,B2,6.4,2026-09-02 08:19:26
60931,Deepika Shetty,10,Telugu,Hindi,50,68,51,60,27,42,69,38,336,56.00,C1,5.6,2026-08-05 13:52:11
60932,Meghana Reddy,10,Hindi,Telugu,35,69,68,46,10,21,31,39,288,48.00,F,4.8,2026-08-07 09:23:05
60933,Kavya Naidu,10,Hindi,Telugu,92,99,99,83,50,50,100,88,561,93.50,A1,9.3,2026-08-27 14:11:33
60934,Aditya Kulkarni,10,Telugu,Hindi,96,83,73,76,34,37,71,78,477,79.50,B1,8.0,2026-08-17 13:41:55
60935,Rahul Goud,10,Telugu,Hindi,8,13,33,47,22,14,36,40,177,29.50,F,3.0,2026-08-10 13:12:46
60936,Krishna Nair,10,Telugu,Hindi,69,87,75,88,32,40,72,96,487,81.17,A2,8.1,2026-08-02 09:24:03
60937,Meghana Shetty,10,Telugu,Hindi,56,45,61,35,14,21,35,42,274,45.67,F,4.6,2026-09-01 19:58:30
60938,Surya Joshi,10,Hindi,Telugu,73,60,75,72,40,36,76,58,414,69.00,B2,6.9,2026-08-06 10:54:34
60939,Harsha Naidu,10,Telugu,Hindi,78,99,79,75,33,38,71,99,501,83.50,A2,8.3,2026-08-16 08:41:11
60940,Tarun Patel,10,Telugu,Hindi,93,77,77,57,47,44,91,77,472,78.67,B1,7.9,2026-09-03 14:07:12
60941,Aadhya Chowdary,10,Telugu,Hindi,78,89,98,90,40,42,82,96,533,88.83,A2,8.9,2026-09-07 19:33:44
60942,Deepika Goud,10,Telugu,Hindi,94,91,77,99,50,40,90,78,529,88.17,A2,8.8,2026-08-31 12:20:26
60943,Vishal Shetty,10,Telugu,Hindi,66,78,62,79,18,29,47,67,399,66.50,B2,6.7,2026-08-20 12:46:43
60944,Manish Mishra,10,Telugu,Hindi,58,67,52,22,44,24,68,66,333,55.50,F,5.5,2026-08-15 18:00:13
60945,Aadhya Sharma,10,Hindi,Telugu,30,67,28,63,19,24,43,42,273,45.50,F,4.5,2026-08-27 08:19:53
60946,Tarun Sharma,10,Telugu,Hindi,90,90,99,81,33,39,72,77,509,84.83,A2,8.5,2026-09-09 13:18:39
60947,Aadhya Reddy,10,Hindi,Telugu,92,81,86,65,36,37,73,87,484,80.67,A2,8.1,2026-08-09 19:50:19
60948,Nikhil Gupta,10,Telugu,Hindi,86,78,82,99,38,42,80,91,516,86.00,A2,8.6,2026-08-03 08:31:03
60949,Manish Goud,10,Hindi,Telugu,80,70,59,67,36,22,58,50,384,64.00,B2,6.4,2026-08-03 12:12:37
60950,Ananya Verma,10,Telugu,Hindi,83,52,62,87,36,40,76,77,437,72.83,B1,7.3,2026-09-05 07:59:20
60951,Tarun Singh,10,Hindi,Telugu,81,74,85,79,27,31,58,75,452,75.33,B1,7.5,2026-08-13 10:42:26
60952,Akash Yadav,10,Telugu,Hindi,77,84,85,58,17,39,56,62,422,70.33,F,7.0,2026-09-05 11:43:34
60953,Rohan Singh,10,Telugu,Hindi,99,75,93,95,42,46,88,74,524,87.33,A2,8.7,2026-09-01 09:24:24
60954,Nandini Rao,10,Telugu,Hindi,53,78,69,71,43,30,73,49,393,65.50,B2,6.5,2026-08-25 09:29:48
60955,Tarun Reddy,10,Hindi,Telugu,78,79,71,86,40,37,77,91,482,80.33,A2,8.0,2026-08-17 10:27:24
60956,Harsha Reddy,10,Telugu,Hindi,89,65,70,71,42,36,78,98,471,78.50,B1,7.8,2026-08-08 19:00:44
60957,Sahithi Mishra,10,Hindi,Telugu,64,68,86,66,32,36,68,55,407,67.83,B2,6.8,2026-08-13 08:16:20
60958,Neha Naidu,10,Telugu,Hindi,94,99,91,64,46,45,91,93,532,88.67,A2,8.9,2026-08-04 19:40:10
60959,Divya Singh,10,Telugu,Hindi,88,98,77,68,37,45,82,64,477,79.50,B1,8.0,2026-08-21 13:10:55
60960,Aarav Gupta,10,Telugu,Hindi,74,96,78,83,49,48,97,69,497,82.83,A2,8.3,2026-08-21 16:23:06
60961,Harini Yadav,10,Telugu,Hindi,70,52,73,59,29,33,62,54,370,61.67,B2,6.2,2026-08-21 07:11:48
60962,Vishal Das,10,Hindi,Telugu,58,66,73,95,33,38,71,72,435,72.50,B1,7.2,2026-09-10 10:41:17
60963,Bhavya Gupta,10,Telugu,Hindi,62,76,57,74,23,28,51,50,370,61.67,B2,6.2,2026-08-20 08:40:00
60964,Ishita Chowdary,10,Telugu,Hindi,94,97,85,80,35,40,75,81,512,85.33,A2,8.5,2026-08-27 11:03:17
60965,Karthik Verma,10,Hindi,Telugu,41,33,72,50,28,19,47,10,253,42.17,F,4.2,2026-09-10 07:43:44
60966,Divya Mishra,10,Telugu,Hindi,99,99,88,99,37,39,76,82,543,90.50,A1,9.1,2026-08-10 12:31:06
60967,Priya Das,10,Hindi,Telugu,41,19,28,59,17,16,33,35,215,35.83,F,3.6,2026-08-05 12:38:28
60968,Aarav Kulkarni,10,Telugu,Hindi,88,83,81,89,38,41,79,89,509,84.83,A2,8.5,2026-08-23 13:46:46
60969,Tarun Chowdary,10,Telugu,Hindi,95,96,99,89,45,50,95,87,561,93.50,A1,9.3,2026-08-31 07:20:56
60970,Meghana Sharma,10,Telugu,Hindi,74,67,73,79,47,39,86,72,451,75.17,B1,7.5,2026-08-20 18:31:48
60971,Harsha Naidu,10,Telugu,Hindi,73,79,97,99,31,47,78,99,525,87.50,A2,8.8,2026-09-08 16:51:17
60972,Sai Nair,10,Hindi,Telugu,84,74,99,95,38,48,86,79,517,86.17,A2,8.6,2026-08-07 16:37:54
60973,Ananya Iyer,10,Hindi,Telugu,85,80,80,94,42,41,83,77,499,83.17,A2,8.3,2026-08-27 10:42:26
60974,Sanjay Chowdary,10,Telugu,Hindi,53,84,99,68,40,41,81,67,452,75.33,B1,7.5,2026-09-08 19:41:03
60975,Keerthi Yadav,10,Telugu,Hindi,71,67,87,97,30,50,80,99,501,83.50,A2,8.3,2026-08-24 17:17:12
60976,Tarun Sharma,10,Hindi,Telugu,98,99,71,87,50,43,93,75,523,87.17,A2,8.7,2026-08-06 20:54:24
60977,Vishal Gupta,10,Hindi,Telugu,61,78,68,59,25,36,61,72,399,66.50,B2,6.7,2026-08-17 08:51:38
60978,Rahul Gupta,10,Hindi,Telugu,80,86,61,58,35,27,62,75,422,70.33,B1,7.0,2026-08-29 14:17:24
60979,Sneha Naidu,10,Telugu,Hindi,99,92,99,93,50,49,99,93,575,95.83,A1,9.6,2026-08-25 20:42:45
60980,Aditya Menon,10,Telugu,Hindi,73,78,70,79,41,49,90,75,465,77.50,B1,7.8,2026-08-07 11:36:22
60981,Sanjay Das,10,Telugu,Hindi,99,75,85,60,39,28,67,71,457,76.17,B1,7.6,2026-08-03 17:13:08
60982,Surya Reddy,10,Hindi,Telugu,99,82,96,99,30,50,80,57,513,85.50,A2,8.6,2026-08-10 08:29:45
60983,Bhavya Nair,10,Hindi,Telugu,83,99,99,80,46,50,96,72,529,88.17,A2,8.8,2026-08-26 13:49:16
60984,Sahithi Mishra,10,Telugu,Hindi,87,85,91,97,49,35,84,74,518,86.33,A2,8.6,2026-08-28 10:35:31
60985,Sneha Chowdary,10,Hindi,Telugu,76,81,99,80,31,42,73,99,508,84.67,A2,8.5,2026-09-10 13:23:10
60986,Sneha Patel,10,Telugu,Hindi,80,95,68,83,40,44,84,65,475,79.17,B1,7.9,2026-09-06 20:13:11
60987,Swathi Chowdary,10,Hindi,Telugu,75,84,67,92,36,32,68,79,465,77.50,B1,7.8,2026-08-28 12:21:51
60988,Meghana Menon,10,Hindi,Telugu,99,96,88,94,37,32,69,79,525,87.50,A2,8.8,2026-08-01 16:09:07
60989,Harsha Gupta,10,Telugu,Hindi,79,81,64,67,42,48,90,80,461,76.83,B1,7.7,2026-08-24 09:51:58
60990,Bhavya Joshi,10,Hindi,Telugu,80,76,69,99,42,46,88,84,496,82.67,A2,8.3,2026-09-11 08:15:29
60991,Krishna Shetty,10,Hindi,Telugu,83,99,88,99,50,44,94,99,562,93.67,A1,9.4,2026-08-05 16:35:42
60992,Rahul Reddy,10,Telugu,Hindi,78,79,95,87,49,43,92,74,505,84.17,A2,8.4,2026-08-11 18:54:20
60993,Pranav Shetty,10,Telugu,Hindi,86,60,87,73,50,37,87,84,477,79.50,B1,8.0,2026-09-06 20:09:43
60994,Swathi Sharma,10,Telugu,Hindi,66,75,81,74,44,38,82,99,477,79.50,B1,8.0,2026-09-07 09:50:30
60995,Vijay Gupta,10,Telugu,Hindi,97,87,88,90,50,43,93,80,535,89.17,A2,8.9,2026-08-16 15:35:23
60996,Aishwarya Nair,10,Telugu,Hindi,69,53,47,82,25,49,74,86,411,68.50,B2,6.8,2026-08-14 18:09:01
60997,Swathi Das,10,Telugu,Hindi,81,84,62,87,37,46,83,67,464,77.33,B1,7.7,2026-09-09 14:55:05
60998,Ananya Joshi,10,Hindi,Telugu,89,95,73,67,50,50,100,88,512,85.33,A2,8.5,2026-09-10 14:46:42
60999,Aadhya Patel,10,Telugu,Hindi,63,85,94,88,39,45,84,57,471,78.50,B1,7.8,2026-08-12 07:42:56
61000,Ananya Gupta,10,Hindi,Telugu,90,85,84,94,42,32,74,82,509,84.83,A2,8.5,2026-09-11 17:37:40
61001,Sai Goud,10,Telugu,Hindi,99,99,85,72,30,37,67,99,521,86.83,A2,8.7,2026-08-08 09:47:54
61002,Pranav Joshi,10,Telugu,Hindi,86,84,73,90,40,36,76,75,484,80.67,A2,8.1,2026-08-11 08:25:02
61003,Sanjay Yadav,10,Hindi,Telugu,84,93,81,99,39,45,84,95,536,89.33,A2,8.9,2026-08-02 10:36:16
61004,Akash Nair,10,Telugu,Hindi,47,80,54,63,37,50,87,54,385,64.17,B2,6.4,2026-08-07 20:12:44
61005,Akash Joshi,10,Telugu,Hindi,79,75,75,81,37,26,63,74,447,74.50,B1,7.5,2026-09-02 19:37:58
61006,Bhavya Kulkarni,10,Hindi,Telugu,56,66,79,80,38,29,67,75,423,70.50,B1,7.0,2026-08-31 19:06:51
61007,Ishita Verma,10,Telugu,Hindi,72,78,85,99,37,39,76,81,491,81.83,A2,8.2,2026-08-03 09:12:00
61008,Charan Kumar,10,Hindi,Telugu,76,99,71,87,29,36,65,73,471,78.50,B1,7.8,2026-08-30 12:44:21
61009,Aishwarya Joshi,10,Telugu,Hindi,78,66,62,58,24,37,61,67,392,65.33,B2,6.5,2026-09-10 15:41:23
61010,Swathi Kulkarni,10,Telugu,Hindi,71,79,64,87,41,38,79,80,460,76.67,B1,7.7,2026-08-08 16:54:02
61011,Meghana Chowdary,10,Telugu,Hindi,66,63,71,75,43,27,70,64,409,68.17,B2,6.8,2026-08-07 12:55:19
61012,Harsha Gupta,10,Hindi,Telugu,70,59,73,49,38,39,77,84,412,68.67,B2,6.9,2026-09-06 11:45:18
61013,Ananya Das,10,Telugu,Hindi,54,53,33,64,26,32,58,46,308,51.33,F,5.1,2026-08-10 18:35:33
61014,Aditya Verma,10,Hindi,Telugu,99,86,92,99,41,48,89,74,539,89.83,A2,9.0,2026-09-08 12:44:53
61015,Ananya Verma,10,Hindi,Telugu,82,82,93,99,50,39,89,69,514,85.67,A2,8.6,2026-08-09 14:14:09
61016,Meghana Sharma,10,Telugu,Hindi,87,73,84,88,50,38,88,83,503,83.83,A2,8.4,2026-09-13 20:39:56
61017,Charan Reddy,10,Hindi,Telugu,45,50,15,29,22,13,35,20,194,32.33,F,3.2,2026-08-31 16:29:41
61018,Bhavya Gupta,10,Telugu,Hindi,86,74,85,78,46,38,84,93,500,83.33,A2,8.3,2026-09-09 12:32:25
61019,Arjun Naidu,10,Telugu,Hindi,70,93,75,92,29,43,72,64,466,77.67,B1,7.8,2026-08-16 15:08:10
61020,Swathi Iyer,10,Hindi,Telugu,67,62,68,60,36,36,72,91,420,70.00,B1,7.0,2026-08-25 15:04:37
61021,Meghana Chowdary,10,Hindi,Telugu,69,90,77,78,38,36,74,81,469,78.17,B1,7.8,2026-09-07 09:31:12
61022,Rahul Nair,10,Hindi,Telugu,63,77,84,81,50,49,99,89,493,82.17,A2,8.2,2026-08-16 12:05:24
61023,Neha Nair,10,Hindi,Telugu,88,74,66,94,36,37,73,67,462,77.00,B1,7.7,2026-08-05 14:19:49
61024,Lakshmi Reddy,10,Hindi,Telugu,43,65,57,41,23,21,44,82,332,55.33,C1,5.5,2026-08-03 12:35:04
61025,Harsha Menon,10,Telugu,Hindi,49,77,68,80,50,31,81,74,429,71.50,B1,7.2,2026-08-23 07:46:35
61026,Nikhil Shetty,10,Hindi,Telugu,87,86,55,62,33,35,68,66,424,70.67,B1,7.1,2026-09-01 17:27:10
61027,Aarav Gupta,10,Telugu,Hindi,68,75,68,71,32,36,68,73,423,70.50,B1,7.0,2026-08-13 18:54:31
61028,Vaishnavi Reddy,10,Hindi,Telugu,73,95,60,49,46,39,85,61,423,70.50,B1,7.0,2026-08-28 18:02:55
61029,Rahul Singh,10,Hindi,Telugu,60,56,65,51,34,36,70,82,384,64.00,B2,6.4,2026-09-05 13:05:24
61030,Harini Rao,10,Telugu,Hindi,58,41,52,61,42,46,88,78,378,63.00,B2,6.3,2026-09-14 09:11:11
61031,Deepika Menon,10,Telugu,Hindi,96,99,78,99,45,50,95,74,541,90.17,A1,9.0,2026-09-05 19:28:34
61032,Aadhya Patel,10,Telugu,Hindi,91,61,59,86,34,35,69,90,456,76.00,B1,7.6,2026-08-16 18:11:33
61033,Aadhya Shetty,10,Telugu,Hindi,70,79,67,85,35,24,59,71,431,71.83,B1,7.2,2026-08-09 11:09:01
61034,Pooja Patel,10,Telugu,Hindi,75,63,63,49,25,45,70,75,395,65.83,B2,6.6,2026-08-11 15:12:26
61035,Manish Singh,10,Hindi,Telugu,78,86,88,99,47,39,86,99,536,89.33,A2,8.9,2026-08-26 10:20:48
61036,Sai Kulkarni,10,Hindi,Telugu,99,91,90,99,46,41,87,93,559,93.17,A1,9.3,2026-08-15 11:23:00
61037,Krishna Naidu,10,Telugu,Hindi,69,65,64,77,34,36,70,67,412,68.67,B2,6.9,2026-08-02 17:54:35
61038,Sanjay Chowdary,10,Hindi,Telugu,24,40,35,29,18,20,38,40,206,34.33,F,3.4,2026-08-20 12:26:08
61039,Pooja Joshi,10,Hindi,Telugu,77,78,93,69,50,36,86,78,481,80.17,A2,8.0,2026-09-13 14:21:17
61040,Keerthi Sharma,10,Hindi,Telugu,87,75,70,80,39,46,85,82,479,79.83,B1,8.0,2026-08-17 15:57:28
61041,Akash Reddy,10,Telugu,Hindi,80,75,80,76,38,33,71,85,467,77.83,B1,7.8,2026-08-18 07:09:37
61042,Priya Joshi,10,Hindi,Telugu,78,95,88,99,44,47,91,99,550,91.67,A1,9.2,2026-08-29 09:39:50
61043,Keerthi Reddy,10,Hindi,Telugu,62,83,73,85,35,40,75,52,430,71.67,B1,7.2,2026-08-25 12:32:18
61044,Nikhil Sharma,10,Hindi,Telugu,83,62,69,77,41,40,81,68,440,73.33,B1,7.3,2026-09-06 09:32:09
61045,Sanjay Joshi,10,Hindi,Telugu,82,98,71,99,35,39,74,99,523,87.17,A2,8.7,2026-08-30 16:26:41
61046,Tarun Reddy,10,Hindi,Telugu,62,82,70,70,34,30,64,72,420,70.00,B1,7.0,2026-08-15 14:53:20
61047,Deepika Menon,10,Telugu,Hindi,69,82,97,99,48,50,98,76,521,86.83,A2,8.7,2026-08-25 08:53:19
61048,Aadhya Kumar,10,Hindi,Telugu,86,96,87,99,41,36,77,80,525,87.50,A2,8.8,2026-08-18 16:42:54
61049,Meghana Iyer,10,Telugu,Hindi,90,89,81,86,45,39,84,82,512,85.33,A2,8.5,2026-09-10 11:08:42
61050,Rohan Kulkarni,10,Hindi,Telugu,85,78,99,82,44,42,86,86,516,86.00,A2,8.6,2026-09-03 20:14:05
61051,Sai Verma,10,Telugu,Hindi,68,74,73,80,40,38,78,86,459,76.50,B1,7.7,2026-08-15 19:57:22
61052,Krishna Gupta,10,Hindi,Telugu,86,72,92,68,48,50,98,99,515,85.83,A2,8.6,2026-09-10 08:27:31
61053,Sahithi Rao,10,Hindi,Telugu,84,93,91,85,36,48,84,82,519,86.50,A2,8.7,2026-09-10 13:45:24
61054,Akash Singh,10,Telugu,Hindi,74,54,64,75,49,42,91,69,427,71.17,B1,7.1,2026-08-30 13:27:16
61055,Aishwarya Chowdary,10,Telugu,Hindi,97,99,89,84,40,39,79,99,547,91.17,A1,9.1,2026-08-16 13:54:03
61056,Lakshmi Patel,10,Hindi,Telugu,99,88,80,62,50,45,95,89,513,85.50,A2,8.6,2026-08-25 09:49:22
61057,Aadhya Goud,10,Hindi,Telugu,69,57,56,49,33,25,58,69,358,59.67,C1,6.0,2026-09-09 11:07:44
61058,Priya Joshi,10,Hindi,Telugu,70,58,60,70,20,32,52,50,360,60.00,B2,6.0,2026-08-22 07:04:26
61059,Pooja Patel,10,Telugu,Hindi,99,87,84,93,47,46,93,92,548,91.33,A1,9.1,2026-09-06 15:04:26
61060,Meghana Reddy,10,Telugu,Hindi,61,25,38,32,10,19,29,36,221,36.83,F,3.7,2026-08-13 15:09:49
61061,Pooja Verma,10,Telugu,Hindi,99,76,96,92,48,50,98,99,560,93.33,A1,9.3,2026-09-01 07:18:32
61062,Keerthi Joshi,10,Hindi,Telugu,98,72,90,96,45,36,81,83,520,86.67,A2,8.7,2026-08-30 09:20:22
61063,Pranav Kulkarni,10,Hindi,Telugu,98,88,75,77,50,50,100,98,536,89.33,A2,8.9,2026-08-20 08:48:49
61064,Divya Mishra,10,Telugu,Hindi,52,57,73,37,25,22,47,63,329,54.83,C1,5.5,2026-09-02 14:51:54
61065,Rohan Chowdary,10,Telugu,Hindi,92,83,97,99,41,45,86,74,531,88.50,A2,8.8,2026-08-11 17:24:56
61066,Varun Joshi,10,Hindi,Telugu,31,47,52,44,19,26,45,37,256,42.67,F,4.3,2026-09-02 20:37:28
61067,Sanjay Rao,10,Telugu,Hindi,83,87,67,79,47,34,81,88,485,80.83,A2,8.1,2026-09-01 11:27:10
61068,Vijay Chowdary,10,Telugu,Hindi,99,88,91,83,39,33,72,77,510,85.00,A2,8.5,2026-09-03 08:47:34
61069,Swathi Naidu,10,Telugu,Hindi,77,86,82,59,49,42,91,84,479,79.83,B1,8.0,2026-08-23 08:04:49
61070,Aditya Singh,10,Hindi,Telugu,96,95,98,97,48,40,88,68,542,90.33,A1,9.0,2026-09-09 14:17:04
61071,Pooja Rao,10,Telugu,Hindi,95,75,85,99,30,47,77,78,509,84.83,A2,8.5,2026-08-11 18:55:08
61072,Keerthi Menon,10,Telugu,Hindi,78,99,78,90,43,40,83,99,527,87.83,A2,8.8,2026-09-05 17:07:51
61073,Varun Chowdary,10,Hindi,Telugu,99,76,80,98,37,50,87,92,532,88.67,A2,8.9,2026-08-30 16:51:41
61074,Aadhya Reddy,10,Hindi,Telugu,93,99,92,81,45,45,90,87,542,90.33,A1,9.0,2026-08-24 15:46:11
61075,Harini Reddy,10,Hindi,Telugu,79,97,74,66,39,50,89,86,491,81.83,A2,8.2,2026-08-14 09:28:55
61076,Neha Shetty,10,Telugu,Hindi,77,76,97,89,46,33,79,78,496,82.67,A2,8.3,2026-08-01 15:03:21
61077,Rahul Reddy,10,Hindi,Telugu,38,24,24,39,19,14,33,40,198,33.00,F,3.3,2026-08-29 17:38:24
61078,Lakshmi Sharma,10,Telugu,Hindi,56,51,39,34,16,20,36,49,265,44.17,F,4.4,2026-09-09 08:14:45
61079,Nikhil Mishra,10,Hindi,Telugu,96,99,74,82,50,45,95,99,545,90.83,A1,9.1,2026-08-06 16:42:46
61080,Charan Reddy,10,Telugu,Hindi,58,77,55,58,36,38,74,65,387,64.50,B2,6.5,2026-08-30 19:48:52
61081,Rahul Naidu,10,Hindi,Telugu,79,79,83,87,42,38,80,86,494,82.33,A2,8.2,2026-09-03 08:15:46
61082,Rohan Kumar,10,Telugu,Hindi,36,37,51,61,45,35,80,30,295,49.17,F,4.9,2026-09-03 18:48:04
61083,Nandini Menon,10,Hindi,Telugu,87,71,57,79,27,40,67,86,447,74.50,B1,7.5,2026-08-03 13:11:42
61084,Kavya Rao,10,Telugu,Hindi,82,88,90,89,50,29,79,92,520,86.67,A2,8.7,2026-08-25 09:36:54
61085,Aarav Goud,10,Telugu,Hindi,93,84,74,87,38,50,88,88,514,85.67,A2,8.6,2026-08-10 17:49:13
61086,Arjun Iyer,10,Telugu,Hindi,69,93,81,76,41,50,91,99,509,84.83,A2,8.5,2026-09-09 13:52:43
61087,Arjun Kumar,10,Telugu,Hindi,69,71,86,99,29,32,61,66,452,75.33,B1,7.5,2026-08-18 17:13:51
61088,Deepika Kumar,10,Telugu,Hindi,52,70,57,52,20,30,50,47,328,54.67,C1,5.5,2026-09-01 11:49:33
61089,Karthik Nair,10,Telugu,Hindi,81,90,88,86,43,29,72,62,479,79.83,B1,8.0,2026-09-14 08:15:20
61090,Rahul Menon,10,Telugu,Hindi,84,97,92,91,41,39,80,89,533,88.83,A2,8.9,2026-08-07 12:18:04
61091,Aarav Sharma,10,Hindi,Telugu,34,25,35,48,20,23,43,25,210,35.00,F,3.5,2026-08-01 19:40:49
61092,Neha Gupta,10,Telugu,Hindi,72,74,64,99,30,48,78,99,486,81.00,A2,8.1,2026-08-12 20:38:38
61093,Rohan Kulkarni,10,Hindi,Telugu,76,64,74,55,38,33,71,75,415,69.17,B2,6.9,2026-09-10 10:58:31
61094,Nikhil Shetty,10,Hindi,Telugu,74,64,70,84,33,38,71,81,444,74.00,B1,7.4,2026-08-07 17:45:05
61095,Vishal Sharma,10,Telugu,Hindi,96,83,90,85,46,43,89,90,533,88.83,A2,8.9,2026-08-21 15:35:07
61096,Karthik Goud,10,Hindi,Telugu,88,83,78,79,36,50,86,99,513,85.50,A2,8.6,2026-09-09 20:07:05
61097,Charan Gupta,10,Telugu,Hindi,86,75,76,83,36,46,82,99,501,83.50,A2,8.3,2026-08-09 07:40:43
61098,Meghana Shetty,10,Telugu,Hindi,54,72,75,68,23,26,49,79,397,66.17,B2,6.6,2026-08-21 09:08:14
61099,Kavya Kulkarni,10,Telugu,Hindi,99,99,89,67,33,39,72,94,520,86.67,A2,8.7,2026-08-12 10:52:32
61100,Aadhya Das,10,Hindi,Telugu,60,86,72,51,29,36,65,77,411,68.50,B2,6.8,2026-08-07 16:41:09
